Time,Pos.,Speed
13,-0.17487381,1.61934E-51
13.0005,-0.17487381,1.37644E-51
13.001,-0.17487381,1.16997E-51
13.0015,-0.17487381,9.94477E-52
13.002,-0.17487381,8.45306E-52
13.0025,-0.17487381,7.1851E-52
13.003,-0.17487381,6.10733E-52
13.0035,-0.17487381,5.19123E-52
13.004,-0.17487381,4.41255E-52
13.0045,-0.17487381,3.75067E-52
13.005,-0.17487381,3.18807E-52
13.0055,-0.17487381,2.70986E-52
13.006,-0.17487381,2.30338E-52
13.0065,-0.17487381,1.95787E-52
13.007,-0.17487381,1.66419E-52
13.0075,-0.17487381,1.41456E-52
13.008,-0.17487381,1.20238E-52
13.0085,-0.17487381,1.02202E-52
13.009,-0.17487381,8.68718E-53
13.0095,-0.17487381,7.3841E-53
13.01,-0.17487381,6.27649E-53
13.0105,-0.17487381,5.33501E-53
13.011,-0.17487381,4.53476E-53
13.0115,-0.17487381,3.85455E-53
13.012,-0.17487381,3.27636E-53
13.0125,-0.17487381,2.78491E-53
13.013,-0.17487381,2.36717E-53
13.0135,-0.17487381,2.0121E-53
13.014,-0.17487381,1.71028E-53
13.0145,-0.17487381,1.45374E-53
13.015,-0.17487381,1.23568E-53
13.0155,-0.17487381,1.05033E-53
13.016,-0.17487381,8.92778E-54
13.0165,-0.17487381,7.58862E-54
13.017,-0.17487381,6.45032E-54
13.0175,-0.17487381,5.48277E-54
13.018,-0.17487381,4.66036E-54
13.0185,-0.17487381,3.9613E-54
13.019,-0.17487381,3.36711E-54
13.0195,-0.17487381,2.86204E-54
13.02,-0.17487381,2.43274E-54
13.0205,-0.17487381,2.06783E-54
13.021,-0.17487381,1.75765E-54
13.0215,-0.17487381,1.494E-54
13.022,-0.17487381,1.2699E-54
13.0225,-0.17487381,1.07942E-54
13.023,-0.17487381,9.17505E-55
13.0235,-0.17487381,7.7988E-55
13.024,-0.17487381,6.62898E-55
13.0245,-0.17487381,5.63463E-55
13.025,-0.17487381,4.78944E-55
13.0255,-0.17487381,4.07102E-55
13.026,-0.17487381,3.46037E-55
13.0265,-0.17487381,2.94131E-55
13.027,-0.17487381,2.50012E-55
13.0275,-0.17487381,2.1251E-55
13.028,-0.17487381,1.80633E-55
13.0285,-0.17487381,1.53538E-55
13.029,-0.17487381,1.30508E-55
13.0295,-0.17487381,1.10931E-55
13.03,-0.17487381,9.42917E-56
13.0305,-0.17487381,8.0148E-56
13.031,-0.17487381,6.81258E-56
13.0315,-0.17487381,5.79069E-56
13.032,-0.17487381,4.92209E-56
13.0325,-0.17487381,4.18377E-56
13.033,-0.17487381,3.55621E-56
13.0335,-0.17487381,3.02278E-56
13.034,-0.17487381,2.56936E-56
13.0345,-0.17487381,2.18396E-56
13.035,-0.17487381,1.85636E-56
13.0355,-0.17487381,1.57791E-56
13.036,-0.17487381,1.34122E-56
13.0365,-0.17487381,1.14004E-56
13.037,-0.17487381,9.69033E-57
13.0375,-0.17487381,8.23678E-57
13.038,-0.17487381,7.00126E-57
13.0385,-0.17487381,5.95107E-57
13.039,-0.17487381,5.05841E-57
13.0395,-0.17487381,4.29965E-57
13.04,-0.17487381,3.6547E-57
13.0405,-0.17487381,3.1065E-57
13.041,-0.17487381,2.64052E-57
13.0415,-0.17487381,2.24444E-57
13.042,-0.17487381,1.90778E-57
13.0425,-0.17487381,1.62161E-57
13.043,-0.17487381,1.37837E-57
13.0435,-0.17487381,1.17161E-57
13.044,-0.17487381,9.95872E-58
13.0445,-0.17487381,8.46491E-58
13.045,-0.17487381,7.19517E-58
13.0455,-0.17487381,6.1159E-58
13.046,-0.17487381,5.19851E-58
13.0465,-0.17487381,4.41874E-58
13.047,-0.17487381,3.75593E-58
13.0475,-0.17487381,3.19254E-58
13.048,-0.17487381,2.71366E-58
13.0485,-0.17487381,2.30661E-58
13.049,-0.17487381,1.96062E-58
13.0495,-0.17487381,1.66652E-58
13.05,-0.17487381,1.41655E-58
13.0505,-0.17487381,1.20406E-58
13.051,-0.17487381,1.02345E-58
13.0515,-0.17487381,8.69936E-59
13.052,-0.17487381,7.39446E-59
13.0525,-0.17487381,6.28529E-59
13.053,-0.17487381,5.3425E-59
13.0535,-0.17487381,4.54112E-59
13.054,-0.17487381,3.85995E-59
13.0545,-0.17487381,3.28096E-59
13.055,-0.17487381,2.78882E-59
13.0555,-0.17487381,2.37049E-59
13.056,-0.17487381,2.01492E-59
13.0565,-0.17487381,1.71268E-59
13.057,-0.17487381,1.45578E-59
13.0575,-0.17487381,1.23741E-59
13.058,-0.17487381,1.0518E-59
13.0585,-0.17487381,8.9403E-60
13.059,-0.17487381,7.59926E-60
13.0595,-0.17487381,6.45937E-60
13.06,-0.17487381,5.49046E-60
13.0605,-0.17487381,4.6669E-60
13.061,-0.17487381,3.96686E-60
13.0615,-0.17487381,3.37183E-60
13.062,-0.17487381,2.86606E-60
13.0625,-0.17487381,2.43615E-60
13.063,-0.17487381,2.07073E-60
13.0635,-0.17487381,1.76012E-60
13.064,-0.17487381,1.4961E-60
13.0645,-0.17487381,1.27168E-60
13.065,-0.17487381,1.08093E-60
13.0655,-0.17487381,9.18792E-61
13.066,-0.17487381,7.80973E-61
13.0665,-0.17487381,6.63827E-61
13.067,-0.17487381,5.64253E-61
13.0675,-0.17487381,4.79615E-61
13.068,-0.17487381,4.07673E-61
13.0685,-0.17487381,3.46522E-61
13.069,-0.17487381,2.94544E-61
13.0695,-0.17487381,2.50362E-61
13.07,-0.17487381,2.12808E-61
13.0705,-0.17487381,1.80887E-61
13.071,-0.17487381,1.53754E-61
13.0715,-0.17487381,1.30691E-61
13.072,-0.17487381,1.11087E-61
13.0725,-0.17487381,9.4424E-62
13.073,-0.17487381,8.02604E-62
13.0735,-0.17487381,6.82213E-62
13.074,-0.17487381,5.79881E-62
13.0745,-0.17487381,4.92899E-62
13.075,-0.17487381,4.18964E-62
13.0755,-0.17487381,3.5612E-62
13.076,-0.17487381,3.02702E-62
13.0765,-0.17487381,2.57296E-62
13.077,-0.17487381,2.18702E-62
13.0775,-0.17487381,1.85897E-62
13.078,-0.17487381,1.58012E-62
13.0785,-0.17487381,1.3431E-62
13.079,-0.17487381,1.14164E-62
13.0795,-0.17487381,9.70392E-63
13.08,-0.17487381,8.24833E-63
13.0805,-0.17487381,7.01108E-63
13.081,-0.17487381,5.95942E-63
13.0815,-0.17487381,5.06551E-63
13.082,-0.17487381,4.30568E-63
13.0825,-0.17487381,3.65983E-63
13.083,-0.17487381,3.11085E-63
13.0835,-0.17487381,2.64423E-63
13.084,-0.17487381,2.24759E-63
13.0845,-0.17487381,1.91045E-63
13.085,-0.17487381,1.62389E-63
13.0855,-0.17487381,1.3803E-63
13.086,-0.17487381,1.17326E-63
13.0865,-0.17487381,9.97269E-64
13.087,-0.17487381,8.47678E-64
13.0875,-0.17487381,7.20527E-64
13.088,-0.17487381,6.12448E-64
13.0885,-0.17487381,5.2058E-64
13.089,-0.17487381,4.42493E-64
13.0895,-0.17487381,3.76119E-64
13.09,-0.17487381,3.19701E-64
13.0905,-0.17487381,2.71746E-64
13.091,-0.17487381,2.30984E-64
13.0915,-0.17487381,1.96337E-64
13.092,-0.17487381,1.66886E-64
13.0925,-0.17487381,1.41853E-64
13.093,-0.17487381,1.20575E-64
13.0935,-0.17487381,1.02489E-64
13.094,-0.17487381,8.71156E-65
13.0945,-0.17487381,7.40483E-65
13.095,-0.17487381,6.2941E-65
13.0955,-0.17487381,5.34999E-65
13.096,-0.17487381,4.54749E-65
13.0965,-0.17487381,3.86537E-65
13.097,-0.17487381,3.28556E-65
13.0975,-0.17487381,2.79273E-65
13.098,-0.17487381,2.37382E-65
13.0985,-0.17487381,2.01775E-65
13.099,-0.17487381,1.71508E-65
13.0995,-0.17487381,1.45782E-65
13.1,-0.17487381,1.23915E-65
13.1005,-0.17487381,1.05328E-65
13.101,-0.17487381,8.95284E-66
13.1015,-0.17487381,7.60992E-66
13.102,-0.17487381,6.46843E-66
13.1025,-0.17487381,5.49817E-66
13.103,-0.17487381,4.67344E-66
13.1035,-0.17487381,3.97242E-66
13.104,-0.17487381,3.37656E-66
13.1045,-0.17487381,2.87008E-66
13.105,-0.17487381,2.43957E-66
13.1055,-0.17487381,2.07363E-66
13.106,-0.17487381,1.76259E-66
13.1065,-0.17487381,1.4982E-66
13.107,-0.17487381,1.27347E-66
13.1075,-0.17487381,1.08245E-66
13.108,-0.17487381,9.20081E-67
13.1085,-0.17487381,7.82069E-67
13.109,-0.17487381,6.64758E-67
13.1095,-0.17487381,5.65045E-67
13.11,-0.17487381,4.80288E-67
13.1105,-0.17487381,4.08245E-67
13.111,-0.17487381,3.47008E-67
13.1115,-0.17487381,2.94957E-67
13.112,-0.17487381,2.50713E-67
13.1125,-0.17487381,2.13106E-67
13.113,-0.17487381,1.8114E-67
13.1135,-0.17487381,1.53969E-67
13.114,-0.17487381,1.30874E-67
13.1145,-0.17487381,1.11243E-67
13.115,-0.17487381,9.45564E-68
13.1155,-0.17487381,8.03729E-68
13.116,-0.17487381,6.8317E-68
13.1165,-0.17487381,5.80694E-68
13.117,-0.17487381,4.9359E-68
13.1175,-0.17487381,4.19552E-68
13.118,-0.17487381,3.56619E-68
13.1185,-0.17487381,3.03126E-68
13.119,-0.17487381,2.57657E-68
13.1195,-0.17487381,2.19009E-68
13.12,-0.17487381,1.86157E-68
13.1205,-0.17487381,1.58234E-68
13.121,-0.17487381,1.34499E-68
13.1215,-0.17487381,1.14324E-68
13.122,-0.17487381,9.71753E-69
13.1225,-0.17487381,8.2599E-69
13.123,-0.17487381,7.02092E-69
13.1235,-0.17487381,5.96778E-69
13.124,-0.17487381,5.07261E-69
13.1245,-0.17487381,4.31172E-69
13.125,-0.17487381,3.66496E-69
13.1255,-0.17487381,3.11522E-69
13.126,-0.17487381,2.64793E-69
13.1265,-0.17487381,2.25074E-69
13.127,-0.17487381,1.91313E-69
13.1275,-0.17487381,1.62616E-69
13.128,-0.17487381,1.38224E-69
13.1285,-0.17487381,1.1749E-69
13.129,-0.17487381,9.98667E-70
13.1295,-0.17487381,8.48867E-70
13.13,-0.17487381,7.21537E-70
13.1305,-0.17487381,6.13307E-70
13.131,-0.17487381,5.21311E-70
13.1315,-0.17487381,4.43114E-70
13.132,-0.17487381,3.76647E-70
13.1325,-0.17487381,3.2015E-70
13.133,-0.17487381,2.72127E-70
13.1335,-0.17487381,2.31308E-70
13.134,-0.17487381,1.96612E-70
13.1345,-0.17487381,1.6712E-70
13.135,-0.17487381,1.42052E-70
13.1355,-0.17487381,1.20744E-70
13.136,-0.17487381,1.02633E-70
13.1365,-0.17487381,8.72378E-71
13.137,-0.17487381,7.41521E-71
13.1375,-0.17487381,6.30293E-71
13.138,-0.17487381,5.35749E-71
13.1385,-0.17487381,4.55387E-71
13.139,-0.17487381,3.87079E-71
13.1395,-0.17487381,3.29017E-71
13.14,-0.17487381,2.79664E-71
13.1405,-0.17487381,2.37715E-71
13.141,-0.17487381,2.02058E-71
13.1415,-0.17487381,1.71749E-71
13.142,-0.17487381,1.45987E-71
13.1425,-0.17487381,1.24089E-71
13.143,-0.17487381,1.05475E-71
13.1435,-0.17487381,8.9654E-72
13.144,-0.17487381,7.62059E-72
13.1445,-0.17487381,6.4775E-72
13.145,-0.17487381,5.50588E-72
13.1455,-0.17487381,4.68E-72
13.146,-0.17487381,3.978E-72
13.1465,-0.17487381,3.3813E-72
13.147,-0.17487381,2.8741E-72
13.1475,-0.17487381,2.44299E-72
13.148,-0.17487381,2.07654E-72
13.1485,-0.17487381,1.76506E-72
13.149,-0.17487381,1.5003E-72
13.1495,-0.17487381,1.27525E-72
13.15,-0.17487381,1.08397E-72
13.1505,-0.17487381,9.21371E-73
13.151,-0.17487381,7.83166E-73
13.1515,-0.17487381,6.65691E-73
13.152,-0.17487381,5.65837E-73
13.1525,-0.17487381,4.80962E-73
13.153,-0.17487381,4.08817E-73
13.1535,-0.17487381,3.47495E-73
13.154,-0.17487381,2.95371E-73
13.1545,-0.17487381,2.51065E-73
13.155,-0.17487381,2.13405E-73
13.1555,-0.17487381,1.81394E-73
13.156,-0.17487381,1.54185E-73
13.1565,-0.17487381,1.31057E-73
13.157,-0.17487381,1.11399E-73
13.1575,-0.17487381,9.4689E-74
13.158,-0.17487381,8.04857E-74
13.1585,-0.17487381,6.84128E-74
13.159,-0.17487381,5.81509E-74
13.1595,-0.17487381,4.94283E-74
13.16,-0.17487381,4.2014E-74
13.1605,-0.17487381,3.57119E-74
13.161,-0.17487381,3.03551E-74
13.1615,-0.17487381,2.58019E-74
13.162,-0.17487381,2.19316E-74
13.1625,-0.17487381,1.86418E-74
13.163,-0.17487381,1.58456E-74
13.1635,-0.17487381,1.34687E-74
13.164,-0.17487381,1.14484E-74
13.1645,-0.17487381,9.73116E-75
13.165,-0.17487381,8.27149E-75
13.1655,-0.17487381,7.03076E-75
13.166,-0.17487381,5.97615E-75
13.1665,-0.17487381,5.07973E-75
13.167,-0.17487381,4.31777E-75
13.1675,-0.17487381,3.6701E-75
13.168,-0.17487381,3.11959E-75
13.1685,-0.17487381,2.65165E-75
13.169,-0.17487381,2.2539E-75
13.1695,-0.17487381,1.91582E-75
13.17,-0.17487381,1.62844E-75
13.1705,-0.17487381,1.38418E-75
13.171,-0.17487381,1.17655E-75
13.1715,-0.17487381,1.00007E-75
13.172,-0.17487381,8.50058E-76
13.1725,-0.17487381,7.22549E-76
13.173,-0.17487381,6.14167E-76
13.1735,-0.17487381,5.22042E-76
13.174,-0.17487381,4.43735E-76
13.1745,-0.17487381,3.77175E-76
13.175,-0.17487381,3.20599E-76
13.1755,-0.17487381,2.72509E-76
13.176,-0.17487381,2.31633E-76
13.1765,-0.17487381,1.96888E-76
13.177,-0.17487381,1.67355E-76
13.1775,-0.17487381,1.42251E-76
13.178,-0.17487381,1.20914E-76
13.1785,-0.17487381,1.02777E-76
13.179,-0.17487381,8.73602E-77
13.1795,-0.17487381,7.42561E-77
13.18,-0.17487381,6.31177E-77
13.1805,-0.17487381,5.36501E-77
13.181,-0.17487381,4.56026E-77
13.1815,-0.17487381,3.87622E-77
13.182,-0.17487381,3.29478E-77
13.1825,-0.17487381,2.80057E-77
13.183,-0.17487381,2.38048E-77
13.1835,-0.17487381,2.02341E-77
13.184,-0.17487381,1.7199E-77
13.1845,-0.17487381,1.46191E-77
13.185,-0.17487381,1.24263E-77
13.1855,-0.17487381,1.05623E-77
13.186,-0.17487381,8.97797E-78
13.1865,-0.17487381,7.63128E-78
13.187,-0.17487381,6.48659E-78
13.1875,-0.17487381,5.5136E-78
13.188,-0.17487381,4.68656E-78
13.1885,-0.17487381,3.98358E-78
13.189,-0.17487381,3.38604E-78
13.1895,-0.17487381,2.87813E-78
13.19,-0.17487381,2.44641E-78
13.1905,-0.17487381,2.07945E-78
13.191,-0.17487381,1.76753E-78
13.1915,-0.17487381,1.5024E-78
13.192,-0.17487381,1.27704E-78
13.1925,-0.17487381,1.08549E-78
13.193,-0.17487381,9.22664E-79
13.1935,-0.17487381,7.84264E-79
13.194,-0.17487381,6.66624E-79
13.1945,-0.17487381,5.66631E-79
13.195,-0.17487381,4.81636E-79
13.1955,-0.17487381,4.09391E-79
13.196,-0.17487381,3.47982E-79
13.1965,-0.17487381,2.95785E-79
13.197,-0.17487381,2.51417E-79
13.1975,-0.17487381,2.13705E-79
13.198,-0.17487381,1.81649E-79
13.1985,-0.17487381,1.54402E-79
13.199,-0.17487381,1.31241E-79
13.1995,-0.17487381,1.11555E-79
13.2,-0.17487381,9.48218E-80
13.2005,-0.17487381,8.05986E-80
13.201,-0.17487381,6.85088E-80
13.2015,-0.17487381,5.82325E-80
13.202,-0.17487381,4.94976E-80
13.2025,-0.17487381,4.20729E-80
13.203,-0.17487381,3.5762E-80
13.2035,-0.17487381,3.03977E-80
13.204,-0.17487381,2.5838E-80
13.2045,-0.17487381,2.19623E-80
13.205,-0.17487381,1.8668E-80
13.2055,-0.17487381,1.58678E-80
13.206,-0.17487381,1.34876E-80
13.2065,-0.17487381,1.14645E-80
13.207,-0.17487381,9.74481E-81
13.2075,-0.17487381,8.28309E-81
13.208,-0.17487381,7.04062E-81
13.2085,-0.17487381,5.98453E-81
13.209,-0.17487381,5.08685E-81
13.2095,-0.17487381,4.32382E-81
13.21,-0.17487381,3.67525E-81
13.2105,-0.17487381,3.12396E-81
13.211,-0.17487381,2.65537E-81
13.2115,-0.17487381,2.25706E-81
13.212,-0.17487381,1.9185E-81
13.2125,-0.17487381,1.63073E-81
13.213,-0.17487381,1.38612E-81
13.2135,-0.17487381,1.1782E-81
13.214,-0.17487381,1.00147E-81
13.2145,-0.17487381,8.5125E-82
13.215,-0.17487381,7.23563E-82
13.2155,-0.17487381,6.15028E-82
13.216,-0.17487381,5.22774E-82
13.2165,-0.17487381,4.44358E-82
13.217,-0.17487381,3.77704E-82
13.2175,-0.17487381,3.21049E-82
13.218,-0.17487381,2.72891E-82
13.2185,-0.17487381,2.31958E-82
13.219,-0.17487381,1.97164E-82
13.2195,-0.17487381,1.67589E-82
13.22,-0.17487381,1.42451E-82
13.2205,-0.17487381,1.21083E-82
13.221,-0.17487381,1.02921E-82
13.2215,-0.17487381,8.74827E-83
13.222,-0.17487381,7.43603E-83
13.2225,-0.17487381,6.32062E-83
13.223,-0.17487381,5.37253E-83
13.2235,-0.17487381,4.56665E-83
13.224,-0.17487381,3.88165E-83
13.2245,-0.17487381,3.29941E-83
13.225,-0.17487381,2.80449E-83
13.2255,-0.17487381,2.38382E-83
13.226,-0.17487381,2.02625E-83
13.2265,-0.17487381,1.72231E-83
13.227,-0.17487381,1.46396E-83
13.2275,-0.17487381,1.24437E-83
13.228,-0.17487381,1.05771E-83
13.2285,-0.17487381,8.99057E-84
13.229,-0.17487381,7.64198E-84
13.2295,-0.17487381,6.49568E-84
13.23,-0.17487381,5.52133E-84
13.2305,-0.17487381,4.69313E-84
13.231,-0.17487381,3.98916E-84
13.2315,-0.17487381,3.39079E-84
13.232,-0.17487381,2.88217E-84
13.2325,-0.17487381,2.44984E-84
13.233,-0.17487381,2.08237E-84
13.2335,-0.17487381,1.77001E-84
13.234,-0.17487381,1.50451E-84
13.2345,-0.17487381,1.27883E-84
13.235,-0.17487381,1.08701E-84
13.2355,-0.177941771,-4.601942364
13.236,-0.177941771,-3.911651009
13.2365,-0.177941771,-3.324903358
13.237,-0.177941771,-2.826167854
13.2375,-0.177941771,-2.402242676
13.238,-0.177941771,-2.041906275
13.2385,-0.177941771,-1.735620333
13.239,-0.177941771,-1.475277283
13.2395,-0.177941771,-1.253985691
13.24,-0.177941771,-1.065887837
13.2405,-0.177941771,-0.906004662
13.241,-0.177941771,-0.770103962
13.2415,-0.177941771,-0.654588368
13.242,-0.177941771,-0.556400113
13.2425,-0.177941771,-0.472940096
13.243,-0.177941771,-0.401999082
13.2435,-0.177941771,-0.341699219
13.244,-0.177941771,-0.290444336
13.2445,-0.177941771,-0.246877686
13.245,-0.177941771,-0.209846033
13.2455,-0.177941771,-0.178369128
13.246,-0.177941771,-0.151613759
13.2465,-0.177941771,-0.128871695
13.247,-0.177941771,-0.109540941
13.2475,-0.177941771,-0.0931098
13.248,-0.177941771,-0.07914333
13.2485,-0.177941771,-0.06727183
13.249,-0.177941771,-0.057181056
13.2495,-0.177941771,-0.048603897
13.25,-0.177941771,-0.041313313
13.2505,-0.177941771,-0.035116316
13.251,-0.177941771,-0.029848868
13.2515,-0.177941771,-0.025371538
13.252,-0.177941771,-0.021565807
13.2525,-0.177941771,-0.018330936
13.253,-0.177941771,-0.015581296
13.2535,-0.177941771,-0.013244102
13.254,-0.177941771,-0.011257486
13.2545,-0.177941771,-0.009568863
13.255,-0.177941771,-0.008133534
13.2555,-0.177941771,-0.006913504
13.256,-0.177941771,-0.005876478
13.2565,-0.181009733,-4.60693737
13.257,-0.181009733,-3.915896765
13.2575,-0.181009733,-3.32851225
13.258,-0.181009733,-2.829235412
13.2585,-0.181009733,-2.404850101
13.259,-0.181009733,-2.044122585
13.2595,-0.181009733,-1.737504198
13.26,-0.181009733,-1.476878568
13.2605,-0.181009733,-1.255346783
13.261,-0.181009733,-1.067044765
13.2615,-0.181009733,-0.906988051
13.262,-0.181009733,-0.770939843
13.2625,-0.181009733,-0.655298867
13.263,-0.181009733,-0.557004037
13.2635,-0.181009733,-0.473453431
13.264,-0.181009733,-0.402435416
13.2645,-0.181009733,-0.342070104
13.265,-0.184077695,-4.892701952
13.2655,-0.184077695,-4.158796659
13.266,-0.184077695,-3.53497716
13.2665,-0.184077695,-3.004730586
13.267,-0.184077695,-2.554020998
13.2675,-0.184077695,-2.170917849
13.268,-0.184077695,-1.845280171
13.2685,-0.184077695,-1.568488146
13.269,-0.187145656,-5.935157287
13.2695,-0.187145656,-5.044883694
13.27,-0.187145656,-4.28815114
13.2705,-0.187145656,-3.644928469
13.271,-0.187145656,-3.098189199
13.2715,-0.187145656,-2.633460819
13.272,-0.187145656,-2.238441696
13.2725,-0.187145656,-1.902675442
13.273,-0.190213618,-6.219216489
13.2735,-0.190213618,-5.286334016
13.274,-0.190213618,-4.493383913
13.2745,-0.190213618,-3.819376326
13.275,-0.190213618,-3.246469877
13.2755,-0.190213618,-2.759499396
13.276,-0.193281579,-6.94751685
13.2765,-0.193281579,-5.905389323
13.277,-0.193281579,-5.019580924
13.2775,-0.193281579,-4.266643786
13.278,-0.196349541,-8.228589581
13.2785,-0.196349541,-6.994301144
13.279,-0.196349541,-5.945155973
13.2795,-0.196349541,-5.053382577
13.28,-0.199417502,-8.897317554
13.2805,-0.199417502,-7.562719921
13.281,-0.199417502,-6.428311933
13.2815,-0.199417502,-5.464065143
13.282,-0.202485464,-9.246397735
13.2825,-0.202485464,-7.859438075
13.283,-0.202485464,-6.680522364
13.2835,-0.205553426,-10.28038637
13.284,-0.205553426,-8.738328417
13.2845,-0.205553426,-7.427579154
13.285,-0.208621387,-10.91538464
13.2855,-0.208621387,-9.278076948
13.286,-0.208621387,-7.886365406
13.2865,-0.211689349,-11.30535296
13.287,-0.211689349,-9.609550015
13.2875,-0.211689349,-8.168117513
13.288,-0.21475731,-11.54484225
13.2885,-0.21475731,-9.813115912
13.289,-0.21475731,-8.341148525
13.2895,-0.217825272,-11.69191861
13.29,-0.217825272,-9.938130819
13.2905,-0.217825272,-8.447411196
13.291,-0.220893233,-11.78224188
13.2915,-0.220893233,-10.0149056
13.292,-0.220893233,-8.512669758
13.2925,-0.223961195,-11.83771166
13.293,-0.223961195,-10.06205491
13.2935,-0.223961195,-8.552746673
13.294,-0.227029157,-11.87177704
13.2945,-0.227029157,-10.09101048
13.295,-0.230097118,-13.17930127
13.2955,-0.230097118,-11.20240608
13.296,-0.230097118,-9.522045169
13.2965,-0.23316508,-12.69568076
13.297,-0.23316508,-10.79132864
13.2975,-0.236233041,-13.77457171
13.298,-0.236233041,-11.70838595
13.2985,-0.236233041,-9.952128061
13.299,-0.239301003,-13.06125122
13.2995,-0.239301003,-11.10206353
13.3,-0.242368964,-14.03869637
13.3005,-0.242368964,-11.93289191
13.301,-0.245436926,-14.74490049
13.3015,-0.245436926,-12.53316542
13.302,-0.245436926,-10.6531906
13.3025,-0.248504888,-13.65715438
13.303,-0.248504888,-11.60858122
13.3035,-0.251572849,-14.4692364
13.304,-0.251572849,-12.29885094
13.3045,-0.254640811,-15.05596566
13.305,-0.254640811,-12.79757081
13.3055,-0.257708772,-15.47987756
13.306,-0.257708772,-13.15789592
13.3065,-0.260776734,-15.7861539
13.307,-0.260776734,-13.41823081
13.3075,-0.263844696,-16.00743855
13.308,-0.263844696,-13.60632277
13.3085,-0.266912657,-16.16731672
13.309,-0.266912657,-13.74221921
13.3095,-0.269980619,-16.28282869
13.31,-0.269980619,-13.84040439
13.3105,-0.27304858,-16.36628609
13.311,-0.27304858,-13.91134318
13.3115,-0.276116542,-16.42658407
13.312,-0.276116542,-13.96259646
13.3125,-0.279184503,-16.47014935
13.313,-0.279184503,-13.99962695
13.3135,-0.282252465,-16.50162527
13.314,-0.282252465,-14.02638148
13.3145,-0.285320427,-16.52436662
13.315,-0.288388388,-18.64765399
13.3155,-0.288388388,-15.85050589
13.316,-0.29145635,-18.07487237
13.3165,-0.29145635,-15.36364152
13.317,-0.294524311,-17.66103765
13.3175,-0.294524311,-15.01188201
13.318,-0.297592273,-17.36204207
13.3185,-0.297592273,-14.75773576
13.319,-0.300660234,-17.14601776
13.3195,-0.303728196,-19.17605746
13.32,-0.303728196,-16.29964884
13.3205,-0.306796158,-18.45664388
13.321,-0.306796158,-15.6881473
13.3215,-0.309864119,-17.93686756
13.322,-0.312932081,-19.84827979
13.3225,-0.312932081,-16.87103782
13.323,-0.316000042,-18.94232451
13.3235,-0.316000042,-16.10097584
13.324,-0.319068004,-18.28777183
13.3245,-0.322135965,-20.14654842
13.325,-0.322135965,-17.12456615
13.3255,-0.325203927,-19.15782359
13.326,-0.328271889,-20.88609242
13.3265,-0.328271889,-17.75317856
13.327,-0.33133985,-19.69214414
13.3275,-0.33133985,-16.73832252
13.328,-0.334407812,-18.8295165
13.3285,-0.337475773,-20.60703139
13.329,-0.337475773,-17.51597668
13.3295,-0.340543735,-19.49052254
13.33,-0.343611696,-21.16888653
13.3305,-0.343611696,-17.99355355
13.331,-0.346679658,-19.89646288
13.3315,-0.346679658,-16.91199345
13.332,-0.34974762,-18.97713679
13.3325,-0.352815581,-20.73250864
13.333,-0.355883543,-22.22457471
13.3335,-0.355883543,-18.8908885
13.334,-0.358951504,-20.65919759
13.3345,-0.358951504,-17.56031795
13.335,-0.362019466,-19.52821262
13.3355,-0.365087428,-21.20092309
13.336,-0.365087428,-18.02078463
13.3365,-0.368155389,-19.9196093
13.337,-0.371223351,-21.53361027
13.3375,-0.371223351,-18.30356873
13.338,-0.374291312,-20.15997578
13.3385,-0.377359274,-21.73792178
13.339,-0.380427235,-23.07917587
13.3395,-0.380427235,-19.61729949
13.34,-0.383495197,-21.27664693
13.3405,-0.386563159,-22.68709226
13.341,-0.386563159,-19.28402842
13.3415,-0.38963112,-20.99336652
13.342,-0.392699082,-22.4463039
13.3425,-0.395767043,-23.68130068
13.343,-0.395767043,-20.12910558
13.3435,-0.398835005,-21.71168211
13.344,-0.401902966,-23.05687215
13.3445,-0.401902966,-19.59834133
13.345,-0.404970928,-21.2605325
13.3455,-0.40803889,-22.67339498
13.346,-0.411106851,-23.8743281
13.3465,-0.411106851,-20.29317889
13.347,-0.414174813,-21.85114442
13.3475,-0.417242774,-23.17541512
13.348,-0.420310736,-24.30104521
13.3485,-0.423378697,-25.2578308
13.349,-0.423378697,-21.46915618
13.3495,-0.426446659,-22.85072511
13.35,-0.429514621,-24.02505871
13.3505,-0.432582582,-25.02324227
13.351,-0.435650544,-25.87169829
13.3515,-0.435650544,-21.99094355
13.352,-0.438718505,-23.29424438
13.3525,-0.441786467,-24.40205009
13.353,-0.444854428,-25.34368494
13.3535,-0.44792239,-26.14407456
13.354,-0.44792239,-22.22246338
13.3545,-0.450990352,-23.49103623
13.355,-0.454058313,-24.56932316
13.3555,-0.457126275,-25.48586705
13.356,-0.457126275,-21.66298699
13.3565,-0.460194236,-23.01548131
13.357,-0.463262198,-24.16510148
13.3575,-0.46633016,-25.14227862
13.358,-0.469398121,-25.97287919
13.3585,-0.469398121,-22.07694731
13.359,-0.472466083,-23.36734758
13.3595,-0.475534044,-24.4641878
13.36,-0.475534044,-20.79455963
13.3605,-0.478602006,-22.27731805
13.361,-0.481669967,-23.53766271
13.3615,-0.484737929,-24.60895567
13.362,-0.487805891,-25.51955468
13.3625,-0.487805891,-21.69162148
13.363,-0.490873852,-23.03982062
13.3635,-0.493941814,-24.18578989
13.364,-0.497009775,-25.15986377
13.3645,-0.497009775,-21.3858842
13.365,-0.500077737,-22.77994394
13.3655,-0.503145698,-23.96489471
13.366,-0.50621366,-24.97210287
13.3665,-0.50621366,-21.22628744
13.367,-0.509281622,-22.64428669
13.3675,-0.512349583,-23.84958605
13.368,-0.515417545,-24.8740905
13.3685,-0.515417545,-21.14297693
13.369,-0.518485506,-22.57347275
13.3695,-0.521553468,-23.7893942
13.37,-0.524621429,-24.82292744
13.3705,-0.524621429,-21.09948832
13.371,-0.527689391,-22.53650744
13.3715,-0.530757353,-23.75797368
13.372,-0.533825314,-24.79622
13.3725,-0.536893276,-25.67872936
13.373,-0.536893276,-21.82691996
13.3735,-0.539961237,-23.15482433
13.374,-0.543029199,-24.28354304
13.3745,-0.54609716,-25.24295395
13.375,-0.549165122,-26.05845322
13.3755,-0.549165122,-22.14968524
13.376,-0.552233084,-23.42917481
13.3765,-0.555301045,-24.51674096
13.377,-0.558369007,-25.44117218
13.3775,-0.558369007,-21.62499635
13.378,-0.561436968,-22.98318926
13.3785,-0.56450493,-24.13765324
13.379,-0.567572892,-25.11894761
13.3795,-0.570640853,-25.95304784
13.38,-0.570640853,-22.06009066
13.3805,-0.573708815,-23.35301942
13.381,-0.576776776,-24.45200887
13.3815,-0.579844738,-25.38614991
13.382,-0.582912699,-26.18016978
13.3825,-0.582912699,-22.25314432
13.383,-0.585980661,-23.51711503
13.3835,-0.589048623,-24.59149014
13.384,-0.592116584,-25.50470898
13.3845,-0.592116584,-21.67900264
13.385,-0.595184546,-23.0290946
13.3855,-0.598252507,-24.17667278
13.386,-0.601320469,-25.15211422
13.3865,-0.601320469,-21.37929709
13.387,-0.60438843,-22.77434489
13.3875,-0.607456392,-23.96013552
13.388,-0.610524354,-24.96805756
13.3885,-0.613592315,-25.82479129
13.389,-0.613592315,-21.95107259
13.3895,-0.616660277,-23.26035407
13.39,-0.619728238,-24.37324332
13.3905,-0.6227962,-25.31919919
13.391,-0.6227962,-21.52131931
13.3915,-0.625864161,-22.89506378
13.392,-0.628932123,-24.06274657
13.3925,-0.632000085,-25.05527695
13.393,-0.632000085,-21.29698541
13.3935,-0.635068046,-22.70437996
13.394,-0.638136008,-23.90066533
13.3945,-0.641203969,-24.91750789
13.395,-0.644271931,-25.78182407
13.3955,-0.644271931,-21.91455046
13.396,-0.647339892,-23.22931026
13.3965,-0.650407854,-24.34685608
13.397,-0.653475816,-25.29677003
13.3975,-0.653475816,-21.50225453
13.398,-0.656543777,-22.87885871
13.3985,-0.659611739,-24.04897227
13.399,-0.6626797,-25.04356879
13.3995,-0.6626797,-21.28703347
13.4,-0.665747662,-22.69592082
13.4005,-0.668815624,-23.89347506
13.401,-0.671883585,-24.91139616
13.4015,-0.671883585,-21.17468674
13.402,-0.674951547,-22.60042609
13.4025,-0.678019508,-23.81230454
13.403,-0.68108747,-24.84240122
13.4035,-0.68108747,-21.11604104
13.404,-0.684155431,-22.55057725
13.4045,-0.687223393,-23.76993302
13.405,-0.687223393,-20.20444307
13.4055,-0.690291355,-21.77571897
13.406,-0.693359316,-23.11130349
13.4065,-0.693359316,-19.64460797
13.407,-0.696427278,-21.29985914
13.4075,-0.699495239,-22.70682263
13.408,-0.699495239,-19.30079923
13.4085,-0.702563201,-21.00762171
13.409,-0.702563201,-17.85647846
13.4095,-0.705631162,-19.77994905
13.41,-0.708699124,-21.41489906
13.4105,-0.708699124,-18.2026642
13.411,-0.711767086,-20.07420693
13.4115,-0.711767086,-17.06307589
13.412,-0.714835047,-19.10555687
13.4125,-0.714835047,-16.23972334
13.413,-0.717903009,-18.4057072
13.4135,-0.72097097,-20.24679349
13.414,-0.72097097,-17.20977446
13.4145,-0.724038932,-19.23025066
13.415,-0.724038932,-16.34571306
13.4155,-0.727106893,-18.49579846
13.416,-0.727106893,-15.72142869
13.4165,-0.730174855,-17.96515675
13.417,-0.730174855,-15.27038324
13.4175,-0.733242817,-17.58176812
13.418,-0.733242817,-14.9445029
13.4185,-0.736310778,-17.30476983
13.419,-0.736310778,-14.70905435
13.4195,-0.73937874,-17.10463857
13.42,-0.73937874,-14.53894278
13.4205,-0.742446701,-16.96004373
13.421,-0.742446701,-14.41603717
13.4215,-0.742446701,-12.25363159
13.422,-0.745514663,-15.01752922
13.4225,-0.745514663,-12.76489983
13.423,-0.748582624,-15.45210722
13.4235,-0.748582624,-13.13429114
13.424,-0.751650586,-15.76608983
13.4245,-0.751650586,-13.40117636
13.425,-0.754718548,-15.99294227
13.4255,-0.754718548,-13.59400093
13.426,-0.754718548,-11.55490079
13.4265,-0.757786509,-14.42360803
13.427,-0.757786509,-12.26006683
13.4275,-0.760854471,-15.02299917
13.428,-0.760854471,-12.76954929
13.4285,-0.760854471,-10.8541169
13.429,-0.763922432,-13.82794173
13.4295,-0.763922432,-11.75375047
13.43,-0.763922432,-9.990687898
13.4305,-0.766990394,-13.09402708
13.431,-0.766990394,-11.12992302
13.4315,-0.766990394,-9.460434563
13.432,-0.770058356,-12.64331174
13.4325,-0.770058356,-10.74681498
13.433,-0.770058356,-9.134792734
13.4335,-0.773126317,-12.36651619
13.434,-0.773126317,-10.51153876
13.4345,-0.773126317,-8.934807945
13.435,-0.776194279,-12.19652912
13.4355,-0.776194279,-10.36704975
13.436,-0.776194279,-8.811992287
13.4365,-0.77926224,-12.09213581
13.437,-0.77926224,-10.27831544
13.4375,-0.77926224,-8.736568121
13.438,-0.77926224,-7.426082903
13.4385,-0.782330202,-10.91411283
13.439,-0.782330202,-9.276995907
13.4395,-0.782330202,-7.885446521
13.44,-0.785398163,-11.30457191
13.4405,-0.785398163,-9.60888612
13.441,-0.785398163,-8.167553202
13.4415,-0.785398163,-6.942420222
13.442,-0.788466125,-10.50299955
13.4425,-0.788466125,-8.927549619
13.443,-0.788466125,-7.588417176
13.4435,-0.791534087,-11.05209696
13.444,-0.791534087,-9.394282419
13.4445,-0.791534087,-7.985140056
13.445,-0.791534087,-6.787369048
13.4455,-0.794602048,-10.37120605
13.446,-0.794602048,-8.815525146
13.4465,-0.794602048,-7.493196374
13.447,-0.794602048,-6.369216918
13.4475,-0.79767001,-10.01577674
13.448,-0.79767001,-8.513410232
13.4485,-0.79767001,-7.236398698
13.449,-0.79767001,-6.150938893
13.4495,-0.79767001,-5.228298059
13.45,-0.800737971,-9.045995714
13.4505,-0.800737971,-7.689096357
13.451,-0.800737971,-6.535731903
13.4515,-0.800737971,-5.555372118
13.452,-0.803805933,-9.324008664
13.4525,-0.803805933,-7.925407364
13.453,-0.803805933,-6.73659626
13.4535,-0.803805933,-5.726106821
13.454,-0.806873894,-9.469133161
13.4545,-0.806873894,-8.048763187
13.455,-0.806873894,-6.841448709
13.4555,-0.806873894,-5.815231403
13.456,-0.806873894,-4.942946692
13.4565,-0.809941856,-8.803447052
13.457,-0.809941856,-7.482929994
13.4575,-0.809941856,-6.360490495
13.458,-0.809941856,-5.406416921
13.4585,-0.809941856,-4.595454383
13.459,-0.813009818,-8.508078589
13.4595,-0.813009818,-7.231866801
13.46,-0.813009818,-6.147086781
13.4605,-0.813009818,-5.225023763
13.461,-0.813009818,-4.441270199
13.4615,-0.816077779,-8.377022033
13.462,-0.816077779,-7.120468728
13.4625,-0.816077779,-6.052398419
13.463,-0.816077779,-5.144538656
13.4635,-0.816077779,-4.372857857
13.464,-0.819145741,-8.318871543
13.4645,-0.819145741,-7.071040811
13.465,-0.819145741,-6.010384689
13.4655,-0.819145741,-5.108826986
13.466,-0.819145741,-4.342502938
13.4665,-0.819145741,-3.691127497
13.467,-0.822213702,-7.739400736
13.4675,-0.822213702,-6.578490626
13.468,-0.822213702,-5.591717032
13.4685,-0.822213702,-4.752959477
13.469,-0.822213702,-4.040015556
13.4695,-0.822213702,-3.434013222
13.47,-0.825281664,-7.520853603
13.4705,-0.825281664,-6.392725562
13.471,-0.825281664,-5.433816728
13.4715,-0.825281664,-4.618744219
13.472,-0.825281664,-3.925932586
13.4725,-0.825281664,-3.337042698
13.473,-0.828349625,-7.438428657
13.4735,-0.828349625,-6.322664358
13.474,-0.828349625,-5.374264705
13.4745,-0.828349625,-4.568124999
13.475,-0.828349625,-3.882906249
13.4755,-0.828349625,-3.300470312
13.476,-0.831417587,-7.407342129
13.4765,-0.831417587,-6.296240809
13.477,-0.831417587,-5.351804688
13.4775,-0.831417587,-4.549033985
13.478,-0.831417587,-3.866678887
13.4785,-0.831417587,-3.286677054
13.479,-0.834485549,-7.39561786
13.4795,-0.834485549,-6.286275181
13.48,-0.834485549,-5.343333904
13.4805,-0.834485549,-4.541833818
13.481,-0.83755351,-8.462501109
13.4815,-0.83755351,-7.193125943
13.482,-0.83755351,-6.114157051
13.4825,-0.83755351,-5.197033494
13.483,-0.83755351,-4.41747847
13.4835,-0.840621472,-8.356799063
13.484,-0.840621472,-7.103279203
13.4845,-0.840621472,-6.037787323
13.485,-0.840621472,-5.132119224
13.4855,-0.843689433,-8.964243704
13.486,-0.843689433,-7.619607149
13.4865,-0.843689433,-6.476666076
13.487,-0.846757395,-10.10710853
13.4875,-0.846757395,-8.591042249
13.488,-0.846757395,-7.302385912
13.4885,-0.849825356,-10.80897039
13.489,-0.849825356,-9.18762483
13.4895,-0.849825356,-7.809481106
13.49,-0.849825356,-6.63805894
13.4905,-0.852893318,-10.24429246
13.491,-0.852893318,-8.707648593
13.4915,-0.852893318,-7.401501304
13.492,-0.85596128,-10.89321847
13.4925,-0.85596128,-9.259235701
13.493,-0.85596128,-7.870350346
13.4935,-0.859029241,-11.29174016
13.494,-0.859029241,-9.597979134
13.4945,-0.859029241,-8.158282264
13.495,-0.862097203,-11.53648229
13.4955,-0.862097203,-9.806009945
13.496,-0.862097203,-8.335108453
13.4965,-0.865165164,-11.68678455
13.497,-0.865165164,-9.933766867
13.4975,-0.865165164,-8.443701837
13.498,-0.868233126,-11.77908892
13.4985,-0.868233126,-10.01222559
13.499,-0.868233126,-8.510391748
13.4995,-0.871301088,-11.83577535
13.5,-0.871301088,-10.06040905
13.5005,-0.871301088,-8.55134769
13.501,-0.874369049,-11.8705879
13.5015,-0.874369049,-10.08999972
13.502,-0.874369049,-8.576499758
13.5025,-0.877437011,-11.89196716
13.503,-0.877437011,-10.10817208
13.5035,-0.877437011,-8.591946272
13.504,-0.880504972,-11.90509669
13.5045,-0.880504972,-10.11933219
13.505,-0.880504972,-8.601432362
13.5055,-0.883572934,-11.91315987
13.506,-0.883572934,-10.12618589
13.5065,-0.886640895,-13.20920037
13.507,-0.886640895,-11.22782031
13.5075,-0.886640895,-9.543647268
13.508,-0.889708857,-12.71404254
13.5085,-0.889708857,-10.80693616
13.509,-0.889708857,-9.185895736
13.5095,-0.892776819,-12.40995374
13.51,-0.892776819,-10.54846068
13.5105,-0.892776819,-8.966191577
13.511,-0.89584478,-12.2232052
13.5115,-0.89584478,-10.38972442
13.512,-0.898912742,-13.43320812
13.5125,-0.898912742,-11.4182269
13.513,-0.898912742,-9.705492869
13.5135,-0.901980703,-12.8516113
13.514,-0.901980703,-10.92386961
13.5145,-0.905048665,-13.88723153
13.515,-0.905048665,-11.8041468
13.5155,-0.905048665,-10.03352478
13.516,-0.908116626,-13.13043843
13.5165,-0.908116626,-11.16087266
13.517,-0.911184588,-14.08868413
13.5175,-0.911184588,-11.97538151
13.518,-0.911184588,-10.17907428
13.5185,-0.91425255,-13.2541555
13.519,-0.91425255,-11.26603218
13.5195,-0.917320511,-14.17806971
13.52,-0.917320511,-12.05135926
13.5205,-0.917320511,-10.24365537
13.521,-0.920388473,-13.30904943
13.5215,-0.920388473,-11.31269201
13.522,-0.920388473,-9.615788211
13.5225,-0.923456434,-12.77536234
13.523,-0.923456434,-10.85905799
13.5235,-0.926524396,-13.83214166
13.524,-0.926524396,-11.75732041
13.5245,-0.926524396,-9.993722347
13.525,-0.929592357,-13.09660636
13.5255,-0.929592357,-11.1321154
13.526,-0.932660319,-14.06424046
13.5265,-0.932660319,-11.95460439
13.527,-0.932660319,-10.16141373
13.5275,-0.935728281,-13.23914403
13.528,-0.935728281,-11.25327243
13.5285,-0.935728281,-9.565281565
13.529,-0.938796242,-12.73243169
13.5295,-0.938796242,-10.82256694
13.53,-0.941864204,-13.80112426
13.5305,-0.941864204,-11.73095562
13.531,-0.941864204,-9.97131228
13.5315,-0.944932165,-13.0775578
13.532,-0.944932165,-11.11592413
13.5325,-0.944932165,-9.448535512
13.533,-0.948000127,-12.63319755
13.5335,-0.948000127,-10.73821792
13.534,-0.951068088,-13.72942759
13.5345,-0.951068088,-11.67001345
13.535,-0.951068088,-9.919511436
13.5355,-0.95413605,-13.03352708
13.536,-0.95413605,-11.07849802
13.5365,-0.95413605,-9.416723318
13.537,-0.957204012,-12.60615718
13.5375,-0.957204012,-10.71523361
13.538,-0.960271973,-13.70989093
13.5385,-0.960271973,-11.65340729
13.539,-0.960271973,-9.905396196
13.5395,-0.963339935,-13.02152913
13.54,-0.963339935,-11.06829976
13.5405,-0.963339935,-9.408054797
13.541,-0.966407896,-12.59878894
13.5415,-0.966407896,-10.7089706
13.542,-0.969475858,-13.70456737
13.5425,-0.969475858,-11.64888227
13.543,-0.969475858,-9.901549927
13.5435,-0.97254382,-13.0182598
13.544,-0.97254382,-11.06552083
13.5445,-0.975611781,-14.00763507
13.545,-0.975611781,-11.90648981
13.5455,-0.975611781,-10.12051634
13.546,-0.978679743,-13.20438125
13.5465,-0.978679743,-11.22372406
13.547,-0.978679743,-9.540165454
13.5475,-0.981747704,-12.711083
13.548,-0.981747704,-10.80442055
13.5485,-0.984815666,-13.78569983
13.549,-0.984815666,-11.71784486
13.5495,-0.984815666,-9.960168128
13.55,-0.987883627,-13.06808527
13.5505,-0.987883627,-11.10787248
13.551,-0.987883627,-9.441691609
13.5515,-0.990951589,-12.62738023
13.552,-0.990951589,-10.7332732
13.5525,-0.994019551,-13.72522458
13.553,-0.994019551,-11.66644089
13.5535,-0.994019551,-9.91647476
13.554,-0.997087512,-13.03094591
13.5545,-0.997087512,-11.07630402
13.555,-1.000155474,-14.01680078
13.5555,-1.000155474,-11.91428067
13.556,-1.000155474,-10.12713857
13.5565,-1.003223435,-13.21001014
13.557,-1.003223435,-11.22850862
13.5575,-1.006291397,-14.14617469
13.558,-1.006291397,-12.02424849
13.5585,-1.006291397,-10.22061122
13.559,-1.009359358,-13.2894619
13.5595,-1.009359358,-11.29604261
13.56,-1.01242732,-14.20357858
13.5605,-1.01242732,-12.0730418
13.561,-1.015495282,-14.86402789
13.5615,-1.015495282,-12.63442371
13.562,-1.015495282,-10.73926015
13.5625,-1.018563243,-13.73031349
13.563,-1.018563243,-11.67076647
13.5635,-1.021631205,-14.52209386
13.564,-1.021631205,-12.34377978
13.5645,-1.021631205,-10.49221282
13.565,-1.024699166,-13.52032326
13.5655,-1.024699166,-11.49227477
13.566,-1.027767128,-14.37037592
13.5665,-1.027767128,-12.21481953
13.567,-1.027767128,-10.3825966
13.5675,-1.030835089,-13.42714947
13.568,-1.030835089,-11.41307705
13.5685,-1.033903051,-14.30305786
13.569,-1.033903051,-12.15759918
13.5695,-1.036971013,-14.93590167
13.57,-1.036971013,-12.69551642
13.5705,-1.036971013,-10.79118895
13.571,-1.040038974,-13.77445297
13.5715,-1.040038974,-11.70828503
13.572,-1.043106936,-14.55398464
13.5725,-1.043106936,-12.37088694
13.573,-1.046174897,-15.11719626
13.5735,-1.046174897,-12.84961682
13.574,-1.046174897,-10.9221743
13.5745,-1.049242859,-13.88579052
13.575,-1.049242859,-11.80292194
13.5755,-1.05231082,-14.63442601
13.576,-1.05231082,-12.43926211
13.5765,-1.055378782,-15.17531516
13.577,-1.055378782,-12.89901788
13.5775,-1.058446744,-15.56610757
13.578,-1.058446744,-13.23119143
13.5785,-1.061514705,-15.84845508
13.579,-1.061514705,-13.47118682
13.5795,-1.061514705,-11.4505088
13.58,-1.064582667,-14.33487484
13.5805,-1.067650628,-16.78658598
13.581,-1.067650628,-14.26859808
13.5815,-1.067650628,-12.12830837
13.582,-1.07071859,-14.91100448
13.5825,-1.07071859,-12.67435381
13.583,-1.073786552,-15.3751431
13.5835,-1.073786552,-13.06887163
13.584,-1.076854513,-15.71048325
13.5845,-1.076854513,-13.35391076
13.585,-1.079922475,-15.95276651
13.5855,-1.079922475,-13.55985154
13.586,-1.079922475,-11.52587381
13.5865,-1.082990436,-14.3989351
13.587,-1.082990436,-12.23909483
13.5875,-1.086058398,-15.00517297
13.588,-1.086058398,-12.75439703
13.5885,-1.089126359,-15.44317984
13.589,-1.089126359,-13.12670286
13.5895,-1.092194321,-15.7596398
13.59,-1.092194321,-13.39569383
13.5905,-1.095262283,-15.98828212
13.591,-1.095262283,-13.5900398
13.5915,-1.098330244,-16.15347619
13.592,-1.098330244,-13.73045476
13.5925,-1.098330244,-11.67088655
13.593,-1.101398206,-14.52219593
13.5935,-1.101398206,-12.34386654
13.594,-1.104466167,-15.09422892
13.5945,-1.104466167,-12.83009458
13.595,-1.107534129,-15.50752276
13.5955,-1.107534129,-13.18139435
13.596,-1.11060209,-15.80612756
13.5965,-1.11060209,-13.43520842
13.597,-1.113670052,-16.02186952
13.5975,-1.113670052,-13.6185891
13.598,-1.116738014,-16.1777431
13.5985,-1.116738014,-13.75108163
13.599,-1.116738014,-11.68841939
13.5995,-1.119805975,-14.53709884
13.6,-1.119805975,-12.35653402
13.6005,-1.122873937,-15.10499628
13.601,-1.122873937,-12.83924684
13.6015,-1.125941898,-15.51530217
13.602,-1.125941898,-13.18800685
13.6025,-1.12900986,-15.81174818
13.603,-1.12900986,-13.43998596
13.6035,-1.132077821,-16.02593043
13.604,-1.132077821,-13.62204086
13.6045,-1.135145783,-16.1806771
13.605,-1.135145783,-13.75357553
13.6055,-1.138213745,-16.29248157
13.606,-1.138213745,-13.84860933
13.6065,-1.138213745,-11.77131793
13.607,-1.141281706,-14.60756261
13.6075,-1.141281706,-12.41642821
13.608,-1.144349668,-15.15590635
13.6085,-1.144349668,-12.88252039
13.609,-1.147417629,-15.5520847
13.6095,-1.147417629,-13.21927199
13.61,-1.150485591,-15.83832356
13.6105,-1.150485591,-13.46257502
13.611,-1.153553552,-16.04513113
13.6115,-1.153553552,-13.63836146
13.612,-1.156621514,-16.19454961
13.6125,-1.156621514,-13.76536717
13.613,-1.159689476,-16.30250446
13.6135,-1.159689476,-13.85712879
13.614,-1.162757437,-16.38050183
13.6145,-1.162757437,-13.92342656
13.615,-1.162757437,-11.83491257
13.6155,-1.165825399,-14.66161805
13.616,-1.165825399,-12.46237534
13.6165,-1.16889336,-15.19496141
13.617,-1.16889336,-12.9157172
13.6175,-1.171961322,-15.58030198
13.618,-1.171961322,-13.24325668
13.6185,-1.175029284,-15.85871054
13.619,-1.175029284,-13.47990396
13.6195,-1.178097245,-16.05986073
13.62,-1.178097245,-13.65088162
13.6205,-1.181165207,-16.20519174
13.621,-1.181165207,-13.77441298
13.6215,-1.181165207,-11.70825103
13.622,-1.184233168,-14.55395574
13.6225,-1.184233168,-12.37086238
13.623,-1.18730113,-15.11717539
13.6235,-1.18730113,-12.84959908
13.624,-1.190369091,-15.52410158
13.6245,-1.190369091,-13.19548634
13.625,-1.193437053,-15.81810576
13.6255,-1.193437053,-13.44538989
13.626,-1.196505015,-16.03052377
13.6265,-1.196505015,-13.62594521
13.627,-1.196505015,-11.58205343
13.6275,-1.199572976,-14.44668778
13.628,-1.199572976,-12.27968461
13.6285,-1.202640938,-15.03967428
13.629,-1.202640938,-12.78372314
13.6295,-1.205708899,-15.46810703
13.63,-1.205708899,-13.14789098
13.6305,-1.205708899,-11.17570733
13.631,-1.208776861,-14.10129359
13.6315,-1.208776861,-11.98609956
13.632,-1.211844822,-14.79012699
13.6325,-1.211844822,-12.57160794
13.633,-1.211844822,-10.68586675
13.6335,-1.214912784,-13.6849291
13.634,-1.214912784,-11.63218973
13.6345,-1.217980746,-14.48930364
13.635,-1.217980746,-12.31590809
13.6355,-1.221048707,-15.07046424
13.636,-1.221048707,-12.80989461
13.6365,-1.221048707,-10.88841041
13.637,-1.224116669,-13.85709122
13.6375,-1.224116669,-11.77852753
13.638,-1.22718463,-14.61369077
13.6385,-1.22718463,-12.42163715
13.639,-1.230252592,-15.16033394
13.6395,-1.230252592,-12.88628385
13.64,-1.230252592,-10.95334127
13.6405,-1.233320553,-13.91228245
13.641,-1.233320553,-11.82544008
13.6415,-1.236388515,-14.65356643
13.642,-1.236388515,-12.45553147
13.6425,-1.239456477,-15.18914411
13.643,-1.239456477,-12.91077249
13.6435,-1.239456477,-10.97415662
13.644,-1.242524438,-13.92997549
13.6445,-1.242524438,-11.84047917
13.645,-1.2455924,-14.66634966
13.6455,-1.2455924,-12.46639721
13.646,-1.248660361,-15.19837999
13.6465,-1.248660361,-12.91862299
13.647,-1.248660361,-10.98082954
13.6475,-1.251728323,-13.93564747
13.648,-1.251728323,-11.84530035
13.6485,-1.254796284,-14.67044766
13.649,-1.254796284,-12.46988051
13.6495,-1.257864246,-15.2013408
13.65,-1.257864246,-12.92113968
13.6505,-1.260932208,-15.58491109
13.651,-1.260932208,-13.24717443
13.6515,-1.264000169,-15.86204063
13.652,-1.264000169,-13.48273453
13.6525,-1.264000169,-11.46032435
13.653,-1.267068131,-14.34321806
13.6535,-1.267068131,-12.19173535
13.654,-1.270136092,-14.96491742
13.6545,-1.270136092,-12.7201798
13.655,-1.273204054,-15.4140952
13.6555,-1.273204054,-13.10198092
13.656,-1.276272016,-15.73862614
13.6565,-1.276272016,-13.37783222
13.657,-1.279339977,-15.97309975
13.6575,-1.279339977,-13.57713479
13.658,-1.282407939,-16.14250693
13.6585,-1.282407939,-13.72113089
13.659,-1.2854759,-16.26490362
13.6595,-1.2854759,-13.82516808
13.66,-1.288543862,-16.35333523
13.6605,-1.288543862,-13.90033495
13.661,-1.291611823,-16.41722707
13.6615,-1.294679785,-18.55658537
13.662,-1.294679785,-15.77309757
13.6625,-1.297747747,-18.00907529
13.663,-1.297747747,-15.307714
13.6635,-1.300815708,-17.61349926
13.664,-1.300815708,-14.97147437
13.6645,-1.30388367,-17.32769558
13.665,-1.306951631,-19.33048361
13.6655,-1.306951631,-16.43091107
13.666,-1.310019593,-18.56821677
13.6665,-1.313087554,-20.38492662
13.667,-1.313087554,-17.32718763
13.6675,-1.316155516,-19.33005185
13.668,-1.319223478,-21.03248643
13.6685,-1.319223478,-17.87761347
13.669,-1.322291439,-19.79791381
13.6695,-1.325359401,-21.4301691
13.67,-1.325359401,-18.21564374
13.6705,-1.328427362,-20.08523954
13.671,-1.331495324,-21.67439597
13.6715,-1.331495324,-18.42323658
13.672,-1.334563285,-20.26169345
13.6725,-1.334563285,-17.22243944
13.673,-1.337631247,-19.24101588
13.6735,-1.340699209,-20.95680587
13.674,-1.34376717,-22.41522735
13.6745,-1.34376717,-19.05294325
13.675,-1.346835132,-20.79694412
13.6755,-1.349903093,-22.27934487
13.676,-1.349903093,-18.93744314
13.6765,-1.352971055,-20.69876903
13.677,-1.356039016,-22.19589604
13.6775,-1.356039016,-18.86651163
13.678,-1.359106978,-20.63847725
13.6785,-1.36217494,-22.14464803
13.679,-1.365242901,-23.42489319
13.6795,-1.365242901,-19.91115921
13.68,-1.368310863,-21.52642769
13.6805,-1.371378824,-22.8994059
13.681,-1.371378824,-19.46449502
13.6815,-1.374446786,-21.14676313
13.682,-1.377514748,-22.57669102
13.6825,-1.377514748,-19.19018737
13.683,-1.380582709,-20.91360163
13.6835,-1.383650671,-22.37850375
13.684,-1.386718632,-23.62367055
13.6845,-1.386718632,-20.08011997
13.685,-1.389786594,-21.67004433
13.6855,-1.392854555,-23.02148005
13.686,-1.392854555,-19.56825804
13.6865,-1.395922517,-21.2349617
13.687,-1.398990479,-22.65165981
13.6875,-1.40205844,-23.8558532
13.688,-1.40205844,-20.27747522
13.6885,-1.405126402,-21.8377963
13.689,-1.408194363,-23.16406922
13.6895,-1.408194363,-19.68945884
13.69,-1.411262325,-21.33798237
13.6905,-1.414330286,-22.73922738
13.691,-1.417398248,-23.93028564
13.6915,-1.417398248,-20.34074279
13.692,-1.42046621,-21.89157374
13.6925,-1.423534171,-23.20978004
13.693,-1.423534171,-19.72831303
13.6935,-1.426602133,-21.37100844
13.694,-1.429670094,-22.76729954
13.6945,-1.429670094,-19.35220461
13.695,-1.432738056,-21.05131628
13.6955,-1.435806017,-22.4955612
13.696,-1.438873979,-23.72316939
13.6965,-1.438873979,-20.16469398
13.697,-1.441941941,-21.74193225
13.6975,-1.445009902,-23.08258477
13.698,-1.445009902,-19.62019706
13.6985,-1.448077864,-21.27910986
13.699,-1.451145825,-22.68918575
13.6995,-1.451145825,-19.28580788
13.7,-1.454213787,-20.99487907
13.7005,-1.457281748,-22.44758957
13.701,-1.457281748,-19.08045113
13.7015,-1.46034971,-20.82032583
13.702,-1.463417672,-22.29921932
13.7025,-1.463417672,-18.95433642
13.703,-1.466485633,-20.71312832
13.7035,-1.469553595,-22.20810144
13.704,-1.469553595,-18.87688622
13.7045,-1.472621556,-20.64729565
13.705,-1.475689518,-22.15214367
13.7055,-1.475689518,-18.82932212
13.706,-1.47875748,-20.60686616
13.7065,-1.481825441,-22.1177786
13.707,-1.481825441,-18.80011181
13.7075,-1.484893403,-20.5820374
13.708,-1.484893403,-17.49473179
13.7085,-1.487961364,-19.47246439
13.709,-1.491029326,-21.15353709
13.7095,-1.491029326,-17.98050653
13.71,-1.494097287,-19.88537291
13.7105,-1.497165249,-21.50450934
13.711,-1.497165249,-18.27883294
13.7115,-1.500233211,-20.13895036
13.712,-1.503301172,-21.72005017
13.7125,-1.503301172,-18.46204265
13.713,-1.506369134,-20.29467861
13.7135,-1.506369134,-17.25047682
13.714,-1.509437095,-19.26484766
13.7145,-1.512505057,-20.97706288
13.715,-1.512505057,-17.83050344
13.7155,-1.515573018,-19.75787029
13.716,-1.515573018,-16.79418975
13.7165,-1.51864098,-18.87700365
13.717,-1.521708942,-20.64739547
13.7175,-1.521708942,-17.55028615
13.718,-1.524776903,-19.51968559
13.7185,-1.524776903,-16.59173275
13.719,-1.527844865,-18.7049152
13.7195,-1.530912826,-20.50112028
13.72,-1.530912826,-17.42595224
13.7205,-1.533980788,-19.41400177
13.721,-1.533980788,-16.5019015
13.7215,-1.537048749,-18.62855864
13.722,-1.537048749,-15.83427485
13.7225,-1.540116711,-18.06107598
13.723,-1.540116711,-15.35191458
13.7235,-1.543184673,-17.65106976
13.724,-1.546252634,-19.60535166
13.7245,-1.546252634,-16.66454891
13.725,-1.549320596,-18.76680894
13.7255,-1.549320596,-15.9517876
13.726,-1.552388557,-18.16096182
13.7265,-1.552388557,-15.43681755
13.727,-1.555456519,-17.72323728
13.7275,-1.55852448,-19.66669405
13.728,-1.55852448,-16.71668994
13.7285,-1.561592442,-18.81112882
13.729,-1.561592442,-15.98945949
13.7295,-1.564660404,-18.19298293
13.73,-1.564660404,-15.46403549
13.7305,-1.567728365,-17.74637253
13.731,-1.567728365,-15.08441665
13.7315,-1.570796327,-17.42369652
13.732,-1.573864288,-19.4120844
13.7325,-1.573864288,-16.50027174
13.733,-1.57693225,-18.62717335
13.7335,-1.57693225,-15.83309734
13.734,-1.580000212,-18.06007511
13.7345,-1.580000212,-15.35106384
13.735,-1.583068173,-17.65034663
13.7355,-1.583068173,-15.00279463
13.736,-1.586136135,-17.3543178
13.7365,-1.586136135,-14.75117013
13.737,-1.589204096,-17.14043698
13.7375,-1.589204096,-14.56937143
13.738,-1.592272058,-16.98590808
13.7385,-1.592272058,-14.43802187
13.739,-1.595340019,-16.87426095
13.7395,-1.595340019,-14.34312181
13.74,-1.598407981,-16.7935959
13.7405,-1.601475943,-18.87649888
13.741,-1.601475943,-16.04502405
13.7415,-1.604543904,-18.2402128
13.742,-1.604543904,-15.50418088
13.7425,-1.607611866,-17.78049611
13.743,-1.607611866,-15.1134217
13.7435,-1.607611866,-12.84640844
13.744,-1.610679827,-15.52138954
13.7445,-1.610679827,-13.19318111
13.745,-1.613747789,-15.81614631
13.7455,-1.613747789,-13.44372436
13.746,-1.61681575,-16.02910807
13.7465,-1.61681575,-13.62474186
13.747,-1.619883712,-16.18297294
13.7475,-1.619883712,-13.755527
13.748,-1.622951674,-16.29414032
13.7485,-1.622951674,-13.85001927
13.749,-1.626019635,-16.37445874
13.7495,-1.626019635,-13.91828993
13.75,-1.629087597,-16.4324888
13.7505,-1.629087597,-13.96761548
13.751,-1.632155558,-16.47441553
13.7515,-1.632155558,-14.0032532
13.752,-1.632155558,-11.90276522
13.7525,-1.63522352,-14.7192928
13.753,-1.63522352,-12.51139888
13.7535,-1.638291481,-15.23663141
13.754,-1.638291481,-12.9511367
13.7545,-1.641359443,-15.61040856
13.755,-1.641359443,-13.26884727
13.7555,-1.644427405,-15.88046255
13.756,-1.644427405,-13.49839316
13.7565,-1.644427405,-11.47363419
13.757,-1.647495366,-14.35453142
13.7575,-1.647495366,-12.20135171
13.758,-1.650563328,-14.97309132
13.7585,-1.650563328,-12.72712762
13.759,-1.650563328,-10.81805848
13.7595,-1.653631289,-13.79729207
13.76,-1.653631289,-11.72769826
13.7605,-1.656699251,-14.57048588
13.761,-1.656699251,-12.384913
13.7615,-1.656699251,-10.52717605
13.762,-1.659767212,-13.55004201
13.7625,-1.659767212,-11.51753571
13.763,-1.662835174,-14.39184771
13.7635,-1.662835174,-12.23307056
13.764,-1.662835174,-10.39810997
13.7645,-1.665903136,-13.44033584
13.765,-1.665903136,-11.42428546
13.7655,-1.668971097,-14.31258501
13.766,-1.668971097,-12.16569726
13.7665,-1.668971097,-10.34084267
13.767,-1.672039059,-13.39165863
13.7675,-1.672039059,-11.38290984
13.768,-1.67510702,-14.27741573
13.7685,-1.67510702,-12.13580337
13.769,-1.67510702,-10.31543286
13.7695,-1.678174982,-13.3700603
13.77,-1.678174982,-11.36455125
13.7705,-1.681242944,-14.26181093
13.771,-1.681242944,-12.12253929
13.7715,-1.681242944,-10.3041584
13.772,-1.684310905,-13.360477
13.7725,-1.684310905,-11.35640545
13.773,-1.684310905,-9.652944632
13.7735,-1.687378867,-12.8069453
13.774,-1.687378867,-10.88590351
13.7745,-1.690446828,-13.85496034
13.775,-1.690446828,-11.77671629
13.7755,-1.690446828,-10.01020885
13.776,-1.69351479,-13.11061988
13.7765,-1.69351479,-11.1440269
13.777,-1.696582751,-14.07436523
13.7775,-1.696582751,-11.96321045
13.778,-1.696582751,-10.16872888
13.7785,-1.699650713,-13.24536191
13.779,-1.699650713,-11.25855762
13.7795,-1.699650713,-9.569773981
13.78,-1.702718675,-12.73625025
13.7805,-1.702718675,-10.82581271
13.781,-1.705786636,-13.80388317
13.7815,-1.705786636,-11.73330069
13.782,-1.705786636,-9.973305588
13.7825,-1.708854598,-13.07925211
13.783,-1.708854598,-11.1173643
13.7835,-1.711922559,-14.05170202
13.784,-1.711922559,-11.94394671
13.7845,-1.711922559,-10.15235471
13.785,-1.714990521,-13.23144386
13.7855,-1.714990521,-11.24672728
13.786,-1.718058482,-14.16166056
13.7865,-1.718058482,-12.03741147
13.787,-1.718058482,-10.23179975
13.7875,-1.721126444,-13.29897215
13.788,-1.721126444,-11.30412633
13.7885,-1.724194406,-14.21044974
13.789,-1.724194406,-12.07888228
13.7895,-1.724194406,-10.26704994
13.79,-1.727262367,-13.32893481
13.7905,-1.727262367,-11.32959459
13.791,-1.730330329,-14.23209777
13.7915,-1.730330329,-12.0972831
13.792,-1.730330329,-10.28269064
13.7925,-1.73339829,-13.3422294
13.793,-1.73339829,-11.34089499
13.7935,-1.736466252,-14.24170311
13.794,-1.736466252,-12.10544764
13.7945,-1.736466252,-10.2896305
13.795,-1.739534213,-13.34812828
13.7955,-1.739534213,-11.34590904
13.796,-1.742602175,-14.24596505
13.7965,-1.742602175,-12.10907029
13.797,-1.745670137,-14.89465211
13.7975,-1.745670137,-12.6604543
13.798,-1.745670137,-10.76138615
13.7985,-1.748738098,-13.74912059
13.799,-1.748738098,-11.6867525
13.7995,-1.75180606,-14.53568199
13.8,-1.75180606,-12.35532969
13.8005,-1.754874021,-15.1039726
13.801,-1.754874021,-12.83837671
13.8015,-1.754874021,-10.91262021
13.802,-1.757941983,-13.87766954
13.8025,-1.757941983,-11.79601911
13.803,-1.761009944,-14.6285586
13.8035,-1.761009944,-12.43427481
13.804,-1.761009944,-10.56913359
13.8045,-1.764077906,-13.58570592
13.805,-1.764077906,-11.54785003
13.8055,-1.767145868,-14.41761489
13.806,-1.767145868,-12.25497266
13.8065,-1.770213829,-15.01866912
13.807,-1.770213829,-12.76586875
13.8075,-1.773281791,-15.4529308
13.808,-1.773281791,-13.13499118
13.8085,-1.776349752,-15.76668487
13.809,-1.776349752,-13.40168214
13.8095,-1.776349752,-11.39142982
13.81,-1.779417714,-14.28465771
13.8105,-1.779417714,-12.14195905
13.811,-1.782485676,-14.92260756
13.8115,-1.782485676,-12.68421642
13.812,-1.785553637,-15.38352632
13.8125,-1.785553637,-13.07599738
13.813,-1.785553637,-11.11459777
13.8135,-1.788621599,-14.04935047
13.814,-1.788621599,-11.9419479
13.8145,-1.79168956,-14.75259808
13.815,-1.79168956,-12.53970837
13.8155,-1.794757522,-15.26069447
13.816,-1.794757522,-12.9715903
13.8165,-1.797825483,-15.62779412
13.817,-1.797825483,-13.283625
13.8175,-1.797825483,-11.29108125
13.818,-1.800893445,-14.19936143
13.8185,-1.800893445,-12.06945721
13.819,-1.803961407,-14.860981
13.8195,-1.803961407,-12.63183385
13.82,-1.807029368,-15.33900113
13.8205,-1.807029368,-13.03815096
13.821,-1.807029368,-11.08242832
13.8215,-1.81009733,-14.02200643
13.822,-1.81009733,-11.91870547
13.8225,-1.813165291,-14.73284201
13.823,-1.813165291,-12.52291571
13.8235,-1.816233253,-15.24642072
13.824,-1.816233253,-12.95945761
13.8245,-1.816233253,-11.01553897
13.825,-1.819301214,-13.96515049
13.8255,-1.819301214,-11.87037791
13.826,-1.822369176,-14.69176359
13.8265,-1.822369176,-12.48799905
13.827,-1.822369176,-10.61479919
13.8275,-1.825437138,-13.62452168
13.828,-1.825437138,-11.58084343
13.8285,-1.828505099,-14.44565928
13.829,-1.828505099,-12.27881039
13.8295,-1.828505099,-10.43698883
13.83,-1.831573061,-13.47338287
13.8305,-1.831573061,-11.45237544
13.831,-1.834641022,-14.33646148
13.8315,-1.834641022,-12.18599226
13.832,-1.834641022,-10.35809342
13.8325,-1.837708984,-13.40632177
13.833,-1.837708984,-11.39537351
13.8335,-1.837708984,-9.686067481
13.834,-1.840776945,-12.83509972
13.8345,-1.840776945,-10.90983476
13.835,-1.843844907,-13.87530191
13.8355,-1.843844907,-11.79400663
13.836,-1.843844907,-10.02490563
13.8365,-1.846912869,-13.12311215
13.837,-1.846912869,-11.15464533
13.8375,-1.846912869,-9.481448529
13.838,-1.84998083,-12.66117361
13.8385,-1.84998083,-10.76199757
13.839,-1.853048792,-13.7496403
13.8395,-1.853048792,-11.68719425
13.84,-1.853048792,-9.934115116
13.8405,-1.856116753,-13.04594021
13.841,-1.856116753,-11.08904918
13.8415,-1.856116753,-9.425691804
13.842,-1.859184715,-12.6137804
13.8425,-1.859184715,-10.72171334
13.843,-1.862252676,-13.7153987
13.8435,-1.862252676,-11.6580889
13.844,-1.862252676,-9.909375561
13.8445,-1.865320638,-13.02491159
13.845,-1.865320638,-11.07117485
13.8455,-1.865320638,-9.410498624
13.846,-1.8683886,-12.60086619
13.8465,-1.8683886,-10.71073627
13.847,-1.871456561,-13.70606819
13.8475,-1.871456561,-11.65015796
13.848,-1.871456561,-9.902634266
13.8485,-1.874524523,-13.01918149
13.849,-1.874524523,-11.06630427
13.8495,-1.877592484,-14.00830099
13.85,-1.877592484,-11.90705584
13.8505,-1.877592484,-10.12099747
13.851,-1.880660446,-13.20479021
13.8515,-1.880660446,-11.22407168
13.852,-1.880660446,-9.540460926
13.8525,-1.883728408,-12.71133415
13.853,-1.883728408,-10.80463403
13.8535,-1.886796369,-13.78588129
13.854,-1.886796369,-11.71799909
13.8545,-1.886796369,-9.96029923
13.855,-1.889864331,-13.06819671
13.8555,-1.889864331,-11.1079672
13.856,-1.892932292,-14.04371449
13.8565,-1.892932292,-11.93715731
13.857,-1.892932292,-10.14658372
13.8575,-1.896000254,-13.22653852
13.858,-1.896000254,-11.24255774
13.8585,-1.899068215,-14.15811645
13.859,-1.899068215,-12.03439898
13.8595,-1.899068215,-10.22923913
13.86,-1.902136177,-13.29679563
13.8605,-1.902136177,-11.30227628
13.861,-1.905204139,-14.2088772
13.8615,-1.905204139,-12.07754562
13.862,-1.9082721,-14.86785614
13.8625,-1.9082721,-12.63767772
13.863,-1.9082721,-10.74202606
13.8635,-1.911340062,-13.73266452
13.864,-1.911340062,-11.67276484
13.8645,-1.914408023,-14.52379248
13.865,-1.914408023,-12.34522361
13.8655,-1.917475985,-15.09538243
13.866,-1.917475985,-12.83107506
13.8665,-1.920543946,-15.50835617
13.867,-1.920543946,-13.18210274
13.8675,-1.923611908,-15.8067297
13.868,-1.923611908,-13.43572024
13.8685,-1.92667987,-16.02230457
13.869,-1.92667987,-13.61895888
13.8695,-1.929747831,-16.17805741
13.87,-1.929747831,-13.7513488
13.8705,-1.932815793,-16.29058885
13.871,-1.932815793,-13.84700052
13.8715,-1.935883754,-16.3718928
13.872,-1.935883754,-13.91610888
13.8725,-1.938951716,-16.43063491
13.873,-1.938951716,-13.96603968
13.8735,-1.942019677,-16.47307609
13.874,-1.942019677,-14.00211468
13.8745,-1.945087639,-16.50373984
13.875,-1.948155601,-18.63012123
13.8755,-1.948155601,-15.83560304
13.876,-1.951223562,-18.06220495
13.8765,-1.951223562,-15.35287421
13.877,-1.954291524,-17.65188544
13.8775,-1.954291524,-15.00410262
13.878,-1.957359485,-17.35542959
13.8785,-1.957359485,-14.75211515
13.879,-1.960427447,-17.14124025
13.8795,-1.960427447,-14.57005421
13.88,-1.963495408,-16.98648844
13.8805,-1.963495408,-14.43851517
13.881,-1.96656337,-16.87468026
13.8815,-1.96656337,-14.34347822
13.882,-1.969631332,-16.79389885
13.8825,-1.972699293,-18.87675639
13.883,-1.972699293,-16.04524293
13.8835,-1.975767255,-18.24039885
13.884,-1.975767255,-15.50433903
13.8845,-1.978835216,-17.78063054
13.885,-1.978835216,-15.11353596
13.8855,-1.981903178,-17.44844793
13.886,-1.981903178,-14.83118074
13.8865,-1.98497114,-17.20844599
13.887,-1.98497114,-14.62717909
13.8875,-1.988039101,-17.03504459
13.888,-1.988039101,-14.4797879
13.8885,-1.991107063,-16.90976208
13.889,-1.991107063,-14.37329777
13.8895,-1.994175024,-16.81924547
13.89,-1.994175024,-14.29635865
13.8905,-1.997242986,-16.75384721
13.891,-1.997242986,-14.24077013
13.8915,-2.000310947,-16.70659698
13.892,-2.003378909,-18.80254979
13.8925,-2.003378909,-15.98216732
13.893,-2.006446871,-18.18678459
13.8935,-2.006446871,-15.4587669
13.894,-2.009514832,-17.74189423
13.8945,-2.009514832,-15.08061009
13.895,-2.012582794,-17.42046094
13.8955,-2.012582794,-14.8073918
13.896,-2.015650755,-17.1882254
13.8965,-2.018718717,-19.21193395
13.897,-2.018718717,-16.33014386
13.8975,-2.021786678,-18.48256464
13.898,-2.021786678,-15.71017995
13.8985,-2.02485464,-17.95559532
13.899,-2.02485464,-15.26225602
13.8995,-2.027922602,-17.57485998
13.9,-2.027922602,-14.93863098
13.9005,-2.030990563,-17.2997787
13.901,-2.034058525,-19.30675426
13.9015,-2.034058525,-16.41074112
13.902,-2.037126486,-18.55107232
13.9025,-2.037126486,-15.76841147
13.903,-2.040194448,-18.00509211
13.9035,-2.040194448,-15.30432829
13.904,-2.043262409,-17.61062141
13.9045,-2.046330371,-19.57097057
13.905,-2.046330371,-16.63532498
13.9055,-2.049398333,-18.7419686
13.906,-2.049398333,-15.93067331
13.9065,-2.052466294,-18.14301468
13.907,-2.052466294,-15.42156247
13.9075,-2.055534256,-17.71027047
13.908,-2.055534256,-15.0537299
13.9085,-2.058602217,-17.39761278
13.909,-2.061670179,-19.38991322
13.9095,-2.061670179,-16.48142624
13.91,-2.06473814,-18.61115467
13.9105,-2.06473814,-15.81948147
13.911,-2.067806102,-18.04850161
13.9115,-2.070874064,-19.94316873
13.912,-2.070874064,-16.95169342
13.9125,-2.073942025,-19.01088177
13.913,-2.073942025,-16.15924951
13.9135,-2.077009987,-18.33730444
13.914,-2.080077948,-20.18865114
13.9145,-2.080077948,-17.16035347
13.915,-2.08314591,-19.18824281
13.9155,-2.08314591,-16.31000639
13.916,-2.086213872,-18.4654478
13.9165,-2.089281833,-20.29757299
13.917,-2.089281833,-17.25293704
13.9175,-2.092349795,-19.26693885
13.918,-2.095417756,-20.97884039
13.9185,-2.095417756,-17.83201433
13.919,-2.098485718,-19.75915454
13.9195,-2.098485718,-16.79528136
13.92,-2.101553679,-18.87793152
13.9205,-2.101553679,-16.04624179
13.921,-2.104621641,-18.24124789
13.9215,-2.107689603,-20.10700307
13.922,-2.107689603,-17.09095261
13.9225,-2.110757564,-19.12925208
13.923,-2.110757564,-16.25986427
13.9235,-2.113825526,-18.42282699
13.924,-2.116893487,-20.26134531
13.9245,-2.116893487,-17.22214351
13.925,-2.119961449,-19.24076435
13.9255,-2.119961449,-16.3546497
13.926,-2.12302941,-18.5033946
13.9265,-2.12302941,-15.72788541
13.927,-2.126097372,-17.97064497
13.9275,-2.129165334,-19.87699058
13.928,-2.129165334,-16.895442
13.9285,-2.132233295,-18.96306806
13.929,-2.132233295,-16.11860785
13.9295,-2.135301257,-18.30275904
13.93,-2.138369218,-20.15928755
13.9305,-2.138369218,-17.13539441
13.931,-2.14143718,-19.16702762
13.9315,-2.14143718,-16.29197347
13.932,-2.144505141,-18.45011982
13.9325,-2.147573103,-20.28454421
13.933,-2.147573103,-17.24186258
13.9335,-2.150641065,-19.25752555
13.934,-2.153709026,-20.97083908
13.9345,-2.153709026,-17.82521322
13.935,-2.156776988,-19.7533736
13.9355,-2.159844949,-21.39230993
13.936,-2.159844949,-18.18346344
13.9365,-2.162912911,-20.05788628
13.937,-2.165980872,-21.65114571
13.9375,-2.165980872,-18.40347385
13.938,-2.169048834,-20.24489514
13.9385,-2.172116796,-21.81010323
13.939,-2.172116796,-18.53858774
13.9395,-2.175184757,-20.35974195
13.94,-2.178252719,-21.90772302
13.9405,-2.18132068,-23.22350693
13.941,-2.18132068,-19.73998089
13.9415,-2.184388642,-21.38092612
13.942,-2.187456604,-22.77572957
13.9425,-2.190524565,-23.96131249
13.943,-2.193592527,-24.96905798
13.9435,-2.193592527,-21.22369929
13.944,-2.196660488,-22.64208676
13.9445,-2.19972845,-23.84771611
13.945,-2.202796411,-24.87250105
13.9455,-2.205864373,-25.74356826
13.946,-2.205864373,-21.88203302
13.9465,-2.208932335,-23.20167043
13.947,-2.212000296,-24.32336223
13.9475,-2.215068258,-25.27680026
13.948,-2.218136219,-26.08722258
13.9485,-2.221204181,-26.77608156
13.949,-2.221204181,-22.75966933
13.9495,-2.224272142,-23.94766129
13.95,-2.227340104,-24.95745446
13.9505,-2.230408066,-25.81577866
13.951,-2.233476027,-26.54535422
13.9515,-2.236543989,-27.16549345
13.952,-2.236543989,-23.09066943
13.9525,-2.23961195,-24.22901138
13.953,-2.242679912,-25.19660204
13.9535,-2.245747873,-26.0190541
13.954,-2.248815835,-26.71813835
13.9545,-2.251883797,-27.31235996
13.955,-2.254951758,-27.81744833
13.9555,-2.25801972,-28.24677344
13.956,-2.25801972,-24.00975743
13.9565,-2.261087681,-25.01023618
13.957,-2.264155643,-25.86064311
13.9575,-2.267223604,-26.58348901
13.958,-2.270291566,-27.19790802
13.9585,-2.273359528,-27.72016418
13.959,-2.273359528,-23.56213955
13.9595,-2.276427489,-24.62976099
13.96,-2.279495451,-25.5372392
13.9605,-2.282563412,-26.30859568
13.961,-2.285631374,-26.9642487
13.9615,-2.288699336,-27.52155375
13.962,-2.288699336,-23.39332069
13.9625,-2.291767297,-24.48626495
13.963,-2.294835259,-25.41526757
13.9635,-2.29790322,-26.2049198
13.964,-2.300971182,-26.87612419
13.9645,-2.300971182,-22.84470556
13.965,-2.304039143,-24.01994209
13.9655,-2.307107105,-25.01889314
13.966,-2.310175067,-25.86800154
13.9665,-2.310175067,-21.98780131
13.967,-2.313243028,-23.29157347
13.9675,-2.31631099,-24.39977982
13.968,-2.319378951,-25.34175521
13.9685,-2.322446913,-26.14243429
13.969,-2.322446913,-22.22106915
13.9695,-2.325514874,-23.48985114
13.97,-2.328582836,-24.56831583
13.9705,-2.331650798,-25.48501082
13.971,-2.331650798,-21.6622592
13.9715,-2.334718759,-23.01486268
13.972,-2.337786721,-24.16457564
13.9725,-2.340854682,-25.14183166
13.973,-2.340854682,-21.37055691
13.9735,-2.343922644,-22.76691574
13.974,-2.346990605,-23.95382074
13.9745,-2.350058567,-24.96268999
13.975,-2.350058567,-21.21828649
13.9755,-2.353126529,-22.63748588
13.976,-2.35619449,-23.84380536
13.9765,-2.35619449,-20.26723456
13.977,-2.359262452,-21.82909174
13.9775,-2.362330413,-23.15667034
13.978,-2.365398375,-24.28511215
13.9785,-2.365398375,-20.64234533
13.979,-2.368466336,-22.1479359
13.9795,-2.368466336,-18.82574551
13.98,-2.371534298,-20.60382605
13.9805,-2.37460226,-22.1151945
13.981,-2.37460226,-18.79791533
13.9815,-2.377670221,-20.58017039
13.982,-2.380738183,-22.0950872
13.9825,-2.380738183,-18.78082412
13.983,-2.383806144,-20.56564286
13.9835,-2.386874106,-22.0827388
13.984,-2.386874106,-18.77032798
13.9845,-2.389942068,-20.55672115
13.985,-2.393010029,-22.07515534
13.9855,-2.393010029,-18.76388204
13.986,-2.396077991,-20.55124209
13.9865,-2.396077991,-17.46855578
13.987,-2.399145952,-19.45021478
13.9875,-2.399145952,-16.53268256
13.988,-2.402213914,-18.65472254
13.9885,-2.405281875,-20.45845652
13.989,-2.405281875,-17.38968804
13.9895,-2.408349837,-19.3831772
13.99,-2.411417799,-21.07764298
13.9905,-2.411417799,-17.91599654
13.991,-2.41448576,-19.83053942
13.9915,-2.41448576,-16.85595851
13.992,-2.417553722,-18.92950709
13.9925,-2.417553722,-16.09008103
13.993,-2.420621683,-18.27851124
13.9935,-2.423689645,-20.13867692
13.994,-2.423689645,-17.11787538
13.9945,-2.426757606,-19.15213644
13.995,-2.426757606,-16.27931597
13.9955,-2.429825568,-18.43936094
13.996,-2.43289353,-20.27539916
13.9965,-2.43289353,-17.23408929
13.997,-2.435961491,-19.25091826
13.9975,-2.435961491,-16.36328052
13.998,-2.439029453,-18.51073081
13.9985,-2.442097414,-20.33606355
13.999,-2.442097414,-17.28565402
13.9995,-2.445165376,-19.29474828
14,-2.445165376,-16.40053604
14.0005,-2.448233337,-18.54239799
14.001,-2.451301299,-20.36298066
14.0015,-2.451301299,-17.30853356
14.002,-2.454369261,-19.31419589
14.0025,-2.454369261,-16.41706651
14.003,-2.457437222,-18.55644889
14.0035,-2.457437222,-15.77298156
14.004,-2.460505184,-18.00897669
14.0045,-2.463573145,-19.90957255
14.005,-2.463573145,-16.92313667
14.0055,-2.466641107,-18.98660853
14.006,-2.466641107,-16.13861725
14.0065,-2.469709068,-18.31976703
14.007,-2.47277703,-20.17374434
14.0075,-2.47277703,-17.14768269
14.008,-2.475844992,-19.17747265
14.0085,-2.475844992,-16.30085175
14.009,-2.478912953,-18.45766635
14.0095,-2.478912953,-15.6890164
14.01,-2.481980915,-17.9376063
14.0105,-2.485048876,-19.84890772
14.011,-2.485048876,-16.87157156
14.0115,-2.488116838,-18.94277819
14.012,-2.488116838,-16.10136146
14.0125,-2.4911848,-18.28809961
14.013,-2.4911848,-15.54488467
14.0135,-2.494252761,-17.81509433
14.014,-2.497320723,-19.74477254
14.0145,-2.497320723,-16.78305666
14.015,-2.500388684,-18.86754053
14.0155,-2.500388684,-16.03740945
14.016,-2.503456646,-18.23374039
14.0165,-2.503456646,-15.49867934
14.017,-2.506524607,-17.7758198
14.0175,-2.506524607,-15.10944683
14.018,-2.509592569,-17.44497217
14.0185,-2.509592569,-14.82822634
14.019,-2.512660531,-17.20593476
14.0195,-2.512660531,-14.62504454
14.02,-2.515728492,-17.03323022
14.0205,-2.518796454,-19.08018805
14.021,-2.518796454,-16.21815985
14.0215,-2.521864415,-18.38737823
14.022,-2.521864415,-15.6292715
14.0225,-2.524932377,-17.88682314
14.023,-2.524932377,-15.20379967
14.0235,-2.528000338,-17.52517208
14.024,-2.5310683,-19.49833863
14.0245,-2.5310683,-16.57358784
14.025,-2.534136262,-18.68949203
14.0255,-2.534136262,-15.88606822
14.026,-2.537204223,-18.10510035
14.0265,-2.537204223,-15.3893353
14.027,-2.540272185,-17.68287737
14.0275,-2.540272185,-15.03044576
14.028,-2.543340146,-17.37782126
14.0285,-2.543340146,-14.77114807
14.029,-2.546408108,-17.15741823
14.0295,-2.549476069,-19.18574786
14.03,-2.549476069,-16.30788568
14.0305,-2.552544031,-18.46364519
14.031,-2.552544031,-15.69409841
14.0315,-2.555611993,-17.94192601
14.032,-2.555611993,-15.25063711
14.0325,-2.558679954,-17.56498391
14.033,-2.558679954,-14.93023632
14.0335,-2.561747916,-17.29264324
14.034,-2.561747916,-14.69874675
14.0345,-2.564815877,-17.0958771
14.035,-2.564815877,-14.53149554
14.0355,-2.567883839,-16.95371357
14.036,-2.567883839,-14.41065653
14.0365,-2.5709518,-16.85100042
14.037,-2.5709518,-14.32335036
14.0375,-2.574019762,-16.77679017
14.038,-2.574019762,-14.26027164
14.0385,-2.577087724,-16.72317326
14.039,-2.577087724,-14.21469727
14.0395,-2.580155685,-16.68443504
14.04,-2.580155685,-14.18176979
14.0405,-2.583223647,-16.65644668
14.041,-2.583223647,-14.15797968
14.0415,-2.586291608,-16.63622509
14.042,-2.586291608,-14.14079133
14.0425,-2.58935957,-16.62161499
14.043,-2.592427532,-18.73031511
14.0435,-2.592427532,-15.92076784
14.044,-2.595495493,-18.13459503
14.0445,-2.595495493,-15.41440577
14.045,-2.598563455,-17.70418727
14.0455,-2.598563455,-15.04855918
14.046,-2.601631416,-17.39321767
14.0465,-2.601631416,-14.78423502
14.047,-2.604699378,-17.16854213
14.0475,-2.607767339,-19.19520317
14.048,-2.607767339,-16.3159227
14.0485,-2.610835301,-18.47047666
14.049,-2.610835301,-15.69990516
14.0495,-2.613903263,-17.94686175
14.05,-2.616971224,-19.85677485
14.0505,-2.616971224,-16.87825862
14.051,-2.620039186,-18.94846219
14.0515,-2.620039186,-16.10619286
14.052,-2.623107147,-18.2922063
14.0525,-2.626175109,-20.15031772
14.053,-2.626175109,-17.12777006
14.0535,-2.62924307,-19.16054691
14.054,-2.62924307,-16.28646488
14.0545,-2.632311032,-18.44543751
14.055,-2.635378994,-20.28056425
14.0555,-2.635378994,-17.23847961
14.056,-2.638446955,-19.25465003
14.0565,-2.638446955,-16.36645253
14.057,-2.641514917,-18.51342701
14.0575,-2.644582878,-20.33835532
14.058,-2.644582878,-17.28760202
14.0585,-2.64765084,-19.29640408
14.059,-2.64765084,-16.40194347
14.0595,-2.650718801,-18.54359431
14.06,-2.653786763,-20.36399753
14.0605,-2.653786763,-17.3093979
14.061,-2.656854725,-19.31493058
14.0615,-2.656854725,-16.41769099
14.062,-2.659922686,-18.55697971
14.0625,-2.662990648,-20.37537512
14.063,-2.662990648,-17.31906885
14.0635,-2.666058609,-19.32315088
14.064,-2.666058609,-16.42467825
14.0645,-2.669126571,-18.56291888
14.065,-2.669126571,-15.77848105
14.0655,-2.672194532,-18.01365125
14.066,-2.675262494,-19.91354593
14.0665,-2.675262494,-16.92651404
14.067,-2.678330456,-18.9894793
14.0675,-2.678330456,-16.1410574
14.068,-2.681398417,-18.32184116
14.0685,-2.681398417,-15.57356498
14.069,-2.684466379,-17.8394726
14.0695,-2.684466379,-15.16355171
14.07,-2.68753434,-17.49096132
14.0705,-2.68753434,-14.86731712
14.071,-2.690602302,-17.23916191
14.0715,-2.690602302,-14.65328763
14.072,-2.693670264,-17.05723685
14.0725,-2.693670264,-14.49865132
14.073,-2.696738225,-16.92579599
14.0735,-2.696738225,-14.38692659
14.074,-2.699806187,-16.83082996
14.0745,-2.699806187,-14.30620547
14.075,-2.702874148,-16.76221701
14.0755,-2.70594211,-18.84982682
14.076,-2.70594211,-16.0223528
14.0765,-2.709010071,-18.22094224
14.077,-2.709010071,-15.48780091
14.0775,-2.712078033,-17.76657313
14.078,-2.712078033,-15.10158716
14.0785,-2.715145995,-17.43829145
14.079,-2.715145995,-14.82254774
14.0795,-2.718213956,-17.20110794
14.08,-2.718213956,-14.62094175
14.0805,-2.721281918,-17.02974285
14.081,-2.721281918,-14.47528142
14.0815,-2.724349879,-16.90593157
14.082,-2.724349879,-14.37004184
14.0825,-2.727417841,-16.81647792
14.083,-2.727417841,-14.29400624
14.0835,-2.730485802,-16.75184766
14.084,-2.730485802,-14.23907051
14.0845,-2.733553764,-16.7051523
14.085,-2.733553764,-14.19937946
14.0855,-2.736621726,-16.6714149
14.086,-2.736621726,-14.17070267
14.0865,-2.739689687,-16.64703963
14.087,-2.739689687,-14.14998369
14.0875,-2.742757649,-16.6294285
14.088,-2.742757649,-14.13501422
14.0885,-2.74582561,-16.61670445
14.089,-2.74582561,-14.12419878
14.0895,-2.748893572,-16.60751133
14.09,-2.748893572,-14.11638463
14.0905,-2.751961533,-16.6008693
14.091,-2.751961533,-14.1107389
14.0915,-2.755029495,-16.59607043
14.092,-2.755029495,-14.10665987
14.0925,-2.758097457,-16.59260325
14.093,-2.758097457,-14.10371276
14.0935,-2.758097457,-11.98815585
14.094,-2.761165418,-14.79187484
14.0945,-2.761165418,-12.57309361
14.095,-2.76423338,-15.28907193
14.0955,-2.76423338,-12.99571114
14.096,-2.767301341,-15.64829683
14.0965,-2.767301341,-13.30105231
14.097,-2.767301341,-11.30589446
14.0975,-2.770369303,-14.21195266
14.098,-2.770369303,-12.08015976
14.0985,-2.773437264,-14.87007816
14.099,-2.773437264,-12.63956643
14.0995,-2.776505226,-15.34557383
14.1,-2.776505226,-13.04373776
14.1005,-2.776505226,-11.08717709
14.101,-2.779573188,-14.02604289
14.1015,-2.779573188,-11.92213646
14.102,-2.782641149,-14.73575835
14.1025,-2.782641149,-12.5253946
14.103,-2.782641149,-10.64658541
14.1035,-2.785709111,-13.65153996
14.104,-2.785709111,-11.60380897
14.1045,-2.788777072,-14.46517999
14.105,-2.788777072,-12.29540299
14.1055,-2.791845034,-15.0530349
14.106,-2.791845034,-12.79507967
14.1065,-2.791845034,-10.87581772
14.107,-2.794912996,-13.84638742
14.1075,-2.794912996,-11.76942931
14.108,-2.797980957,-14.60595728
14.1085,-2.797980957,-12.41506369
14.109,-2.797980957,-10.55280413
14.1095,-2.801048919,-13.57182588
14.11,-2.801048919,-11.536052
14.1105,-2.80411688,-14.40758656
14.111,-2.80411688,-12.24644858
14.1115,-2.807184842,-15.01142365
14.112,-2.807184842,-12.75971011
14.1125,-2.807184842,-10.84575359
14.113,-2.810252803,-13.82083291
14.1135,-2.810252803,-11.74770798
14.114,-2.813320765,-14.58749414
14.1145,-2.813320765,-12.39937002
14.115,-2.816388727,-15.14140688
14.1155,-2.816388727,-12.87019585
14.116,-2.816388727,-10.93966647
14.1165,-2.819456688,-13.90065887
14.117,-2.819456688,-11.81556004
14.1175,-2.82252465,-14.64516839
14.118,-2.82252465,-12.44839313
14.1185,-2.825592611,-15.18307653
14.119,-2.825592611,-12.90561505
14.1195,-2.828660573,-15.57171516
14.12,-2.828660573,-13.23595788
14.1205,-2.828660573,-11.2505642
14.121,-2.831728534,-14.16492193
14.1215,-2.831728534,-12.04018364
14.122,-2.834796496,-14.83609846
14.1225,-2.834796496,-12.61068369
14.123,-2.837864458,-15.3210235
14.1235,-2.837864458,-13.02286998
14.124,-2.840932419,-15.67138184
14.1245,-2.840932419,-13.32067457
14.125,-2.844000381,-15.92451575
14.1255,-2.844000381,-13.53583838
14.126,-2.844000381,-11.50546263
14.1265,-2.847068342,-14.3815856
14.127,-2.847068342,-12.22434776
14.1275,-2.850136304,-14.99263796
14.128,-2.850136304,-12.74374226
14.1285,-2.853204265,-15.43412329
14.129,-2.853204265,-13.11900479
14.1295,-2.856272227,-15.75309644
14.13,-2.856272227,-13.39013197
14.1305,-2.859340189,-15.98355454
14.131,-2.859340189,-13.58602136
14.1315,-2.86240815,-16.15006052
14.132,-2.86240815,-13.72755144
14.1325,-2.865476112,-16.27036109
14.133,-2.865476112,-13.82980693
14.1335,-2.868544073,-16.35727825
14.134,-2.868544073,-13.90368651
14.1345,-2.871612035,-16.4200759
14.135,-2.871612035,-13.95706451
14.1355,-2.874679996,-16.4654472
14.136,-2.874679996,-13.99563012
14.1365,-2.877747958,-16.49822797
14.137,-2.877747958,-14.02349377
14.1375,-2.88081592,-16.52191207
14.138,-2.88081592,-14.04362526
14.1385,-2.883883881,-16.53902383
14.139,-2.883883881,-14.05817026
14.1395,-2.886951843,-16.55138708
14.14,-2.886951843,-14.06867902
14.1405,-2.890019804,-16.56031953
14.141,-2.890019804,-14.0762716
14.1415,-2.893087766,-16.56677323
14.142,-2.893087766,-14.08175724
14.1425,-2.896155728,-16.57143602
14.143,-2.896155728,-14.08572062
14.1435,-2.899223689,-16.57480489
14.144,-2.899223689,-14.08858415
14.1445,-2.902291651,-16.57723889
14.145,-2.902291651,-14.09065306
14.1455,-2.902291651,-11.9770551
14.146,-2.905359612,-14.7824392
14.1465,-2.905359612,-12.56507332
14.147,-2.908427574,-15.28225469
14.1475,-2.908427574,-12.98991648
14.148,-2.911495535,-15.64337137
14.1485,-2.911495535,-13.29686567
14.149,-2.911495535,-11.30233582
14.1495,-2.914563497,-14.20892781
14.15,-2.914563497,-12.07758864
14.1505,-2.917631459,-14.86789271
14.151,-2.917631459,-12.6377088
14.1515,-2.92069942,-15.34399484
14.152,-2.92069942,-13.04239562
14.1525,-2.92069942,-11.08603627
14.153,-2.923767382,-14.0250732
14.1535,-2.923767382,-11.92131222
14.154,-2.926835343,-14.73505775
14.1545,-2.926835343,-12.52479909
14.155,-2.929903305,-15.24802159
14.1555,-2.929903305,-12.96081835
14.156,-2.929903305,-11.0166956
14.1565,-2.932971266,-13.96613362
14.157,-2.932971266,-11.87121358
14.1575,-2.936039228,-14.6924739
14.158,-2.936039228,-12.48860282
14.1585,-2.936039228,-10.6153124
14.159,-2.93910719,-13.6249579
14.1595,-2.93910719,-11.58121422
14.16,-2.93910719,-9.844032083
14.1605,-2.942175151,-12.96936963
14.161,-2.942175151,-11.02396419
14.1615,-2.942175151,-9.370369561
14.162,-2.945243113,-12.56675649
14.1625,-2.945243113,-10.68174302
14.163,-2.945243113,-9.079481564
14.1635,-2.945243113,-7.71755933
14.164,-2.948311074,-11.16186779
14.1645,-2.948311074,-9.487587625
14.165,-2.948311074,-8.064449481
14.1655,-2.948311074,-6.854782059
14.166,-2.951379036,-10.42850711
14.1665,-2.951379036,-8.864231047
14.167,-2.951379036,-7.53459639
14.1675,-2.951379036,-6.404406931
14.168,-2.954446997,-10.04568826
14.1685,-2.954446997,-8.538835017
14.169,-2.954446997,-7.258009764
14.1695,-2.954446997,-6.1693083
14.17,-2.957514959,-9.845854418
14.1705,-2.957514959,-8.368976256
14.171,-2.957514959,-7.113629817
14.1715,-2.957514959,-6.046585345
14.172,-2.957514959,-5.139597543
14.1725,-2.960582921,-8.970600275
14.173,-2.960582921,-7.625010234
14.1735,-2.960582921,-6.481258699
14.174,-2.960582921,-5.509069894
14.1745,-2.960582921,-4.68270941
14.175,-2.963650882,-8.582245362
14.1755,-2.963650882,-7.294908558
14.176,-2.963650882,-6.200672274
14.1765,-2.963650882,-5.270571433
14.177,-2.963650882,-4.479985718
14.1775,-2.963650882,-3.80798786
14.178,-2.966718844,-7.838732045
14.1785,-2.966718844,-6.662922238
14.179,-2.966718844,-5.663483902
14.1795,-2.966718844,-4.813961317
14.18,-2.966718844,-4.09186712
14.1805,-2.966718844,-3.478087052
14.181,-2.966718844,-2.956373994
14.1815,-2.969786805,-7.114860258
14.182,-2.969786805,-6.04763122
14.1825,-2.969786805,-5.140486537
14.183,-2.969786805,-4.369413556
14.1835,-2.969786805,-3.714001523
14.184,-2.969786805,-3.156901294
14.1845,-2.969786805,-2.6833661
14.185,-2.969786805,-2.280861185
14.1855,-2.972854767,-6.540674371
14.186,-2.972854767,-5.559573215
14.1865,-2.972854767,-4.725637233
14.187,-2.972854767,-4.016791648
14.1875,-2.972854767,-3.414272901
14.188,-2.972854767,-2.902131966
14.1885,-2.972854767,-2.466812171
14.189,-2.972854767,-2.096790345
14.1895,-2.975922728,-6.384214157
14.19,-2.975922728,-5.426582034
14.1905,-2.975922728,-4.612594729
14.191,-2.975922728,-3.920705519
14.1915,-2.975922728,-3.332599691
14.192,-2.975922728,-2.832709738
14.1925,-2.975922728,-2.407803277
14.193,-2.975922728,-2.046632785
14.1935,-2.975922728,-1.739637868
14.194,-2.97899069,-6.080634551
14.1945,-2.97899069,-5.168539368
14.195,-2.97899069,-4.393258463
14.1955,-2.97899069,-3.734269694
14.196,-2.97899069,-3.17412924
14.1965,-2.97899069,-2.698009854
14.197,-2.97899069,-2.293308376
14.1975,-2.97899069,-1.949312119
14.198,-2.97899069,-1.656915301
14.1985,-2.97899069,-1.408378006
14.199,-2.982058652,-5.799063669
14.1995,-2.982058652,-4.929204119
14.2,-2.982058652,-4.189823501
14.2005,-2.982058652,-3.561349976
14.201,-2.982058652,-3.027147479
14.2015,-2.982058652,-2.573075357
14.202,-2.982058652,-2.187114054
14.2025,-2.982058652,-1.859046946
14.203,-2.982058652,-1.580189904
14.2035,-2.985126613,-5.945103782
14.204,-2.985126613,-5.053338215
14.2045,-2.985126613,-4.295337482
14.205,-2.985126613,-3.65103686
14.2055,-2.985126613,-3.103381331
14.206,-2.985126613,-2.637874131
14.2065,-2.985126613,-2.242193012
14.207,-2.985126613,-1.90586406
14.2075,-2.985126613,-1.619984451
14.208,-2.988194575,-5.978929147
14.2085,-2.988194575,-5.082089775
14.209,-2.988194575,-4.319776309
14.2095,-2.988194575,-3.671809862
14.21,-2.988194575,-3.121038383
14.2105,-2.988194575,-2.652882626
14.211,-2.988194575,-2.254950232
14.2115,-2.988194575,-1.916707697
14.212,-2.991262536,-6.231143906
14.2125,-2.991262536,-5.29647232
14.213,-2.991262536,-4.502001472
14.2135,-2.991262536,-3.826701251
14.214,-2.991262536,-3.252696064
14.2145,-2.991262536,-2.764791654
14.215,-2.994330498,-6.95201527
14.2155,-2.994330498,-5.909212979
14.216,-2.994330498,-5.022831032
14.2165,-2.994330498,-4.269406377
14.217,-2.994330498,-3.628995421
14.2175,-2.994330498,-3.084646108
14.218,-2.994330498,-2.621949192
14.2185,-2.99739846,-6.830599176
14.219,-2.99739846,-5.8060093
14.2195,-2.99739846,-4.935107905
14.22,-2.99739846,-4.194841719
14.2205,-2.99739846,-3.565615461
14.221,-2.99739846,-3.030773142
14.2215,-3.000466421,-7.178099534
14.222,-3.000466421,-6.101384604
14.2225,-3.000466421,-5.186176914
14.223,-3.000466421,-4.408250377
14.2235,-3.000466421,-3.74701282
14.224,-3.000466421,-3.184960897
14.2245,-3.003534383,-7.309159126
14.225,-3.003534383,-6.212785257
14.2255,-3.003534383,-5.280867469
14.226,-3.003534383,-4.488737348
14.2265,-3.003534383,-3.815426746
14.227,-3.003534383,-3.243112734
14.2275,-3.006602344,-7.358588188
14.228,-3.006602344,-6.25479996
14.2285,-3.006602344,-5.316579966
14.229,-3.006602344,-4.519092971
14.2295,-3.006602344,-3.841229025
14.23,-3.009670306,-7.866987035
14.2305,-3.009670306,-6.68693898
14.231,-3.009670306,-5.683898133
14.2315,-3.012738267,-9.433255777
14.232,-3.012738267,-8.01826741
14.2325,-3.012738267,-6.815527299
14.233,-3.012738267,-5.793198204
14.2335,-3.012738267,-4.924218473
14.234,-3.015806229,-8.787528066
14.2345,-3.015806229,-7.469398856
14.235,-3.015806229,-6.348989028
14.2355,-3.015806229,-5.396640673
14.236,-3.018874191,-9.189086936
14.2365,-3.018874191,-7.810723896
14.237,-3.018874191,-6.639115311
14.2375,-3.018874191,-5.643248015
14.238,-3.021942152,-9.398703176
14.2385,-3.021942152,-7.9888977
14.239,-3.021942152,-6.790563045
14.2395,-3.021942152,-5.771978588
14.24,-3.025010114,-9.508124163
14.2405,-3.025010114,-8.081905539
14.241,-3.025010114,-6.869619708
14.2415,-3.028078075,-10.44111912
14.242,-3.028078075,-8.874951248
14.2425,-3.028078075,-7.543708561
14.243,-3.028078075,-6.412152277
14.2435,-3.031146037,-10.0522718
14.244,-3.031146037,-8.544431029
14.2445,-3.031146037,-7.262766375
14.245,-3.034213998,-10.77529378
14.2455,-3.034213998,-9.158999715
14.246,-3.034213998,-7.785149758
14.2465,-3.034213998,-6.617377294
14.247,-3.03728196,-10.22671306
14.2475,-3.03728196,-8.692706104
14.248,-3.040349922,-11.99074255
14.2485,-3.040349922,-10.19213117
14.249,-3.040349922,-8.663311494
14.2495,-3.043417883,-11.96575713
14.25,-3.043417883,-10.17089356
14.2505,-3.043417883,-8.645259529
14.251,-3.046485845,-11.95041296
14.2515,-3.049553806,-14.75979338
14.252,-3.049553806,-12.54582438
14.2525,-3.049553806,-10.66395072
14.253,-3.052621768,-13.66630047
14.2535,-3.055689729,-16.21829777
14.254,-3.055689729,-13.7855531
14.2545,-3.058757691,-16.3196625
14.255,-3.058757691,-13.87171313
14.2555,-3.061825653,-16.39289852
14.256,-3.061825653,-13.93396374
14.2565,-3.064893614,-16.44581154
14.257,-3.064893614,-13.97893981
14.2575,-3.067961576,-16.4840412
14.258,-3.067961576,-14.01143502
14.2585,-3.071029537,-16.51166213
14.259,-3.071029537,-14.03491281
14.2595,-3.071029537,-11.92967589
14.26,-3.074097499,-14.74216687
14.2605,-3.074097499,-12.53084184
14.261,-3.07716546,-15.25315793
14.2615,-3.07716546,-12.96518424
14.262,-3.080233422,-15.62234897
14.2625,-3.080233422,-13.27899662
14.263,-3.083301384,-15.88908949
14.2635,-3.083301384,-13.50572607
14.264,-3.083301384,-11.47986716
14.2645,-3.086369345,-14.35982945
14.265,-3.086369345,-12.20585503
14.2655,-3.089437307,-14.97691914
14.266,-3.089437307,-12.73038127
14.2665,-3.092505268,-15.42276644
14.267,-3.092505268,-13.10935148
14.2675,-3.09557323,-15.74489112
14.268,-3.09557323,-13.38315745
14.2685,-3.098641192,-15.9776262
14.269,-3.098641192,-13.58098227
14.2695,-3.101709153,-16.14577729
14.27,-3.101709153,-13.7239107
14.2705,-3.101709153,-11.66532409
14.271,-3.104777115,-14.51746784
14.2715,-3.104777115,-12.33984767
14.272,-3.107845076,-15.09081288
14.2725,-3.107845076,-12.82719095
14.273,-3.110913038,-15.50505467
14.2735,-3.110913038,-13.17929647
14.274,-3.113980999,-15.80434436
14.2745,-3.113980999,-13.43369271
14.275,-3.117048961,-16.02058117
14.2755,-3.120116923,-18.21943635
14.276,-3.120116923,-15.4865209
14.2765,-3.123184884,-17.76548513
14.277,-3.123184884,-15.10066236
14.2775,-3.126252846,-17.43750537
14.278,-3.126252846,-14.82187956
14.2785,-3.129320807,-17.20053999
14.279,-3.129320807,-14.62045899
14.2795,-3.132388769,-17.02933251
14.28,-3.132388769,-14.47493263
14.2805,-3.13545673,-16.9056351
14.281,-3.138524692,-18.9717322
14.2815,-3.138524692,-16.12597237
14.282,-3.141592654,-18.30901888
14.2825,-3.141592654,-15.56266605
14.283,-3.144660615,-17.8302085
14.2835,-3.144660615,-15.15567723
14.284,-3.147728577,-17.48426801
14.2845,-3.150796538,-19.46357017
14.285,-3.150796538,-16.54403464
14.2855,-3.1538645,-18.66437181
14.286,-3.1538645,-15.86471604
14.2865,-3.156932461,-18.086951
14.287,-3.160000423,-19.97585071
14.2875,-3.160000423,-16.9794731
14.288,-3.163068385,-19.0344945
14.2885,-3.163068385,-16.17932033
14.289,-3.166136346,-18.35436464
14.2895,-3.169204308,-20.20315231
14.29,-3.169204308,-17.17267946
14.2905,-3.172272269,-19.19871991
14.291,-3.172272269,-16.31891192
14.2915,-3.175340231,-18.4730175
14.292,-3.175340231,-15.70206487
14.2925,-3.178408192,-17.9486975
14.293,-3.181476154,-19.85833524
14.2935,-3.181476154,-16.87958496
14.294,-3.184544116,-18.94958958
14.2945,-3.184544116,-16.10715114
14.295,-3.187612077,-18.29302083
14.2955,-3.187612077,-15.54906771
14.296,-3.190680039,-17.81864992
14.2965,-3.193748,-19.74779479
14.297,-3.193748,-16.78562557
14.2975,-3.196815962,-18.8697241
14.298,-3.196815962,-16.03926549
14.2985,-3.199883924,-18.23531803
14.299,-3.199883924,-15.50002032
14.2995,-3.202951885,-17.77695964
14.3,-3.202951885,-15.11041569
14.3005,-3.206019847,-17.4457957
14.301,-3.206019847,-14.82892635
14.3015,-3.209087808,-17.20652976
14.302,-3.209087808,-14.62555029
14.3025,-3.21215577,-17.03366011
14.303,-3.21215577,-14.4786111
14.3035,-3.215223731,-16.9087618
14.304,-3.215223731,-14.37244753
14.3045,-3.218291693,-16.81852276
14.305,-3.218291693,-14.29574435
14.3055,-3.221359655,-16.75332506
14.306,-3.221359655,-14.2403263
14.3065,-3.221359655,-12.10427735
14.307,-3.224427616,-14.89057812
14.3075,-3.224427616,-12.6569914
14.308,-3.227495578,-15.36038505
14.3085,-3.227495578,-13.05632729
14.309,-3.227495578,-11.0978782
14.3095,-3.230563539,-14.03513883
14.31,-3.230563539,-11.92986801
14.3105,-3.233631501,-14.74233017
14.311,-3.233631501,-12.53098065
14.3115,-3.233631501,-10.65133355
14.312,-3.236699462,-13.65557588
14.3125,-3.236699462,-11.6072395
14.313,-3.236699462,-9.866153573
14.3135,-3.239767424,-12.9881729
14.314,-3.239767424,-11.03994697
14.3145,-3.239767424,-9.383954921
14.315,-3.242835386,-12.57830405
14.3155,-3.242835386,-10.69155844
14.316,-3.242835386,-9.087824674
14.3165,-3.245903347,-12.32659334
14.317,-3.245903347,-10.47760434
14.3175,-3.245903347,-8.905963685
14.318,-3.248971309,-12.1720115
14.3185,-3.248971309,-10.34620977
14.319,-3.248971309,-8.794278306
14.3195,-3.248971309,-7.47513656
14.32,-3.25203927,-10.95580844
14.3205,-3.25203927,-9.312437174
14.321,-3.25203927,-7.915571598
14.3215,-3.255107232,-11.33017822
14.322,-3.255107232,-9.630651488
14.3225,-3.255107232,-8.186053765
14.323,-3.255107232,-6.9581457
14.3235,-3.258175193,-10.51636621
14.324,-3.258175193,-8.938911278
14.3245,-3.258175193,-7.598074586
14.325,-3.261243155,-11.06030576
14.3255,-3.261243155,-9.401259898
14.326,-3.261243155,-7.991070913
14.3265,-3.261243155,-6.792410276
14.327,-3.264311117,-10.3754911
14.3275,-3.264311117,-8.819167433
14.328,-3.264311117,-7.496292318
14.3285,-3.264311117,-6.371848471
14.329,-3.267379078,-10.01801356
14.3295,-3.267379078,-8.515311529
14.33,-3.267379078,-7.2380148
14.3305,-3.267379078,-6.15231258
14.331,-3.27044704,-9.831408057
14.3315,-3.27044704,-8.356696848
14.332,-3.27044704,-7.103192321
14.3325,-3.27044704,-6.037713473
14.333,-3.273515001,-9.733998815
14.3335,-3.273515001,-8.273898993
14.334,-3.273515001,-7.032814144
14.3345,-3.273515001,-5.977892023
14.335,-3.276582963,-9.683150583
14.3355,-3.276582963,-8.230677995
14.336,-3.276582963,-6.996076296
14.3365,-3.276582963,-5.946664852
14.337,-3.276582963,-5.054665124
14.3375,-3.279650924,-8.898407719
14.338,-3.279650924,-7.563646561
14.3385,-3.279650924,-6.429099577
14.339,-3.279650924,-5.46473464
14.3395,-3.282718886,-9.246966808
14.34,-3.282718886,-7.859921787
14.3405,-3.282718886,-6.680933519
14.341,-3.282718886,-5.678793491
14.3415,-3.282718886,-4.826974467
14.342,-3.285786848,-8.704870661
14.3425,-3.285786848,-7.399140062
14.343,-3.285786848,-6.289269052
14.3435,-3.285786848,-5.345878695
14.344,-3.285786848,-4.54399689
14.3445,-3.288854809,-8.464339721
14.345,-3.288854809,-7.194688762
14.3455,-3.288854809,-6.115485448
14.346,-3.288854809,-5.198162631
14.3465,-3.288854809,-4.418438236
14.347,-3.291922771,-8.357614864
14.3475,-3.291922771,-7.103972635
14.348,-3.291922771,-6.03837674
14.3485,-3.291922771,-5.132620229
14.349,-3.294990732,-8.964669558
14.3495,-3.294990732,-7.619969124
14.35,-3.294990732,-6.476973756
14.3505,-3.294990732,-5.505427692
14.351,-3.298058694,-9.281555902
14.3515,-3.298058694,-7.889322517
14.352,-3.298058694,-6.705924139
14.3525,-3.298058694,-5.700035518
14.353,-3.298058694,-4.845030191
14.3535,-3.301126656,-8.720218026
14.354,-3.301126656,-7.412185322
14.3545,-3.301126656,-6.300357524
14.355,-3.301126656,-5.355303895
14.3555,-3.304194617,-9.153950674
14.356,-3.304194617,-7.780858073
14.3565,-3.304194617,-6.613729362
14.357,-3.304194617,-5.621669958
14.3575,-3.307262579,-9.380361828
14.358,-3.307262579,-7.973307554
14.3585,-3.307262579,-6.777311421
14.359,-3.307262579,-5.760714708
14.3595,-3.31033054,-9.498549865
14.36,-3.31033054,-8.073767385
14.3605,-3.31033054,-6.862702278
14.361,-3.31033054,-5.833296936
14.3615,-3.313398502,-9.560244759
14.362,-3.313398502,-8.126208045
14.3625,-3.313398502,-6.907276838
14.363,-3.316466463,-10.47312768
14.3635,-3.316466463,-8.902158525
14.364,-3.316466463,-7.566834746
14.3645,-3.316466463,-6.431809534
14.365,-3.319534425,-10.06898047
14.3655,-3.319534425,-8.558633398
14.366,-3.319534425,-7.274838388
14.3665,-3.319534425,-6.18361263
14.367,-3.322602387,-9.858013099
14.3675,-3.322602387,-8.379311134
14.368,-3.322602387,-7.122414464
14.3685,-3.322602387,-6.054052294
14.369,-3.325670348,-9.747886814
14.3695,-3.325670348,-8.285703792
14.37,-3.325670348,-7.042848223
14.3705,-3.32873831,-10.58836335
14.371,-3.32873831,-9.00010885
14.3715,-3.32873831,-7.650092523
14.372,-3.32873831,-6.502578644
14.3725,-3.331806271,-10.12913421
14.373,-3.331806271,-8.60976408
14.3735,-3.331806271,-7.318299468
14.374,-3.334874233,-10.82249691
14.3745,-3.334874233,-9.199122375
14.375,-3.334874233,-7.819254018
14.3755,-3.334874233,-6.646365916
14.376,-3.337942194,-10.25135339
14.3765,-3.337942194,-8.713650383
14.377,-3.337942194,-7.406602826
14.3775,-3.341010156,-10.89755477
14.378,-3.341010156,-9.262921551
14.3785,-3.341010156,-7.873483318
14.379,-3.341010156,-6.69246082
14.3795,-3.344078118,-10.29053406
14.38,-3.344078118,-8.746953952
14.3805,-3.344078118,-7.434910859
14.381,-3.344078118,-6.31967423
14.3815,-3.347146079,-9.973665459
14.382,-3.347146079,-8.47761564
14.3825,-3.347146079,-7.205973294
14.383,-3.347146079,-6.1250773
14.3835,-3.350214041,-9.808258069
14.384,-3.350214041,-8.337019359
14.3845,-3.350214041,-7.086466455
14.385,-3.353282002,-10.62543885
14.3855,-3.353282002,-9.031623023
14.386,-3.353282002,-7.676879569
14.3865,-3.353282002,-6.525347634
14.387,-3.356349964,-10.14848785
14.3875,-3.356349964,-8.626214675
14.388,-3.356349964,-7.332282473
14.3885,-3.356349964,-6.232440102
14.389,-3.359417925,-9.899516451
14.3895,-3.359417925,-8.414588983
14.39,-3.359417925,-7.152400636
14.3905,-3.362485887,-10.6814829
14.391,-3.362485887,-9.079260468
14.3915,-3.362485887,-7.717371398
14.392,-3.362485887,-6.559765688
14.3925,-3.365553849,-10.1777432
14.393,-3.365553849,-8.651081719
14.3935,-3.365553849,-7.353419461
14.394,-3.365553849,-6.250406542
14.3945,-3.36862181,-9.914787924
14.395,-3.36862181,-8.427569736
14.3955,-3.36862181,-7.163434275
14.396,-3.36862181,-6.088919134
14.3965,-3.371689772,-9.777523628
14.397,-3.371689772,-8.310895083
14.3975,-3.371689772,-7.064260821
14.398,-3.371689772,-6.004621698
14.3985,-3.374757733,-9.705870807
14.399,-3.374757733,-8.249990186
14.3995,-3.374757733,-7.012491658
14.4,-3.374757733,-5.960617909
14.4005,-3.377825695,-9.668467586
14.401,-3.377825695,-8.218197449
14.4015,-3.377825695,-6.985467831
14.402,-3.380893656,-10.53959002
14.4025,-3.380893656,-8.958651517
14.403,-3.380893656,-7.61485379
14.4035,-3.380893656,-6.472625721
14.404,-3.380893656,-5.501731863
14.4045,-3.383961618,-9.278414447
14.405,-3.383961618,-7.88665228
14.4055,-3.383961618,-6.703654438
14.406,-3.383961618,-5.698106272
14.4065,-3.38702958,-9.445332695
14.407,-3.38702958,-8.028532791
14.4075,-3.38702958,-6.824252872
14.408,-3.38702958,-5.800614941
14.4085,-3.38702958,-4.9305227
14.409,-3.390097541,-8.792886659
14.4095,-3.390097541,-7.47395366
14.41,-3.390097541,-6.352860611
14.4105,-3.390097541,-5.399931519
14.411,-3.390097541,-4.589941791
14.4115,-3.393165503,-8.503392886
14.412,-3.393165503,-7.227883953
14.4125,-3.393165503,-6.14370136
14.413,-3.393165503,-5.222146156
14.4135,-3.393165503,-4.438824233
14.414,-3.393165503,-3.773000598
14.4145,-3.396233464,-7.808992872
14.415,-3.396233464,-6.637643941
14.4155,-3.396233464,-5.64199735
14.416,-3.396233464,-4.795697747
14.4165,-3.396233464,-4.076343085
14.417,-3.396233464,-3.464891623
14.4175,-3.396233464,-2.945157879
14.418,-3.396233464,-2.503384197
14.4185,-3.399301426,-6.729818931
14.419,-3.399301426,-5.720346092
14.4195,-3.399301426,-4.862294178
14.42,-3.399301426,-4.132950051
14.4205,-3.399301426,-3.513007544
14.421,-3.399301426,-2.986056412
14.4215,-3.399301426,-2.53814795
14.422,-3.399301426,-2.157425758
14.4225,-3.399301426,-1.833811894
14.423,-3.402369388,-6.160682474
14.4235,-3.402369388,-5.236580103
14.424,-3.402369388,-4.451093087
14.4245,-3.402369388,-3.783429124
14.425,-3.402369388,-3.215914755
14.4255,-3.402369388,-2.733527542
14.426,-3.402369388,-2.323498411
14.4265,-3.402369388,-1.974973649
14.427,-3.402369388,-1.678727602
14.4275,-3.402369388,-1.426918462
14.428,-3.402369388,-1.212880692
14.4285,-3.405437349,-5.632890952
14.429,-3.405437349,-4.787957309
14.4295,-3.405437349,-4.069763713
14.43,-3.405437349,-3.459299156
14.4305,-3.405437349,-2.940404283
14.431,-3.405437349,-2.49934364
14.4315,-3.405437349,-2.124442094
14.432,-3.405437349,-1.80577578
14.4325,-3.405437349,-1.534909413
14.433,-3.405437349,-1.304673001
14.4335,-3.405437349,-1.108972051
14.434,-3.405437349,-0.942626243
14.4345,-3.405437349,-0.801232307
14.435,-3.405437349,-0.681047461
14.4355,-3.405437349,-0.578890342
14.436,-3.405437349,-0.49205679
14.4365,-3.405437349,-0.418248272
14.437,-3.405437349,-0.355511031
14.4375,-3.408505311,-4.90412674
14.438,-3.408505311,-4.168507729
14.4385,-3.408505311,-3.54323157
14.439,-3.408505311,-3.011746834
14.4395,-3.408505311,-2.559984809
14.44,-3.408505311,-2.175987088
14.4405,-3.408505311,-1.849589025
14.441,-3.408505311,-1.572150671
14.4415,-3.408505311,-1.33632807
14.442,-3.408505311,-1.13587886
14.4425,-3.408505311,-0.965497031
14.443,-3.408505311,-0.820672476
14.4435,-3.408505311,-0.697571605
14.444,-3.408505311,-0.592935864
14.4445,-3.408505311,-0.503995484
14.445,-3.408505311,-0.428396162
14.4455,-3.408505311,-0.364136737
14.446,-3.408505311,-0.309516227
14.4465,-3.408505311,-0.263088793
14.447,-3.408505311,-0.223625474
14.4475,-3.408505311,-0.190081653
14.448,-3.408505311,-0.161569405
14.4485,-3.408505311,-0.137333994
14.449,-3.408505311,-0.116733895
14.4495,-3.408505311,-0.099223811
14.45,-3.408505311,-0.084340239
14.4505,-3.408505311,-0.071689203
14.451,-3.408505311,-0.060935823
14.4515,-3.408505311,-0.051795449
14.452,-3.408505311,-0.044026132
14.4525,-3.408505311,-0.037422212
14.453,-3.408505311,-0.03180888
14.4535,-3.408505311,-0.027037548
14.454,-3.411573272,-4.62492428
14.4545,-3.411573272,-3.931185638
14.455,-3.411573272,-3.341507792
14.4555,-3.411573272,-2.840281623
14.456,-3.411573272,-2.41423938
14.4565,-3.411573272,-2.052103473
14.457,-3.411573272,-1.744287952
14.4575,-3.411573272,-1.482644759
14.458,-3.411573272,-1.260248045
14.4585,-3.411573272,-1.071210838
14.459,-3.411573272,-0.910529213
14.4595,-3.411573272,-0.773949831
14.46,-3.411573272,-0.657857356
14.4605,-3.411573272,-0.559178753
14.461,-3.411573272,-0.47530194
14.4615,-3.411573272,-0.404006649
14.462,-3.411573272,-0.343405652
14.4625,-3.411573272,-0.291894804
14.463,-3.411573272,-0.248110583
14.4635,-3.411573272,-0.210893996
14.464,-3.411573272,-0.179259896
14.4645,-3.411573272,-0.152370912
14.465,-3.411573272,-0.129515275
14.4655,-3.411573272,-0.110087984
14.466,-3.411573272,-0.093574786
14.4665,-3.411573272,-0.079538568
14.467,-3.411573272,-0.067607783
14.4675,-3.411573272,-0.057466616
14.468,-3.411573272,-0.048846623
14.4685,-3.411573272,-0.04151963
14.469,-3.411573272,-0.035291685
14.4695,-3.411573272,-0.029997933
14.47,-3.411573272,-0.025498243
14.4705,-3.411573272,-0.021673506
14.471,-3.411573272,-0.01842248
14.4715,-3.414641234,-4.617601472
14.472,-3.414641234,-3.924961251
14.4725,-3.414641234,-3.336217063
14.473,-3.414641234,-2.835784504
14.4735,-3.414641234,-2.410416828
14.474,-3.414641234,-2.048854304
14.4745,-3.414641234,-1.741526158
14.475,-3.414641234,-1.480297235
14.4755,-3.414641234,-1.25825265
14.476,-3.414641234,-1.069514752
14.4765,-3.414641234,-0.909087539
14.477,-3.414641234,-0.772724408
14.4775,-3.414641234,-0.656815747
14.478,-3.414641234,-0.558293385
14.4785,-3.414641234,-0.474549377
14.479,-3.414641234,-0.403366971
14.4795,-3.414641234,-0.342861925
14.48,-3.414641234,-0.291432636
14.4805,-3.414641234,-0.247717741
14.481,-3.414641234,-0.21056008
14.4815,-3.414641234,-0.178976068
14.482,-3.414641234,-0.152129658
14.4825,-3.414641234,-0.129310209
14.483,-3.414641234,-0.109913678
14.4835,-3.414641234,-0.093426626
14.484,-3.414641234,-0.079412632
14.4845,-3.414641234,-0.067500737
14.485,-3.414641234,-0.057375627
14.4855,-3.414641234,-0.048769283
14.486,-3.414641234,-0.04145389
14.4865,-3.414641234,-0.035235807
14.487,-3.414641234,-0.029950436
14.4875,-3.414641234,-0.02545787
14.488,-3.414641234,-0.02163919
14.4885,-3.414641234,-0.018393311
14.489,-3.414641234,-0.015634315
14.4895,-3.414641234,-0.013289167
14.49,-3.414641234,-0.011295792
14.4905,-3.414641234,-0.009601423
14.491,-3.414641234,-0.00816121
14.4915,-3.414641234,-0.006937028
14.492,-3.414641234,-0.005896474
14.4925,-3.414641234,-0.005012003
14.493,-3.414641234,-0.004260203
14.4935,-3.417709195,-4.605563536
14.494,-3.417709195,-3.914729005
14.4945,-3.417709195,-3.327519655
14.495,-3.417709195,-2.828391706
14.4955,-3.417709195,-2.40413295
14.496,-3.417709195,-2.043513008
14.4965,-3.417709195,-1.736986057
14.497,-3.417709195,-1.476438148
14.4975,-3.417709195,-1.254972426
14.498,-3.417709195,-1.066726562
14.4985,-3.417709195,-0.906717578
14.499,-3.417709195,-0.770709941
14.4995,-3.417709195,-0.65510345
14.5,-3.417709195,-0.556837932
14.5005,-3.417709195,-0.473312243
14.501,-3.417709195,-0.402315406
14.5015,-3.417709195,-0.341968095
14.502,-3.417709195,-0.290672881
14.5025,-3.417709195,-0.247071949
14.503,-3.417709195,-0.210011157
14.5035,-3.417709195,-0.178509483
14.504,-3.417709195,-0.151733061
14.5045,-3.417709195,-0.128973101
14.505,-3.417709195,-0.109627136
14.5055,-3.417709195,-0.093183066
14.506,-3.417709195,-0.079205606
14.5065,-3.417709195,-0.067324765
14.507,-3.417709195,-0.05722605
14.5075,-3.417709195,-0.048642143
14.508,-3.417709195,-0.041345821
14.5085,-3.417709195,-0.035143948
14.509,-3.417709195,-0.029872356
14.5095,-3.417709195,-0.025391503
14.51,-3.417709195,-0.021582777
14.5105,-3.417709195,-0.018345361
14.511,-3.417709195,-0.015593556
14.5115,-3.417709195,-0.013254523
14.512,-3.417709195,-0.011266345
14.5125,-3.417709195,-0.009576393
14.513,-3.417709195,-0.008139934
14.5135,-3.417709195,-0.006918944
14.514,-3.417709195,-0.005881102
14.5145,-3.417709195,-0.004998937
14.515,-3.417709195,-0.004249096
14.5155,-3.417709195,-0.003611732
14.516,-3.417709195,-0.003069972
14.5165,-3.417709195,-0.002609476
14.517,-3.417709195,-0.002218055
14.5175,-3.417709195,-0.001885347
14.518,-3.417709195,-0.001602545
14.5185,-3.417709195,-0.001362163
14.519,-3.417709195,-0.001157839
14.5195,-3.417709195,-0.000984163
14.52,-3.417709195,-0.000836538
14.5205,-3.417709195,-0.000711058
14.521,-3.417709195,-0.000604399
14.5215,-3.417709195,-0.000513739
14.522,-3.417709195,-0.000436678
14.5225,-3.417709195,-0.000371176
14.523,-3.417709195,-0.0003155
14.5235,-3.417709195,-0.000268175
14.524,-3.417709195,-0.000227949
14.5245,-3.417709195,-0.000193756
14.525,-3.417709195,-0.000164693
14.5255,-3.417709195,-0.000139989
14.526,-3.417709195,-0.000118991
14.5265,-3.417709195,-0.000101142
14.527,-3.417709195,-8.59708E-05
14.5275,-3.417709195,-7.30752E-05
14.528,-3.417709195,-6.21139E-05
14.5285,-3.417709195,-5.27968E-05
14.529,-3.417709195,-4.48773E-05
14.5295,-3.417709195,-3.81457E-05
14.53,-3.417709195,-3.24238E-05
14.5305,-3.417709195,-2.75603E-05
14.531,-3.417709195,-2.34262E-05
14.5315,-3.417709195,-1.99123E-05
14.532,-3.417709195,-1.69254E-05
14.5325,-3.417709195,-1.43866E-05
14.533,-3.417709195,-1.22286E-05
14.5335,-3.417709195,-1.03943E-05
14.534,-3.417709195,-8.83519E-06
14.5345,-3.417709195,-7.50991E-06
14.535,-3.417709195,-6.38342E-06
14.5355,-3.417709195,-5.42591E-06
14.536,-3.417709195,-4.61202E-06
14.5365,-3.417709195,-3.92022E-06
14.537,-3.417709195,-3.33219E-06
14.5375,-3.417709195,-2.83236E-06
14.538,-3.417709195,-2.4075E-06
14.5385,-3.417709195,-2.04638E-06
14.539,-3.417709195,-1.73942E-06
14.5395,-3.417709195,-1.47851E-06
14.54,-3.417709195,-1.25673E-06
14.5405,-3.417709195,-1.06822E-06
14.541,-3.417709195,-9.07989E-07
14.5415,-3.417709195,-7.71791E-07
14.542,-3.417709195,-6.56022E-07
14.5425,-3.417709195,-5.57619E-07
14.543,-3.417709195,-4.73976E-07
14.5435,-3.417709195,-4.0288E-07
14.544,-3.417709195,-3.42448E-07
14.5445,-3.417709195,-2.91081E-07
14.545,-3.417709195,-2.47418E-07
14.5455,-3.417709195,-2.10306E-07
14.546,-3.417709195,-1.7876E-07
14.5465,-3.417709195,-1.51946E-07
14.547,-3.417709195,-1.29154E-07
14.5475,-3.417709195,-1.09781E-07
14.548,-3.417709195,-9.33138E-08
14.5485,-3.417709195,-7.93167E-08
14.549,-3.417709195,-6.74192E-08
14.5495,-3.417709195,-5.73063E-08
14.55,-3.417709195,-4.87104E-08
14.5505,-3.417709195,-4.14038E-08
14.551,-3.417709195,-3.51932E-08
14.5515,-3.417709195,-2.99143E-08
14.552,-3.417709195,-2.54271E-08
14.5525,-3.417709195,-2.1613E-08
14.553,-3.417709195,-1.83711E-08
14.5535,-3.417709195,-1.56154E-08
14.554,-3.417709195,-1.32731E-08
14.5545,-3.417709195,-1.12821E-08
14.555,-3.417709195,-9.58982E-09
14.5555,-3.417709195,-8.15135E-09
14.556,-3.417709195,-6.92865E-09
14.5565,-3.417709195,-5.88935E-09
14.557,-3.417709195,-5.00595E-09
14.5575,-3.417709195,-4.25506E-09
14.558,-3.417709195,-3.6168E-09
14.5585,-3.414641234,4.601942361
14.559,-3.414641234,3.911651006
14.5595,-3.414641234,3.324903356
14.56,-3.414641234,2.826167852
14.5605,-3.414641234,2.402242674
14.561,-3.414641234,2.041906273
14.5615,-3.414641234,1.735620332
14.562,-3.414641234,1.475277282
14.5625,-3.414641234,1.25398569
14.563,-3.414641234,1.065887837
14.5635,-3.414641234,0.906004661
14.564,-3.414641234,0.770103962
14.5645,-3.414641234,0.654588368
14.565,-3.414641234,0.556400112
14.5655,-3.414641234,0.472940096
14.566,-3.414641234,0.401999081
14.5665,-3.414641234,0.341699219
14.567,-3.414641234,0.290444336
14.5675,-3.414641234,0.246877686
14.568,-3.414641234,0.209846033
14.5685,-3.414641234,0.178369128
14.569,-3.414641234,0.151613759
14.5695,-3.414641234,0.128871695
14.57,-3.414641234,0.109540941
14.5705,-3.414641234,0.0931098
14.571,-3.414641234,0.07914333
14.5715,-3.414641234,0.06727183
14.572,-3.414641234,0.057181056
14.5725,-3.414641234,0.048603897
14.573,-3.414641234,0.041313313
14.5735,-3.414641234,0.035116316
14.574,-3.414641234,0.029848868
14.5745,-3.414641234,0.025371538
14.575,-3.414641234,0.021565807
14.5755,-3.414641234,0.018330936
14.576,-3.414641234,0.015581296
14.5765,-3.414641234,0.013244102
14.577,-3.414641234,0.011257486
14.5775,-3.414641234,0.009568863
14.578,-3.414641234,0.008133534
14.5785,-3.414641234,0.006913504
14.579,-3.414641234,0.005876478
14.5795,-3.414641234,0.004995006
14.58,-3.414641234,0.004245755
14.5805,-3.414641234,0.003608892
14.581,-3.414641234,0.003067558
14.5815,-3.414641234,0.002607425
14.582,-3.414641234,0.002216311
14.5825,-3.414641234,0.001883864
14.583,-3.414641234,0.001601285
14.5835,-3.414641234,0.001361092
14.584,-3.414641234,0.001156928
14.5845,-3.414641234,0.000983389
14.585,-3.414641234,0.000835881
14.5855,-3.414641234,0.000710498
14.586,-3.414641234,0.000603924
14.5865,-3.414641234,0.000513335
14.587,-3.414641234,0.000436335
14.5875,-3.414641234,0.000370885
14.588,-3.414641234,0.000315252
14.5885,-3.414641234,0.000267964
14.589,-3.414641234,0.00022777
14.5895,-3.414641234,0.000193604
14.59,-3.414641234,0.000164563
14.5905,-3.414641234,0.000139879
14.591,-3.414641234,0.000118897
14.5915,-3.414641234,0.000101063
14.592,-3.414641234,8.59032E-05
14.5925,-3.414641234,7.30177E-05
14.593,-3.414641234,6.2065E-05
14.5935,-3.414641234,5.27553E-05
14.594,-3.414641234,4.4842E-05
14.5945,-3.414641234,3.81157E-05
14.595,-3.414641234,3.23983E-05
14.5955,-3.414641234,2.75386E-05
14.596,-3.414641234,2.34078E-05
14.5965,-3.414641234,1.98966E-05
14.597,-3.414641234,1.69121E-05
14.5975,-3.414641234,1.43753E-05
14.598,-3.414641234,1.2219E-05
14.5985,-3.414641234,1.03862E-05
14.599,-3.414641234,8.82824E-06
14.5995,-3.414641234,7.504E-06
14.6,-3.414641234,6.3784E-06
14.6005,-3.414641234,5.42164E-06
14.601,-3.414641234,4.6084E-06
14.6015,-3.414641234,3.91714E-06
14.602,-3.414641234,3.32957E-06
14.6025,-3.414641234,2.83013E-06
14.603,-3.414641234,2.40561E-06
14.6035,-3.414641234,2.04477E-06
14.604,-3.414641234,1.73805E-06
14.6045,-3.414641234,1.47735E-06
14.605,-3.414641234,1.25574E-06
14.6055,-3.414641234,1.06738E-06
14.606,-3.414641234,9.07275E-07
14.6065,-3.414641234,7.71184E-07
14.607,-3.414641234,6.55506E-07
14.6075,-3.414641234,5.5718E-07
14.608,-3.414641234,4.73603E-07
14.6085,-3.414641234,4.02563E-07
14.609,-3.414641234,3.42178E-07
14.6095,-3.414641234,2.90852E-07
14.61,-3.414641234,2.47224E-07
14.6105,-3.414641234,2.1014E-07
14.611,-3.414641234,1.78619E-07
14.6115,-3.414641234,1.51826E-07
14.612,-3.414641234,1.29052E-07
14.6125,-3.414641234,1.09695E-07
14.613,-3.414641234,9.32404E-08
14.6135,-3.414641234,7.92543E-08
14.614,-3.414641234,6.73662E-08
14.6145,-3.414641234,5.72613E-08
14.615,-3.414641234,4.86721E-08
14.6155,-3.414641234,4.13713E-08
14.616,-3.414641234,3.51656E-08
14.6165,-3.414641234,2.98907E-08
14.617,-3.414641234,2.54071E-08
14.6175,-3.414641234,2.15961E-08
14.618,-3.414641234,1.83566E-08
14.6185,-3.414641234,1.56031E-08
14.619,-3.414641234,1.32627E-08
14.6195,-3.414641234,1.12733E-08
14.62,-3.414641234,9.58228E-09
14.6205,-3.414641234,8.14494E-09
14.621,-3.414641234,6.9232E-09
14.6215,-3.414641234,5.88472E-09
14.622,-3.414641234,5.00201E-09
14.6225,-3.414641234,4.25171E-09
14.623,-3.414641234,3.61395E-09
14.6235,-3.414641234,3.07186E-09
14.624,-3.414641234,2.61108E-09
14.6245,-3.414641234,2.21942E-09
14.625,-3.414641234,1.88651E-09
14.6255,-3.411573272,4.601942365
14.626,-3.411573272,3.91165101
14.6265,-3.411573272,3.324903359
14.627,-3.411573272,2.826167855
14.6275,-3.411573272,2.402242677
14.628,-3.411573272,2.041906275
14.6285,-3.411573272,1.735620334
14.629,-3.411573272,1.475277284
14.6295,-3.411573272,1.253985691
14.63,-3.411573272,1.065887838
14.6305,-3.411573272,0.906004662
14.631,-3.411573272,0.770103963
14.6315,-3.411573272,0.654588368
14.632,-3.411573272,0.556400113
14.6325,-3.411573272,0.472940096
14.633,-3.411573272,0.401999082
14.6335,-3.411573272,0.341699219
14.634,-3.411573272,0.290444337
14.6345,-3.411573272,0.246877686
14.635,-3.411573272,0.209846033
14.6355,-3.411573272,0.178369128
14.636,-3.411573272,0.151613759
14.6365,-3.411573272,0.128871695
14.637,-3.411573272,0.109540941
14.6375,-3.411573272,0.0931098
14.638,-3.411573272,0.07914333
14.6385,-3.411573272,0.06727183
14.639,-3.411573272,0.057181056
14.6395,-3.411573272,0.048603897
14.64,-3.408505311,4.643255676
14.6405,-3.408505311,3.946767325
14.641,-3.408505311,3.354752226
14.6415,-3.408505311,2.851539392
14.642,-3.408505311,2.423808483
14.6425,-3.408505311,2.060237211
14.643,-3.408505311,1.751201629
14.6435,-3.408505311,1.488521385
14.644,-3.408505311,1.265243177
14.6445,-3.408505311,1.075456701
14.645,-3.408505311,0.914138195
14.6455,-3.408505311,0.777017466
14.646,-3.408505311,0.660464846
14.6465,-3.408505311,0.561395119
14.647,-3.408505311,0.477185851
14.6475,-3.408505311,0.405607974
14.648,-3.408505311,0.344766778
14.6485,-3.408505311,0.293051761
14.649,-3.408505311,0.249093997
14.6495,-3.408505311,0.211729897
14.65,-3.408505311,0.179970413
14.6505,-3.408505311,0.152974851
14.651,-3.408505311,0.130028623
14.6515,-3.408505311,0.11052433
14.652,-3.405437349,4.695888044
14.6525,-3.405437349,3.991504837
14.653,-3.405437349,3.392779112
14.6535,-3.405437349,2.883862245
14.654,-3.405437349,2.451282908
14.6545,-3.405437349,2.083590472
14.655,-3.405437349,1.771051901
14.6555,-3.405437349,1.505394116
14.656,-3.405437349,1.279584999
14.6565,-3.405437349,1.087647249
14.657,-3.405437349,0.924500161
14.6575,-3.405437349,0.785825137
14.658,-3.405437349,0.667951367
14.6585,-3.405437349,0.567758662
14.659,-3.405437349,0.482594862
14.6595,-3.405437349,0.410205633
14.66,-3.405437349,0.348674788
14.6605,-3.405437349,0.29637357
14.661,-3.405437349,0.251917534
14.6615,-3.405437349,0.214129904
14.662,-3.405437349,0.182010419
14.6625,-3.405437349,0.154708856
14.663,-3.405437349,0.131502527
14.6635,-3.405437349,0.111777148
14.664,-3.405437349,0.095010576
14.6645,-3.405437349,0.08075899
14.665,-3.405437349,0.068645141
14.6655,-3.405437349,0.05834837
14.666,-3.405437349,0.049596115
14.6665,-3.405437349,0.042156697
14.667,-3.405437349,0.035833193
14.6675,-3.405437349,0.030458214
14.668,-3.405437349,0.025889482
14.6685,-3.405437349,0.022006059
14.669,-3.405437349,0.018705151
14.6695,-3.405437349,0.015899378
14.67,-3.405437349,0.013514471
14.6705,-3.405437349,0.011487301
14.671,-3.405437349,0.009764206
14.6715,-3.405437349,0.008299575
14.672,-3.405437349,0.007054638
14.6725,-3.405437349,0.005996443
14.673,-3.405437349,0.005096976
14.6735,-3.405437349,0.00433243
14.674,-3.405437349,0.003682565
14.6745,-3.405437349,0.003130181
14.675,-3.405437349,0.002660653
14.6755,-3.405437349,0.002261555
14.676,-3.405437349,0.001922322
14.6765,-3.405437349,0.001633974
14.677,-3.405437349,0.001388878
14.6775,-3.405437349,0.001180546
14.678,-3.405437349,0.001003464
14.6785,-3.405437349,0.000852945
14.679,-3.405437349,0.000725003
14.6795,-3.405437349,0.000616252
14.68,-3.405437349,0.000523815
14.6805,-3.405437349,0.000445242
14.681,-3.405437349,0.000378456
14.6815,-3.405437349,0.000321688
14.682,-3.405437349,0.000273434
14.6825,-3.405437349,0.000232419
14.683,-3.405437349,0.000197556
14.6835,-3.405437349,0.000167923
14.684,-3.405437349,0.000142735
14.6845,-3.405437349,0.000121324
14.685,-3.405437349,0.000103126
14.6855,-3.408505311,-4.601854707
14.686,-3.408505311,-3.911576501
14.6865,-3.408505311,-3.324840026
14.687,-3.408505311,-2.826114022
14.6875,-3.408505311,-2.402196919
14.688,-3.408505311,-2.041867381
14.6885,-3.408505311,-1.735587274
14.689,-3.408505311,-1.475249183
14.6895,-3.408505311,-1.253961805
14.69,-3.408505311,-1.065867534
14.6905,-3.408505311,-0.905987404
14.691,-3.411573272,-5.372031657
14.6915,-3.411573272,-4.566226909
14.692,-3.411573272,-3.881292872
14.6925,-3.411573272,-3.299098942
14.693,-3.411573272,-2.8042341
14.6935,-3.411573272,-2.383598985
14.694,-3.411573272,-2.026059137
14.6945,-3.411573272,-1.722150267
14.695,-3.411573272,-1.463827727
14.6955,-3.414641234,-5.846195931
14.696,-3.414641234,-4.969266542
14.6965,-3.414641234,-4.22387656
14.697,-3.414641234,-3.590295076
14.6975,-3.414641234,-3.051750815
14.698,-3.414641234,-2.593988193
14.6985,-3.414641234,-2.204889964
14.699,-3.414641234,-1.874156469
14.6995,-3.417709195,-6.194975363
14.7,-3.417709195,-5.265729058
14.7005,-3.417709195,-4.475869699
14.701,-3.417709195,-3.804489244
14.7015,-3.417709195,-3.233815858
14.702,-3.417709195,-2.748743479
14.7025,-3.420777157,-6.938374321
14.703,-3.420777157,-5.897618173
14.7035,-3.420777157,-5.012975447
14.704,-3.420777157,-4.26102913
14.7045,-3.420777157,-3.62187476
14.705,-3.420777157,-3.078593546
14.7055,-3.423845119,-7.218746878
14.706,-3.423845119,-6.135934846
14.7065,-3.423845119,-5.215544619
14.707,-3.423845119,-4.433212926
14.7075,-3.423845119,-3.768230987
14.708,-3.42691308,-7.804938703
14.7085,-3.42691308,-6.634197898
14.709,-3.42691308,-5.639068213
14.7095,-3.42691308,-4.793207981
14.71,-3.42691308,-4.074226784
14.7105,-3.429981042,-8.06503513
14.711,-3.429981042,-6.85527986
14.7115,-3.429981042,-5.826987881
14.712,-3.429981042,-4.952939699
14.7125,-3.433049003,-8.811941108
14.713,-3.433049003,-7.490149942
14.7135,-3.433049003,-6.36662745
14.714,-3.433049003,-5.411633333
14.7145,-3.436116965,-9.201830697
14.715,-3.436116965,-7.821556092
14.7155,-3.436116965,-6.648322678
14.716,-3.436116965,-5.651074277
14.7165,-3.436116965,-4.803413135
14.717,-3.439184926,-8.684843528
14.7175,-3.439184926,-7.382116999
14.718,-3.439184926,-6.274799449
14.7185,-3.439184926,-5.333579532
14.719,-3.442252888,-9.135484966
14.7195,-3.442252888,-7.765162221
14.72,-3.442252888,-6.600387888
14.7205,-3.442252888,-5.610329705
14.721,-3.44532085,-9.370722613
14.7215,-3.44532085,-7.965114221
14.722,-3.44532085,-6.770347088
14.7225,-3.44532085,-5.754795024
14.723,-3.448388811,-9.493518134
14.7235,-3.448388811,-8.069490414
14.724,-3.448388811,-6.859066852
14.7245,-3.448388811,-5.830206824
14.725,-3.451456773,-9.557618164
14.7255,-3.451456773,-8.12397544
14.726,-3.451456773,-6.905379124
14.7265,-3.454524734,-10.47151462
14.727,-3.454524734,-8.900787426
14.7275,-3.454524734,-7.565669312
14.728,-3.457592696,-11.03276128
14.7285,-3.457592696,-9.377847087
14.729,-3.457592696,-7.971170024
14.7295,-3.460660657,-11.37743688
14.73,-3.460660657,-9.670821351
14.7305,-3.460660657,-8.220198149
14.731,-3.463728619,-11.58911079
14.7315,-3.463728619,-9.850744172
14.732,-3.466796581,-12.97507491
14.7325,-3.466796581,-11.02881367
14.733,-3.466796581,-9.374491622
14.7335,-3.469864542,-12.57026024
14.734,-3.469864542,-10.68472121
14.7345,-3.469864542,-9.082013025
14.735,-3.472932504,-12.32165344
14.7355,-3.472932504,-10.47340542
14.736,-3.472932504,-8.902394607
14.7365,-3.476000465,-12.16897778
14.737,-3.476000465,-10.34363111
14.7375,-3.476000465,-8.792086446
14.738,-3.479068427,-12.07521584
14.7385,-3.479068427,-10.26393347
14.739,-3.482136389,-13.32628581
14.7395,-3.482136389,-11.32734294
14.74,-3.482136389,-9.628241498
14.7405,-3.48520435,-12.78594764
14.741,-3.48520435,-10.86805549
14.7415,-3.48520435,-9.237847167
14.742,-3.488272312,-12.45411246
14.7425,-3.488272312,-10.58599559
14.743,-3.488272312,-8.998096249
14.7435,-3.488272312,-7.648381812
14.744,-3.491340273,-11.1030669
14.7445,-3.491340273,-9.437606868
14.745,-3.494408235,-12.6239082
14.7455,-3.494408235,-10.73032197
14.746,-3.494408235,-9.120773676
14.7465,-3.497476196,-12.35459999
14.747,-3.497476196,-10.50140999
14.7475,-3.497476196,-8.926198491
14.748,-3.500544158,-12.18921108
14.7485,-3.500544158,-10.36082942
14.749,-3.50361212,-13.40864737
14.7495,-3.50361212,-11.39735026
14.75,-3.50361212,-9.687747725
14.7505,-3.506680081,-12.83652793
14.751,-3.506680081,-10.91104874
14.7515,-3.509748043,-13.87633379
14.752,-3.509748043,-11.79488372
14.7525,-3.512816004,-14.62759353
14.753,-3.512816004,-12.4334545
14.7535,-3.512816004,-10.56843632
14.754,-3.515883966,-13.58511324
14.7545,-3.515883966,-11.54734625
14.755,-3.518951927,-14.41718668
14.7555,-3.518951927,-12.25460868
14.756,-3.518951927,-10.41641738
14.7565,-3.522019889,-13.45589713
14.757,-3.522019889,-11.43751256
14.7575,-3.525087851,-14.32382804
14.758,-3.525087851,-12.17525384
14.7585,-3.528155812,-14.95090812
14.759,-3.528155812,-12.70827191
14.7595,-3.528155812,-10.80203112
14.76,-3.531223774,-13.78366882
14.7605,-3.531223774,-11.71611849
14.761,-3.534291735,-14.56064308
14.7615,-3.534291735,-12.37654662
14.762,-3.534291735,-10.52006463
14.7625,-3.537359697,-13.5439973
14.763,-3.537359697,-11.5123977
14.7635,-3.540427658,-14.38748041
14.764,-3.540427658,-12.22935835
14.7645,-3.540427658,-10.3949546
14.765,-3.54349562,-13.43765377
14.7655,-3.54349562,-11.42200571
14.766,-3.546563582,-14.31064721
14.7665,-3.546563582,-12.16405013
14.767,-3.546563582,-10.33944261
14.7675,-3.546563582,-8.78852622
14.768,-3.549631543,-12.07218965
14.7685,-3.549631543,-10.2613612
14.769,-3.549631543,-8.722157022
14.7695,-3.552699505,-12.01577583
14.77,-3.552699505,-10.21340946
14.7705,-3.555767466,-13.2833404
14.771,-3.555767466,-11.29083934
14.7715,-3.555767466,-9.597213441
14.772,-3.558835428,-12.75957379
14.7725,-3.558835428,-10.84563772
14.773,-3.558835428,-9.218792062
14.7735,-3.561903389,-12.43791562
14.774,-3.561903389,-10.57222827
14.7745,-3.561903389,-8.986394033
14.775,-3.564971351,-12.24037729
14.7755,-3.564971351,-10.4043207
14.776,-3.564971351,-8.843672593
14.7765,-3.568039313,-12.11906407
14.777,-3.568039313,-10.30120446
14.7775,-3.571107274,-13.35796615
14.778,-3.571107274,-11.35427123
14.7785,-3.571107274,-9.651130545
14.779,-3.574175236,-12.80540333
14.7795,-3.574175236,-10.88459283
14.78,-3.577243197,-13.85384627
14.7805,-3.577243197,-11.77576933
14.781,-3.577243197,-10.00940393
14.7815,-3.580311159,-13.1099357
14.782,-3.580311159,-11.14344535
14.7825,-3.583379121,-14.07387091
14.783,-3.583379121,-11.96279027
14.7835,-3.583379121,-10.16837173
14.784,-3.586447082,-13.24505834
14.7845,-3.586447082,-11.25829959
14.785,-3.589515044,-14.17149701
14.7855,-3.589515044,-12.04577246
14.786,-3.592583005,-14.84084895
14.7865,-3.592583005,-12.61472161
14.787,-3.592583005,-10.72251337
14.7875,-3.595650967,-13.71607873
14.788,-3.595650967,-11.65866692
14.7885,-3.598718928,-14.51180924
14.789,-3.598718928,-12.33503786
14.7895,-3.60178689,-15.08672454
14.79,-3.60178689,-12.82371586
14.7905,-3.604854852,-15.50210085
14.791,-3.604854852,-13.17678572
14.7915,-3.604854852,-11.20026786
14.792,-3.607922813,-14.12217005
14.7925,-3.607922813,-12.00384454
14.793,-3.610990775,-14.80521022
14.7935,-3.610990775,-12.58442869
14.794,-3.614058736,-15.29870675
14.7945,-3.614058736,-13.00390074
14.795,-3.617126698,-15.65525799
14.7955,-3.617126698,-13.30696929
14.796,-3.617126698,-11.3109239
14.7965,-3.620194659,-14.21622768
14.797,-3.620194659,-12.08379353
14.7975,-3.623262621,-14.87316686
14.798,-3.623262621,-12.64219183
14.7985,-3.626330583,-15.34780542
14.799,-3.626330583,-13.04563461
14.7995,-3.626330583,-11.08878942
14.8,-3.629398544,-14.02741337
14.8005,-3.629398544,-11.92330136
14.801,-3.632466506,-14.73674852
14.8015,-3.632466506,-12.52623624
14.802,-3.635534467,-15.24924317
14.8025,-3.635534467,-12.96185669
14.803,-3.635534467,-11.01757819
14.8035,-3.638602429,-13.96688383
14.804,-3.638602429,-11.87185125
14.8045,-3.64167039,-14.69301593
14.805,-3.64167039,-12.48906354
14.8055,-3.64167039,-10.61570401
14.806,-3.644738352,-13.62529077
14.8065,-3.644738352,-11.58149715
14.807,-3.647806314,-14.44621495
14.8075,-3.647806314,-12.2792827
14.808,-3.650874275,-15.03933266
14.8085,-3.650874275,-12.78343276
14.809,-3.650874275,-10.86591785
14.8095,-3.653942237,-13.83797253
14.81,-3.653942237,-11.76227665
14.8105,-3.657010198,-14.59987752
14.811,-3.657010198,-12.40989589
14.8115,-3.66007816,-15.15035387
14.812,-3.66007816,-12.87780079
14.8125,-3.663146121,-15.54807304
14.813,-3.663146121,-13.21586208
14.8135,-3.663146121,-11.23348277
14.814,-3.666214083,-14.15040272
14.8145,-3.666214083,-12.02784231
14.815,-3.669282045,-14.82560833
14.8155,-3.669282045,-12.60176708
14.816,-3.672350006,-15.31344438
14.8165,-3.672350006,-13.01642772
14.817,-3.675417968,-15.66590593
14.8175,-3.675417968,-13.31602004
14.818,-3.678485929,-15.9205594
14.8185,-3.681553891,-18.13441785
14.819,-3.681553891,-15.41425517
14.8195,-3.684621853,-17.70405926
14.82,-3.684621853,-15.04845037
14.8205,-3.687689814,-17.39312518
14.821,-3.687689814,-14.7841564
14.8215,-3.690757776,-17.16847531
14.822,-3.693825737,-19.19514637
14.8225,-3.693825737,-16.31587442
14.823,-3.696893699,-18.47043562
14.8235,-3.69996166,-20.30181264
14.824,-3.69996166,-17.25654074
14.8245,-3.703029622,-19.270002
14.825,-3.703029622,-16.3795017
14.8255,-3.706097584,-18.52451881
14.826,-3.709165545,-20.34778335
14.8265,-3.709165545,-17.29561585
14.827,-3.712233507,-19.30321583
14.8275,-3.715301468,-21.00967582
14.828,-3.715301468,-17.85822445
14.8285,-3.71836943,-19.78143314
14.829,-3.721437391,-21.41616054
14.8295,-3.721437391,-18.20373646
14.83,-3.724505353,-20.07511835
14.8305,-3.727573315,-21.66579296
14.831,-3.727573315,-18.41592402
14.8315,-3.730641276,-20.25547778
14.832,-3.733709238,-21.81909848
14.8325,-3.733709238,-18.5462337
14.833,-3.736777199,-20.36624101
14.8335,-3.739845161,-21.91324722
14.834,-3.742913122,-23.2282025
14.8345,-3.742913122,-19.74397213
14.835,-3.745981084,-21.38431867
14.8355,-3.749049046,-22.77861324
14.836,-3.752117007,-23.96376361
14.8365,-3.752117007,-20.36919907
14.837,-3.755184969,-21.91576157
14.8375,-3.75825293,-23.2303397
14.838,-3.761320892,-24.34773111
14.8385,-3.764388853,-25.29751381
14.839,-3.764388853,-21.50288674
14.8395,-3.767456815,-22.87939609
14.84,-3.770524777,-24.04942904
14.8405,-3.770524777,-20.44201468
14.841,-3.773592738,-21.97765484
14.8415,-3.7766607,-23.28294898
14.842,-3.779728661,-24.392449
14.8425,-3.782796623,-25.33552401
14.843,-3.782796623,-21.53519541
14.8435,-3.785864585,-22.90685846
14.844,-3.788932546,-24.07277206
14.8445,-3.788932546,-20.46185625
14.845,-3.792000508,-21.99452017
14.8455,-3.795068469,-23.29728451
14.846,-3.798136431,-24.4046342
14.8465,-3.798136431,-20.74393907
14.847,-3.801204392,-22.23429057
14.8475,-3.801204392,-18.89914699
14.848,-3.804272354,-20.6662173
14.8485,-3.807340316,-22.16822707
14.849,-3.807340316,-18.84299301
14.8495,-3.810408277,-20.61848642
14.85,-3.810408277,-17.52571346
14.8505,-3.810408277,-14.89685644
14.851,-3.810408277,-12.66232797
14.8515,-3.810408277,-10.76297878
14.852,-3.810408277,-9.148531961
14.8525,-3.810408277,-7.776252167
14.853,-3.810408277,-6.609814342
14.8535,-3.810408277,-5.618342191
14.854,-3.810408277,-4.775590862
14.8545,-3.810408277,-4.059252233
14.855,-3.810408277,-3.450364398
14.8555,-3.810408277,-2.932809738
14.856,-3.810408277,-2.492888277
14.8565,-3.810408277,-2.118955036
14.857,-3.810408277,-1.80111178
14.8575,-3.810408277,-1.530945013
14.858,-3.810408277,-1.301303261
14.8585,-3.810408277,-1.106107772
14.859,-3.810408277,-0.940191606
14.8595,-3.810408277,-0.799162865
14.86,-3.810408277,-0.679288436
14.8605,-3.810408277,-0.57739517
14.861,-3.810408277,-0.490785895
14.8615,-3.810408277,-0.417168011
14.862,-3.810408277,-0.354592809
14.8625,-3.810408277,-0.301403888
14.863,-3.810408277,-0.256193304
14.8635,-3.810408277,-0.217764309
14.864,-3.810408277,-0.185099662
14.8645,-3.810408277,-0.157334713
14.865,-3.810408277,-0.133734506
14.8655,-3.810408277,-0.11367433
14.866,-3.810408277,-0.096623181
14.8665,-3.810408277,-0.082129704
14.867,-3.810408277,-0.069810248
14.8675,-3.810408277,-0.059338711
14.868,-3.810408277,-0.050437904
14.8685,-3.810408277,-0.042872219
14.869,-3.810408277,-0.036441386
14.8695,-3.810408277,-0.030975178
14.87,-3.810408277,-0.026328901
14.8705,-3.810408277,-0.022379566
14.871,-3.810408277,-0.019022631
14.8715,-3.810408277,-0.016169236
14.872,-3.810408277,-0.013743851
14.8725,-3.810408277,-0.011682273
14.873,-3.810408277,-0.009929932
14.8735,-3.810408277,-0.008440442
14.874,-3.810408277,-0.007174376
14.8745,-3.810408277,-0.00609822
14.875,-3.810408277,-0.005183487
14.8755,-3.810408277,-0.004405964
14.876,-3.810408277,-0.003745069
14.8765,-3.810408277,-0.003183309
14.877,-3.810408277,-0.002705812
14.8775,-3.810408277,-0.002299941
14.878,-3.810408277,-0.00195495
14.8785,-3.810408277,-0.001661707
14.879,-3.810408277,-0.001412451
14.8795,-3.810408277,-0.001200583
14.88,-3.810408277,-0.001020496
14.8805,-3.810408277,-0.000867421
14.881,-3.810408277,-0.000737308
14.8815,-3.810408277,-0.000626712
14.882,-3.810408277,-0.000532705
14.8825,-3.810408277,-0.000452799
14.883,-3.810408277,-0.00038488
14.8835,-3.810408277,-0.000327148
14.884,-3.810408277,-0.000278075
14.8845,-3.810408277,-0.000236364
14.885,-3.810408277,-0.00020091
14.8855,-3.810408277,-0.000170773
14.886,-3.810408277,-0.000145157
14.8865,-3.810408277,-0.000123384
14.887,-3.810408277,-0.000104876
14.8875,-3.810408277,-8.91446E-05
14.888,-3.810408277,-7.57729E-05
14.8885,-3.810408277,-6.4407E-05
14.889,-3.810408277,-5.47459E-05
14.8895,-3.810408277,-4.6534E-05
14.89,-3.810408277,-3.95539E-05
14.8905,-3.810408277,-3.36209E-05
14.891,-3.810408277,-2.85777E-05
14.8915,-3.810408277,-2.42911E-05
14.892,-3.810408277,-2.06474E-05
14.8925,-3.810408277,-1.75503E-05
14.893,-3.810408277,-1.49177E-05
14.8935,-3.813476239,-4.601955044
14.894,-3.813476239,-3.911661787
14.8945,-3.813476239,-3.324912519
14.895,-3.813476239,-2.826175641
14.8955,-3.813476239,-2.402249295
14.896,-3.813476239,-2.041911901
14.8965,-3.813476239,-1.735625116
14.897,-3.813476239,-1.475281348
14.8975,-3.813476239,-1.253989146
14.898,-3.813476239,-1.065890774
14.8985,-3.813476239,-0.906007158
14.899,-3.813476239,-0.770106084
14.8995,-3.813476239,-0.654590172
14.9,-3.813476239,-0.556401646
14.9005,-3.813476239,-0.472941399
14.901,-3.8165442,-5.003942553
14.9015,-3.8165442,-4.25335117
14.902,-3.8165442,-3.615348494
14.9025,-3.8165442,-3.07304622
14.903,-3.8165442,-2.612089287
14.9035,-3.8165442,-2.220275894
14.904,-3.8165442,-1.88723451
14.9045,-3.8165442,-1.604149334
14.905,-3.8165442,-1.363526933
14.9055,-3.8165442,-1.158997893
14.906,-3.819612162,-5.587090573
14.9065,-3.819612162,-4.749026987
14.907,-3.819612162,-4.036672939
14.9075,-3.819612162,-3.431171998
14.908,-3.819612162,-2.916496198
14.9085,-3.819612162,-2.479021769
14.909,-3.819612162,-2.107168503
14.9095,-3.819612162,-1.791093228
14.91,-3.822680123,-6.124371607
14.9105,-3.822680123,-5.205715866
14.911,-3.822680123,-4.424858486
14.9115,-3.822680123,-3.761129713
14.912,-3.822680123,-3.196960256
14.9125,-3.822680123,-2.717416218
14.913,-3.822680123,-2.309803785
14.9135,-3.825748085,-6.565275581
14.914,-3.825748085,-5.580484244
14.9145,-3.825748085,-4.743411607
14.915,-3.825748085,-4.031899866
14.9155,-3.825748085,-3.427114886
14.916,-3.825748085,-2.913047653
14.9165,-3.825748085,-2.476090505
14.917,-3.825748085,-2.10467693
14.9175,-3.828816047,-6.390917754
14.918,-3.828816047,-5.432280091
14.9185,-3.828816047,-4.617438077
14.919,-3.828816047,-3.924822366
14.9195,-3.828816047,-3.336099011
14.92,-3.828816047,-2.835684159
14.9205,-3.828816047,-2.410331535
14.921,-3.828816047,-2.048781805
14.9215,-3.831884008,-6.343406898
14.922,-3.831884008,-5.391895863
14.9225,-3.831884008,-4.583111484
14.923,-3.831884008,-3.895644761
14.9235,-3.831884008,-3.311298047
14.924,-3.831884008,-2.81460334
14.9245,-3.831884008,-2.392412839
14.925,-3.83495197,-6.635493277
14.9255,-3.83495197,-5.640169285
14.926,-3.83495197,-4.794143892
14.9265,-3.83495197,-4.075022309
14.927,-3.83495197,-3.463768962
14.9275,-3.83495197,-2.944203618
14.928,-3.83495197,-2.502573075
14.9285,-3.838019931,-6.729129478
14.929,-3.838019931,-5.719760056
14.9295,-3.838019931,-4.861796048
14.93,-3.838019931,-4.13252664
14.9305,-3.838019931,-3.512647644
14.931,-3.838019931,-2.985750498
14.9315,-3.841087893,-7.139830287
14.932,-3.841087893,-6.068855744
14.9325,-3.841087893,-5.158527382
14.933,-3.841087893,-4.384748275
14.9335,-3.841087893,-3.727036034
14.934,-3.841087893,-3.167980629
14.9345,-3.841087893,-2.692783534
14.935,-3.844155854,-6.890808368
14.9355,-3.844155854,-5.857187113
14.936,-3.844155854,-4.978609046
14.9365,-3.844155854,-4.231817689
14.937,-3.844155854,-3.597045036
14.9375,-3.844155854,-3.05748828
14.938,-3.847223816,-7.200807402
14.9385,-3.847223816,-6.120686292
14.939,-3.847223816,-5.202583348
14.9395,-3.847223816,-4.422195846
14.94,-3.847223816,-3.758866469
14.9405,-3.847223816,-3.195036498
14.941,-3.847223816,-2.715781024
14.9415,-3.850291778,-6.910356234
14.942,-3.850291778,-5.873802799
14.9425,-3.850291778,-4.992732379
14.943,-3.850291778,-4.243822522
14.9435,-3.850291778,-3.607249144
14.944,-3.850291778,-3.066161772
14.9445,-3.850291778,-2.606237506
14.945,-3.853359739,-6.817244244
14.9455,-3.853359739,-5.794657607
14.946,-3.853359739,-4.925458966
14.9465,-3.853359739,-4.186640121
14.947,-3.853359739,-3.558644103
14.9475,-3.853359739,-3.024847488
14.948,-3.853359739,-2.571120365
14.9485,-3.853359739,-2.18545231
14.949,-3.856427701,-6.459576827
14.9495,-3.856427701,-5.490640303
14.95,-3.856427701,-4.667044258
14.9505,-3.856427701,-3.966987619
14.951,-3.856427701,-3.371939476
14.9515,-3.856427701,-2.866148555
14.952,-3.859495662,-7.038168635
14.9525,-3.859495662,-5.98244334
14.953,-3.859495662,-5.085076839
14.9535,-3.859495662,-4.322315313
14.954,-3.859495662,-3.673968016
14.9545,-3.859495662,-3.122872814
14.955,-3.862563624,-7.256384255
14.9555,-3.862563624,-6.167926617
14.956,-3.862563624,-5.242737624
14.9565,-3.862563624,-4.456326981
14.957,-3.862563624,-3.787877934
14.9575,-3.862563624,-3.219696244
14.958,-3.865631585,-7.338684171
14.9585,-3.865631585,-6.237881545
14.959,-3.865631585,-5.302199313
14.9595,-3.865631585,-4.506869416
14.96,-3.865631585,-3.830839004
14.9605,-3.865631585,-3.256213153
14.961,-3.868699547,-7.369723544
14.9615,-3.868699547,-6.264265012
14.962,-3.868699547,-5.324625261
14.9625,-3.868699547,-4.525931471
14.963,-3.868699547,-3.847041751
14.9635,-3.871767509,-7.871927852
14.964,-3.871767509,-6.691138674
14.9645,-3.871767509,-5.687467873
14.965,-3.871767509,-4.834347692
14.9655,-3.871767509,-4.109195538
14.966,-3.871767509,-3.492816207
14.9665,-3.87483547,-7.57083614
14.967,-3.87483547,-6.435210719
14.9675,-3.87483547,-5.469929111
14.968,-3.87483547,-4.649439744
14.9685,-3.87483547,-3.952023783
14.969,-3.877903432,-7.961162579
14.9695,-3.877903432,-6.766988192
14.97,-3.877903432,-5.751939963
14.9705,-3.877903432,-4.889148969
14.971,-3.877903432,-4.155776624
14.9715,-3.877903432,-3.53241013
14.972,-3.880971393,-7.604490974
14.9725,-3.880971393,-6.463817328
14.973,-3.880971393,-5.494244729
14.9735,-3.880971393,-4.67010802
14.974,-3.884039355,-8.57153418
14.9745,-3.884039355,-7.285804053
14.975,-3.884039355,-6.192933445
14.9755,-3.884039355,-5.263993428
14.976,-3.887107317,-9.076336778
14.9765,-3.887107317,-7.714886261
14.977,-3.887107317,-6.557653322
14.9775,-3.887107317,-5.574005324
14.978,-3.890175278,-9.339846889
14.9785,-3.890175278,-7.938869855
14.979,-3.890175278,-6.748039377
14.9795,-3.890175278,-5.735833471
14.98,-3.89324324,-9.477400814
14.9805,-3.89324324,-8.055790692
14.981,-3.89324324,-6.847422088
14.9815,-3.896311201,-10.42225114
14.982,-3.896311201,-8.858913468
14.9825,-3.896311201,-7.530076447
14.983,-3.899379163,-11.00250734
14.9835,-3.899379163,-9.352131242
14.984,-3.899379163,-7.949311556
14.9845,-3.902447124,-11.35885719
14.985,-3.902447124,-9.655028608
14.9855,-3.902447124,-8.206774317
14.986,-3.905515086,-11.57770053
14.9865,-3.905515086,-9.841045453
14.987,-3.908583048,-12.966831
14.9875,-3.908583048,-11.02180635
14.988,-3.908583048,-9.368535397
14.9885,-3.911651009,-12.56519745
14.989,-3.911651009,-10.68041783
14.9895,-3.914718971,-13.68029752
14.99,-3.914718971,-11.62825289
14.9905,-3.917786932,-14.48595732
14.991,-3.917786932,-12.31306372
14.9915,-3.920854894,-15.06804653
14.992,-3.920854894,-12.80783955
14.9925,-3.920854894,-10.88666362
14.993,-3.923922855,-13.85560644
14.9935,-3.926990817,-16.37920784
14.994,-3.926990817,-13.92232666
14.9945,-3.930058779,-16.43592003
14.995,-3.930058779,-13.97053202
14.9955,-3.93312674,-16.47689458
14.996,-3.93312674,-14.00536039
14.9965,-3.936194702,-16.5064987
14.997,-3.936194702,-14.03052389
14.9975,-3.939262663,-16.52788767
14.998,-3.939262663,-14.04870452
14.9985,-3.942330625,-16.54334121
14.999,-3.942330625,-14.06184003
14.9995,-3.945398586,-16.55450639
15,-3.948466548,-18.67327279
15.0005,-3.948466548,-15.87228187
15.001,-3.95153451,-18.09338196
15.0015,-3.95153451,-15.37937466
15.002,-3.954602471,-17.67441083
15.0025,-3.954602471,-15.0232492
15.003,-3.957670433,-17.37170419
15.0035,-3.960738394,-19.36789092
15.004,-3.960738394,-16.46270728
15.0045,-3.963806356,-18.59524355
15.005,-3.963806356,-15.80595702
15.0055,-3.966874317,-18.03700583
15.006,-3.966874317,-15.33145496
15.0065,-3.969942279,-17.63367908
15.007,-3.969942279,-14.98862722
15.0075,-3.973010241,-17.3422755
15.008,-3.976078202,-19.34287654
15.0085,-3.976078202,-16.44144506
15.009,-3.979146164,-18.57717066
15.0095,-3.979146164,-15.79059506
15.01,-3.982214125,-18.02394817
15.0105,-3.982214125,-15.32035594
15.011,-3.985282087,-17.62424491
15.0115,-3.985282087,-14.98060818
15.012,-3.988350049,-17.33545931
15.0125,-3.99141801,-19.33708278
15.013,-3.99141801,-16.43652036
15.0135,-3.994485972,-18.57298467
15.014,-3.994485972,-15.78703697
15.0145,-3.997553933,-18.02092379
15.015,-3.997553933,-15.31778522
15.0155,-4.000621895,-17.6220598
15.016,-4.000621895,-14.97875083
15.0165,-4.003689856,-17.33388057
15.017,-4.003689856,-14.73379848
15.0175,-4.006757818,-17.12567108
15.018,-4.006757818,-14.55682041
15.0185,-4.00982578,-16.97523972
15.019,-4.00982578,-14.42895376
15.0195,-4.012893741,-16.86655306
15.02,-4.012893741,-14.3365701
15.0205,-4.012893741,-12.18608458
15.021,-4.015961703,-14.96011426
15.0215,-4.015961703,-12.71609712
15.022,-4.019029664,-15.41062492
15.0225,-4.019029664,-13.09903118
15.023,-4.022097626,-15.73611887
15.0235,-4.022097626,-13.37570104
15.024,-4.022097626,-11.36934588
15.0245,-4.025165587,-14.26588636
15.025,-4.025165587,-12.12600341
15.0255,-4.028233549,-14.90904526
15.026,-4.028233549,-12.67268847
15.0265,-4.028233549,-10.7717852
15.027,-4.031301511,-13.75795978
15.0275,-4.031301511,-11.69426582
15.028,-4.034369472,-14.54206831
15.0285,-4.034369472,-12.36075806
15.029,-4.034369472,-10.50664435
15.0295,-4.037437434,-13.53259006
15.03,-4.037437434,-11.50270155
15.0305,-4.037437434,-9.777296321
15.031,-4.040505395,-12.91264424
15.0315,-4.040505395,-10.9757476
15.032,-4.040505395,-9.329385461
15.0325,-4.043573357,-12.53192001
15.033,-4.043573357,-10.652132
15.0335,-4.043573357,-9.054312204
15.034,-4.046641318,-12.29810774
15.0345,-4.046641318,-10.45339158
15.035,-4.046641318,-8.88538284
15.0355,-4.046641318,-7.552575414
15.036,-4.04970928,-11.02163147
15.0365,-4.04970928,-9.368386746
15.037,-4.04970928,-7.963128734
15.0375,-4.052777242,-11.37060179
15.038,-4.052777242,-9.665011519
15.0385,-4.052777242,-8.215259791
15.039,-4.052777242,-6.982970823
15.0395,-4.055845203,-10.53746756
15.04,-4.055845203,-8.956847428
15.0405,-4.055845203,-7.613320314
15.041,-4.058913165,-11.07326463
15.0415,-4.058913165,-9.412274936
15.042,-4.058913165,-8.000433696
15.0425,-4.058913165,-6.800368641
15.043,-4.061981126,-10.38225571
15.0435,-4.061981126,-8.824917352
15.044,-4.061981126,-7.50117975
15.0445,-4.061981126,-6.376002787
15.045,-4.065049088,-10.02154473
15.0455,-4.065049088,-8.518313023
15.046,-4.065049088,-7.240566069
15.0465,-4.065049088,-6.154481159
15.047,-4.068117049,-9.833251349
15.0475,-4.068117049,-8.358263646
15.048,-4.068117049,-7.1045241
15.0485,-4.068117049,-6.038845485
15.049,-4.068117049,-5.133018662
15.0495,-4.071185011,-8.965008226
15.05,-4.071185011,-7.620256992
15.0505,-4.071185011,-6.477218443
15.051,-4.071185011,-5.505635677
15.0515,-4.071185011,-4.679790325
15.052,-4.074252973,-8.57976414
15.0525,-4.074252973,-7.292799519
15.053,-4.074252973,-6.198879591
15.0535,-4.074252973,-5.269047653
15.054,-4.077320934,-9.080632868
15.0545,-4.077320934,-7.718537938
15.055,-4.077320934,-6.560757247
15.0555,-4.077320934,-5.57664366
15.056,-4.077320934,-4.740147111
15.0565,-4.080388896,-8.631067408
15.057,-4.080388896,-7.336407297
15.0575,-4.080388896,-6.235946202
15.058,-4.080388896,-5.300554272
15.0585,-4.080388896,-4.505471131
15.059,-4.083456857,-8.431592825
15.0595,-4.083456857,-7.166853901
15.06,-4.083456857,-6.091825816
15.0605,-4.083456857,-5.178051944
15.061,-4.083456857,-4.401344152
15.0615,-4.083456857,-3.741142529
15.062,-4.083456857,-3.17997115
15.0625,-4.086524819,-7.304917841
15.063,-4.086524819,-6.209180165
15.0635,-4.086524819,-5.27780314
15.064,-4.086524819,-4.486132669
15.0645,-4.086524819,-3.813212769
15.065,-4.086524819,-3.241230853
15.0655,-4.086524819,-2.755046225
15.066,-4.086524819,-2.341789292
15.0665,-4.086524819,-1.990520898
15.067,-4.089592781,-6.293885127
15.0675,-4.089592781,-5.349802358
15.068,-4.089592781,-4.547332004
15.0685,-4.089592781,-3.865232204
15.069,-4.089592781,-3.285447373
15.0695,-4.089592781,-2.792630267
15.07,-4.092660742,-6.975678091
15.0705,-4.092660742,-5.929326377
15.071,-4.092660742,-5.03992742
15.0715,-4.092660742,-4.283938307
15.072,-4.092660742,-3.641347561
15.0725,-4.092660742,-3.095145427
15.073,-4.092660742,-2.630873613
15.0735,-4.095728704,-6.838184935
15.074,-4.095728704,-5.812457195
15.0745,-4.095728704,-4.940588615
15.075,-4.095728704,-4.199500323
15.0755,-4.095728704,-3.569575275
15.076,-4.098796665,-7.636081347
15.0765,-4.098796665,-6.490669145
15.077,-4.098796665,-5.517068773
15.0775,-4.098796665,-4.689508457
15.078,-4.101864627,-8.588024552
15.0785,-4.101864627,-7.299820869
15.079,-4.101864627,-6.204847739
15.0795,-4.101864627,-5.274120578
15.08,-4.104932588,-9.084944855
15.0805,-4.104932588,-7.722203127
15.081,-4.104932588,-6.563872658
15.0815,-4.10800055,-10.18123412
15.082,-4.10800055,-8.654049004
15.0825,-4.10800055,-7.355941654
15.083,-4.111068512,-10.85449277
15.0835,-4.111068512,-9.226318854
15.084,-4.111068512,-7.842371026
15.0845,-4.114136473,-11.26795774
15.085,-4.114136473,-9.577764075
15.0855,-4.114136473,-8.141099464
15.086,-4.117204435,-11.52187691
15.0865,-4.117204435,-9.793595372
15.087,-4.120272396,-12.92649843
15.0875,-4.120272396,-10.98752367
15.088,-4.120272396,-9.339395115
15.0885,-4.123340358,-12.54042821
15.089,-4.123340358,-10.65936398
15.0895,-4.126408319,-13.66240175
15.09,-4.126408319,-11.61304148
15.0905,-4.129476281,-14.47302763
15.091,-4.129476281,-12.30207348
15.0915,-4.132544243,-15.05870482
15.092,-4.132544243,-12.7998991
15.0925,-4.135612204,-15.4818566
15.093,-4.135612204,-13.15957811
15.0935,-4.138680166,-15.78758376
15.094,-4.138680166,-13.41944619
15.0945,-4.141748127,-16.00847163
15.095,-4.141748127,-13.60720088
15.0955,-4.144816089,-16.16806311
15.096,-4.144816089,-13.74285365
15.0965,-4.14788405,-16.28336796
15.097,-4.14788405,-13.84086277
15.0975,-4.150952012,-16.36667572
15.098,-4.150952012,-13.91167436
15.0985,-4.154019974,-16.42686557
15.099,-4.154019974,-13.96283573
15.0995,-4.157087935,-16.47035274
15.1,-4.157087935,-13.99979983
15.1005,-4.160155897,-16.50177222
15.101,-4.160155897,-14.02650638
15.1015,-4.163223858,-16.52447279
15.102,-4.163223858,-14.04580187
15.1025,-4.16629182,-16.54087395
15.103,-4.16629182,-14.05974286
15.1035,-4.169359781,-16.5527238
15.104,-4.169359781,-14.06981523
15.1045,-4.172427743,-16.56128531
15.105,-4.172427743,-14.07709251
15.1055,-4.175495705,-16.567471
15.106,-4.175495705,-14.08235035
15.1065,-4.178563666,-16.57194016
15.107,-4.178563666,-14.08614914
15.1075,-4.181631628,-16.57516913
15.108,-4.181631628,-14.08889376
15.1085,-4.184699589,-16.57750206
15.109,-4.184699589,-14.09087675
15.1095,-4.187767551,-16.5791876
15.11,-4.187767551,-14.09230946
15.1105,-4.190835513,-16.58040541
15.111,-4.190835513,-14.09334459
15.1115,-4.193903474,-16.58128527
15.112,-4.193903474,-14.09409248
15.1125,-4.196971436,-16.58192097
15.113,-4.196971436,-14.09463283
15.1135,-4.196971436,-11.9804379
15.114,-4.200039397,-14.78531458
15.1145,-4.200039397,-12.56751739
15.115,-4.203107359,-15.28433215
15.1155,-4.203107359,-12.99168233
15.116,-4.20617532,-15.64487234
15.1165,-4.20617532,-13.29814149
15.117,-4.209243282,-15.90536263
15.1175,-4.209243282,-13.51955824
15.118,-4.212311244,-16.09356686
15.1185,-4.212311244,-13.67953183
15.119,-4.212311244,-11.62760206
15.1195,-4.215379205,-14.48540411
15.12,-4.215379205,-12.3125935
15.1205,-4.218447167,-15.06764684
15.121,-4.218447167,-12.80749981
15.1215,-4.221515128,-15.4883172
15.122,-4.221515128,-13.16506962
15.1225,-4.221515128,-11.19030918
15.123,-4.22458309,-14.11370517
15.1235,-4.22458309,-11.99664939
15.124,-4.227651051,-14.79909435
15.1245,-4.227651051,-12.57923019
15.125,-4.227651051,-10.69234566
15.1255,-4.230719013,-13.69043618
15.126,-4.230719013,-11.63687075
15.1265,-4.230719013,-9.891340139
15.127,-4.233786975,-13.00958148
15.1275,-4.233786975,-11.05814426
15.128,-4.233786975,-9.399422621
15.1285,-4.236854936,-12.59145159
15.129,-4.236854936,-10.70273385
15.1295,-4.236854936,-9.097323775
15.13,-4.239922898,-12.33466757
15.1305,-4.239922898,-10.48446744
15.131,-4.239922898,-8.911797321
15.1315,-4.239922898,-7.575027723
15.132,-4.242990859,-11.04071593
15.1325,-4.242990859,-9.384608539
15.133,-4.242990859,-7.976917258
15.1335,-4.242990859,-6.780379669
15.134,-4.246058821,-10.36526508
15.1345,-4.246058821,-8.81047532
15.135,-4.246058821,-7.488904022
15.1355,-4.246058821,-6.365568419
15.136,-4.249126782,-10.01267552
15.1365,-4.249126782,-8.510774192
15.137,-4.249126782,-7.234158063
15.1375,-4.249126782,-6.149034354
15.138,-4.249126782,-5.2266792
15.1385,-4.252194744,-9.044619684
15.139,-4.252194744,-7.687926731
15.1395,-4.252194744,-6.534737722
15.14,-4.252194744,-5.554527063
15.1405,-4.252194744,-4.721348004
15.141,-4.255262706,-8.615088167
15.1415,-4.255262706,-7.322824942
15.142,-4.255262706,-6.224401201
15.1425,-4.255262706,-5.290741021
15.143,-4.255262706,-4.497129867
15.1435,-4.255262706,-3.822560387
15.144,-4.258330667,-7.851118693
15.1445,-4.258330667,-6.673450889
15.145,-4.258330667,-5.672433256
15.1455,-4.258330667,-4.821568267
15.146,-4.258330667,-4.098333027
15.1465,-4.258330667,-3.483583073
15.147,-4.258330667,-2.961045612
15.1475,-4.258330667,-2.51688877
15.148,-4.258330667,-2.139355455
15.1485,-4.261398629,-6.4203945
15.149,-4.261398629,-5.457335325
15.1495,-4.261398629,-4.638735026
15.15,-4.261398629,-3.942924772
15.1505,-4.261398629,-3.351486057
15.151,-4.261398629,-2.848763148
15.1515,-4.261398629,-2.421448676
15.152,-4.261398629,-2.058231374
15.1525,-4.261398629,-1.749496668
15.153,-4.261398629,-1.487072168
15.1535,-4.261398629,-1.264011343
15.154,-4.261398629,-1.074409641
15.1545,-4.261398629,-0.913248195
15.155,-4.261398629,-0.776260966
15.1555,-4.26446659,-5.261764185
15.156,-4.26446659,-4.472499557
15.1565,-4.26446659,-3.801624623
15.157,-4.26446659,-3.23138093
15.1575,-4.26446659,-2.74667379
15.158,-4.26446659,-2.334672722
15.1585,-4.26446659,-1.984471814
15.159,-4.26446659,-1.686801042
15.1595,-4.26446659,-1.433780885
15.16,-4.26446659,-1.218713753
15.1605,-4.26446659,-1.03590669
15.161,-4.26446659,-0.880520686
15.1615,-4.26446659,-0.748442583
15.162,-4.26446659,-0.636176196
15.1625,-4.26446659,-0.540749766
15.163,-4.26446659,-0.459637301
15.1635,-4.26446659,-0.390691706
15.164,-4.26446659,-0.33208795
15.1645,-4.26446659,-0.282274758
15.165,-4.26446659,-0.239933544
15.1655,-4.26446659,-0.203943512
15.166,-4.26446659,-0.173351986
15.1665,-4.26446659,-0.147349188
15.167,-4.26446659,-0.12524681
15.1675,-4.26446659,-0.106459788
15.168,-4.26446659,-0.09049082
15.1685,-4.26446659,-0.076917197
15.169,-4.26446659,-0.065379617
15.1695,-4.26446659,-0.055572675
15.17,-4.26446659,-0.047236774
15.1705,-4.26446659,-0.040151258
15.171,-4.26446659,-0.034128569
15.1715,-4.26446659,-0.029009284
15.172,-4.26446659,-0.024657891
15.1725,-4.26446659,-0.020959207
15.173,-4.26446659,-0.017815326
15.1735,-4.26446659,-0.015143027
15.174,-4.26446659,-0.012871573
15.1745,-4.267534552,-4.612883201
15.175,-4.267534552,-3.920950721
15.1755,-4.267534552,-3.332808113
15.176,-4.267534552,-2.832886896
15.1765,-4.267534552,-2.407953861
15.177,-4.267534552,-2.046760782
15.1775,-4.267534552,-1.739746665
15.178,-4.267534552,-1.478784665
15.1785,-4.267534552,-1.256966965
15.179,-4.267534552,-1.068421921
15.1795,-4.267534552,-0.908158632
15.18,-4.267534552,-0.771934838
15.1805,-4.267534552,-0.656144612
15.181,-4.267534552,-0.55772292
15.1815,-4.267534552,-0.474064482
15.182,-4.267534552,-0.40295481
15.1825,-4.267534552,-0.342511588
15.183,-4.267534552,-0.29113485
15.1835,-4.267534552,-0.247464623
15.184,-4.267534552,-0.210344929
15.1845,-4.267534552,-0.17879319
15.185,-4.267534552,-0.151974211
15.1855,-4.267534552,-0.12917808
15.186,-4.267534552,-0.109801368
15.1865,-4.267534552,-0.093331163
15.187,-4.267534552,-0.079331488
15.1875,-4.267534552,-0.067431765
15.188,-4.267534552,-0.057317
15.1885,-4.270602513,-4.650661814
15.189,-4.270602513,-3.953062542
15.1895,-4.270602513,-3.36010316
15.19,-4.270602513,-2.856087686
15.1905,-4.270602513,-2.427674533
15.191,-4.270602513,-2.063523353
15.1915,-4.270602513,-1.75399485
15.192,-4.270602513,-1.490895623
15.1925,-4.270602513,-1.267261279
15.193,-4.270602513,-1.077172088
15.1935,-4.270602513,-0.915596274
15.194,-4.270602513,-0.778256833
15.1945,-4.270602513,-0.661518308
15.195,-4.270602513,-0.562290562
15.1955,-4.270602513,-0.477946978
15.196,-4.270602513,-0.406254931
15.1965,-4.270602513,-0.345316691
15.197,-4.270602513,-0.293519188
15.1975,-4.270602513,-0.24949131
15.198,-4.270602513,-0.212067613
15.1985,-4.270602513,-0.180257471
15.199,-4.270602513,-0.15321885
15.1995,-4.270602513,-0.130236023
15.2,-4.270602513,-0.110700619
15.2005,-4.273670475,-4.69603789
15.201,-4.273670475,-3.991632207
15.2015,-4.273670475,-3.392887376
15.202,-4.273670475,-2.883954269
15.2025,-4.273670475,-2.451361129
15.203,-4.273670475,-2.08365696
15.2035,-4.273670475,-1.771108416
15.204,-4.273670475,-1.505442153
15.2045,-4.273670475,-1.27962583
15.205,-4.273670475,-1.087681956
15.2055,-4.273670475,-0.924529662
15.206,-4.273670475,-0.785850213
15.2065,-4.273670475,-0.667972681
15.207,-4.273670475,-0.567776779
15.2075,-4.273670475,-0.482610262
15.208,-4.273670475,-0.410218723
15.2085,-4.273670475,-0.348685914
15.209,-4.273670475,-0.296383027
15.2095,-4.273670475,-0.251925573
15.21,-4.273670475,-0.214136737
15.2105,-4.273670475,-0.182016227
15.211,-4.273670475,-0.154713793
15.2115,-4.273670475,-0.131506724
15.212,-4.273670475,-0.111780715
15.2125,-4.273670475,-0.095013608
15.213,-4.273670475,-0.080761567
15.2135,-4.273670475,-0.068647332
15.214,-4.273670475,-0.058350232
15.2145,-4.273670475,-0.049597697
15.215,-4.273670475,-0.042158043
15.2155,-4.273670475,-0.035834336
15.216,-4.273670475,-0.030459186
15.2165,-4.273670475,-0.025890308
15.217,-4.273670475,-0.022006762
15.2175,-4.273670475,-0.018705747
15.218,-4.273670475,-0.015899885
15.2185,-4.273670475,-0.013514903
15.219,-4.273670475,-0.011487667
15.2195,-4.273670475,-0.009764517
15.22,-4.273670475,-0.00829984
15.2205,-4.273670475,-0.007054864
15.221,-4.273670475,-0.005996634
15.2215,-4.273670475,-0.005097139
15.222,-4.273670475,-0.004332568
15.2225,-4.273670475,-0.003682683
15.223,-4.273670475,-0.00313028
15.2235,-4.273670475,-0.002660738
15.224,-4.273670475,-0.002261628
15.2245,-4.273670475,-0.001922383
15.225,-4.273670475,-0.001634026
15.2255,-4.273670475,-0.001388922
15.226,-4.273670475,-0.001180584
15.2265,-4.273670475,-0.001003496
15.227,-4.273670475,-0.000852972
15.2275,-4.273670475,-0.000725026
15.228,-4.273670475,-0.000616272
15.2285,-4.273670475,-0.000523831
15.229,-4.273670475,-0.000445257
15.2295,-4.273670475,-0.000378468
15.23,-4.273670475,-0.000321698
15.2305,-4.273670475,-0.000273443
15.231,-4.273670475,-0.000232427
15.2315,-4.273670475,-0.000197563
15.232,-4.273670475,-0.000167928
15.2325,-4.273670475,-0.000142739
15.233,-4.273670475,-0.000121328
15.2335,-4.273670475,-0.000103129
15.234,-4.273670475,-8.76596E-05
15.2345,-4.273670475,-7.45107E-05
15.235,-4.273670475,-6.33341E-05
15.2355,-4.273670475,-5.3834E-05
15.236,-4.273670475,-4.57589E-05
15.2365,-4.273670475,-3.8895E-05
15.237,-4.273670475,-3.30608E-05
15.2375,-4.273670475,-2.81017E-05
15.238,-4.273670475,-2.38864E-05
15.2385,-4.273670475,-2.03035E-05
15.239,-4.273670475,-1.72579E-05
15.2395,-4.273670475,-1.46692E-05
15.24,-4.273670475,-1.24689E-05
15.2405,-4.273670475,-1.05985E-05
15.241,-4.273670475,-9.00875E-06
15.2415,-4.273670475,-7.65744E-06
15.242,-4.273670475,-6.50882E-06
15.2425,-4.273670475,-5.5325E-06
15.243,-4.273670475,-4.70262E-06
15.2435,-4.273670475,-3.99723E-06
15.244,-4.273670475,-3.39765E-06
15.2445,-4.273670475,-2.888E-06
15.245,-4.273670475,-2.4548E-06
15.2455,-4.273670475,-2.08658E-06
15.246,-4.273670475,-1.77359E-06
15.2465,-4.273670475,-1.50755E-06
15.247,-4.273670475,-1.28142E-06
15.2475,-4.273670475,-1.08921E-06
15.248,-4.273670475,-9.25826E-07
15.2485,-4.273670475,-7.86952E-07
15.249,-4.273670475,-6.6891E-07
15.2495,-4.273670475,-5.68573E-07
15.25,-4.273670475,-4.83287E-07
15.2505,-4.273670475,-4.10794E-07
15.251,-4.273670475,-3.49175E-07
15.2515,-4.273670475,-2.96799E-07
15.252,-4.273670475,-2.52279E-07
15.2525,-4.273670475,-2.14437E-07
15.253,-4.273670475,-1.82272E-07
15.2535,-4.273670475,-1.54931E-07
15.254,-4.273670475,-1.31691E-07
15.2545,-4.273670475,-1.11937E-07
15.255,-4.273670475,-9.51469E-08
15.2555,-4.273670475,-8.08748E-08
15.256,-4.273670475,-6.87436E-08
15.2565,-4.273670475,-5.84321E-08
15.257,-4.273670475,-4.96673E-08
15.2575,-4.273670475,-4.22172E-08
15.258,-4.273670475,-3.58846E-08
15.2585,-4.273670475,-3.05019E-08
15.259,-4.273670475,-2.59266E-08
15.2595,-4.273670475,-2.20376E-08
15.26,-4.273670475,-1.8732E-08
15.2605,-4.273670475,-1.59222E-08
15.261,-4.273670475,-1.35339E-08
15.2615,-4.273670475,-1.15038E-08
15.262,-4.273670475,-9.77821E-09
15.2625,-4.273670475,-8.31148E-09
15.263,-4.273670475,-7.06476E-09
15.2635,-4.273670475,-6.00504E-09
15.264,-4.273670475,-5.10429E-09
15.2645,-4.273670475,-4.33864E-09
15.265,-4.270602513,4.60194236
15.2655,-4.267534552,8.51359337
15.266,-4.267534552,7.236554364
15.2665,-4.26446659,10.75301357
15.267,-4.261398629,13.7420039
15.2675,-4.261398629,11.68070332
15.268,-4.258330667,14.53054018
15.2685,-4.258330667,12.35095915
15.269,-4.258330667,10.49831528
15.2695,-4.255262706,13.52551035
15.27,-4.255262706,11.4966838
15.2705,-4.255262706,9.77218123
15.271,-4.255262706,8.306354046
15.2715,-4.252194744,11.6623433
15.272,-4.252194744,9.912991807
15.2725,-4.252194744,8.426043036
15.273,-4.252194744,7.162136581
15.2735,-4.249126782,10.68975846
15.274,-4.249126782,9.086294689
15.2745,-4.249126782,7.723350485
15.275,-4.249126782,6.564847912
15.2755,-4.249126782,5.580120726
15.276,-4.246058821,9.34504498
15.2765,-4.246058821,7.943288233
15.277,-4.246058821,6.751794998
15.2775,-4.246058821,5.739025749
15.278,-4.246058821,4.878171886
15.2785,-4.246058821,4.146446103
15.279,-4.246058821,3.524479188
15.2795,-4.246058821,2.99580731
15.28,-4.246058821,2.546436213
15.2805,-4.246058821,2.164470781
15.281,-4.246058821,1.839800164
15.2815,-4.246058821,1.563830139
15.282,-4.246058821,1.329255619
15.2825,-4.246058821,1.129867276
15.283,-4.246058821,0.960387184
15.2835,-4.246058821,0.816329107
15.284,-4.246058821,0.693879741
15.2845,-4.246058821,0.58979778
15.285,-4.246058821,0.501328113
15.2855,-4.246058821,0.426128896
15.286,-4.246058821,0.362209561
15.2865,-4.246058821,0.307878127
15.287,-4.246058821,0.261696408
15.2875,-4.246058821,0.222441947
15.288,-4.246058821,0.189075655
15.2885,-4.246058821,0.160714307
15.289,-4.246058821,0.136607161
15.2895,-4.246058821,0.116116087
15.29,-4.249126782,-4.50324369
15.2905,-4.249126782,-3.827757137
15.291,-4.249126782,-3.253593566
15.2915,-4.249126782,-2.765554531
15.292,-4.249126782,-2.350721352
15.2925,-4.249126782,-1.998113149
15.293,-4.252194744,-6.30033854
15.2935,-4.252194744,-5.355287759
15.294,-4.252194744,-4.551994595
15.2945,-4.252194744,-3.869195406
15.295,-4.252194744,-3.288816095
15.2955,-4.252194744,-2.795493681
15.296,-4.252194744,-2.376169629
15.2965,-4.255262706,-6.621686548
15.297,-4.255262706,-5.628433566
15.2975,-4.255262706,-4.784168531
15.298,-4.255262706,-4.066543251
15.2985,-4.255262706,-3.456561764
15.299,-4.255262706,-2.938077499
15.2995,-4.255262706,-2.497365874
15.3,-4.258330667,-6.724703357
15.3005,-4.258330667,-5.715997853
15.301,-4.258330667,-4.858598175
15.3015,-4.258330667,-4.129808449
15.302,-4.258330667,-3.510337182
15.3025,-4.258330667,-2.983786604
15.303,-4.261398629,-7.138160977
15.3035,-4.261398629,-6.067436831
15.304,-4.261398629,-5.157321306
15.3045,-4.261398629,-4.38372311
15.305,-4.26446659,-8.328107007
15.3055,-4.26446659,-7.078890956
15.306,-4.26446659,-6.017057313
15.3065,-4.26446659,-5.114498716
15.307,-4.267534552,-8.949266272
15.3075,-4.267534552,-7.606876331
15.308,-4.267534552,-6.465844882
15.3085,-4.267534552,-5.495968149
15.309,-4.270602513,-9.273515291
15.3095,-4.270602513,-7.882487997
15.31,-4.270602513,-6.700114797
15.3105,-4.273670475,-10.29703994
15.311,-4.273670475,-8.75248395
15.3115,-4.273670475,-7.439611358
15.312,-4.276738437,-10.92561202
15.3125,-4.276738437,-9.286770215
15.313,-4.276738437,-7.893754683
15.3135,-4.279806398,-11.31163384
15.314,-4.279806398,-9.614888767
15.3145,-4.279806398,-8.172655452
15.315,-4.28287436,-11.5486995
15.3155,-4.28287436,-9.816394573
15.316,-4.28287436,-8.343935387
15.3165,-4.285942321,-11.69428744
15.317,-4.285942321,-9.940144327
15.3175,-4.285942321,-8.449122678
15.318,-4.289010283,-11.78369664
15.3185,-4.289010283,-10.01614214
15.319,-4.289010283,-8.513720822
15.3195,-4.292078245,-11.83860506
15.32,-4.292078245,-10.0628143
15.3205,-4.292078245,-8.553392158
15.321,-4.295146206,-11.8723257
15.3215,-4.295146206,-10.09147684
15.322,-4.295146206,-8.577755317
15.3225,-4.298214168,-11.89303438
15.323,-4.298214168,-10.10907923
15.3235,-4.298214168,-8.592717342
15.324,-4.298214168,-7.30380974
15.3245,-4.301282129,-10.81018064
15.325,-4.301282129,-9.188653546
15.3255,-4.301282129,-7.810355514
15.326,-4.301282129,-6.638802187
15.3265,-4.304350091,-10.24492422
15.327,-4.304350091,-8.708185589
15.3275,-4.304350091,-7.401957751
15.328,-4.304350091,-6.291664088
15.3285,-4.304350091,-5.347914475
15.329,-4.307418052,-9.147669668
15.3295,-4.307418052,-7.775519217
15.33,-4.307418052,-6.609191335
15.3305,-4.307418052,-5.617812635
15.331,-4.307418052,-4.775140739
15.3315,-4.307418052,-4.058869628
15.332,-4.310486014,-8.051981548
15.3325,-4.310486014,-6.844184316
15.333,-4.310486014,-5.817556668
15.3335,-4.310486014,-4.944923168
15.334,-4.310486014,-4.203184693
15.3345,-4.310486014,-3.572706989
15.335,-4.313553976,-7.638743304
15.3355,-4.313553976,-6.492931809
15.336,-4.313553976,-5.518992037
15.3365,-4.313553976,-4.691143232
15.337,-4.313553976,-3.987471747
15.3375,-4.313553976,-3.389350985
15.338,-4.313553976,-2.880948337
15.3385,-4.313553976,-2.448806087
15.339,-4.313553976,-2.081485174
15.3395,-4.313553976,-1.769262398
15.34,-4.313553976,-1.503873038
15.3405,-4.313553976,-1.278292082
15.341,-4.316621937,-5.688490634
15.3415,-4.316621937,-4.835217039
15.342,-4.316621937,-4.109934483
15.3425,-4.316621937,-3.49344431
15.343,-4.316621937,-2.969427664
15.3435,-4.316621937,-2.524013514
15.344,-4.316621937,-2.145411487
15.3445,-4.316621937,-1.823599764
15.345,-4.316621937,-1.550059799
15.3455,-4.316621937,-1.31755083
15.346,-4.316621937,-1.119918205
15.3465,-4.316621937,-0.951930474
15.347,-4.316621937,-0.809140903
15.3475,-4.316621937,-0.687769768
15.348,-4.316621937,-0.584604303
15.3485,-4.316621937,-0.496913657
15.349,-4.316621937,-0.422376609
15.3495,-4.316621937,-0.359020117
15.35,-4.316621937,-0.3051671
15.3505,-4.316621937,-0.259392035
15.351,-4.316621937,-0.22048323
15.3515,-4.316621937,-0.187410745
15.352,-4.316621937,-0.159299133
15.3525,-4.316621937,-0.135404263
15.353,-4.316621937,-0.115093624
15.3535,-4.316621937,-0.09782958
15.354,-4.316621937,-0.083155143
15.3545,-4.316621937,-0.070681872
15.355,-4.316621937,-0.060079591
15.3555,-4.316621937,-0.051067652
15.356,-4.316621937,-0.043407504
15.3565,-4.316621937,-0.036896379
15.357,-4.316621937,-0.031361922
15.3575,-4.316621937,-0.026657634
15.358,-4.316621937,-0.022658989
15.3585,-4.316621937,-0.01926014
15.359,-4.316621937,-0.016371119
15.3595,-4.316621937,-0.013915451
15.36,-4.316621937,-0.011828134
15.3605,-4.316621937,-0.010053914
15.361,-4.316621937,-0.008545827
15.3615,-4.316621937,-0.007263953
15.362,-4.316621937,-0.00617436
15.3625,-4.316621937,-0.005248206
15.363,-4.316621937,-0.004460975
15.3635,-4.316621937,-0.003791829
15.364,-4.316621937,-0.003223054
15.3645,-4.316621937,-0.002739596
15.365,-4.316621937,-0.002328657
15.3655,-4.316621937,-0.001979358
15.366,-4.316621937,-0.001682455
15.3665,-4.316621937,-0.001430086
15.367,-4.316621937,-0.001215573
15.3675,-4.316621937,-0.001033237
15.368,-4.316621937,-0.000878252
15.3685,-4.316621937,-0.000746514
15.369,-4.316621937,-0.000634537
15.3695,-4.316621937,-0.000539356
15.37,-4.316621937,-0.000458453
15.3705,-4.316621937,-0.000389685
15.371,-4.316621937,-0.000331232
15.3715,-4.316621937,-0.000281547
15.372,-4.316621937,-0.000239315
15.3725,-4.316621937,-0.000203418
15.373,-4.316621937,-0.000172905
15.3735,-4.316621937,-0.00014697
15.374,-4.316621937,-0.000124924
15.3745,-4.316621937,-0.000106185
15.375,-4.316621937,-9.02576E-05
15.3755,-4.316621937,-7.6719E-05
15.376,-4.316621937,-6.52111E-05
15.3765,-4.316621937,-5.54295E-05
15.377,-4.316621937,-4.71151E-05
15.3775,-4.313553976,4.601902316
15.378,-4.313553976,3.911616968
15.3785,-4.313553976,3.324874423
15.379,-4.313553976,2.82614326
15.3795,-4.313553976,2.402221771
15.38,-4.313553976,2.041888505
15.3805,-4.313553976,1.735605229
15.381,-4.313553976,1.475264445
15.3815,-4.313553976,1.253974778
15.382,-4.313553976,1.065878561
15.3825,-4.313553976,0.905996777
15.383,-4.313553976,0.770097261
15.3835,-4.313553976,0.654582672
15.384,-4.313553976,0.556395271
15.3845,-4.313553976,0.47293598
15.385,-4.313553976,0.401995583
15.3855,-4.313553976,0.341696246
15.386,-4.310486014,4.892384173
15.3865,-4.310486014,4.158526547
15.387,-4.310486014,3.534747565
15.3875,-4.310486014,3.00453543
15.388,-4.310486014,2.553855115
15.3885,-4.310486014,2.170776848
15.389,-4.310486014,1.845160321
15.3895,-4.310486014,1.568386273
15.39,-4.310486014,1.333128332
15.3905,-4.307418052,5.735101446
15.391,-4.307418052,4.874836229
15.3915,-4.307418052,4.143610795
15.392,-4.307418052,3.522069175
15.3925,-4.307418052,2.993758799
15.393,-4.307418052,2.544694979
15.3935,-4.307418052,2.162990732
15.394,-4.304350091,6.440484486
15.3945,-4.304350091,5.474411813
15.395,-4.304350091,4.653250041
15.3955,-4.304350091,3.955262535
15.396,-4.304350091,3.361973155
15.3965,-4.304350091,2.857677182
15.397,-4.301282129,7.030967968
15.3975,-4.301282129,5.976322773
15.398,-4.301282129,5.079874357
15.3985,-4.301282129,4.317893203
15.399,-4.298214168,8.272151586
15.3995,-4.298214168,7.031328849
15.4,-4.298214168,5.976629521
15.4005,-4.298214168,5.080135093
15.401,-4.295146206,8.920057193
15.4015,-4.295146206,7.582048614
15.402,-4.295146206,6.444741322
15.4025,-4.295146206,5.478030124
15.403,-4.292078245,9.258267969
15.4035,-4.292078245,7.869527773
15.404,-4.292078245,6.689098607
15.4045,-4.292078245,5.685733816
15.405,-4.289010283,9.434816107
15.4055,-4.289010283,8.019593691
15.406,-4.289010283,6.816654638
15.4065,-4.285942321,10.39609881
15.407,-4.285942321,8.836683985
15.4075,-4.285942321,7.511181387
15.408,-4.285942321,6.384504179
15.4085,-4.28287436,10.02877092
15.409,-4.28287436,8.524455278
15.4095,-4.28287436,7.245786987
15.41,-4.28287436,6.158918939
15.4105,-4.279806398,9.837023462
15.411,-4.279806398,8.361469942
15.4115,-4.279806398,7.107249451
15.412,-4.279806398,6.041162033
15.4125,-4.276738437,9.736930092
15.413,-4.276738437,8.276390578
15.4135,-4.276738437,7.034931991
15.414,-4.276738437,5.979692193
15.4145,-4.276738437,5.082738364
15.415,-4.273670475,8.922269973
15.4155,-4.273670475,7.583929477
15.416,-4.273670475,6.446340055
15.4165,-4.273670475,5.479389047
15.417,-4.273670475,4.65748069
15.4175,-4.270602513,8.56080095
15.418,-4.270602513,7.276680808
15.4185,-4.270602513,6.185178687
15.419,-4.270602513,5.257401884
15.4195,-4.270602513,4.468791601
15.42,-4.270602513,3.798472861
15.4205,-4.270602513,3.228701932
15.421,-4.267534552,7.346339006
15.4215,-4.267534552,6.244388155
15.422,-4.267534552,5.307729932
15.4225,-4.267534552,4.511570442
15.423,-4.267534552,3.834834876
15.4235,-4.267534552,3.259609644
15.424,-4.267534552,2.770668198
15.4245,-4.267534552,2.355067968
15.425,-4.26446659,6.603750136
15.4255,-4.26446659,5.613187616
15.426,-4.26446659,4.771209474
15.4265,-4.26446659,4.055528053
15.427,-4.26446659,3.447198845
15.4275,-4.26446659,2.930119018
15.428,-4.26446659,2.490601165
15.4285,-4.26446659,2.11701099
15.429,-4.26446659,1.799459342
15.4295,-4.26446659,1.529540441
15.43,-4.26446659,1.300109375
15.4305,-4.26446659,1.105092968
15.431,-4.26446659,0.939329023
15.4315,-4.26446659,0.79842967
15.432,-4.26446659,0.678665219
15.4325,-4.26446659,0.576865436
15.433,-4.26446659,0.490335621
15.4335,-4.26446659,0.416785278
15.434,-4.26446659,0.354267486
15.4345,-4.26446659,0.301127363
15.435,-4.26446659,0.255958259
15.4355,-4.26446659,0.21756452
15.436,-4.26446659,0.184929842
15.4365,-4.26446659,0.157190366
15.437,-4.26446659,0.133611811
15.4375,-4.26446659,0.113570039
15.438,-4.26446659,0.096534533
15.4385,-4.26446659,0.082054353
15.439,-4.26446659,0.0697462
15.4395,-4.26446659,0.05928427
15.44,-4.26446659,0.05039163
15.4405,-4.26446659,0.042832885
15.441,-4.26446659,0.036407952
15.4415,-4.26446659,0.03094676
15.442,-4.26446659,0.026304746
15.4425,-4.26446659,0.022359034
15.443,-4.26446659,0.019005179
15.4435,-4.26446659,0.016154402
15.444,-4.26446659,0.013731242
15.4445,-4.26446659,0.011671555
15.445,-4.26446659,0.009920822
15.4455,-4.26446659,0.008432699
15.446,-4.26446659,0.007167794
15.4465,-4.26446659,0.006092625
15.447,-4.26446659,0.005178731
15.4475,-4.26446659,0.004401921
15.448,-4.26446659,0.003741633
15.4485,-4.26446659,0.003180388
15.449,-4.26446659,0.00270333
15.4495,-4.26446659,0.002297831
15.45,-4.26446659,0.001953156
15.4505,-4.26446659,0.001660183
15.451,-4.26446659,0.001411155
15.4515,-4.26446659,0.001199482
15.452,-4.26446659,0.00101956
15.4525,-4.26446659,0.000866626
15.453,-4.26446659,0.000736632
15.4535,-4.26446659,0.000626137
15.454,-4.26446659,0.000532216
15.4545,-4.26446659,0.000452384
15.455,-4.26446659,0.000384526
15.4555,-4.26446659,0.000326847
15.456,-4.26446659,0.00027782
15.4565,-4.26446659,0.000236147
15.457,-4.26446659,0.000200725
15.4575,-4.26446659,0.000170616
15.458,-4.26446659,0.000145024
15.4585,-4.26446659,0.00012327
15.459,-4.26446659,0.00010478
15.4595,-4.26446659,8.90628E-05
15.46,-4.26446659,7.57034E-05
15.4605,-4.26446659,6.43479E-05
15.461,-4.26446659,5.46957E-05
15.4615,-4.26446659,4.64914E-05
15.462,-4.26446659,3.95177E-05
15.4625,-4.26446659,3.359E-05
15.463,-4.26446659,2.85515E-05
15.4635,-4.26446659,2.42688E-05
15.464,-4.26446659,2.06285E-05
15.4645,-4.26446659,1.75342E-05
15.465,-4.26446659,1.49041E-05
15.4655,-4.26446659,1.26685E-05
15.466,-4.26446659,1.07682E-05
15.4665,-4.26446659,9.15296E-06
15.467,-4.26446659,7.78001E-06
15.4675,-4.26446659,6.61301E-06
15.468,-4.26446659,5.62106E-06
15.4685,-4.26446659,4.7779E-06
15.469,-4.26446659,4.06122E-06
15.4695,-4.26446659,3.45203E-06
15.47,-4.26446659,2.93423E-06
15.4705,-4.26446659,2.49409E-06
15.471,-4.26446659,2.11998E-06
15.4715,-4.26446659,1.80198E-06
15.472,-4.267534552,-4.601940832
15.4725,-4.267534552,-3.911649707
15.473,-4.267534552,-3.324902251
15.4735,-4.267534552,-2.826166913
15.474,-4.267534552,-2.402241876
15.4745,-4.267534552,-2.041905595
15.475,-4.267534552,-1.735619756
15.4755,-4.267534552,-1.475276792
15.476,-4.267534552,-1.253985274
15.4765,-4.267534552,-1.065887482
15.477,-4.267534552,-0.90600436
15.4775,-4.267534552,-0.770103706
15.478,-4.267534552,-0.65458815
15.4785,-4.267534552,-0.556399928
15.479,-4.267534552,-0.472939939
15.4795,-4.267534552,-0.401998948
15.48,-4.267534552,-0.341699106
15.4805,-4.267534552,-0.29044424
15.481,-4.267534552,-0.246877604
15.4815,-4.267534552,-0.209845963
15.482,-4.267534552,-0.178369069
15.4825,-4.267534552,-0.151613708
15.483,-4.267534552,-0.128871652
15.4835,-4.267534552,-0.109540904
15.484,-4.267534552,-0.093109769
15.4845,-4.267534552,-0.079143303
15.485,-4.267534552,-0.067271808
15.4855,-4.267534552,-0.057181037
15.486,-4.267534552,-0.048603881
15.4865,-4.267534552,-0.041313299
15.487,-4.267534552,-0.035116304
15.4875,-4.270602513,-4.631791222
15.488,-4.270602513,-3.937022539
15.4885,-4.270602513,-3.346469158
15.489,-4.270602513,-2.844498784
15.4895,-4.270602513,-2.417823967
15.49,-4.270602513,-2.055150372
15.4905,-4.270602513,-1.746877816
15.491,-4.270602513,-1.484846144
15.4915,-4.270602513,-1.262119222
15.492,-4.270602513,-1.072801339
15.4925,-4.270602513,-0.911881138
15.493,-4.270602513,-0.775098967
15.4935,-4.270602513,-0.658834122
15.494,-4.270602513,-0.560009004
15.4945,-4.270602513,-0.476007653
15.495,-4.270602513,-0.404606505
15.4955,-4.270602513,-0.343915529
15.496,-4.270602513,-0.2923282
15.4965,-4.270602513,-0.24847897
15.497,-4.270602513,-0.211207125
15.4975,-4.270602513,-0.179526056
15.498,-4.270602513,-0.152597147
15.4985,-4.270602513,-0.129707575
15.499,-4.270602513,-0.110251439
15.4995,-4.270602513,-0.093713723
15.5,-4.270602513,-0.079656665
15.5005,-4.270602513,-0.067708165
15.501,-4.270602513,-0.05755194
15.5015,-4.270602513,-0.048919149
15.502,-4.270602513,-0.041581277
15.5025,-4.270602513,-0.035344085
15.503,-4.270602513,-0.030042473
15.5035,-4.270602513,-0.025536102
15.504,-4.270602513,-0.021705686
15.5045,-4.270602513,-0.018449833
15.505,-4.270602513,-0.015682358
15.5055,-4.270602513,-0.013330005
15.506,-4.270602513,-0.011330504
15.5065,-4.270602513,-0.009630928
15.507,-4.270602513,-0.008186289
15.5075,-4.270602513,-0.006958346
15.508,-4.270602513,-0.005914594
15.5085,-4.270602513,-0.005027405
15.509,-4.270602513,-0.004273294
15.5095,-4.270602513,-0.0036323
15.51,-4.270602513,-0.003087455
15.5105,-4.270602513,-0.002624337
15.511,-4.270602513,-0.002230686
15.5115,-4.270602513,-0.001896083
15.512,-4.270602513,-0.001611671
15.5125,-4.270602513,-0.00136992
15.513,-4.270602513,-0.001164432
15.5135,-4.270602513,-0.000989767
15.514,-4.270602513,-0.000841302
15.5145,-4.270602513,-0.000715107
15.515,-4.270602513,-0.000607841
15.5155,-4.270602513,-0.000516665
15.516,-4.270602513,-0.000439165
15.5165,-4.270602513,-0.00037329
15.517,-4.270602513,-0.000317297
15.5175,-4.270602513,-0.000269702
15.518,-4.270602513,-0.000229247
15.5185,-4.270602513,-0.00019486
15.519,-4.270602513,-0.000165631
15.5195,-4.273670475,-4.60208315
15.52,-4.273670475,-3.911770677
15.5205,-4.273670475,-3.325005076
15.521,-4.273670475,-2.826254314
15.5215,-4.273670475,-2.402316167
15.522,-4.273670475,-2.041968742
15.5225,-4.276738437,-6.337615795
15.523,-4.276738437,-5.386973425
15.5235,-4.276738437,-4.578927412
15.524,-4.276738437,-3.8920883
15.5245,-4.279806398,-7.910217418
15.525,-4.279806398,-6.723684806
15.5255,-4.279806398,-5.715132085
15.526,-4.279806398,-4.857862272
15.5265,-4.28287436,-8.731125295
15.527,-4.28287436,-7.421456501
15.5275,-4.285942321,-10.91018039
15.528,-4.285942321,-9.273653331
15.5285,-4.289010283,-12.48454769
15.529,-4.289010283,-10.61186554
15.5295,-4.292078245,-13.62202807
15.53,-4.295146206,-16.18066623
15.5305,-4.298214168,-18.35550866
15.531,-4.298214168,-15.60218236
15.5315,-4.301282129,-17.86379737
15.532,-4.304350091,-19.78617013
15.5325,-4.307418052,-21.42018697
15.533,-4.307418052,-18.20715893
15.5335,-4.310486014,-20.07802745
15.534,-4.313553976,-21.6682657
15.5345,-4.313553976,-18.41802584
15.535,-4.316621937,-20.25726433
15.5355,-4.316621937,-17.21867468
15.536,-4.319689899,-19.23781584
15.5365,-4.32275786,-20.95408583
15.537,-4.32275786,-17.81097295
15.5375,-4.32275786,-15.13932701
15.538,-4.325825822,-17.47037032
15.5385,-4.325825822,-14.84981477
15.539,-4.328893783,-17.22428492
15.5395,-4.328893783,-14.64064218
15.54,-4.331961745,-17.04648822
15.5405,-4.331961745,-14.48951499
15.541,-4.331961745,-12.31608774
15.5415,-4.335029707,-15.07061694
15.542,-4.335029707,-12.8100244
15.5425,-4.335029707,-10.88852074
15.543,-4.338097668,-13.85718499
15.5435,-4.338097668,-11.77860724
15.544,-4.338097668,-10.01181616
15.5445,-4.338097668,-8.510043734
15.545,-4.34116563,-11.83547954
15.5455,-4.34116563,-10.06015761
15.546,-4.34116563,-8.551133966
15.5465,-4.34116563,-7.268463871
15.547,-4.344233591,-10.78013665
15.5475,-4.344233591,-9.163116156
15.548,-4.344233591,-7.788648732
15.5485,-4.344233591,-6.620351423
15.549,-4.347301553,-10.22924107
15.5495,-4.347301553,-8.694854912
15.55,-4.347301553,-7.390626675
15.5505,-4.347301553,-6.282032674
15.551,-4.350369514,-9.941670136
15.5515,-4.350369514,-8.450419616
15.552,-4.350369514,-7.182856674
15.5525,-4.353437476,-10.70737054
15.553,-4.353437476,-9.101264956
15.5535,-4.353437476,-7.736075212
15.554,-4.353437476,-6.575663931
15.5545,-4.356505438,-10.1912567
15.555,-4.356505438,-8.662568199
15.5555,-4.356505438,-7.363182969
15.556,-4.359573399,-10.86064789
15.5565,-4.359573399,-9.231550704
15.557,-4.359573399,-7.846818099
15.5575,-4.359573399,-6.669795384
15.558,-4.362641361,-10.27126844
15.5585,-4.362641361,-8.730578174
15.559,-4.362641361,-7.420991448
15.5595,-4.365709322,-10.90978509
15.56,-4.365709322,-9.27331733
15.5605,-4.365709322,-7.882319731
15.561,-4.368777284,-11.30191413
15.5615,-4.368777284,-9.606627015
15.562,-4.368777284,-8.165632962
15.5625,-4.368777284,-6.940788018
15.563,-4.371845245,-10.50161218
15.5635,-4.371845245,-8.926370352
15.564,-4.371845245,-7.587414799
15.5645,-4.374913207,-11.05124494
15.565,-4.374913207,-9.393558202
15.5655,-4.374913207,-7.984524471
15.566,-4.377981169,-11.38878816
15.5665,-4.377981169,-9.68046994
15.567,-4.377981169,-8.228399449
15.5675,-4.38104913,-11.5960819
15.568,-4.38104913,-9.856669611
15.5685,-4.38104913,-8.378169169
15.569,-4.384117092,-11.72338616
15.5695,-4.384117092,-9.964878234
15.57,-4.384117092,-8.470146499
15.5705,-4.387185053,-11.80156689
15.571,-4.387185053,-10.03133185
15.5715,-4.387185053,-8.526632076
15.572,-4.387185053,-7.247637265
15.5725,-4.390253015,-10.76243404
15.573,-4.390253015,-9.148068933
15.5735,-4.390253015,-7.775858593
15.574,-4.393320977,-11.21142217
15.5745,-4.393320977,-9.529708843
15.575,-4.393320977,-8.100252516
15.5755,-4.396388938,-11.487157
15.576,-4.396388938,-9.764083452
15.5765,-4.396388938,-8.299470934
15.577,-4.396388938,-7.054550294
15.5775,-4.3994569,-10.59831011
15.578,-4.3994569,-9.008563597
15.5785,-4.3994569,-7.657279057
15.579,-4.3994569,-6.508687199
15.5795,-4.402524861,-10.13432648
15.58,-4.402524861,-8.61417751
15.5805,-4.402524861,-7.322050884
15.581,-4.402524861,-6.223743251
15.5815,-4.405592823,-9.892124127
15.582,-4.405592823,-8.408305508
15.5825,-4.405592823,-7.147059682
15.583,-4.405592823,-6.07500073
15.5835,-4.408660784,-9.765692984
15.584,-4.408660784,-8.300839036
15.5845,-4.408660784,-7.055713181
15.585,-4.408660784,-5.997356204
15.5855,-4.411728746,-9.699695137
15.586,-4.411728746,-8.244740866
15.5865,-4.411728746,-7.008029736
15.587,-4.411728746,-5.956825276
15.5875,-4.411728746,-5.063301484
15.588,-4.414796708,-8.905748625
15.5885,-4.414796708,-7.569886332
15.589,-4.414796708,-6.434403382
15.5895,-4.414796708,-5.469242875
15.59,-4.417864669,-9.250798807
15.5905,-4.417864669,-7.863178986
15.591,-4.417864669,-6.683702138
15.5915,-4.417864669,-5.681146817
15.592,-4.420932631,-9.430917158
15.5925,-4.420932631,-8.016279585
15.593,-4.420932631,-6.813837647
15.5935,-4.424000592,-10.39370436
15.594,-4.424000592,-8.834648709
15.5945,-4.424000592,-7.509451403
15.595,-4.427068554,-10.98497606
15.5955,-4.427068554,-9.337229648
15.596,-4.427068554,-7.9366452
15.5965,-4.430136515,-11.34809078
15.597,-4.430136515,-9.645877166
15.5975,-4.430136515,-8.198995591
15.598,-4.433204477,-11.57108862
15.5985,-4.433204477,-9.835425324
15.599,-4.433204477,-8.360111525
15.5995,-4.436272439,-11.70803716
15.6,-4.436272439,-9.951831586
15.6005,-4.4393404,-13.06099921
15.601,-4.4393404,-11.10184933
15.6015,-4.442408362,-14.03851429
15.602,-4.442408362,-11.93273715
15.6025,-4.445476323,-14.74476894
15.603,-4.445476323,-12.5330536
15.6035,-4.445476323,-10.65309556
15.604,-4.448544285,-13.65707359
15.6045,-4.448544285,-11.60851255
15.605,-4.451612246,-14.46917803
15.6055,-4.451612246,-12.29880133
15.606,-4.454680208,-15.05592349
15.6065,-4.454680208,-12.79753497
15.607,-4.45774817,-15.47984709
15.6075,-4.45774817,-13.15787002
15.608,-4.460816131,-15.78613188
15.6085,-4.460816131,-13.4182121
15.609,-4.463884093,-16.00742265
15.6095,-4.463884093,-13.60630925
15.61,-4.466952054,-16.16730523
15.6105,-4.466952054,-13.74220944
15.611,-4.470020016,-16.28282039
15.6115,-4.470020016,-13.84039733
15.612,-4.473087977,-16.3662801
15.6125,-4.473087977,-13.91133808
15.613,-4.476155939,-16.42657973
15.6135,-4.476155939,-13.96259277
15.614,-4.479223901,-16.47014622
15.6145,-4.482291862,-18.60156665
15.615,-4.482291862,-15.81133165
15.6155,-4.485359824,-18.04157427
15.616,-4.485359824,-15.33533813
15.6165,-4.488427785,-17.63697977
15.617,-4.488427785,-14.99143281
15.6175,-4.491495747,-17.34466025
15.618,-4.494563709,-19.34490358
15.6185,-4.494563709,-16.44316804
15.619,-4.49763167,-18.5786352
15.6195,-4.49763167,-15.79183992
15.62,-4.500699632,-18.02500629
15.6205,-4.500699632,-15.32125535
15.621,-4.500699632,-13.02306705
15.6215,-4.503767593,-15.67154935
15.622,-4.503767593,-13.32081695
15.6225,-4.506835555,-15.92463677
15.623,-4.509903516,-18.13788362
15.6235,-4.509903516,-15.41720108
15.624,-4.512971478,-17.70656328
15.6245,-4.512971478,-15.05057879
15.625,-4.51603944,-17.39493433
15.6255,-4.519107401,-19.38763655
15.626,-4.519107401,-16.47949106
15.6265,-4.522175363,-18.60950977
15.627,-4.522175363,-15.8180833
15.6275,-4.525243324,-18.04731317
15.628,-4.525243324,-15.3402162
15.6285,-4.528311286,-17.64112613
15.629,-4.528311286,-14.99495721
15.6295,-4.531379247,-17.34765599
15.63,-4.534447209,-19.34744996
15.6305,-4.534447209,-16.44533246
15.631,-4.537515171,-18.58047496
15.6315,-4.537515171,-15.79340371
15.632,-4.540583132,-18.02633552
15.6325,-4.543651094,-19.92432756
15.633,-4.543651094,-16.93567842
15.6335,-4.546719055,-18.99726902
15.634,-4.546719055,-16.14767867
15.6345,-4.549787017,-18.32746923
15.635,-4.549787017,-15.57834885
15.6355,-4.552854978,-17.84353888
15.636,-4.55592294,-19.76895042
15.6365,-4.55592294,-16.80360785
15.637,-4.558990902,-18.88500904
15.6375,-4.558990902,-16.05225768
15.638,-4.562058863,-18.24636139
15.6385,-4.562058863,-15.50940719
15.639,-4.565126825,-17.78493847
15.6395,-4.568194786,-19.71914006
15.64,-4.568194786,-16.76126905
15.6405,-4.571262748,-18.84902106
15.641,-4.574330709,-20.62361026
15.6415,-4.574330709,-17.53006872
15.642,-4.577398671,-19.50250078
15.6425,-4.577398671,-16.57712566
15.643,-4.580466633,-18.69249918
15.6435,-4.580466633,-15.8886243
15.644,-4.583534594,-18.10727302
15.6445,-4.586602556,-19.99312443
15.645,-4.586602556,-16.99415577
15.6455,-4.589670517,-19.04697476
15.646,-4.589670517,-16.18992855
15.6465,-4.592738479,-18.36338163
15.647,-4.592738479,-15.60887439
15.6475,-4.595806441,-17.86948559
15.648,-4.595806441,-15.18906275
15.6485,-4.598874402,-17.5126457
15.649,-4.601942364,-19.48769121
15.6495,-4.601942364,-16.56453753
15.65,-4.601942364,-14.0798569
15.6505,-4.605010325,-16.56982073
15.651,-4.608078287,-18.68628998
15.6515,-4.608078287,-15.88334649
15.652,-4.611146248,-18.10278688
15.6525,-4.611146248,-15.38736885
15.653,-4.61421421,-17.68120588
15.6535,-4.61421421,-15.029025
15.654,-4.617282172,-17.37661361
15.6545,-4.617282172,-14.77012157
15.655,-4.620350133,-17.1565457
15.6555,-4.620350133,-14.58306384
15.656,-4.623418095,-16.99754663
15.6565,-4.623418095,-14.44791464
15.657,-4.626486056,-16.8826698
15.6575,-4.626486056,-14.35026933
15.658,-4.626486056,-12.19772893
15.6585,-4.629554018,-14.97001196
15.659,-4.629554018,-12.72451016
15.6595,-4.632621979,-15.417776
15.66,-4.632621979,-13.1051096
15.6605,-4.635689941,-15.74128553
15.661,-4.635689941,-13.3800927
15.6615,-4.638757903,-15.97502116
15.662,-4.638757903,-13.57876798
15.6625,-4.638757903,-11.54195279
15.663,-4.641825864,-14.41260223
15.6635,-4.641825864,-12.2507119
15.664,-4.644893826,-15.01504748
15.6645,-4.644893826,-12.76279035
15.665,-4.647961787,-15.45031416
15.6655,-4.647961787,-13.13276704
15.666,-4.647961787,-11.16285198
15.6665,-4.651029749,-14.09036655
15.667,-4.651029749,-11.97681157
15.6675,-4.65409771,-14.7822322
15.668,-4.65409771,-12.56489737
15.6685,-4.65409771,-10.68016276
15.669,-4.657165672,-13.68008071
15.6695,-4.657165672,-11.6280686
15.67,-4.660233634,-14.48580068
15.6705,-4.660233634,-12.31293058
15.671,-4.660233634,-10.46599099
15.6715,-4.663301595,-13.4980347
15.672,-4.663301595,-11.4733295
15.6725,-4.666369557,-14.35427244
15.673,-4.666369557,-12.20113157
15.6735,-4.666369557,-10.37096184
15.674,-4.669437518,-13.41725992
15.6745,-4.669437518,-11.40467094
15.675,-4.67250548,-14.29591266
15.6755,-4.67250548,-12.15152576
15.676,-4.675573441,-14.93073926
15.6765,-4.675573441,-12.69112837
15.677,-4.675573441,-10.78745912
15.6775,-4.678641403,-13.77128261
15.678,-4.678641403,-11.70559022
15.6785,-4.681709365,-14.55169405
15.679,-4.681709365,-12.36893994
15.6795,-4.684777326,-15.11554132
15.68,-4.684777326,-12.84821012
15.6805,-4.684777326,-10.9209786
15.681,-4.687845288,-13.88477417
15.6815,-4.687845288,-11.80205805
15.682,-4.690913249,-14.6336917
15.6825,-4.690913249,-12.43863795
15.683,-4.693981211,-15.17478462
15.6835,-4.693981211,-12.89856693
15.684,-4.697049173,-15.56572425
15.6845,-4.697049173,-13.23086561
15.685,-4.697049173,-11.24623577
15.6855,-4.700117134,-14.16124277
15.686,-4.700117134,-12.03705635
15.6865,-4.703185096,-14.83344026
15.687,-4.703185096,-12.60842423
15.6875,-4.706253057,-15.31910295
15.688,-4.706253057,-13.02123751
15.6885,-4.706253057,-11.06805188
15.689,-4.709321019,-14.00978647
15.6895,-4.709321019,-11.9083185
15.69,-4.71238898,-14.72401309
15.6905,-4.71238898,-12.51541112
15.691,-4.715456942,-15.24004182
15.6915,-4.715456942,-12.95403555
15.692,-4.718524904,-15.61287258
15.6925,-4.718524904,-13.27094169
15.693,-4.721592865,-15.8822428
15.6935,-4.721592865,-13.49990638
15.694,-4.721592865,-11.47492042
15.6945,-4.724660827,-14.35562472
15.695,-4.724660827,-12.20228101
15.6955,-4.727728788,-14.97388123
15.696,-4.727728788,-12.72779904
15.6965,-4.73079675,-15.42057155
15.697,-4.73079675,-13.10748582
15.6975,-4.733864711,-15.74330531
15.698,-4.733864711,-13.38180951
15.6985,-4.736932673,-15.97648045
15.699,-4.736932673,-13.58000838
15.6995,-4.740000635,-16.14494949
15.7,-4.740000635,-13.72320706
15.7005,-4.743068596,-16.26666837
15.701,-4.743068596,-13.82666811
15.7015,-4.746136558,-16.35461026
15.702,-4.746136558,-13.90141872
15.7025,-4.749204519,-16.41814828
15.703,-4.749204519,-13.95542604
15.7035,-4.749204519,-11.86211213
15.704,-4.752272481,-14.68473767
15.7045,-4.752272481,-12.48202702
15.705,-4.755340442,-15.21166533
15.7055,-4.755340442,-12.92991553
15.706,-4.758408404,-15.59237057
15.7065,-4.758408404,-13.25351498
15.707,-4.761476366,-15.8674301
15.7075,-4.761476366,-13.48731558
15.708,-4.764544327,-16.06616061
15.7085,-4.764544327,-13.65623652
15.709,-4.767612289,-16.2097434
15.7095,-4.77068025,-18.38022426
15.71,-4.77068025,-15.62319062
15.7105,-4.77068025,-13.27971203
15.711,-4.773748212,-15.88969759
15.7115,-4.773748212,-13.50624295
15.712,-4.776816173,-16.08224887
15.7125,-4.779884135,-18.2718539
15.713,-4.779884135,-15.53107582
15.7135,-4.782952097,-17.80335681
15.714,-4.782952097,-15.13285329
15.7145,-4.782952097,-12.86292529
15.715,-4.786020058,-15.53542886
15.7155,-4.786020058,-13.20511453
15.716,-4.78908802,-15.82628972
15.7165,-4.78908802,-13.45234626
15.717,-4.792155981,-16.03643668
15.7175,-4.792155981,-13.63097118
15.718,-4.795223943,-16.18826787
15.7185,-4.795223943,-13.76002769
15.719,-4.798291905,-16.2979659
15.7195,-4.798291905,-13.85327101
15.72,-4.798291905,-11.77528036
15.7205,-4.801359866,-14.61093067
15.721,-4.801359866,-12.41929107
15.7215,-4.804427828,-15.15833977
15.722,-4.804427828,-12.88458881
15.7225,-4.807495789,-15.55384285
15.723,-4.807495789,-13.22076642
15.7235,-4.807495789,-11.23765146
15.724,-4.810563751,-14.1539461
15.7245,-4.810563751,-12.03085419
15.725,-4.810563751,-10.22622606
15.7255,-4.813631712,-13.29423451
15.726,-4.813631712,-11.30009934
15.7265,-4.816699674,-14.2070268
15.727,-4.816699674,-12.07597278
15.7275,-4.816699674,-10.26457686
15.728,-4.819767636,-13.3268327
15.7285,-4.819767636,-11.32780779
15.729,-4.822835597,-14.23057899
15.7295,-4.822835597,-12.09599214
15.73,-4.822835597,-10.28159332
15.7305,-4.825903559,-13.34129668
15.731,-4.825903559,-11.34010218
15.7315,-4.82897152,-14.24102922
15.732,-4.82897152,-12.10487484
15.7325,-4.82897152,-10.28914361
15.733,-4.832039482,-13.34771443
15.7335,-4.832039482,-11.34555727
15.734,-4.835107443,-14.24566604
15.7345,-4.835107443,-12.10881613
15.735,-4.835107443,-10.29249371
15.7355,-4.838175405,-13.35056202
15.736,-4.838175405,-11.34797772
15.7365,-4.841243367,-14.24772342
15.737,-4.841243367,-12.11056491
15.7375,-4.844311328,-14.89592254
15.738,-4.844311328,-12.66153416
15.7385,-4.844311328,-10.76230403
15.739,-4.84737929,-13.74990079
15.7395,-4.84737929,-11.68741567
15.74,-4.850447251,-14.53624569
15.7405,-4.850447251,-12.35580883
15.741,-4.850447251,-10.50243751
15.7415,-4.853515213,-13.52901425
15.742,-4.853515213,-11.49966211
15.7425,-4.856583174,-14.37665516
15.743,-4.856583174,-12.22015688
15.7435,-4.859651136,-14.98907571
15.744,-4.859651136,-12.74071436
15.7445,-4.859651136,-10.8296072
15.745,-4.862719098,-13.80710849
15.7455,-4.862719098,-11.73604221
15.746,-4.865787059,-14.57757825
15.7465,-4.865787059,-12.39094151
15.747,-4.868855021,-15.13424265
15.7475,-4.868855021,-12.86410625
15.748,-4.871922982,-15.53643268
15.7485,-4.871922982,-13.20596777
15.749,-4.871922982,-11.22507261
15.7495,-4.874990944,-14.14325408
15.75,-4.874990944,-12.02176597
15.7505,-4.878058905,-14.82044344
15.751,-4.878058905,-12.59737692
15.7515,-4.881126867,-15.30971275
15.752,-4.881126867,-13.01325583
15.7525,-4.884194829,-15.66320982
15.753,-4.884194829,-13.31372835
15.7535,-4.884194829,-11.3166691
15.754,-4.88726279,-14.2211111
15.7545,-4.88726279,-12.08794443
15.755,-4.890330752,-14.87669513
15.7555,-4.890330752,-12.64519086
15.756,-4.890330752,-10.74841223
15.7565,-4.893398713,-13.73809276
15.757,-4.893398713,-11.67737885
15.7575,-4.896466675,-14.52771438
15.758,-4.896466675,-12.34855723
15.7585,-4.896466675,-10.49627364
15.759,-4.899534637,-13.52377496
15.7595,-4.899534637,-11.49520872
15.76,-4.902602598,-14.37286977
15.7605,-4.902602598,-12.21693931
15.761,-4.902602598,-10.38439841
15.7615,-4.90567056,-13.42868101
15.762,-4.90567056,-11.41437886
15.7625,-4.908738521,-14.3041644
15.763,-4.908738521,-12.15853974
15.7635,-4.908738521,-10.33475878
15.764,-4.911806483,-13.38648732
15.7645,-4.911806483,-11.37851422
15.765,-4.911806483,-9.671737091
15.7655,-4.914874444,-12.82291889
15.766,-4.914874444,-10.89948106
15.7665,-4.914874444,-9.264558899
15.767,-4.917942406,-12.47681743
15.7675,-4.917942406,-10.60529481
15.768,-4.917942406,-9.014500591
15.7685,-4.921010368,-12.26426787
15.769,-4.921010368,-10.42462769
15.7695,-4.921010368,-8.860933533
15.77,-4.921010368,-7.531793503
15.7705,-4.924078329,-11.00396684
15.771,-4.924078329,-9.353371815
15.7715,-4.924078329,-7.950366043
15.772,-4.927146291,-11.3597535
15.7725,-4.927146291,-9.655790475
15.773,-4.927146291,-8.207421904
15.7735,-4.930214252,-11.57825098
15.774,-4.930214252,-9.841513335
15.7745,-4.930214252,-8.365286334
15.775,-4.930214252,-7.110493384
15.7755,-4.933282214,-10.64586174
15.776,-4.933282214,-9.048982479
15.7765,-4.933282214,-7.691635107
15.777,-4.933282214,-6.537889841
15.7775,-4.936350175,-10.15914873
15.778,-4.936350175,-8.635276419
15.7785,-4.936350175,-7.339984957
15.779,-4.936350175,-6.238987213
15.7795,-4.936350175,-5.303139131
15.78,-4.939418137,-9.109610625
15.7805,-4.939418137,-7.743169031
15.781,-4.939418137,-6.581693677
15.7815,-4.939418137,-5.594439625
15.782,-4.939418137,-4.755273681
15.7825,-4.942486099,-8.643924993
15.783,-4.942486099,-7.347336244
15.7835,-4.942486099,-6.245235807
15.784,-4.942486099,-5.308450436
15.7845,-4.942486099,-4.512182871
15.785,-4.94555406,-8.437297804
15.7855,-4.94555406,-7.171703133
15.786,-4.94555406,-6.095947663
15.7865,-4.94555406,-5.181555514
15.787,-4.94555406,-4.404322187
15.7875,-4.94555406,-3.743673859
15.788,-4.948622022,-7.784065144
15.7885,-4.948622022,-6.616455372
15.789,-4.948622022,-5.623987066
15.7895,-4.948622022,-4.780389006
15.79,-4.948622022,-4.063330655
15.7905,-4.948622022,-3.453831057
15.791,-4.951689983,-7.537698762
15.7915,-4.951689983,-6.407043948
15.792,-4.951689983,-5.445987356
15.7925,-4.951689983,-4.629089252
15.793,-4.951689983,-3.934725864
15.7935,-4.951689983,-3.344516985
15.794,-4.951689983,-2.842839437
15.7945,-4.951689983,-2.416413522
15.795,-4.951689983,-2.053951493
15.7955,-4.954757945,-6.347801133
15.796,-4.954757945,-5.395630963
15.7965,-4.954757945,-4.586286319
15.797,-4.954757945,-3.898343371
15.7975,-4.954757945,-3.313591865
15.798,-4.954757945,-2.816553085
15.7985,-4.954757945,-2.394070123
15.799,-4.954757945,-2.034959604
15.7995,-4.954757945,-1.729715664
15.8,-4.954757945,-1.470258314
15.8005,-4.954757945,-1.249719567
15.801,-4.957825906,-5.664203996
15.8015,-4.957825906,-4.814573396
15.802,-4.957825906,-4.092387387
15.8025,-4.957825906,-3.478529279
15.803,-4.957825906,-2.956749887
15.8035,-4.957825906,-2.513237404
15.804,-4.957825906,-2.136251793
15.8045,-4.957825906,-1.815814024
15.805,-4.957825906,-1.543441921
15.8055,-4.957825906,-1.311925633
15.806,-4.957825906,-1.115136788
15.8065,-4.957825906,-0.94786627
15.807,-4.957825906,-0.805686329
15.8075,-4.957825906,-0.68483338
15.808,-4.957825906,-0.582108373
15.8085,-4.960893868,-5.096734481
15.809,-4.960893868,-4.332224308
15.8095,-4.960893868,-3.682390662
15.81,-4.960893868,-3.130032063
15.8105,-4.960893868,-2.660527253
15.811,-4.960893868,-2.261448165
15.8115,-4.960893868,-1.922230941
15.812,-4.960893868,-1.6338963
15.8125,-4.960893868,-1.388811855
15.813,-4.960893868,-1.180490076
15.8135,-4.960893868,-1.003416565
15.814,-4.960893868,-0.85290408
15.8145,-4.960893868,-0.724968468
15.815,-4.960893868,-0.616223198
15.8155,-4.960893868,-0.523789718
15.816,-4.960893868,-0.445221261
15.8165,-4.960893868,-0.378438071
15.817,-4.960893868,-0.321672361
15.8175,-4.960893868,-0.273421507
15.818,-4.960893868,-0.232408281
15.8185,-4.960893868,-0.197547039
15.819,-4.960893868,-0.167914983
15.8195,-4.960893868,-0.142727735
15.82,-4.96396183,-4.723260939
15.8205,-4.96396183,-4.014771798
15.821,-4.96396183,-3.412556028
15.8215,-4.96396183,-2.900672624
15.822,-4.96396183,-2.46557173
15.8225,-4.96396183,-2.095735971
15.823,-4.96396183,-1.781375575
15.8235,-4.96396183,-1.514169239
15.824,-4.96396183,-1.287043853
15.8245,-4.96396183,-1.093987275
15.825,-4.96396183,-0.929889184
15.8255,-4.96396183,-0.790405806
15.826,-4.96396183,-0.671844935
15.8265,-4.96396183,-0.571068195
15.827,-4.96396183,-0.485407966
15.8275,-4.96396183,-0.412596771
15.828,-4.96396183,-0.350707255
15.8285,-4.967029791,-4.900043531
15.829,-4.967029791,-4.165037001
15.8295,-4.967029791,-3.540281451
15.83,-4.967029791,-3.009239233
15.8305,-4.967029791,-2.557853348
15.831,-4.967029791,-2.174175346
15.8315,-4.967029791,-1.848049044
15.832,-4.967029791,-1.570841688
15.8325,-4.967029791,-1.335215434
15.833,-4.967029791,-1.134933119
15.8335,-4.967029791,-0.964693151
15.834,-4.967029791,-0.819989179
15.8345,-4.967029791,-0.696990802
15.835,-4.967029791,-0.592442182
15.8355,-4.967029791,-0.503575854
15.836,-4.967029791,-0.428039476
15.8365,-4.967029791,-0.363833555
15.837,-4.967029791,-0.309258522
15.8375,-4.967029791,-0.262869743
15.838,-4.967029791,-0.223439282
15.8385,-4.967029791,-0.18992339
15.839,-4.967029791,-0.161434881
15.8395,-4.967029791,-0.137219649
15.84,-4.967029791,-0.116636702
15.8405,-4.967029791,-0.099141196
15.841,-4.967029791,-0.084270017
15.8415,-4.967029791,-0.071629514
15.842,-4.967029791,-0.060885087
15.8425,-4.970097753,-4.653694688
15.843,-4.970097753,-3.955640485
15.8435,-4.970097753,-3.362294412
15.844,-4.970097753,-2.85795025
15.8445,-4.970097753,-2.429257713
15.845,-4.970097753,-2.064869056
15.8455,-4.970097753,-1.755138697
15.846,-4.970097753,-1.491867893
15.8465,-4.970097753,-1.268087709
15.847,-4.970097753,-1.077874553
15.8475,-4.970097753,-0.91619337
15.848,-4.970097753,-0.778764364
15.8485,-4.970097753,-0.66194971
15.849,-4.970097753,-0.562657253
15.8495,-4.970097753,-0.478258665
15.85,-4.970097753,-0.406519865
15.8505,-4.970097753,-0.345541886
15.851,-4.970097753,-0.293710603
15.8515,-4.970097753,-0.249654012
15.852,-4.970097753,-0.21220591
15.8525,-4.970097753,-0.180375024
15.853,-4.970097753,-0.15331877
15.8535,-4.970097753,-0.130320955
15.854,-4.970097753,-0.110772812
15.8545,-4.970097753,-0.09415689
15.855,-4.970097753,-0.080033356
15.8555,-4.970097753,-0.068028353
15.856,-4.970097753,-0.0578241
15.8565,-4.970097753,-0.049150485
15.857,-4.970097753,-0.041777912
15.8575,-4.970097753,-0.035511225
15.858,-4.970097753,-0.030184542
15.8585,-4.970097753,-0.02565686
15.859,-4.970097753,-0.021808331
15.8595,-4.970097753,-0.018537082
15.86,-4.970097753,-0.015756519
15.8605,-4.970097753,-0.013393041
15.861,-4.970097753,-0.011384085
15.8615,-4.970097753,-0.009676472
15.862,-4.970097753,-0.008225002
15.8625,-4.970097753,-0.006991251
15.863,-4.970097753,-0.005942564
15.8635,-4.970097753,-0.005051179
15.864,-4.970097753,-0.004293502
15.8645,-4.970097753,-0.003649477
15.865,-4.970097753,-0.003102055
15.8655,-4.970097753,-0.002636747
15.866,-4.970097753,-0.002241235
15.8665,-4.970097753,-0.00190505
15.867,-4.970097753,-0.001619292
15.8675,-4.970097753,-0.001376398
15.868,-4.970097753,-0.001169939
15.8685,-4.970097753,-0.000994448
15.869,-4.970097753,-0.000845281
15.8695,-4.970097753,-0.000718489
15.87,-4.970097753,-0.000610715
15.8705,-4.970097753,-0.000519108
15.871,-4.970097753,-0.000441242
15.8715,-4.970097753,-0.000375056
15.872,-4.970097753,-0.000318797
15.8725,-4.970097753,-0.000270978
15.873,-4.970097753,-0.000230331
15.8735,-4.970097753,-0.000195781
15.874,-4.970097753,-0.000166414
15.8745,-4.970097753,-0.000141452
15.875,-4.970097753,-0.000120234
15.8755,-4.970097753,-0.000102199
15.876,-4.970097753,-8.68692E-05
15.8765,-4.970097753,-7.38388E-05
15.877,-4.970097753,-6.2763E-05
15.8775,-4.967029791,4.601889015
15.878,-4.967029791,3.911605663
15.8785,-4.967029791,3.324864813
15.879,-4.967029791,2.826135091
15.8795,-4.967029791,2.402214828
15.88,-4.967029791,2.041882604
15.8805,-4.967029791,1.735600213
15.881,-4.967029791,1.475260181
15.8815,-4.967029791,1.253971154
15.882,-4.967029791,1.065875481
15.8825,-4.967029791,0.905994159
15.883,-4.967029791,0.770095035
15.8835,-4.967029791,0.65458078
15.884,-4.967029791,0.556393663
15.8845,-4.967029791,0.472934613
15.885,-4.967029791,0.401994421
15.8855,-4.967029791,0.341695258
15.886,-4.967029791,0.290440969
15.8865,-4.967029791,0.246874824
15.887,-4.967029791,0.2098436
15.8875,-4.967029791,0.17836706
15.888,-4.967029791,0.151612001
15.8885,-4.967029791,0.128870201
15.889,-4.967029791,0.109539671
15.8895,-4.967029791,0.09310872
15.89,-4.967029791,0.079142412
15.8905,-4.967029791,0.06727105
15.891,-4.967029791,0.057180393
15.8915,-4.967029791,0.048603334
15.892,-4.967029791,0.041312834
15.8925,-4.96396183,4.637058272
15.893,-4.96396183,3.941499532
15.8935,-4.96396183,3.350274602
15.894,-4.96396183,2.847733412
15.8945,-4.96396183,2.4205734
15.895,-4.96396183,2.05748739
15.8955,-4.96396183,1.748864281
15.896,-4.96396183,1.486534639
15.8965,-4.96396183,1.263554443
15.897,-4.96396183,1.074021277
15.8975,-4.96396183,0.912918085
15.898,-4.96396183,0.775980372
15.8985,-4.96396183,0.659583317
15.899,-4.96396183,0.560645819
15.8995,-4.96396183,0.476548946
15.9,-4.96396183,0.405066604
15.9005,-4.96396183,0.344306614
15.901,-4.960893868,4.894602985
15.9015,-4.960893868,4.160412537
15.902,-4.960893868,3.536350657
15.9025,-4.960893868,3.005898058
15.903,-4.960893868,2.55501335
15.9035,-4.960893868,2.171761347
15.904,-4.960893868,1.845997145
15.9045,-4.960893868,1.569097573
15.905,-4.960893868,1.333732937
15.9055,-4.960893868,1.133672997
15.906,-4.960893868,0.963622047
15.9065,-4.960893868,0.81907874
15.907,-4.960893868,0.696216929
15.9075,-4.960893868,0.59178439
15.908,-4.960893868,0.503016731
15.9085,-4.960893868,0.427564222
15.909,-4.957825906,4.965371952
15.9095,-4.957825906,4.220566159
15.91,-4.957825906,3.587481235
15.9105,-4.957825906,3.04935905
15.911,-4.957825906,2.591955193
15.9115,-4.957825906,2.203161914
15.912,-4.957825906,1.872687627
15.9125,-4.957825906,1.591784483
15.913,-4.957825906,1.35301681
15.9135,-4.957825906,1.150064289
15.914,-4.957825906,0.977554645
15.9145,-4.957825906,0.830921449
15.915,-4.957825906,0.706283231
15.9155,-4.957825906,0.600340747
15.916,-4.954757945,5.112231998
15.9165,-4.954757945,4.345397199
15.917,-4.954757945,3.693587619
15.9175,-4.954757945,3.139549476
15.918,-4.954757945,2.668617055
15.9185,-4.954757945,2.268324496
15.919,-4.954757945,1.928075822
15.9195,-4.954757945,1.638864449
15.92,-4.954757945,1.393034781
15.9205,-4.954757945,1.184079564
15.921,-4.954757945,1.00646763
15.9215,-4.954757945,0.855497485
15.922,-4.954757945,0.727172862
15.9225,-4.954757945,0.618096933
15.923,-4.954757945,0.525382393
15.9235,-4.951689983,5.048517398
15.924,-4.951689983,4.291239788
15.9245,-4.951689983,3.64755382
15.925,-4.951689983,3.100420747
15.9255,-4.951689983,2.635357635
15.926,-4.951689983,2.24005399
15.9265,-4.951689983,1.904045891
15.927,-4.951689983,1.618439008
15.9275,-4.951689983,1.375673156
15.928,-4.951689983,1.169322183
15.9285,-4.951689983,0.993923855
15.929,-4.951689983,0.844835277
15.9295,-4.951689983,0.718109986
15.93,-4.948622022,5.212335851
15.9305,-4.948622022,4.430485474
15.931,-4.948622022,3.765912653
15.9315,-4.948622022,3.201025755
15.932,-4.948622022,2.720871892
15.9325,-4.948622022,2.312741108
15.933,-4.948622022,1.965829942
15.9335,-4.948622022,1.67095545
15.934,-4.948622022,1.420312133
15.9345,-4.948622022,1.207265313
15.935,-4.948622022,1.026175516
15.9355,-4.948622022,0.872249189
15.936,-4.948622022,0.74141181
15.9365,-4.94555406,5.232142402
15.937,-4.94555406,4.447321042
15.9375,-4.94555406,3.780222886
15.938,-4.94555406,3.213189453
15.9385,-4.94555406,2.731211035
15.939,-4.94555406,2.32152938
15.9395,-4.94555406,1.973299973
15.94,-4.94555406,1.677304977
15.9405,-4.94555406,1.42570923
15.941,-4.94555406,1.211852846
15.9415,-4.94555406,1.030074919
15.942,-4.94555406,0.875563681
15.9425,-4.94555406,0.744229129
15.943,-4.94555406,0.63259476
15.9435,-4.942486099,5.139647909
15.944,-4.942486099,4.368700723
15.9445,-4.942486099,3.713395614
15.945,-4.942486099,3.156386272
15.9455,-4.942486099,2.682928331
15.946,-4.942486099,2.280489082
15.9465,-4.942486099,1.938415719
15.947,-4.942486099,1.647653362
15.9475,-4.942486099,1.400505357
15.948,-4.942486099,1.190429554
15.9485,-4.942486099,1.011865121
15.949,-4.942486099,0.860085353
15.9495,-4.942486099,0.73107255
15.95,-4.942486099,0.621411667
15.9505,-4.942486099,0.528199917
15.951,-4.942486099,0.44896993
15.9515,-4.942486099,0.38162444
15.952,-4.942486099,0.324380774
15.9525,-4.942486099,0.275723658
15.953,-4.939418137,4.836307473
15.9535,-4.939418137,4.110861352
15.954,-4.939418137,3.494232149
15.9545,-4.939418137,2.970097327
15.955,-4.939418137,2.524582728
15.9555,-4.939418137,2.145895319
15.956,-4.939418137,1.824011021
15.9565,-4.939418137,1.550409368
15.957,-4.939418137,1.317847963
15.9575,-4.939418137,1.120170768
15.958,-4.939418137,0.952145153
15.9585,-4.939418137,0.80932338
15.959,-4.939418137,0.687924873
15.9595,-4.939418137,0.584736142
15.96,-4.939418137,0.497025721
15.9605,-4.939418137,0.422471863
15.961,-4.939418137,0.359101083
15.9615,-4.939418137,0.305235921
15.962,-4.939418137,0.259450533
15.9625,-4.936350175,4.822475316
15.963,-4.936350175,4.099104019
15.9635,-4.936350175,3.484238416
15.964,-4.936350175,2.961602654
15.9645,-4.936350175,2.517362256
15.965,-4.936350175,2.139757917
15.9655,-4.936350175,1.81879423
15.966,-4.936350175,1.545975095
15.9665,-4.936350175,1.314078831
15.967,-4.936350175,1.116967006
15.9675,-4.936350175,0.949421955
15.968,-4.936350175,0.807008662
15.9685,-4.936350175,0.685957363
15.969,-4.936350175,0.583063758
15.9695,-4.936350175,0.495604195
15.97,-4.936350175,0.421263565
15.9705,-4.936350175,0.358074031
15.971,-4.936350175,0.304362926
15.9715,-4.936350175,0.258708487
15.972,-4.933282214,4.821844578
15.9725,-4.933282214,4.098567891
15.973,-4.933282214,3.483782707
15.9735,-4.933282214,2.961215301
15.974,-4.933282214,2.517033006
15.9745,-4.933282214,2.139478055
15.975,-4.933282214,1.818556347
15.9755,-4.933282214,1.545772895
15.976,-4.933282214,1.313906961
15.9765,-4.933282214,1.116820917
15.977,-4.933282214,0.949297779
15.9775,-4.933282214,0.806903112
15.978,-4.933282214,0.685867645
15.9785,-4.933282214,0.582987499
15.979,-4.933282214,0.495539374
15.9795,-4.933282214,0.421208468
15.98,-4.933282214,0.358027198
15.9805,-4.933282214,0.304323118
15.981,-4.933282214,0.25867465
15.9815,-4.933282214,0.219873453
15.982,-4.933282214,0.186892435
15.9825,-4.933282214,0.15885857
15.983,-4.933282214,0.135029784
15.9835,-4.933282214,0.114775317
15.984,-4.933282214,0.097559019
15.9845,-4.933282214,0.082925166
15.985,-4.933282214,0.070486391
15.9855,-4.933282214,0.059913433
15.986,-4.933282214,0.050926418
15.9865,-4.933282214,0.043287455
15.987,-4.930214252,4.6387367
15.9875,-4.930214252,3.942926195
15.988,-4.930214252,3.351487266
15.9885,-4.930214252,2.848764176
15.989,-4.930214252,2.42144955
15.9895,-4.930214252,2.058232117
15.99,-4.930214252,1.7494973
15.9905,-4.930214252,1.487072705
15.991,-4.930214252,1.264011799
15.9915,-4.930214252,1.074410029
15.992,-4.930214252,0.913248525
15.9925,-4.930214252,0.776261246
15.993,-4.927146291,5.261764423
15.9935,-4.927146291,4.472499759
15.994,-4.927146291,3.801624795
15.9945,-4.927146291,3.231381076
15.995,-4.927146291,2.746673915
15.9955,-4.924078329,6.936615191
15.996,-4.924078329,5.896122913
15.9965,-4.924078329,5.011704476
15.997,-4.924078329,4.259948804
15.9975,-4.921010368,8.222898847
15.998,-4.921010368,6.98946402
15.9985,-4.921010368,5.941044417
15.999,-4.921010368,5.049887755
15.9995,-4.917942406,8.894346955
16,-4.917942406,7.560194912
16.0005,-4.917942406,6.426165675
16.001,-4.917942406,5.462240824
16.0015,-4.914874444,9.244847064
16.002,-4.914874444,7.858120004
16.0025,-4.914874444,6.679402004
16.003,-4.911806483,10.27943407
16.0035,-4.911806483,8.737518957
16.004,-4.911806483,7.426891113
16.0045,-4.911806483,6.312857446
16.005,-4.908738521,9.967871193
16.0055,-4.908738521,8.472690514
16.006,-4.908738521,7.201786937
16.0065,-4.90567056,10.72346126
16.007,-4.90567056,9.114942071
16.0075,-4.90567056,7.74770076
16.008,-4.90567056,6.585545646
16.0085,-4.902602598,10.19965616
16.009,-4.902602598,8.669707739
16.0095,-4.902602598,7.369251578
16.01,-4.899534637,10.8658062
16.0105,-4.899534637,9.235935274
16.011,-4.899534637,7.850544983
16.0115,-4.896466675,11.2749056
16.012,-4.896466675,9.583669759
16.0125,-4.896466675,8.146119295
16.013,-4.893398713,11.52614376
16.0135,-4.893398713,9.7972222
16.014,-4.890330752,12.92958123
16.0145,-4.890330752,10.99014405
16.015,-4.890330752,9.341622441
16.0155,-4.88726279,12.54232144
16.016,-4.88726279,10.66097322
16.0165,-4.88726279,9.06182724
16.017,-4.884194829,12.30449552
16.0175,-4.884194829,10.45882119
16.018,-4.881126867,13.49194037
16.0185,-4.881126867,11.46814932
16.019,-4.881126867,9.747926921
16.0195,-4.878058905,12.88768025
16.02,-4.878058905,10.95452821
16.0205,-4.878058905,9.311348978
16.021,-4.874990944,12.51658899
16.0215,-4.874990944,10.63910065
16.022,-4.874990944,9.043235549
16.0225,-4.871922982,12.28869258
16.023,-4.871922982,10.44538869
16.0235,-4.868855021,13.48052275
16.024,-4.868855021,11.45844434
16.0245,-4.865787059,14.34162005
16.025,-4.865787059,12.19037704
16.0255,-4.862719098,14.96376285
16.026,-4.862719098,12.71919842
16.0265,-4.862719098,10.81131866
16.027,-4.859651136,13.79156322
16.0275,-4.859651136,11.72282874
16.028,-4.856583174,14.56634679
16.0285,-4.856583174,12.38139477
16.029,-4.853515213,15.12612792
16.0295,-4.853515213,12.85720873
16.03,-4.850447251,15.53056979
16.0305,-4.850447251,13.20098432
16.031,-4.84737929,15.82277904
16.0315,-4.84737929,13.44936218
16.032,-4.844311328,16.03390022
16.0325,-4.844311328,13.62881518
16.033,-4.841243367,16.18643527
16.0335,-4.841243367,13.75846998
16.034,-4.838175405,16.29664185
16.0345,-4.838175405,13.85214557
16.035,-4.835107443,16.3762661
16.0355,-4.835107443,13.91982618
16.036,-4.832039482,16.43379462
16.0365,-4.82897152,18.57066779
16.037,-4.82897152,15.78506762
16.0375,-4.825903559,18.01924984
16.038,-4.825903559,15.31636237
16.0385,-4.822835597,17.62085037
16.039,-4.822835597,14.97772282
16.0395,-4.819767636,17.33300676
16.04,-4.819767636,14.73305575
16.0405,-4.816699674,17.12503975
16.041,-4.816699674,14.55628379
16.0415,-4.813631712,16.97478358
16.042,-4.813631712,14.42856604
16.0425,-4.810563751,16.8662235
16.043,-4.810563751,14.33628998
16.0435,-4.807495789,16.78778884
16.044,-4.807495789,14.26962052
16.0445,-4.804427828,16.7311198
16.045,-4.804427828,14.22145183
16.0455,-4.801359866,16.69017642
16.046,-4.801359866,14.18664996
16.0465,-4.798291905,16.66059483
16.047,-4.798291905,14.1615056
16.0475,-4.795223943,16.63922213
16.048,-4.795223943,14.14333881
16.0485,-4.792155981,16.62378035
16.049,-4.792155981,14.1302133
16.0495,-4.78908802,16.61262367
16.05,-4.78908802,14.12073012
16.0505,-4.786020058,16.60456296
16.051,-4.786020058,14.11387852
16.0515,-4.786020058,11.99679674
16.052,-4.782952097,14.79921959
16.0525,-4.782952097,12.57933665
16.053,-4.779884135,15.29437852
16.0535,-4.779884135,13.00022174
16.054,-4.776816173,15.65213084
16.0545,-4.776816173,13.30431122
16.055,-4.773748212,15.9106069
16.0555,-4.773748212,13.52401586
16.056,-4.77068025,16.09735585
16.0565,-4.77068025,13.68275247
16.057,-4.767612289,16.23228196
16.0575,-4.767612289,13.79743967
16.058,-4.764544327,16.32976608
16.0585,-4.764544327,13.88030117
16.059,-4.761476366,16.40019836
16.0595,-4.761476366,13.9401686
16.06,-4.758408404,16.45108568
16.0605,-4.758408404,13.98342283
16.061,-4.755340442,16.48785177
16.0615,-4.755340442,14.014674
16.062,-4.752272481,16.51441526
16.0625,-4.752272481,14.03725297
16.063,-4.749204519,16.53360739
16.0635,-4.749204519,14.05356628
16.064,-4.749204519,11.94553134
16.0645,-4.746136558,14.755644
16.065,-4.746136558,12.5422974
16.0655,-4.743068596,15.26289516
16.066,-4.743068596,12.97346088
16.0665,-4.740000635,15.62938411
16.067,-4.740000635,13.2849765
16.0675,-4.736932673,15.89417239
16.068,-4.733864711,18.11198889
16.0685,-4.733864711,15.39519056
16.069,-4.73079675,17.68785434
16.0695,-4.73079675,15.03467619
16.07,-4.727728788,17.38141712
16.0705,-4.727728788,14.77420455
16.071,-4.724660827,17.16001623
16.0715,-4.724660827,14.5860138
16.072,-4.721592865,17.00005409
16.0725,-4.718524904,19.05198834
16.073,-4.718524904,16.19419009
16.0735,-4.715456942,18.36700394
16.074,-4.715456942,15.61195335
16.0745,-4.71238898,17.87210271
16.075,-4.71238898,15.1912873
16.0755,-4.709321019,17.51453657
16.076,-4.709321019,14.88735609
16.0765,-4.706253057,17.25619504
16.077,-4.706253057,14.66776578
16.0775,-4.703185096,17.06954328
16.078,-4.703185096,14.50911179
16.0785,-4.700117134,16.93468738
16.079,-4.700117134,14.39448427
16.0795,-4.700117134,12.23531163
16.08,-4.697049173,15.00195725
16.0805,-4.697049173,12.75166366
16.081,-4.693981211,15.44085648
16.0815,-4.693981211,13.12472801
16.082,-4.693981211,11.15601881
16.0825,-4.690913249,14.08455835
16.083,-4.690913249,11.9718746
16.0835,-4.690913249,10.17609341
16.084,-4.687845288,13.25162176
16.0845,-4.687845288,11.2638785
16.085,-4.684777326,14.17623908
16.0855,-4.684777326,12.04980322
16.086,-4.684777326,10.24233274
16.0865,-4.681709365,13.30792519
16.087,-4.681709365,11.31173641
16.0875,-4.681709365,9.614975951
16.088,-4.678641403,12.77467192
16.0885,-4.678641403,10.85847113
16.089,-4.678641403,9.229700464
16.0895,-4.675573441,12.44718776
16.09,-4.675573441,10.58010959
16.0905,-4.675573441,8.993093155
16.091,-4.67250548,12.24607155
16.0915,-4.67250548,10.40916081
16.092,-4.669437518,13.44972906
16.0925,-4.669437518,11.4322697
16.093,-4.669437518,9.717429242
16.0935,-4.666369557,12.86175722
16.094,-4.666369557,10.93249364
16.0945,-4.666369557,9.292619591
16.095,-4.663301595,12.50066902
16.0955,-4.663301595,10.62556866
16.096,-4.660233634,13.63367573
16.0965,-4.660233634,11.58862437
16.097,-4.660233634,9.850330713
16.0975,-4.657165672,12.97472347
16.098,-4.657165672,11.02851495
16.0985,-4.65409771,13.97618007
16.099,-4.65409771,11.87975306
16.0995,-4.65409771,10.0977901
16.1,-4.651029749,13.18506395
16.1005,-4.651029749,11.20730436
16.101,-4.647961787,14.12815107
16.1015,-4.647961787,12.00892841
16.102,-4.644893826,14.80953151
16.1025,-4.644893826,12.58810178
16.103,-4.641825864,15.30182888
16.1035,-4.641825864,13.00655455
16.104,-4.638757903,15.65751373
16.1045,-4.638757903,13.30888667
16.105,-4.635689941,15.91449603
16.1055,-4.635689941,13.52732163
16.106,-4.632621979,16.10016575
16.1065,-4.632621979,13.68514089
16.107,-4.629554018,16.23431212
16.1075,-4.629554018,13.7991653
16.108,-4.626486056,16.33123287
16.1085,-4.626486056,13.88154794
16.109,-4.623418095,16.40125811
16.1095,-4.623418095,13.94106939
16.11,-4.620350133,16.45185135
16.1105,-4.620350133,13.98407365
16.111,-4.617282172,16.48840496
16.1115,-4.617282172,14.01514422
16.112,-4.61421421,16.51481495
16.1125,-4.611146248,18.63953507
16.113,-4.611146248,15.84360481
16.1135,-4.608078287,18.06900645
16.114,-4.608078287,15.35865548
16.1145,-4.605010325,17.65679953
16.115,-4.601942364,19.61022196
16.1155,-4.601942364,16.66868867
16.116,-4.598874402,18.77032773
16.1165,-4.598874402,15.95477857
16.117,-4.595806441,18.16350415
16.1175,-4.592738479,20.04092089
16.118,-4.592738479,17.03478276
16.1185,-4.589670517,19.08150771
16.119,-4.589670517,16.21928155
16.1195,-4.586602556,18.38833168
16.12,-4.583534594,20.23202429
16.1205,-4.583534594,17.19722065
16.121,-4.580466633,19.21957992
16.1215,-4.577398671,20.93858529
16.122,-4.577398671,17.7977975
16.1225,-4.574330709,19.73007024
16.123,-4.571262748,21.37250207
16.1235,-4.571262748,18.16662676
16.124,-4.568194786,20.04357511
16.1245,-4.565126825,21.6389812
16.125,-4.565126825,18.39313402
16.1255,-4.562058863,20.23610628
16.126,-4.558990902,21.8026327
16.1265,-4.558990902,18.5322378
16.127,-4.55592294,20.35434449
16.1275,-4.552854978,21.90313518
16.128,-4.549787017,23.21960727
16.1285,-4.549787017,19.73666618
16.129,-4.546719055,21.37810862
16.1295,-4.543651094,22.77333469
16.13,-4.540583132,23.95927685
16.1305,-4.540583132,20.36538532
16.131,-4.537515171,21.91251989
16.1315,-4.534447209,23.22758427
16.132,-4.534447209,19.74344663
16.1325,-4.531379247,21.383872
16.133,-4.528311286,22.77823356
16.1335,-4.525243324,23.96344089
16.134,-4.525243324,20.36892476
16.1345,-4.522175363,21.91552841
16.135,-4.519107401,23.23014151
16.1355,-4.51603944,24.34756265
16.136,-4.51603944,20.69542825
16.1365,-4.512971478,22.19305638
16.137,-4.509903516,23.46604028
16.1375,-4.509903516,19.94613424
16.138,-4.506835555,21.55615647
16.1385,-4.503767593,22.92467536
16.139,-4.503767593,19.48597406
16.1395,-4.500699632,21.16502031
16.14,-4.49763167,22.59220963
16.1405,-4.49763167,19.20337818
16.141,-4.494563709,20.92481382
16.1415,-4.491495747,22.38803411
16.142,-4.491495747,19.02982899
16.1425,-4.488427785,20.77729701
16.143,-4.485359824,22.26264482
16.1435,-4.485359824,18.9232481
16.144,-4.482291862,20.68670325
16.1445,-4.479223901,22.18564012
16.145,-4.479223901,18.85779411
16.1455,-4.476155939,20.63106735
16.146,-4.476155939,17.53640725
16.1465,-4.473087977,19.50788853
16.147,-4.470020016,21.18364761
16.1475,-4.470020016,18.00610047
16.148,-4.466952054,19.90712776
16.1485,-4.466952054,16.9210586
16.149,-4.463884093,18.98484217
16.1495,-4.460816131,20.73905821
16.15,-4.460816131,17.62819948
16.1505,-4.45774817,19.58591192
16.151,-4.45774817,16.64802513
16.1515,-4.454680208,18.75276373
16.152,-4.451612246,20.54179153
16.1525,-4.451612246,17.4605228
16.153,-4.448544285,19.44338674
16.1535,-4.448544285,16.52687873
16.154,-4.445476323,18.64978929
16.1545,-4.442408362,20.45426326
16.155,-4.442408362,17.38612377
16.1555,-4.4393404,19.38014757
16.156,-4.4393404,16.47312543
16.1565,-4.436272439,18.60409898
16.157,-4.436272439,15.81348413
16.1575,-4.433204477,18.04340388
16.158,-4.430136515,19.93883566
16.1585,-4.430136515,16.94801031
16.159,-4.427068554,19.00775113
16.1595,-4.427068554,16.15658846
16.16,-4.424000592,18.33504255
16.1605,-4.420932631,20.18672853
16.161,-4.420932631,17.15871925
16.1615,-4.417864669,19.18685373
16.162,-4.417864669,16.30882567
16.1625,-4.414796708,18.46444418
16.163,-4.414796708,15.69477756
16.1635,-4.411728746,17.94250329
16.164,-4.411728746,15.25112779
16.1645,-4.408660784,17.56540099
16.165,-4.408660784,14.93059084
16.1655,-4.405592823,17.29294458
16.166,-4.405592823,14.69900289
16.1665,-4.402524861,17.09609482
16.167,-4.402524861,14.5316806
16.1675,-4.3994569,16.95387087
16.168,-4.3994569,14.41079024
16.1685,-4.396388938,16.85111407
16.169,-4.396388938,14.32344696
16.1695,-4.393320977,16.77687228
16.17,-4.393320977,14.26034144
16.1705,-4.390253015,16.72323258
16.171,-4.390253015,14.2147477
16.1715,-4.387185053,16.68447791
16.172,-4.387185053,14.18180622
16.1725,-4.384117092,16.65647765
16.173,-4.384117092,14.158006
16.1735,-4.38104913,16.63624747
16.174,-4.38104913,14.14081035
16.1745,-4.377981169,16.62163116
16.175,-4.377981169,14.12838648
16.1755,-4.374913207,16.61107088
16.176,-4.374913207,14.11941024
16.1765,-4.374913207,12.00149871
16.177,-4.371845245,14.80321626
16.1775,-4.371845245,12.58273383
16.178,-4.368777284,15.29726612
16.1785,-4.368777284,13.0026762
16.179,-4.365709322,15.65421713
16.1795,-4.365709322,13.30608456
16.18,-4.365709322,11.31017188
16.1805,-4.362641361,14.21558846
16.181,-4.362641361,12.08325019
16.1815,-4.359573399,14.87270503
16.182,-4.359573399,12.64179927
16.1825,-4.356505438,15.34747174
16.183,-4.356505438,13.04535098
16.1835,-4.356505438,11.08854834
16.184,-4.353437476,14.02720845
16.1845,-4.353437476,11.92312718
16.185,-4.350369514,14.73660047
16.1855,-4.350369514,12.5261104
16.186,-4.350369514,10.64719384
16.1865,-4.347301553,13.65205713
16.187,-4.347301553,11.60424856
16.1875,-4.344233591,14.46555364
16.188,-4.344233591,12.29572059
16.1885,-4.34116563,15.05330487
16.189,-4.34116563,12.79530914
16.1895,-4.34116563,10.87601277
16.19,-4.338097668,13.84655321
16.1905,-4.338097668,11.76957023
16.191,-4.335029707,14.60607706
16.1915,-4.335029707,12.4151655
16.192,-4.335029707,10.55289068
16.1925,-4.331961745,13.57189944
16.193,-4.331961745,11.53611452
16.1935,-4.328893783,14.40763971
16.194,-4.328893783,12.24649375
16.1945,-4.325825822,15.01146205
16.195,-4.325825822,12.75974274
16.1955,-4.32275786,15.4477237
16.196,-4.32275786,13.13056514
16.1965,-4.319689899,15.76292273
16.197,-4.319689899,13.39848432
16.1975,-4.316621937,15.99065404
16.198,-4.316621937,13.59205593
16.1985,-4.313553976,16.15518991
16.199,-4.313553976,13.73191142
16.1995,-4.310486014,16.27406707
16.2,-4.310486014,13.83295701
16.2005,-4.310486014,11.75801346
16.201,-4.307418052,14.5962538
16.2015,-4.307418052,12.40681573
16.202,-4.304350091,15.14773574
16.2025,-4.304350091,12.87557538
16.203,-4.301282129,15.54618143
16.2035,-4.301282129,13.21425422
16.204,-4.298214168,15.83405845
16.2045,-4.298214168,13.45894968
16.205,-4.295146206,16.04204959
16.2055,-4.295146206,13.63574215
16.206,-4.295146206,11.59038083
16.2065,-4.292078245,14.45376607
16.207,-4.292078245,12.28570116
16.2075,-4.289010283,15.04478835
16.208,-4.285942321,17.39001246
16.2085,-4.285942321,14.78151059
16.209,-4.28287436,17.16622637
16.2095,-4.28287436,14.59129241
16.21,-4.279806398,17.00454091
16.2105,-4.279806398,14.45385978
16.211,-4.276738437,16.88772317
16.2115,-4.273670475,18.95650706
16.212,-4.270602513,20.71497337
16.2125,-4.270602513,17.60772736
16.213,-4.267534552,19.56851062
16.2135,-4.26446659,21.23517639
16.214,-4.26446659,18.04989993
16.2145,-4.261398629,19.94435731
16.215,-4.258330667,21.55464607
16.2155,-4.258330667,18.32144916
16.216,-4.255262706,20.17517415
16.2165,-4.252194744,21.75084039
16.217,-4.252194744,18.48821433
16.2175,-4.249126782,20.31692455
16.218,-4.249126782,17.26938587
16.2185,-4.246058821,19.28092035
16.219,-4.242990859,20.99072466
16.2195,-4.242990859,17.84211596
16.22,-4.239922898,19.76774093
16.2205,-4.239922898,16.80257979
16.221,-4.236854936,18.88413519
16.2215,-4.233786975,20.65345727
16.222,-4.233786975,17.55543868
16.2225,-4.230719013,19.52406524
16.223,-4.230719013,16.59545546
16.2235,-4.227651051,18.7080795
16.224,-4.22458309,20.50380994
16.2245,-4.22458309,17.42823845
16.225,-4.221515128,19.41594505
16.2255,-4.221515128,16.50355329
16.226,-4.218447167,18.62996266
16.2265,-4.215379205,20.43741062
16.227,-4.215379205,17.37179903
16.2275,-4.212311244,19.36797154
16.228,-4.212311244,16.46277581
16.2285,-4.209243282,18.5953018
16.229,-4.209243282,15.80600653
16.2295,-4.20617532,18.03704791
16.23,-4.203107359,19.93343309
16.2305,-4.203107359,16.94341813
16.231,-4.200039397,19.00384777
16.2315,-4.200039397,16.15327061
16.232,-4.196971436,18.33222238
16.2325,-4.193903474,20.18433139
16.233,-4.193903474,17.15668168
16.2335,-4.190835513,19.18512179
16.234,-4.190835513,16.30735352
16.2345,-4.187767551,18.46319286
16.235,-4.187767551,15.69371393
16.2355,-4.184699589,17.9415992
16.236,-4.181631628,19.85230169
16.2365,-4.181631628,16.87445643
16.237,-4.178563666,18.94523033
16.2375,-4.175495705,20.70538815
16.238,-4.175495705,17.59957992
16.2385,-4.172427743,19.5615853
16.239,-4.172427743,16.6273475
16.2395,-4.169359781,18.73518774
16.24,-4.169359781,15.92490958
16.2405,-4.16629182,18.13811551
16.241,-4.16629182,15.41739818
16.2415,-4.163223858,17.70673082
16.242,-4.163223858,15.0507212
16.2425,-4.160155897,17.39505538
16.243,-4.157087935,19.38773944
16.2435,-4.157087935,16.47957852
16.244,-4.157087935,14.00764174
16.2445,-4.154019974,16.50843784
16.245,-4.150952012,18.63411453
16.2455,-4.150952012,15.83899735
16.246,-4.14788405,18.06509011
16.2465,-4.14788405,15.3553266
16.247,-4.144816089,17.65396997
16.2475,-4.144816089,15.00587447
16.248,-4.141748127,17.35693567
16.2485,-4.141748127,14.75339532
16.249,-4.138680166,17.14232838
16.2495,-4.138680166,14.57097913
16.25,-4.135612204,16.98727462
16.2505,-4.132544243,19.04112579
16.251,-4.132544243,16.18495692
16.2515,-4.129476281,18.35915575
16.252,-4.129476281,15.60528239
16.2525,-4.126408319,17.86643239
16.253,-4.126408319,15.18646753
16.2535,-4.123340358,17.51043977
16.254,-4.123340358,14.8838738
16.2545,-4.120272396,17.25323509
16.255,-4.120272396,14.66524983
16.2555,-4.117204435,17.06740472
16.256,-4.117204435,14.50729401
16.2565,-4.114136473,16.93314227
16.257,-4.114136473,14.39317093
16.2575,-4.111068512,16.83613766
16.258,-4.111068512,14.31071701
16.2585,-4.10800055,16.76605182
16.259,-4.10800055,14.25114405
16.2595,-4.104932588,16.7154148
16.26,-4.104932588,14.20810258
16.2605,-4.101864627,16.67882956
16.261,-4.101864627,14.17700513
16.2615,-4.101864627,12.05045436
16.262,-4.098796665,14.84482857
16.2625,-4.095728704,17.22004665
16.263,-4.095728704,14.63703965
16.2635,-4.095728704,12.4414837
16.264,-4.092660742,15.17720351
16.2645,-4.092660742,12.90062298
16.265,-4.089592781,15.5674719
16.2655,-4.089592781,13.23235111
16.266,-4.086524819,15.84944081
16.2665,-4.086524819,13.47202469
16.267,-4.083456857,16.05316335
16.2675,-4.083456857,13.64518885
16.268,-4.083456857,11.59841052
16.2685,-4.080388896,14.46059131
16.269,-4.077320934,16.89344497
16.2695,-4.077320934,14.35942823
16.27,-4.077320934,12.20551399
16.2705,-4.074252973,14.97662926
16.271,-4.074252973,12.73013487
16.2715,-4.071185011,15.422557
16.272,-4.071185011,13.10917345
16.2725,-4.068117049,15.7447398
16.273,-4.068117049,13.38302883
16.2735,-4.065049088,15.97751687
16.274,-4.065049088,13.58088934
16.2745,-4.065049088,11.54375594
16.275,-4.061981126,14.41413491
16.2755,-4.061981126,12.25201467
16.276,-4.058913165,15.01615484
16.2765,-4.058913165,12.76373161
16.277,-4.055845203,15.45111423
16.2775,-4.055845203,13.1334471
16.278,-4.055845203,11.16343003
16.2785,-4.052777242,14.09085789
16.279,-4.052777242,11.97722921
16.2795,-4.04970928,14.78258719
16.28,-4.04970928,12.56519911
16.2805,-4.04970928,10.68041925
16.281,-4.046641318,13.68029872
16.2815,-4.046641318,11.62825391
16.282,-4.043573357,14.48595819
16.2825,-4.043573357,12.31306446
16.283,-4.043573357,10.46610479
16.2835,-4.040505395,13.49813144
16.284,-4.040505395,11.47341172
16.2845,-4.037437434,14.35434233
16.285,-4.037437434,12.20119098
16.2855,-4.037437434,10.37101233
16.286,-4.034369472,13.41730285
16.2865,-4.034369472,11.40470742
16.287,-4.034369472,9.694001306
16.2875,-4.031301511,12.84184347
16.288,-4.031301511,10.91556695
16.2885,-4.028233549,13.88017427
16.289,-4.028233549,11.79814813
16.2895,-4.028233549,10.02842591
16.29,-4.025165587,13.12610439
16.2905,-4.025165587,11.15718873
16.291,-4.025165587,9.483610421
16.2915,-4.022097626,12.66301122
16.292,-4.022097626,10.76355954
16.2925,-4.019029664,13.75096797
16.293,-4.019029664,11.68832278
16.2935,-4.019029664,9.935074359
16.294,-4.015961703,13.04675557
16.2945,-4.015961703,11.08974223
16.295,-4.015961703,9.426280899
16.2955,-4.012893741,12.61428113
16.296,-4.012893741,10.72213896
16.2965,-4.00982578,13.71576048
16.297,-4.00982578,11.65839641
16.2975,-4.00982578,9.909636946
16.298,-4.006757818,13.02513377
16.2985,-4.006757818,11.0713637
16.299,-4.003689856,14.01260151
16.2995,-4.003689856,11.91071128
16.3,-4.003689856,10.12410459
16.3005,-4.000621895,13.20743127
16.301,-4.000621895,11.22631658
16.3015,-4.000621895,9.54236909
16.302,-3.997553933,12.71295609
16.3025,-3.997553933,10.80601268
16.303,-3.997553933,9.185110775
16.3035,-3.994485972,12.40928652
16.304,-3.994485972,10.54789354
16.3045,-3.99141801,13.56765188
16.305,-3.99141801,11.53250409
16.3055,-3.99141801,9.802628481
16.306,-3.988350049,12.93417657
16.3065,-3.988350049,10.99405009
16.307,-3.988350049,9.344942573
16.3075,-3.985282087,12.54514355
16.308,-3.985282087,10.66337202
16.3085,-3.982214125,13.66580858
16.309,-3.982214125,11.61593729
16.3095,-3.979146164,14.47548906
16.31,-3.979146164,12.3041657
16.3105,-3.979146164,10.45854085
16.311,-3.976078202,13.49170208
16.3115,-3.976078202,11.46794677
16.312,-3.973010241,14.34969712
16.3125,-3.973010241,12.19724255
16.313,-3.973010241,10.36765617
16.3135,-3.969942279,13.41445011
16.314,-3.969942279,11.40228259
16.3145,-3.966874317,14.29388257
16.315,-3.966874317,12.14980018
16.3155,-3.963806356,14.92927252
16.316,-3.963806356,12.68988164
16.3165,-3.960738394,15.38834176
16.317,-3.960738394,13.08009049
16.3175,-3.957670433,15.72001928
16.318,-3.957670433,13.36201639
16.3185,-3.954602471,15.9596563
16.319,-3.954602471,13.56570785
16.3195,-3.95153451,16.13279404
16.32,-3.95153451,13.71287493
16.3205,-3.95153451,11.65594369
16.321,-3.948466548,14.5094945
16.3215,-3.948466548,12.33307033
16.322,-3.945398586,15.08505214
16.3225,-3.945398586,12.82229432
16.323,-3.942330625,15.50089254
16.3235,-3.942330625,13.17575866
16.324,-3.939262663,15.80133722
16.3245,-3.939262663,13.43113664
16.325,-3.936194702,16.01840851
16.3255,-3.936194702,13.61564723
16.326,-3.93312674,16.17524251
16.3265,-3.93312674,13.74895613
16.327,-3.930058779,16.28855508
16.3275,-3.930058779,13.84527181
16.328,-3.926990817,16.37042341
16.3285,-3.926990817,13.9148599
16.329,-3.923922855,16.42957327
16.3295,-3.923922855,13.96513728
16.33,-3.920854894,16.47230905
16.3305,-3.920854894,14.0014627
16.331,-3.917786932,16.50318566
16.3315,-3.917786932,14.02770781
16.332,-3.914718971,16.525494
16.3325,-3.914718971,14.0466699
16.333,-3.911651009,16.54161178
16.3335,-3.911651009,14.06037001
16.334,-3.908583048,16.55325687
16.3345,-3.908583048,14.07026834
16.335,-3.905515086,16.56167045
16.3355,-3.905515086,14.07741989
16.336,-3.902447124,16.56774927
16.3365,-3.902447124,14.08258688
16.337,-3.899379163,16.57214121
16.3375,-3.899379163,14.08632003
16.338,-3.896311201,16.57531439
16.3385,-3.896311201,14.08901723
16.339,-3.89324324,16.57760701
16.3395,-3.89324324,14.09096596
16.34,-3.890175278,16.57926343
16.3405,-3.890175278,14.09237391
16.341,-3.887107317,16.58046019
16.3415,-3.887107317,14.09339116
16.342,-3.887107317,11.97938249
16.3425,-3.884039355,14.78441748
16.343,-3.884039355,12.56675486
16.3435,-3.880971393,15.28368399
16.344,-3.880971393,12.99113139
16.3445,-3.877903432,15.64440405
16.345,-3.877903432,13.29774344
16.3455,-3.87483547,15.90502429
16.346,-3.87483547,13.51927064
16.3465,-3.87483547,11.49138005
16.347,-3.871767509,14.3696154
16.3475,-3.871767509,12.21417309
16.348,-3.868699547,14.98398949
16.3485,-3.868699547,12.73639107
16.349,-3.865631585,15.42787477
16.3495,-3.865631585,13.11369356
16.35,-3.862563624,15.74858189
16.3505,-3.862563624,13.3862946
16.351,-3.859495662,15.98029278
16.3515,-3.859495662,13.58324886
16.352,-3.856427701,16.14770389
16.3525,-3.856427701,13.72554831
16.353,-3.853359739,16.26865843
16.3535,-3.853359739,13.82835966
16.354,-3.850291778,16.35604808
16.3545,-3.850291778,13.90264087
16.355,-3.847223816,16.4191871
16.3555,-3.847223816,13.95630903
16.356,-3.844155854,16.46480504
16.3565,-3.844155854,13.99508429
16.357,-3.841087893,16.49776401
16.3575,-3.841087893,14.02309941
16.358,-3.838019931,16.52157686
16.3585,-3.838019931,14.04334033
16.359,-3.83495197,16.53878164
16.3595,-3.83495197,14.0579644
16.36,-3.831884008,16.5512121
16.3605,-3.831884008,14.06853029
16.361,-3.828816047,16.56019311
16.3615,-3.828816047,14.07616414
16.362,-3.825748085,16.56668188
16.3625,-3.825748085,14.0816796
16.363,-3.822680123,16.57137002
16.3635,-3.822680123,14.08566452
16.364,-3.819612162,16.57475721
16.3645,-3.819612162,14.08854363
16.365,-3.819612162,11.97526208
16.3655,-3.8165442,14.78091513
16.366,-3.813476239,17.16572023
16.3665,-3.813476239,14.59086219
16.367,-3.810408277,17.00417523
16.3675,-3.810408277,14.45354894
16.368,-3.807340316,16.88745897
16.3685,-3.807340316,14.35434012
16.369,-3.807340316,12.2011891
16.3695,-3.804272354,14.9729531
16.37,-3.804272354,12.72701014
16.3705,-3.801204392,15.41990098
16.371,-3.801204392,13.10691583
16.3715,-3.798136431,15.74282082
16.372,-3.798136431,13.3813977
16.3725,-3.795068469,15.97613041
16.373,-3.795068469,13.57971085
16.3735,-3.792000508,16.14469658
16.374,-3.792000508,13.7229921
16.3745,-3.788932546,16.26648564
16.375,-3.788932546,13.8265128
16.3755,-3.785864585,16.35447824
16.376,-3.785864585,13.90130651
16.3765,-3.782796623,16.41805289
16.377,-3.782796623,13.95534496
16.3775,-3.779728661,16.46398558
16.378,-3.779728661,13.99438774
16.3785,-3.779728661,11.89522958
16.379,-3.7766607,14.71288751
16.3795,-3.7766607,12.50595438
16.38,-3.773592738,15.23200359
16.3805,-3.773592738,12.94720305
16.381,-3.770524777,15.60706496
16.3815,-3.770524777,13.26600521
16.382,-3.770524777,11.27610443
16.3825,-3.767456815,14.18663113
16.383,-3.767456815,12.05863646
16.3835,-3.764388853,14.85178335
16.384,-3.764388853,12.62401585
16.3845,-3.761320892,15.33235584
16.385,-3.761320892,13.03250246
16.3855,-3.75825293,15.67956946
16.386,-3.75825293,13.32763404
16.3865,-3.755184969,15.9304313
16.387,-3.755184969,13.5408666
16.3875,-3.752117007,16.11167897
16.388,-3.752117007,13.69492713
16.3885,-3.749049046,16.24263042
16.389,-3.749049046,13.80623586
16.3895,-3.749049046,11.73530048
16.39,-3.745981084,14.57694777
16.3905,-3.745981084,12.39040561
16.391,-3.742913122,15.13378713
16.3915,-3.742913122,12.86371906
16.392,-3.739845161,15.53610356
16.3925,-3.739845161,13.20568803
16.393,-3.736777199,15.82677719
16.3935,-3.736777199,13.45276061
16.394,-3.733709238,16.03678888
16.3945,-3.733709238,13.63127055
16.395,-3.733709238,11.58657997
16.3955,-3.730641276,14.45053534
16.396,-3.730641276,12.28295504
16.3965,-3.727573315,15.04245414
16.397,-3.727573315,12.78608602
16.3975,-3.727573315,10.86817312
16.398,-3.724505353,13.83988951
16.3985,-3.724505353,11.76390609
16.399,-3.721437391,14.60126254
16.3995,-3.721437391,12.41107316
16.4,-3.71836943,15.15135455
16.4005,-3.71836943,12.87865137
16.401,-3.715301468,15.54879602
16.4015,-3.715301468,13.21647662
16.402,-3.715301468,11.23400513
16.4025,-3.712233507,14.15084672
16.403,-3.712233507,12.02821971
16.4035,-3.709165545,14.82592912
16.404,-3.709165545,12.60203975
16.4045,-3.706097584,15.31367615
16.405,-3.706097584,13.01662473
16.4055,-3.706097584,11.06413102
16.406,-3.703029622,14.00645373
16.4065,-3.703029622,11.90548567
16.407,-3.69996166,14.72160518
16.4075,-3.69996166,12.51336441
16.408,-3.696893699,15.23830211
16.4085,-3.696893699,12.95255679
16.409,-3.696893699,11.00967327
16.4095,-3.693825737,13.96016465
16.41,-3.693825737,11.86613995
16.4105,-3.690757776,14.68816132
16.411,-3.690757776,12.48493712
16.4115,-3.690757776,10.61219655
16.412,-3.687689814,13.62230943
16.4125,-3.687689814,11.57896302
16.413,-3.684621853,14.44406093
16.4135,-3.684621853,12.27745179
16.414,-3.681553891,15.03777639
16.4145,-3.681553891,12.78210993
16.415,-3.678485929,15.4667358
16.4155,-3.678485929,13.14672543
16.416,-3.675417968,15.77665898
16.4165,-3.675417968,13.41016013
16.417,-3.672350006,16.00057848
16.4175,-3.672350006,13.60049171
16.418,-3.669282045,16.16236031
16.4185,-3.669282045,13.73800627
16.419,-3.666214083,16.27924769
16.4195,-3.666214083,13.83736054
16.42,-3.663146121,16.36369882
16.4205,-3.663146121,13.909144
16.421,-3.66007816,16.42471476
16.4215,-3.657010198,18.56294991
16.422,-3.657010198,15.77850742
16.4225,-3.653942237,18.01367367
16.423,-3.653942237,15.31162262
16.4235,-3.650874275,17.61682159
16.424,-3.647806314,19.57624072
16.4245,-3.647806314,16.63980461
16.425,-3.644738352,18.74577628
16.4255,-3.644738352,15.93390984
16.426,-3.64167039,18.14576573
16.4265,-3.638602429,20.02584323
16.427,-3.638602429,17.02196675
16.4275,-3.635534467,19.0706141
16.428,-3.632466506,20.81196435
16.4285,-3.629398544,22.29211206
16.429,-3.629398544,18.94829525
16.4295,-3.626330583,20.70799333
16.43,-3.623262621,22.20373669
16.4305,-3.623262621,18.87317619
16.431,-3.620194659,20.64414212
16.4315,-3.617126698,22.14946317
16.432,-3.614058736,23.42898606
16.4325,-3.614058736,19.91463815
16.433,-3.610990775,21.52938479
16.4335,-3.607922813,22.90191943
16.434,-3.604854852,24.06857388
16.4345,-3.60178689,25.06023016
16.435,-3.60178689,21.30119564
16.4355,-3.598718928,22.70795866
16.436,-3.595650967,23.90370722
16.4365,-3.592583005,24.9200935
16.437,-3.589515044,25.78402184
16.4375,-3.589515044,21.91641856
16.438,-3.586447082,23.23089814
16.4385,-3.583379121,24.34820579
16.439,-3.580311159,25.29791728
16.4395,-3.577243197,26.10517205
16.44,-3.577243197,22.18939625
16.4405,-3.574175236,23.46292917
16.441,-3.571107274,24.54543216
16.4415,-3.568039313,25.4655597
16.442,-3.564971351,26.24766811
16.4425,-3.564971351,22.31051789
16.443,-3.561903389,23.56588257
16.4435,-3.558835428,24.63294255
16.444,-3.555767466,25.53994353
16.4445,-3.552699505,26.31089436
16.445,-3.552699505,22.36426021
16.4455,-3.549631543,23.61156354
16.446,-3.546563582,24.67177137
16.4465,-3.54349562,25.57294803
16.447,-3.540427658,26.33894819
16.4475,-3.537359697,26.99004833
16.448,-3.537359697,22.94154108
16.4485,-3.534291735,24.10225228
16.449,-3.531223774,25.0888568
16.4495,-3.528155812,25.92747064
16.45,-3.525087851,26.64029241
16.4505,-3.522019889,27.24619091
16.451,-3.522019889,23.15926228
16.4515,-3.518951927,24.2873153
16.452,-3.515883966,25.24616037
16.4525,-3.512816004,26.06117868
16.453,-3.509748043,26.75394424
16.4535,-3.509748043,22.7408526
16.454,-3.506680081,23.93166708
16.4545,-3.50361212,24.94385938
16.455,-3.500544158,25.80422284
16.4555,-3.497476196,26.53553177
16.456,-3.497476196,22.55520201
16.4565,-3.494408235,23.77386407
16.457,-3.491340273,24.80972682
16.4575,-3.488272312,25.69021016
16.458,-3.48520435,26.438621
16.4585,-3.48520435,22.47282785
16.459,-3.482136389,23.70384604
16.4595,-3.479068427,24.7502115
16.46,-3.476000465,25.63962214
16.4605,-3.476000465,21.79367881
16.461,-3.472932504,23.12656936
16.4615,-3.469864542,24.25952632
16.462,-3.466796581,25.22253973
16.4625,-3.463728619,26.04110114
16.463,-3.463728619,22.13493597
16.4635,-3.460660657,23.41663793
16.464,-3.457592696,24.50608461
16.4645,-3.454524734,25.43211428
16.465,-3.454524734,21.61729714
16.4655,-3.451456773,22.97664493
16.466,-3.448388811,24.13209056
16.4665,-3.44532085,25.11421934
16.467,-3.44532085,21.34708644
16.4675,-3.442252888,22.74696583
16.468,-3.442252888,19.33492096
16.4685,-3.439184926,21.03662518
16.469,-3.436116965,22.48307377
16.4695,-3.433049003,23.71255506
16.47,-3.433049003,20.1556718
16.4705,-3.429981042,21.7342634
16.471,-3.42691308,23.07606625
16.4715,-3.42691308,19.61465631
16.472,-3.423845119,21.27440023
16.4725,-3.423845119,18.0832402
16.473,-3.420777157,19.97269653
16.4735,-3.417709195,21.57873441
16.474,-3.417709195,18.34192425
16.4745,-3.414641234,20.19257798
16.475,-3.414641234,17.16369128
16.4755,-3.411573272,19.19107995
16.476,-3.408505311,20.91436032
16.4765,-3.408505311,17.77720627
16.477,-3.405437349,19.7125677
16.4775,-3.405437349,16.75568254
16.478,-3.402369388,18.84427253
16.4785,-3.402369388,16.01763165
16.479,-3.399301426,18.21692926
16.4795,-3.399301426,15.48438987
16.48,-3.396233464,17.76367376
16.4805,-3.396233464,15.09912269
16.481,-3.393165503,17.43619665
16.4815,-3.390097541,19.42270952
16.482,-3.390097541,16.50930309
16.4825,-3.38702958,18.63484999
16.483,-3.38702958,15.83962249
16.4835,-3.38702958,13.46367912
16.484,-3.383961618,16.04606961
16.4845,-3.383961618,13.63915917
16.485,-3.380893656,16.19522766
16.4855,-3.380893656,13.76594351
16.486,-3.377825695,16.30299435
16.4865,-3.377825695,13.8575452
16.487,-3.377825695,11.77891342
16.4875,-3.374757733,14.61401877
16.488,-3.374757733,12.42191595
16.4885,-3.374757733,10.55862856
16.489,-3.371689772,13.57677664
16.4895,-3.371689772,11.54026014
16.49,-3.371689772,9.809221122
16.4905,-3.36862181,12.93978032
16.491,-3.36862181,10.99881327
16.4915,-3.36862181,9.348991279
16.492,-3.365553849,12.54858495
16.4925,-3.365553849,10.66629721
16.493,-3.365553849,9.066352627
16.4935,-3.362485887,12.3083421
16.494,-3.362485887,10.46209078
16.4945,-3.362485887,8.892777165
16.495,-3.362485887,7.55886059
16.4955,-3.359417925,11.02697387
16.496,-3.359417925,9.372927785
16.4965,-3.359417925,7.966988618
16.497,-3.356349964,11.37388269
16.4975,-3.356349964,9.667800285
16.498,-3.356349964,8.217630243
16.4985,-3.353282002,11.58692807
16.499,-3.353282002,9.848888859
16.4995,-3.353282002,8.37155553
16.5,-3.353282002,7.115822201
16.5005,-3.350214041,10.65039123
16.501,-3.350214041,9.052832549
16.5015,-3.350214041,7.694907667
16.502,-3.350214041,6.540671517
16.5025,-3.347146079,10.16151315
16.503,-3.347146079,8.63728618
16.5035,-3.347146079,7.341693253
16.504,-3.347146079,6.240439265
16.5045,-3.344078118,9.906315739
16.505,-3.344078118,8.420368378
16.5055,-3.344078118,7.157313121
16.506,-3.344078118,6.083716153
16.5065,-3.344078118,5.17115873
16.507,-3.341010156,8.997427284
16.5075,-3.341010156,7.647813192
16.508,-3.341010156,6.500641213
16.5085,-3.341010156,5.525545031
16.509,-3.337942194,9.29865564
16.5095,-3.337942194,7.903857294
16.51,-3.337942194,6.7182787
16.5105,-3.337942194,5.710536895
16.511,-3.334874233,9.455898724
16.5115,-3.334874233,8.037513916
16.512,-3.334874233,6.831886828
16.5125,-3.334874233,5.807103804
16.513,-3.331806271,9.537980597
16.5135,-3.331806271,8.107283508
16.514,-3.331806271,6.891190981
16.5145,-3.331806271,5.857512334
16.515,-3.32873831,9.580827848
16.5155,-3.32873831,8.143703671
16.516,-3.32873831,6.92214812
16.5165,-3.32873831,5.883825902
16.517,-3.325670348,9.60319438
16.5175,-3.325670348,8.162715223
16.518,-3.325670348,6.93830794
16.5185,-3.325670348,5.897561749
16.519,-3.322602387,9.61486985
16.5195,-3.322602387,8.172639373
16.52,-3.322602387,6.946743467
16.5205,-3.322602387,5.904731947
16.521,-3.319534425,9.620964518
16.5215,-3.319534425,8.177819841
16.522,-3.319534425,6.951146865
16.5225,-3.319534425,5.908474835
16.523,-3.316466463,9.624145973
16.5235,-3.316466463,8.180524077
16.524,-3.316466463,6.953445466
16.5245,-3.313398502,10.51237101
16.525,-3.313398502,8.935515358
16.5255,-3.313398502,7.595188054
16.526,-3.31033054,11.05785221
16.5265,-3.31033054,9.399174378
16.527,-3.307262579,12.59124059
16.5275,-3.304194617,15.30449686
16.528,-3.301126656,17.6107647
16.5285,-3.301126656,14.96914999
16.529,-3.298058694,17.32571986
16.5295,-3.294990732,19.32880424
16.53,-3.294990732,16.42948361
16.5305,-3.291922771,18.56700343
16.531,-3.288854809,20.38389528
16.5315,-3.288854809,17.32631099
16.532,-3.285786848,19.3293067
16.5325,-3.285786848,16.4299107
16.533,-3.282718886,18.56736646
16.5335,-3.282718886,15.78226149
16.534,-3.279650924,18.01686463
16.5345,-3.279650924,15.31433493
16.535,-3.276582963,17.61912706
16.5355,-3.276582963,14.976258
16.536,-3.273515001,17.33176166
16.5365,-3.273515001,14.73199741
16.537,-3.27044704,17.12414016
16.5375,-3.27044704,14.55551914
16.538,-3.27044704,12.37219127
16.5385,-3.267379078,15.11830494
16.539,-3.267379078,12.8505592
16.5395,-3.267379078,10.92297532
16.54,-3.264311117,13.88647139
16.5405,-3.264311117,11.80350068
16.541,-3.264311117,10.03297558
16.5415,-3.264311117,8.52802924
16.542,-3.261243155,11.85076722
16.5425,-3.261243155,10.07315214
16.543,-3.261243155,8.562179315
16.5435,-3.261243155,7.277852418
16.544,-3.258175193,10.78811692
16.5445,-3.258175193,9.169899381
16.545,-3.258175193,7.794414474
16.5455,-3.258175193,6.625252303
16.546,-3.255107232,10.23340682
16.5465,-3.255107232,8.698395798
16.547,-3.255107232,7.393636428
16.5475,-3.255107232,6.284590964
16.548,-3.25203927,9.943844683
16.5485,-3.25203927,8.452267981
16.549,-3.25203927,7.184427783
16.5495,-3.25203927,6.106763616
16.55,-3.248971309,9.792691437
16.5505,-3.248971309,8.323787722
16.551,-3.248971309,7.075219563
16.5515,-3.245903347,10.61587899
16.552,-3.245903347,9.023497144
16.5525,-3.245903347,7.669972572
16.553,-3.245903347,6.519476686
16.5535,-3.242835386,10.14349755
16.554,-3.242835386,8.621972915
16.5545,-3.242835386,7.328676978
16.555,-3.239767424,10.83131779
16.5555,-3.239767424,9.206620126
16.556,-3.239767424,7.825627107
16.5565,-3.236699462,11.2537254
16.557,-3.236699462,9.565666594
16.5575,-3.236699462,8.130816605
16.558,-3.233631501,11.51313648
16.5585,-3.233631501,9.786166006
16.559,-3.233631501,8.318241105
16.5595,-3.233631501,7.070504939
16.56,-3.230563539,10.61187156
16.5605,-3.230563539,9.020090828
16.561,-3.230563539,7.667077204
16.5615,-3.227495578,11.11895799
16.562,-3.227495578,9.451114289
16.5625,-3.227495578,8.033447145
16.563,-3.227495578,6.828430074
16.5635,-3.224427616,10.40610793
16.564,-3.224427616,8.845191737
16.5645,-3.224427616,7.518412977
16.565,-3.224427616,6.39065103
16.5655,-3.221359655,10.03399574
16.566,-3.221359655,8.528896378
16.5665,-3.221359655,7.249561922
16.567,-3.221359655,6.162127633
16.5675,-3.221359655,5.237808488
16.568,-3.218291693,9.054079579
16.5685,-3.218291693,7.695967642
16.569,-3.218291693,6.541572496
16.5695,-3.218291693,5.560336621
16.57,-3.218291693,4.726286128
16.5705,-3.215223731,8.619285573
16.571,-3.215223731,7.326392737
16.5715,-3.215223731,6.227433826
16.572,-3.215223731,5.293318752
16.5725,-3.215223731,4.499320939
16.573,-3.215223731,3.824422799
16.5735,-3.215223731,3.250759379
16.574,-3.21215577,7.365087836
16.5745,-3.21215577,6.26032466
16.575,-3.21215577,5.321275961
16.5755,-3.21215577,4.523084567
16.576,-3.21215577,3.844621882
16.5765,-3.21215577,3.2679286
16.577,-3.21215577,2.77773931
16.5775,-3.21215577,2.361078413
16.578,-3.21215577,2.006916651
16.5785,-3.21215577,1.705879154
16.579,-3.21215577,1.449997281
16.5795,-3.21215577,1.232497688
16.58,-3.21215577,1.047623035
16.5805,-3.21215577,0.89047958
16.581,-3.209087808,5.358850007
16.5815,-3.209087808,4.555022506
16.582,-3.209087808,3.87176913
16.5825,-3.209087808,3.29100376
16.583,-3.209087808,2.797353196
16.5835,-3.209087808,2.377750217
16.584,-3.209087808,2.021087684
16.5845,-3.209087808,1.717924532
16.585,-3.209087808,1.460235852
16.5855,-3.209087808,1.241200474
16.586,-3.209087808,1.055020403
16.5865,-3.209087808,0.896767343
16.587,-3.209087808,0.762252241
16.5875,-3.209087808,0.647914405
16.588,-3.209087808,0.550727244
16.5885,-3.209087808,0.468118158
16.589,-3.209087808,0.397900434
16.5895,-3.209087808,0.338215369
16.59,-3.209087808,0.287483064
16.5905,-3.209087808,0.244360604
16.591,-3.209087808,0.207706513
16.5915,-3.209087808,0.176550536
16.592,-3.209087808,0.150067956
16.5925,-3.209087808,0.127557763
16.593,-3.209087808,0.108424098
16.5935,-3.209087808,0.092160483
16.594,-3.209087808,0.078336411
16.5945,-3.209087808,0.066585949
16.595,-3.209087808,0.056598057
16.5955,-3.209087808,0.048108348
16.596,-3.209087808,0.040892096
16.5965,-3.209087808,0.034758282
16.597,-3.209087808,0.029544539
16.5975,-3.209087808,0.025112859
16.598,-3.209087808,0.02134593
16.5985,-3.209087808,0.01814404
16.599,-3.209087808,0.015422434
16.5995,-3.209087808,0.013109069
16.6,-3.209087808,0.011142709
16.6005,-3.209087808,0.009471302
16.601,-3.209087808,0.008050607
16.6015,-3.209087808,0.006843016
16.602,-3.209087808,0.005816564
16.6025,-3.209087808,0.004944079
16.603,-3.209087808,0.004202467
16.6035,-3.209087808,0.003572097
16.604,-3.209087808,0.003036283
16.6045,-3.209087808,0.00258084
16.605,-3.209087808,0.002193714
16.6055,-3.209087808,0.001864657
16.606,-3.209087808,0.001584958
16.6065,-3.209087808,0.001347215
16.607,-3.209087808,0.001145132
16.6075,-3.209087808,0.000973363
16.608,-3.209087808,0.000827358
16.6085,-3.209087808,0.000703254
16.609,-3.209087808,0.000597766
16.6095,-3.209087808,0.000508101
16.61,-3.209087808,0.000431886
16.6105,-3.209087808,0.000367103
16.611,-3.209087808,0.000312038
16.6115,-3.209087808,0.000265232
16.612,-3.209087808,0.000225447
16.6125,-3.209087808,0.00019163
16.613,-3.206019847,4.602105249
16.6135,-3.206019847,3.911789462
16.614,-3.206019847,3.325021043
16.6145,-3.206019847,2.826267886
16.615,-3.206019847,2.402327703
16.6155,-3.206019847,2.041978548
16.616,-3.206019847,1.735681766
16.6165,-3.206019847,1.475329501
16.617,-3.206019847,1.254030076
16.6175,-3.206019847,1.065925564
16.618,-3.206019847,0.90603673
16.6185,-3.206019847,0.77013122
16.619,-3.206019847,0.654611537
16.6195,-3.206019847,0.556419807
16.62,-3.206019847,0.472956836
16.6205,-3.206019847,0.40201331
16.621,-3.206019847,0.341711314
16.6215,-3.206019847,0.290454617
16.622,-3.202951885,4.848828788
16.6225,-3.202951885,4.12150447
16.623,-3.202951885,3.503278799
16.6235,-3.202951885,2.977786979
16.624,-3.202951885,2.531118932
16.6245,-3.202951885,2.151451093
16.625,-3.202951885,1.828733429
16.6255,-3.202951885,1.554423414
16.626,-3.202951885,1.321259902
16.6265,-3.202951885,1.123070917
16.627,-3.199883924,5.556552643
16.6275,-3.199883924,4.723069747
16.628,-3.199883924,4.014609285
16.6285,-3.199883924,3.412417892
16.629,-3.199883924,2.900555208
16.6295,-3.199883924,2.465471927
16.63,-3.199883924,2.095651138
16.6305,-3.199883924,1.781303467
16.631,-3.199883924,1.514107947
16.6315,-3.199883924,1.286991755
16.632,-3.199883924,1.093942992
16.6325,-3.196815962,5.531793907
16.633,-3.196815962,4.702024821
16.6335,-3.196815962,3.996721098
16.634,-3.196815962,3.397212933
16.6345,-3.196815962,2.887630993
16.635,-3.196815962,2.454486344
16.6355,-3.196815962,2.086313392
16.636,-3.196815962,1.773366384
16.6365,-3.196815962,1.507361426
16.637,-3.196815962,1.281257212
16.6375,-3.196815962,1.08906863
16.638,-3.196815962,0.925708336
16.6385,-3.196815962,0.786852085
16.639,-3.196815962,0.668824273
16.6395,-3.196815962,0.568500632
16.64,-3.193748,5.085167901
16.6405,-3.193748,4.322392716
16.641,-3.193748,3.674033808
16.6415,-3.193748,3.122928737
16.642,-3.193748,2.654489426
16.6425,-3.193748,2.256316012
16.643,-3.193748,1.917868611
16.6435,-3.193748,1.630188319
16.644,-3.193748,1.385660071
16.6445,-3.193748,1.17781106
16.645,-3.193748,1.001139401
16.6455,-3.193748,0.850968491
16.646,-3.193748,0.723323218
16.6465,-3.193748,0.614824735
16.647,-3.193748,0.522601025
16.6475,-3.193748,0.444210871
16.648,-3.193748,0.37757924
16.6485,-3.193748,0.320942354
16.649,-3.193748,0.272801001
16.6495,-3.193748,0.231880851
16.65,-3.193748,0.197098723
16.6505,-3.193748,0.167533915
16.651,-3.193748,0.142403828
16.6515,-3.193748,0.121043253
16.652,-3.193748,0.102886765
16.6525,-3.193748,0.087453751
16.653,-3.193748,0.074335688
16.6535,-3.193748,0.063185335
16.654,-3.193748,0.053707535
16.6545,-3.193748,0.045651404
16.655,-3.193748,0.038803694
16.6555,-3.193748,0.03298314
16.656,-3.193748,0.028035669
16.6565,-3.193748,0.023830318
16.657,-3.193748,0.020255771
16.6575,-3.193748,0.017217405
16.658,-3.193748,0.014634794
16.6585,-3.193748,0.012439575
16.659,-3.193748,0.010573639
16.6595,-3.193748,0.008987593
16.66,-3.193748,0.007639454
16.6605,-3.193748,0.006493536
16.661,-3.193748,0.005519506
16.6615,-3.193748,0.00469158
16.662,-3.193748,0.003987843
16.6625,-3.193748,0.003389666
16.663,-3.193748,0.002881216
16.6635,-3.193748,0.002449034
16.664,-3.193748,0.002081679
16.6645,-3.193748,0.001769427
16.665,-3.193748,0.001504013
16.6655,-3.193748,0.001278411
16.666,-3.193748,0.001086649
16.6665,-3.193748,0.000923652
16.667,-3.193748,0.000785104
16.6675,-3.193748,0.000667339
16.668,-3.193748,0.000567238
16.6685,-3.193748,0.000482152
16.669,-3.193748,0.000409829
16.6695,-3.193748,0.000348355
16.67,-3.193748,0.000296102
16.6705,-3.193748,0.000251686
16.671,-3.193748,0.000213933
16.6715,-3.193748,0.000181843
16.672,-3.193748,0.000154567
16.6725,-3.193748,0.000131382
16.673,-3.193748,0.000111675
16.6735,-3.193748,9.49234E-05
16.674,-3.193748,8.06849E-05
16.6745,-3.193748,6.85822E-05
16.675,-3.193748,5.82948E-05
16.6755,-3.193748,4.95506E-05
16.676,-3.193748,4.2118E-05
16.6765,-3.193748,3.58003E-05
16.677,-3.193748,3.04303E-05
16.6775,-3.193748,2.58657E-05
16.678,-3.193748,2.19859E-05
16.6785,-3.193748,1.8688E-05
16.679,-3.193748,1.58848E-05
16.6795,-3.193748,1.35021E-05
16.68,-3.193748,1.14768E-05
16.6805,-3.193748,9.75525E-06
16.681,-3.193748,8.29196E-06
16.6815,-3.193748,7.04817E-06
16.682,-3.193748,5.99094E-06
16.6825,-3.193748,5.0923E-06
16.683,-3.193748,4.32846E-06
16.6835,-3.193748,3.67919E-06
16.684,-3.193748,3.12731E-06
16.6845,-3.193748,2.65821E-06
16.685,-3.193748,2.25948E-06
16.6855,-3.193748,1.92056E-06
16.686,-3.193748,1.63247E-06
16.6865,-3.193748,1.3876E-06
16.687,-3.193748,1.17946E-06
16.6875,-3.193748,1.00254E-06
16.688,-3.193748,8.52162E-07
16.6885,-3.193748,7.24338E-07
16.689,-3.193748,6.15687E-07
16.6895,-3.193748,5.23334E-07
16.69,-3.193748,4.44834E-07
16.6905,-3.193748,3.78109E-07
16.691,-3.193748,3.21392E-07
16.6915,-3.193748,2.73184E-07
16.692,-3.193748,2.32206E-07
16.6925,-3.193748,1.97375E-07
16.693,-3.193748,1.67769E-07
16.6935,-3.193748,1.42604E-07
16.694,-3.193748,1.21213E-07
16.6945,-3.193748,1.03031E-07
16.695,-3.193748,8.75764E-08
16.6955,-3.193748,7.44399E-08
16.696,-3.193748,6.3274E-08
16.6965,-3.193748,5.37829E-08
16.697,-3.193748,4.57154E-08
16.6975,-3.193748,3.88581E-08
16.698,-3.193748,3.30294E-08
16.6985,-3.193748,2.8075E-08
16.699,-3.190680039,4.601942388
16.6995,-3.190680039,3.911651029
16.7,-3.190680039,3.324903375
16.7005,-3.190680039,2.826167869
16.701,-3.190680039,2.402242688
16.7015,-3.190680039,2.041906285
16.702,-3.190680039,1.735620342
16.7025,-3.190680039,1.475277291
16.703,-3.190680039,1.253985697
16.7035,-3.190680039,1.065887843
16.704,-3.190680039,0.906004666
16.7045,-3.190680039,0.770103966
16.705,-3.187612077,5.256530735
16.7055,-3.187612077,4.468051125
16.706,-3.187612077,3.797843456
16.7065,-3.187612077,3.228166938
16.707,-3.187612077,2.743941897
16.7075,-3.187612077,2.332350612
16.708,-3.184544116,6.584440384
16.7085,-3.184544116,5.596774327
16.709,-3.184544116,4.757258178
16.7095,-3.184544116,4.043669451
16.71,-3.184544116,3.437119033
16.7105,-3.181476154,7.523493542
16.711,-3.181476154,6.394969511
16.7115,-3.181476154,5.435724084
16.712,-3.181476154,4.620365471
16.7125,-3.178408192,8.529253014
16.713,-3.178408192,7.249865062
16.7135,-3.178408192,6.162385303
16.714,-3.178408192,5.238027507
16.7145,-3.175340231,9.054265745
16.715,-3.175340231,7.696125883
16.7155,-3.175340231,6.541707001
16.716,-3.172272269,10.16239331
16.7165,-3.172272269,8.638034317
16.717,-3.172272269,7.34232917
16.7175,-3.169204308,10.84292216
16.718,-3.169204308,9.216483834
16.7185,-3.169204308,7.834011259
16.719,-3.166136346,11.26085193
16.7195,-3.166136346,9.571724144
16.72,-3.166136346,8.135965522
16.7205,-3.163068385,11.51751306
16.721,-3.163068385,9.789886099
16.7215,-3.163068385,8.321403184
16.722,-3.160000423,11.67513507
16.7225,-3.160000423,9.92386481
16.723,-3.160000423,8.435285088
16.7235,-3.156932461,11.77193469
16.724,-3.156932461,10.00614449
16.7245,-3.156932461,8.505222813
16.725,-3.1538645,11.83138175
16.7255,-3.1538645,10.05667449
16.726,-3.1538645,8.548173317
16.7265,-3.150796538,11.86788968
16.727,-3.150796538,10.08770623
16.7275,-3.150796538,8.574550296
16.728,-3.147728577,11.89031012
16.7285,-3.147728577,10.1067636
16.729,-3.147728577,8.590749058
16.7295,-3.144660615,11.90407906
16.73,-3.144660615,10.1184672
16.7305,-3.144660615,8.600697123
16.731,-3.144660615,7.310592555
16.7315,-3.141592654,10.81594604
16.732,-3.141592654,9.19355413
16.7325,-3.141592654,7.81452101
16.733,-3.138524692,11.24428522
16.7335,-3.138524692,9.557642439
16.734,-3.138524692,8.123996073
16.7345,-3.138524692,6.905396662
16.735,-3.13545673,10.47152953
16.7355,-3.13545673,8.900800098
16.736,-3.13545673,7.565680083
16.7365,-3.132388769,11.03277043
16.737,-3.132388769,9.377854869
16.7375,-3.132388769,7.971176639
16.738,-3.129320807,11.37744251
16.7385,-3.129320807,9.670826131
16.739,-3.129320807,8.220202211
16.7395,-3.129320807,6.987171879
16.74,-3.126252846,10.54103846
16.7405,-3.126252846,8.959882692
16.741,-3.126252846,7.615900288
16.7415,-3.126252846,6.473515245
16.742,-3.123184884,10.10443032
16.7425,-3.123184884,8.588765774
16.743,-3.123184884,7.300450908
16.7435,-3.120116923,10.80732564
16.744,-3.120116923,9.18622679
16.7445,-3.120116923,7.808292771
16.745,-3.120116923,6.637048856
16.7455,-3.117048961,10.24343389
16.746,-3.117048961,8.706918807
16.7465,-3.117048961,7.400880986
16.747,-3.117048961,6.290748838
16.7475,-3.113980999,9.949078876
16.748,-3.113980999,8.456717045
16.7485,-3.113980999,7.188209488
16.749,-3.113980999,6.109978065
16.7495,-3.113980999,5.193481355
16.75,-3.110913038,9.016401516
16.7505,-3.110913038,7.663941288
16.751,-3.110913038,6.514350095
16.7515,-3.110913038,5.537197581
16.752,-3.107845076,9.308560307
16.7525,-3.107845076,7.912276261
16.753,-3.107845076,6.725434822
16.7535,-3.107845076,5.716619599
16.754,-3.104777115,9.461069023
16.7545,-3.104777115,8.041908669
16.755,-3.104777115,6.835622369
16.7555,-3.104777115,5.810279013
16.756,-3.104777115,4.938737161
16.7565,-3.101709153,8.799868951
16.757,-3.101709153,7.479888608
16.7575,-3.101709153,6.357905317
16.758,-3.101709153,5.404219519
16.7585,-3.101709153,4.593586592
16.759,-3.098641192,8.506490966
16.7595,-3.098641192,7.230517322
16.76,-3.098641192,6.145939723
16.7605,-3.098641192,5.224048765
16.761,-3.098641192,4.44044145
16.7615,-3.09557323,8.376317596
16.762,-3.09557323,7.119869957
16.7625,-3.09557323,6.051889463
16.763,-3.09557323,5.144106044
16.7635,-3.09557323,4.372490137
16.764,-3.092505268,8.31855898
16.7645,-3.092505268,7.070775133
16.765,-3.092505268,6.010158863
16.7655,-3.092505268,5.108635034
16.766,-3.092505268,4.342339779
16.7665,-3.092505268,3.690988812
16.767,-3.089437307,7.739282854
16.7675,-3.089437307,6.578390426
16.768,-3.089437307,5.591631862
16.7685,-3.089437307,4.752887083
16.769,-3.089437307,4.03995402
16.7695,-3.089437307,3.433960917
16.77,-3.086369345,7.520809143
16.7705,-3.086369345,6.392687772
16.771,-3.086369345,5.433784606
16.7715,-3.086369345,4.618716915
16.772,-3.086369345,3.925909378
16.7725,-3.086369345,3.337022971
16.773,-3.086369345,2.836469525
16.7735,-3.086369345,2.410999097
16.774,-3.083301384,6.651291596
16.7745,-3.083301384,5.653597856
16.775,-3.083301384,4.805558178
16.7755,-3.083301384,4.084724451
16.776,-3.083301384,3.472015784
16.7765,-3.083301384,2.951213416
16.777,-3.083301384,2.508531404
16.7775,-3.080233422,6.734194057
16.778,-3.080233422,5.724064948
16.7785,-3.080233422,4.865455206
16.779,-3.080233422,4.135636925
16.7795,-3.080233422,3.515291386
16.78,-3.080233422,2.987997678
16.7805,-3.080233422,2.539798027
16.781,-3.080233422,2.158828323
16.7815,-3.07716546,6.436946438
16.782,-3.07716546,5.471404472
16.7825,-3.07716546,4.650693801
16.783,-3.07716546,3.953089731
16.7835,-3.07716546,3.360126271
16.784,-3.07716546,2.856107331
16.7845,-3.07716546,2.427691231
16.785,-3.07716546,2.063537546
16.7855,-3.074097499,6.355949278
16.786,-3.074097499,5.402556886
16.7865,-3.074097499,4.592173353
16.787,-3.074097499,3.90334735
16.7875,-3.074097499,3.317845248
16.788,-3.074097499,2.820168461
16.7885,-3.074097499,2.397143192
16.789,-3.074097499,2.037571713
16.7895,-3.071029537,6.33387832
16.79,-3.071029537,5.383796572
16.7905,-3.071029537,4.576227086
16.791,-3.071029537,3.889793023
16.7915,-3.071029537,3.30632407
16.792,-3.071029537,2.810375459
16.7925,-3.071029537,2.38881914
16.793,-3.067961576,6.632438633
16.7935,-3.067961576,5.637572838
16.794,-3.067961576,4.791936912
16.7945,-3.067961576,4.073146375
16.795,-3.067961576,3.462174419
16.7955,-3.067961576,2.942848256
16.796,-3.067961576,2.501421018
16.7965,-3.067961576,2.126207865
16.797,-3.064893614,6.409219049
16.7975,-3.064893614,5.447836192
16.798,-3.064893614,4.630660763
16.7985,-3.064893614,3.936061648
16.799,-3.064893614,3.345652401
16.7995,-3.064893614,2.843804541
16.8,-3.061825653,7.019176224
16.8005,-3.061825653,5.96629979
16.801,-3.061825653,5.071354821
16.8015,-3.061825653,4.310651598
16.802,-3.061825653,3.664053859
16.8025,-3.061825653,3.11444578
16.803,-3.058757691,7.249221276
16.8035,-3.058757691,6.161838085
16.804,-3.058757691,5.237562372
16.8045,-3.058757691,4.451928016
16.805,-3.055689729,8.386081178
16.8055,-3.055689729,7.128169001
16.806,-3.055689729,6.058943651
16.8065,-3.055689729,5.150102103
16.807,-3.052621768,8.979529151
16.8075,-3.052621768,7.632599779
16.808,-3.052621768,6.487709812
16.8085,-3.052621768,5.51455334
16.809,-3.049553806,9.289312703
16.8095,-3.049553806,7.895915797
16.81,-3.049553806,6.711528428
16.8105,-3.046485845,10.30674153
16.811,-3.046485845,8.760730298
16.8115,-3.046485845,7.446620753
16.812,-3.043417883,10.93157
16.8125,-3.043417883,9.291834503
16.813,-3.040349922,12.50000169
16.8135,-3.040349922,10.62500144
16.814,-3.040349922,9.031251222
16.8145,-3.03728196,12.2785059
16.815,-3.03728196,10.43673002
16.8155,-3.034213998,13.47316288
16.816,-3.034213998,11.45218845
16.8165,-3.031146037,14.33630254
16.817,-3.031146037,12.18585716
16.8175,-3.028078075,14.95992095
16.818,-3.028078075,12.71593281
16.8185,-3.028078075,10.80854289
16.819,-3.025010114,13.78920382
16.8195,-3.021942152,16.32276561
16.82,-3.021942152,13.87435077
16.8205,-3.018874191,16.39514052
16.821,-3.018874191,13.93586944
16.8215,-3.015806229,16.44743139
16.822,-3.015806229,13.98031668
16.8225,-3.012738267,16.48521154
16.823,-3.012738267,14.01242981
16.8235,-3.009670306,16.5125077
16.824,-3.006602344,18.63757391
16.8245,-3.006602344,15.84193782
16.825,-3.003534383,18.06758951
16.8255,-3.003534383,15.35745109
16.826,-3.000466421,17.65577579
16.8265,-2.99739846,19.60935178
16.827,-2.99739846,16.66794902
16.8275,-2.994330498,18.76969903
16.828,-2.994330498,15.95424417
16.8285,-2.991262536,18.16304991
16.829,-2.988194575,20.04053479
16.8295,-2.988194575,17.03445457
16.83,-2.985126613,19.08122875
16.8305,-2.985126613,16.21904444
16.831,-2.982058652,18.38813013
16.8315,-2.97899069,20.23185298
16.832,-2.97899069,17.19707503
16.8325,-2.975922728,19.21945614
16.833,-2.975922728,16.33653772
16.8335,-2.972854767,18.48799942
16.834,-2.969786805,20.31674187
16.8345,-2.969786805,17.26923059
16.835,-2.966718844,19.28078837
16.8355,-2.963650882,20.99061248
16.836,-2.963650882,17.84202061
16.8365,-2.960582921,19.76765988
16.837,-2.957514959,21.40445326
16.8375,-2.957514959,18.19378527
16.838,-2.954446997,20.06665984
16.8385,-2.951379036,21.65860323
16.839,-2.951379036,18.40981275
16.8395,-2.948311074,20.2502832
16.84,-2.945243113,21.81468308
16.8405,-2.945243113,18.54248062
16.841,-2.942175151,20.36305089
16.8415,-2.93910719,21.91053562
16.842,-2.93910719,18.62395528
16.8425,-2.936039228,20.43230435
16.843,-2.932971266,21.96940106
16.8435,-2.932971266,18.6739909
16.844,-2.929903305,20.47483463
16.8445,-2.926835343,22.0055518
16.845,-2.926835343,18.70471903
16.8455,-2.923767382,20.50095354
16.846,-2.92069942,22.02775287
16.8465,-2.92069942,18.72358994
16.847,-2.917631459,20.51699381
16.8475,-2.914563497,22.0413871
16.848,-2.914563497,18.73517904
16.8485,-2.911495535,20.52684455
16.849,-2.911495535,17.44781786
16.8495,-2.908427574,19.43258755
16.85,-2.905359612,21.11964178
16.8505,-2.902291651,22.55363788
16.851,-2.902291651,19.1705922
16.8515,-2.899223689,20.89694573
16.852,-2.896155728,22.36434623
16.8525,-2.896155728,19.0096943
16.853,-2.893087766,20.76018252
16.8535,-2.890019804,22.2480975
16.854,-2.890019804,18.91088288
16.8545,-2.886951843,20.67619281
16.855,-2.886951843,17.57476389
16.8555,-2.883883881,19.54049167
16.856,-2.88081592,21.21136028
16.8565,-2.88081592,18.02965624
16.857,-2.877747958,19.92715017
16.8575,-2.874679996,21.54002001
16.858,-2.874679996,18.30901701
16.8585,-2.871612035,20.16460682
16.859,-2.868544073,21.74185816
16.8595,-2.868544073,18.48057944
16.86,-2.865476112,20.31043488
16.8605,-2.86240815,21.86581201
16.861,-2.86240815,18.58594021
16.8615,-2.859340189,20.39999154
16.862,-2.859340189,17.33999281
16.8625,-2.856272227,19.34093625
16.863,-2.853204265,21.04173818
16.8635,-2.853204265,17.88547745
16.864,-2.850136304,19.8045982
16.8645,-2.850136304,16.83390847
16.865,-2.847068342,18.91076456
16.8655,-2.844000381,20.67609224
16.866,-2.844000381,17.57467841
16.8665,-2.840932419,19.54041901
16.867,-2.840932419,16.60935616
16.8675,-2.837864458,18.7198951
16.868,-2.834796496,20.5138532
16.8685,-2.834796496,17.43677522
16.869,-2.831728534,19.4232013
16.8695,-2.831728534,16.5097211
16.87,-2.828660573,18.6352053
16.8705,-2.828660573,15.83992451
16.871,-2.825592611,18.06587819
16.8715,-2.825592611,15.35599646
16.872,-2.82252465,17.65453936
16.8725,-2.819456688,19.60830082
16.873,-2.819456688,16.6670557
16.8735,-2.816388727,18.76893971
16.874,-2.816388727,15.95359875
16.8745,-2.813320765,18.1625013
16.875,-2.813320765,15.43812611
16.8755,-2.810252803,17.72434955
16.876,-2.810252803,15.06569712
16.8765,-2.807184842,17.40778492
16.877,-2.807184842,14.79661718
16.8775,-2.80411688,17.17906697
16.878,-2.801048919,19.20414928
16.8785,-2.801048919,16.32352689
16.879,-2.797980957,18.47694022
16.8795,-2.797980957,15.70539919
16.88,-2.794912996,17.95153167
16.8805,-2.794912996,15.25880192
16.881,-2.791845034,17.571924
16.8815,-2.791845034,14.9361354
16.882,-2.788777072,17.29765745
16.8825,-2.785709111,19.3049512
16.883,-2.785709111,16.40920852
16.8835,-2.782641149,18.5497696
16.884,-2.782641149,15.76730416
16.8845,-2.779573188,18.0041509
16.885,-2.779573188,15.30352827
16.8855,-2.776505226,17.60994139
16.886,-2.776505226,14.96845018
16.8865,-2.773437264,17.32512502
16.887,-2.773437264,14.72635627
16.8875,-2.770369303,17.11934519
16.888,-2.770369303,14.55144341
16.8885,-2.767301341,16.97066926
16.889,-2.767301341,14.42506887
16.8895,-2.76423338,16.86325091
16.89,-2.76423338,14.33376327
16.8905,-2.761165418,16.78564114
16.891,-2.761165418,14.26779497
16.8915,-2.758097457,16.72956809
16.892,-2.758097457,14.22013288
16.8925,-2.755029495,16.68905531
16.893,-2.755029495,14.18569701
16.8935,-2.751961533,16.65978482
16.894,-2.751961533,14.1608171
16.8945,-2.748893572,16.6386369
16.895,-2.74582561,18.74478373
16.8955,-2.74582561,15.93306617
16.896,-2.742757649,18.14504861
16.8965,-2.742757649,15.42329132
16.897,-2.739689687,17.71173998
16.8975,-2.739689687,15.05497898
16.898,-2.736621726,17.3986745
16.8985,-2.736621726,14.78887333
16.899,-2.733553764,17.17248469
16.8995,-2.730485802,19.19855435
16.9,-2.730485802,16.3187712
16.9005,-2.730485802,13.87095552
16.901,-2.727417841,16.39225455
16.9015,-2.727417841,13.93341637
16.902,-2.724349879,16.44534628
16.9025,-2.721281918,18.5804867
16.903,-2.721281918,15.7934137
16.9035,-2.721281918,13.42440164
16.904,-2.718213956,16.01268376
16.9045,-2.715145995,18.21272356
16.905,-2.715145995,15.48081502
16.9055,-2.712078033,17.76063513
16.906,-2.712078033,15.09653986
16.9065,-2.709010071,17.43400125
16.907,-2.709010071,14.81890106
16.9075,-2.709010071,12.5960659
16.908,-2.70594211,15.30859838
16.9085,-2.702874148,17.61425099
16.909,-2.702874148,14.97211334
16.9095,-2.699806187,17.3282387
16.91,-2.699806187,14.7290029
16.9105,-2.696738225,17.12159483
16.911,-2.696738225,14.5533556
16.9115,-2.696738225,12.37035226
16.912,-2.693670264,15.11674179
16.9125,-2.690602302,17.45117288
16.913,-2.690602302,14.83349695
16.9135,-2.68753434,17.21041477
16.914,-2.68753434,14.62885256
16.9145,-2.684466379,17.03646704
16.915,-2.681398417,19.08293934
16.9155,-2.681398417,16.22049844
16.916,-2.678330456,18.38936604
16.9165,-2.678330456,15.63096113
16.917,-2.675262494,17.88825933
16.9175,-2.675262494,15.20502043
16.918,-2.672194532,17.52620973
16.9185,-2.669126571,19.49922063
16.919,-2.669126571,16.57433754
16.9195,-2.666058609,18.69012927
16.92,-2.662990648,20.48855224
16.9205,-2.662990648,17.41526941
16.921,-2.659922686,19.40492136
16.9215,-2.659922686,16.49418316
16.922,-2.656854725,18.62199805
16.9225,-2.653786763,20.4306407
16.923,-2.653786763,17.3660446
16.9235,-2.650718801,19.36308027
16.924,-2.64765084,21.06056059
16.9245,-2.64765084,17.90147651
16.925,-2.644582878,19.81819739
16.9255,-2.641514917,21.44741015
16.926,-2.641514917,18.23029863
16.9265,-2.638446955,20.0976962
16.927,-2.635378994,21.68498413
16.9275,-2.635378994,18.43223651
16.928,-2.632311032,20.2693434
16.9285,-2.62924307,21.83088425
16.929,-2.62924307,18.55625161
16.9295,-2.626175109,20.37475624
16.93,-2.623107147,21.92048516
16.9305,-2.623107147,18.63241239
16.931,-2.620039186,20.43949289
16.9315,-2.616971224,21.97551132
16.932,-2.613903263,23.28112699
16.9325,-2.613903263,19.78895794
16.933,-2.610835301,21.42255661
16.9335,-2.607767339,22.81111548
16.934,-2.604699378,23.99139053
16.9345,-2.604699378,20.39268195
16.935,-2.601631416,21.93572202
16.9355,-2.598563455,23.24730608
16.936,-2.595495493,24.36215253
16.9365,-2.595495493,20.70782965
16.937,-2.592427532,22.20359757
16.9375,-2.58935957,23.4750003
16.938,-2.586291608,24.55569262
16.9385,-2.586291608,20.87233872
16.939,-2.583223647,22.34343028
16.9395,-2.580155685,23.5938581
16.94,-2.577087724,24.65672175
16.9405,-2.574019762,25.56015585
16.941,-2.574019762,21.72613247
16.9415,-2.5709518,23.06915497
16.942,-2.567883839,24.21072408
16.9425,-2.564815877,25.18105784
16.943,-2.561747916,26.00584152
16.9435,-2.561747916,22.1049653
16.944,-2.558679954,23.39116286
16.9445,-2.555611993,24.4844308
16.945,-2.552544031,25.41370854
16.9455,-2.549476069,26.20359462
16.946,-2.546408108,26.87499779
16.9465,-2.543340146,27.44569049
16.947,-2.540272185,27.93077928
16.9475,-2.540272185,23.74116239
16.948,-2.537204223,24.78193039
16.9485,-2.534136262,25.6665832
16.949,-2.5310683,26.41853808
16.9495,-2.528000338,27.05769973
16.95,-2.524932377,27.60098714
16.9505,-2.521864415,28.06278143
16.951,-2.518796454,28.45530658
16.9515,-2.515728492,28.78895296
16.952,-2.515728492,24.47061001
16.9525,-2.512660531,25.40196087
16.953,-2.509592569,26.19360911
16.9535,-2.506524607,26.8665101
16.954,-2.503456646,27.43847595
16.9545,-2.503456646,23.32270456
16.955,-2.500388684,24.42624124
16.9555,-2.497320723,25.36424742
16.956,-2.494252761,26.16155267
16.9565,-2.494252761,22.23731977
16.957,-2.4911848,23.50366417
16.9575,-2.488116838,24.58005691
16.958,-2.488116838,20.89304837
16.9585,-2.485048876,22.36103348
16.959,-2.481980915,23.60882082
16.9595,-2.481980915,20.0674977
16.96,-2.478912953,21.65931541
16.9605,-2.478912953,18.41041809
16.961,-2.475844992,20.25079774
16.9615,-2.47277703,21.81512045
16.962,-2.47277703,18.54285238
16.9625,-2.469709068,20.36336689
16.963,-2.469709068,17.30886185
16.9635,-2.466641107,19.31447494
16.964,-2.466641107,16.4173037
16.9645,-2.463573145,18.55665051
16.965,-2.463573145,15.77315293
16.9655,-2.460505184,18.00912235
16.966,-2.460505184,15.307754
16.9665,-2.457437222,17.61353327
16.967,-2.457437222,14.97150328
16.9675,-2.454369261,17.32772015
16.968,-2.454369261,14.72856213
16.9685,-2.451301299,17.12122017
16.969,-2.451301299,14.55303714
16.9695,-2.448233337,16.97202394
16.97,-2.448233337,14.42622035
16.9705,-2.448233337,12.26228729
16.971,-2.445165376,15.02488656
16.9715,-2.445165376,12.77115358
16.972,-2.442097414,15.45742291
16.9725,-2.442097414,13.13880947
16.973,-2.439029453,15.76993041
16.9735,-2.439029453,13.40444085
16.974,-2.439029453,11.39377472
16.9745,-2.435961491,14.28665088
16.975,-2.435961491,12.14365325
16.9755,-2.435961491,10.32210526
16.976,-2.43289353,13.37573183
16.9765,-2.43289353,11.36937206
16.977,-2.429825568,14.26590861
16.9775,-2.429825568,12.12602232
16.978,-2.429825568,10.30711897
16.9785,-2.426757606,13.36299349
16.979,-2.426757606,11.35854447
16.9795,-2.423689645,14.25670516
16.98,-2.423689645,12.11819939
16.9805,-2.423689645,10.30046948
16.981,-2.420621683,13.35734142
16.9815,-2.420621683,11.35374021
16.982,-2.420621683,9.650679176
16.9825,-2.417553722,12.80501966
16.983,-2.417553722,10.88426671
16.9835,-2.417553722,9.251626707
16.984,-2.417553722,7.863882701
16.9845,-2.41448576,11.28624266
16.985,-2.41448576,9.593306261
16.9855,-2.41448576,8.154310321
16.986,-2.411417799,11.53310614
16.9865,-2.411417799,9.803140216
16.987,-2.411417799,8.332669184
16.9875,-2.408349837,11.68471117
16.988,-2.408349837,9.932004494
16.9885,-2.408349837,8.44220382
16.989,-2.408349837,7.175873247
16.9895,-2.405281875,10.70143462
16.99,-2.405281875,9.09621943
16.9905,-2.405281875,7.731786516
16.991,-2.405281875,6.572018538
16.9915,-2.402213914,10.18815812
16.992,-2.402213914,8.659934403
16.9925,-2.402213914,7.360944243
16.993,-2.402213914,6.256802606
16.9935,-2.402213914,5.318282215
16.994,-2.399145952,9.122482247
16.9945,-2.399145952,7.75410991
16.995,-2.399145952,6.590993423
16.9955,-2.399145952,5.60234441
16.996,-2.396077991,9.363935112
16.9965,-2.396077991,7.959344845
16.997,-2.396077991,6.765443118
16.9975,-2.396077991,5.750626651
16.998,-2.396077991,4.888032653
16.9985,-2.393010029,8.756770119
16.999,-2.393010029,7.443254601
16.9995,-2.393010029,6.326766411
17,-2.393010029,5.377751449
17.0005,-2.393010029,4.571088732
17.001,-2.389942068,8.487367786
17.0015,-2.389942068,7.214262618
17.002,-2.389942068,6.132123225
17.0025,-2.389942068,5.212304741
17.003,-2.389942068,4.43045903
17.0035,-2.386874106,8.367832539
17.004,-2.386874106,7.112657658
17.0045,-2.386874106,6.04575901
17.005,-2.386874106,5.138895158
17.0055,-2.386874106,4.368060884
17.006,-2.383806144,8.314794115
17.0065,-2.383806144,7.067574998
17.007,-2.383806144,6.007438748
17.0075,-2.383806144,5.106322936
17.008,-2.383806144,4.340374496
17.0085,-2.383806144,3.689318321
17.009,-2.380738183,7.737862937
17.0095,-2.380738183,6.577183496
17.01,-2.380738183,5.590605972
17.0105,-2.380738183,4.752015076
17.011,-2.380738183,4.039212815
17.0115,-2.377670221,8.035273256
17.012,-2.377670221,6.829982268
17.0125,-2.377670221,5.805484928
17.013,-2.377670221,4.934662188
17.0135,-2.377670221,4.19446286
17.014,-2.377670221,3.565293431
17.0145,-2.37460226,7.63244178
17.015,-2.37460226,6.487575513
17.0155,-2.37460226,5.514439186
17.016,-2.37460226,4.687273308
17.0165,-2.37460226,3.984182312
17.017,-2.37460226,3.386554965
17.0175,-2.371534298,7.480514084
17.018,-2.371534298,6.358436971
17.0185,-2.371534298,5.404671426
17.019,-2.371534298,4.593970712
17.0195,-2.371534298,3.904875105
17.02,-2.368466336,7.921086203
17.0205,-2.368466336,6.732923273
17.021,-2.368466336,5.722984782
17.0215,-2.368466336,4.864537064
17.022,-2.368466336,4.134856505
17.0225,-2.368466336,3.514628029
17.023,-2.365398375,7.589376188
17.0235,-2.365398375,6.45096976
17.024,-2.365398375,5.483324296
17.0245,-2.365398375,4.660825652
17.025,-2.365398375,3.961701804
17.0255,-2.362330413,7.969388897
17.026,-2.362330413,6.773980562
17.0265,-2.362330413,5.757883478
17.027,-2.362330413,4.894200956
17.0275,-2.362330413,4.160070813
17.028,-2.362330413,3.536060191
17.0285,-2.359262452,7.607593526
17.029,-2.359262452,6.466454497
17.0295,-2.359262452,5.496486323
17.03,-2.359262452,4.672013374
17.0305,-2.359262452,3.971211368
17.031,-2.359262452,3.375529663
17.0315,-2.35619449,7.471142577
17.032,-2.35619449,6.35047119
17.0325,-2.35619449,5.397900512
17.033,-2.35619449,4.588215435
17.0335,-2.35619449,3.89998312
17.034,-2.35619449,3.314985652
17.0345,-2.353126529,7.419680168
17.035,-2.353126529,6.306728143
17.0355,-2.353126529,5.360718921
17.036,-2.353126529,4.556611083
17.0365,-2.353126529,3.873119421
17.037,-2.353126529,3.292151507
17.0375,-2.353126529,2.798328781
17.038,-2.350058567,6.980521828
17.0385,-2.350058567,5.933443554
17.039,-2.350058567,5.043427021
17.0395,-2.350058567,4.286912968
17.04,-2.350058567,3.643876022
17.0405,-2.350058567,3.097294619
17.041,-2.350058567,2.632700426
17.0415,-2.346990605,6.839737726
17.042,-2.346990605,5.813777067
17.0425,-2.346990605,4.941710507
17.043,-2.346990605,4.200453931
17.0435,-2.346990605,3.570385841
17.044,-2.346990605,3.034827965
17.0445,-2.346990605,2.57960377
17.045,-2.343922644,6.794605568
17.0455,-2.343922644,5.775414733
17.046,-2.343922644,4.909102523
17.0465,-2.343922644,4.172737145
17.047,-2.343922644,3.546826573
17.0475,-2.343922644,3.014802587
17.048,-2.343922644,2.562582199
17.0485,-2.340854682,6.780137233
17.049,-2.340854682,5.763116648
17.0495,-2.340854682,4.898649151
17.05,-2.340854682,4.163851778
17.0505,-2.340854682,3.539274011
17.051,-2.340854682,3.00838291
17.0515,-2.340854682,2.557125473
17.052,-2.340854682,2.173556652
17.0525,-2.337786721,6.449465518
17.053,-2.337786721,5.48204569
17.0535,-2.337786721,4.659738837
17.054,-2.337786721,3.960778011
17.0545,-2.337786721,3.36666131
17.055,-2.337786721,2.861662113
17.0555,-2.337786721,2.432412796
17.056,-2.337786721,2.067550877
17.0565,-2.334718759,6.359360609
17.057,-2.334718759,5.405456518
17.0575,-2.334718759,4.59463804
17.058,-2.334718759,3.905442334
17.0585,-2.334718759,3.319625984
17.059,-2.334718759,2.821682086
17.0595,-2.334718759,2.398429773
17.06,-2.334718759,2.038665307
17.0605,-2.334718759,1.732865511
17.061,-2.334718759,1.472935685
17.0615,-2.334718759,1.251995332
17.062,-2.331650798,5.666138396
17.0625,-2.331650798,4.816217636
17.063,-2.331650798,4.093784991
17.0635,-2.331650798,3.479717242
17.064,-2.331650798,2.957759656
17.0645,-2.331650798,2.514095708
17.065,-2.331650798,2.136981351
17.0655,-2.331650798,1.816434149
17.066,-2.331650798,1.543969026
17.0665,-2.331650798,1.312373672
17.067,-2.331650798,1.115517622
17.0675,-2.331650798,0.948189978
17.068,-2.331650798,0.805961482
17.0685,-2.331650798,0.685067259
17.069,-2.331650798,0.58230717
17.0695,-2.331650798,0.494961095
17.07,-2.331650798,0.420716931
17.0705,-2.331650798,0.357609391
17.071,-2.331650798,0.303967982
17.0715,-2.331650798,0.258372785
17.072,-2.331650798,0.219616867
17.0725,-2.331650798,0.186674337
17.073,-2.331650798,0.158673187
17.0735,-2.331650798,0.134872209
17.074,-2.328582836,4.716583741
17.0745,-2.328582836,4.00909618
17.075,-2.328582836,3.407731753
17.0755,-2.328582836,2.89657199
17.076,-2.328582836,2.462086191
17.0765,-2.328582836,2.092773263
17.077,-2.328582836,1.778857273
17.0775,-2.328582836,1.512028682
17.078,-2.328582836,1.28522438
17.0785,-2.328582836,1.092440723
17.079,-2.328582836,0.928574615
17.0795,-2.328582836,0.789288422
17.08,-2.328582836,0.670895159
17.0805,-2.328582836,0.570260885
17.081,-2.328582836,0.484721752
17.0815,-2.328582836,0.41201349
17.082,-2.328582836,0.350211466
17.0825,-2.328582836,0.297679746
17.083,-2.328582836,0.253027784
17.0835,-2.328582836,0.215073617
17.084,-2.328582836,0.182812574
17.0845,-2.328582836,0.155390688
17.085,-2.328582836,0.132082085
17.0855,-2.328582836,0.112269772
17.086,-2.328582836,0.095429306
17.0865,-2.328582836,0.08111491
17.087,-2.328582836,0.068947674
17.0875,-2.328582836,0.058605523
17.088,-2.328582836,0.049814694
17.0885,-2.328582836,0.04234249
17.089,-2.328582836,0.035991117
17.0895,-2.328582836,0.030592449
17.09,-2.328582836,0.026003582
17.0905,-2.328582836,0.022103045
17.091,-2.328582836,0.018787588
17.0915,-2.328582836,0.01596945
17.092,-2.328582836,0.013574032
17.0925,-2.328582836,0.011537927
17.093,-2.328582836,0.009807238
17.0935,-2.328582836,0.008336153
17.094,-2.328582836,0.00708573
17.0945,-2.328582836,0.00602287
17.095,-2.328582836,0.00511944
17.0955,-2.328582836,0.004351524
17.096,-2.328582836,0.003698795
17.0965,-2.328582836,0.003143976
17.097,-2.328582836,0.00267238
17.0975,-2.328582836,0.002271523
17.098,-2.328582836,0.001930794
17.0985,-2.328582836,0.001641175
17.099,-2.328582836,0.001394999
17.0995,-2.328582836,0.001185749
17.1,-2.328582836,0.001007887
17.1005,-2.328582836,0.000856704
17.101,-2.328582836,0.000728198
17.1015,-2.328582836,0.000618968
17.102,-2.328582836,0.000526123
17.1025,-2.328582836,0.000447205
17.103,-2.328582836,0.000380124
17.1035,-2.328582836,0.000323105
17.104,-2.328582836,0.00027464
17.1045,-2.328582836,0.000233444
17.105,-2.328582836,0.000198427
17.1055,-2.328582836,0.000168663
17.106,-2.328582836,0.000143364
17.1065,-2.328582836,0.000121859
17.107,-2.328582836,0.00010358
17.1075,-2.328582836,8.80432E-05
17.108,-2.328582836,7.48367E-05
17.1085,-2.328582836,6.36112E-05
17.109,-2.328582836,5.40695E-05
17.1095,-2.328582836,4.59591E-05
17.11,-2.328582836,3.90652E-05
17.1105,-2.328582836,3.32054E-05
17.111,-2.328582836,2.82246E-05
17.1115,-2.328582836,2.39909E-05
17.112,-2.328582836,2.03923E-05
17.1125,-2.328582836,1.73334E-05
17.113,-2.328582836,1.47334E-05
17.1135,-2.328582836,1.25234E-05
17.114,-2.328582836,1.06449E-05
17.1145,-2.328582836,9.04817E-06
17.115,-2.328582836,7.69094E-06
17.1155,-2.328582836,6.5373E-06
17.116,-2.328582836,5.5567E-06
17.1165,-2.328582836,4.7232E-06
17.117,-2.328582836,4.01472E-06
17.1175,-2.328582836,3.41251E-06
17.118,-2.328582836,2.90063E-06
17.1185,-2.328582836,2.46554E-06
17.119,-2.328582836,2.09571E-06
17.1195,-2.328582836,1.78135E-06
17.12,-2.328582836,1.51415E-06
17.1205,-2.328582836,1.28703E-06
17.121,-2.328582836,1.09397E-06
17.1215,-2.328582836,9.29877E-07
17.122,-2.328582836,7.90395E-07
17.1225,-2.328582836,6.71836E-07
17.123,-2.328582836,5.71061E-07
17.1235,-2.328582836,4.85402E-07
17.124,-2.328582836,4.12591E-07
17.1245,-2.328582836,3.50703E-07
17.125,-2.328582836,2.98097E-07
17.1255,-2.328582836,2.53383E-07
17.126,-2.328582836,2.15375E-07
17.1265,-2.328582836,1.83069E-07
17.127,-2.328582836,1.55609E-07
17.1275,-2.328582836,1.32267E-07
17.128,-2.328582836,1.12427E-07
17.1285,-2.328582836,9.55631E-08
17.129,-2.328582836,8.12287E-08
17.1295,-2.328582836,6.90444E-08
17.13,-2.328582836,5.86877E-08
17.1305,-2.328582836,4.98846E-08
17.131,-2.328582836,4.24019E-08
17.1315,-2.328582836,3.60416E-08
17.132,-2.328582836,3.06354E-08
17.1325,-2.328582836,2.60401E-08
17.133,-2.328582836,2.2134E-08
17.1335,-2.328582836,1.88139E-08
17.134,-2.328582836,1.59918E-08
17.1345,-2.328582836,1.35931E-08
17.135,-2.328582836,1.15541E-08
17.1355,-2.328582836,9.82099E-09
17.136,-2.328582836,8.34784E-09
17.1365,-2.328582836,7.09567E-09
17.137,-2.328582836,6.03132E-09
17.1375,-2.328582836,5.12662E-09
17.138,-2.328582836,4.35763E-09
17.1385,-2.328582836,3.70398E-09
17.139,-2.328582836,3.14839E-09
17.1395,-2.328582836,2.67613E-09
17.14,-2.328582836,2.27471E-09
17.1405,-2.328582836,1.9335E-09
17.141,-2.328582836,1.64348E-09
17.1415,-2.328582836,1.39696E-09
17.142,-2.328582836,1.18741E-09
17.1425,-2.328582836,1.0093E-09
17.143,-2.328582836,8.57905E-10
17.1435,-2.328582836,7.29219E-10
17.144,-2.328582836,6.19837E-10
17.1445,-2.328582836,5.26861E-10
17.145,-2.328582836,4.47832E-10
17.1455,-2.328582836,3.80657E-10
17.146,-2.328582836,3.23559E-10
17.1465,-2.328582836,2.75025E-10
17.147,-2.328582836,2.33771E-10
17.1475,-2.328582836,1.98705E-10
17.148,-2.328582836,1.689E-10
17.1485,-2.328582836,1.43565E-10
17.149,-2.328582836,1.2203E-10
17.1495,-2.328582836,1.03725E-10
17.15,-2.328582836,8.81666E-11
17.1505,-2.328582836,7.49416E-11
17.151,-2.328582836,6.37004E-11
17.1515,-2.328582836,5.41453E-11
17.152,-2.328582836,4.60235E-11
17.1525,-2.328582836,3.912E-11
17.153,-2.328582836,3.3252E-11
17.1535,-2.328582836,2.82642E-11
17.154,-2.328582836,2.40246E-11
17.1545,-2.328582836,2.04209E-11
17.155,-2.328582836,1.73578E-11
17.1555,-2.328582836,1.47541E-11
17.156,-2.328582836,1.2541E-11
17.1565,-2.328582836,1.06598E-11
17.157,-2.328582836,9.06086E-12
17.1575,-2.328582836,7.70173E-12
17.158,-2.328582836,6.54647E-12
17.1585,-2.328582836,5.5645E-12
17.159,-2.328582836,4.72982E-12
17.1595,-2.328582836,4.02035E-12
17.16,-2.328582836,3.4173E-12
17.1605,-2.328582836,2.9047E-12
17.161,-2.328582836,2.469E-12
17.1615,-2.328582836,2.09865E-12
17.162,-2.328582836,1.78385E-12
17.1625,-2.328582836,1.51627E-12
17.163,-2.328582836,1.28883E-12
17.1635,-2.328582836,1.09551E-12
17.164,-2.328582836,9.31181E-13
17.1645,-2.328582836,7.91504E-13
17.165,-2.328582836,6.72778E-13
17.1655,-2.328582836,5.71862E-13
17.166,-2.328582836,4.86082E-13
17.1665,-2.328582836,4.1317E-13
17.167,-2.328582836,3.51195E-13
17.1675,-2.328582836,2.98515E-13
17.168,-2.328582836,2.53738E-13
17.1685,-2.328582836,2.15677E-13
17.169,-2.328582836,1.83326E-13
17.1695,-2.328582836,1.55827E-13
17.17,-2.328582836,1.32453E-13
17.1705,-2.328582836,1.12585E-13
17.171,-2.328582836,9.56972E-14
17.1715,-2.328582836,8.13426E-14
17.172,-2.328582836,6.91412E-14
17.1725,-2.328582836,5.877E-14
17.173,-2.328582836,4.99545E-14
17.1735,-2.328582836,4.24613E-14
17.174,-2.328582836,3.60921E-14
17.1745,-2.328582836,3.06783E-14
17.175,-2.328582836,2.60766E-14
17.1755,-2.328582836,2.21651E-14
17.176,-2.328582836,1.88403E-14
17.1765,-2.328582836,1.60143E-14
17.177,-2.328582836,1.36121E-14
17.1775,-2.328582836,1.15703E-14
17.178,-2.328582836,9.83477E-15
17.1785,-2.328582836,8.35955E-15
17.179,-2.328582836,7.10562E-15
17.1795,-2.328582836,6.03978E-15
17.18,-2.328582836,5.13381E-15
17.1805,-2.328582836,4.36374E-15
17.181,-2.328582836,3.70918E-15
17.1815,-2.328582836,3.1528E-15
17.182,-2.328582836,2.67988E-15
17.1825,-2.328582836,2.2779E-15
17.183,-2.328582836,1.93621E-15
17.1835,-2.328582836,1.64578E-15
17.184,-2.328582836,1.39891E-15
17.1845,-2.328582836,1.18908E-15
17.185,-2.328582836,1.01072E-15
17.1855,-2.328582836,8.59108E-16
17.186,-2.328582836,7.30242E-16
17.1865,-2.328582836,6.20706E-16
17.187,-2.328582836,5.276E-16
17.1875,-2.328582836,4.4846E-16
17.188,-2.328582836,3.81191E-16
17.1885,-2.328582836,3.24012E-16
17.189,-2.328582836,2.7541E-16
17.1895,-2.328582836,2.34099E-16
17.19,-2.328582836,1.98984E-16
17.1905,-2.328582836,1.69136E-16
17.191,-2.328582836,1.43766E-16
17.1915,-2.325514874,4.601942364
17.192,-2.325514874,3.911651009
17.1925,-2.325514874,3.324903358
17.193,-2.325514874,2.826167854
17.1935,-2.325514874,2.402242676
17.194,-2.325514874,2.041906275
17.1945,-2.325514874,1.735620333
17.195,-2.325514874,1.475277283
17.1955,-2.325514874,1.253985691
17.196,-2.325514874,1.065887837
17.1965,-2.325514874,0.906004662
17.197,-2.322446913,5.372046326
17.1975,-2.322446913,4.566239377
17.198,-2.322446913,3.881303471
17.1985,-2.322446913,3.29910795
17.199,-2.322446913,2.804241757
17.1995,-2.322446913,2.383605494
17.2,-2.322446913,2.02606467
17.2005,-2.322446913,1.722154969
17.201,-2.322446913,1.463831724
17.2015,-2.322446913,1.244256965
17.202,-2.322446913,1.057618421
17.2025,-2.322446913,0.898975657
17.203,-2.322446913,0.764129309
17.2035,-2.322446913,0.649509913
17.204,-2.322446913,0.552083426
17.2045,-2.322446913,0.469270912
17.205,-2.322446913,0.398880275
17.2055,-2.322446913,0.339048234
17.206,-2.322446913,0.288190999
17.2065,-2.322446913,0.244962349
17.207,-2.322446913,0.208217997
17.2075,-2.322446913,0.176985297
17.208,-2.322446913,0.150437503
17.2085,-2.322446913,0.127871877
17.209,-2.322446913,0.108691096
17.2095,-2.322446913,0.092387431
17.21,-2.322446913,0.078529317
17.2105,-2.322446913,0.066749919
17.211,-2.322446913,0.056737431
17.2115,-2.322446913,0.048226817
17.212,-2.322446913,0.040992794
17.2125,-2.322446913,0.034843875
17.213,-2.322446913,0.029617294
17.2135,-2.322446913,0.0251747
17.214,-2.322446913,0.021398495
17.2145,-2.322446913,0.01818872
17.215,-2.322446913,0.015460412
17.2155,-2.322446913,0.013141351
17.216,-2.322446913,0.011170148
17.2165,-2.322446913,0.009494626
17.217,-2.322446913,0.008070432
17.2175,-2.322446913,0.006859867
17.218,-2.322446913,0.005830887
17.2185,-2.322446913,0.004956254
17.219,-2.322446913,0.004212816
17.2195,-2.322446913,0.003580894
17.22,-2.322446913,0.003043759
17.2205,-2.322446913,0.002587196
17.221,-2.322446913,0.002199116
17.2215,-2.322446913,0.001869249
17.222,-2.322446913,0.001588861
17.2225,-2.322446913,0.001350532
17.223,-2.322446913,0.001147952
17.2235,-2.322446913,0.00097576
17.224,-2.322446913,0.000829396
17.2245,-2.322446913,0.000704986
17.225,-2.322446913,0.000599238
17.2255,-2.319378951,4.602451716
17.226,-2.319378951,3.912083959
17.2265,-2.319378951,3.325271365
17.227,-2.319378951,2.82648066
17.2275,-2.319378951,2.402508561
17.228,-2.319378951,2.042132277
17.2285,-2.319378951,1.735812435
17.229,-2.319378951,1.47544057
17.2295,-2.319378951,1.254124485
17.23,-2.319378951,1.066005812
17.2305,-2.319378951,0.90610494
17.231,-2.319378951,0.770189199
17.2315,-2.31631099,5.256603183
17.232,-2.31631099,4.468112705
17.2325,-2.31631099,3.7978958
17.233,-2.31631099,3.22821143
17.2335,-2.31631099,2.743979715
17.234,-2.31631099,2.332382758
17.2345,-2.313243028,6.584467708
17.235,-2.313243028,5.596797552
17.2355,-2.313243028,4.757277919
17.236,-2.313243028,4.043686231
17.2365,-2.313243028,3.437133296
17.237,-2.310175067,7.523505666
17.2375,-2.310175067,6.394979816
17.238,-2.310175067,5.435732843
17.2385,-2.310175067,4.620372917
17.239,-2.307107105,8.529259343
17.2395,-2.307107105,7.249870442
17.24,-2.304039143,10.76433224
17.2405,-2.304039143,9.149682403
17.241,-2.304039143,7.777230043
17.2415,-2.300971182,11.2125879
17.242,-2.300971182,9.530699715
17.2425,-2.29790322,12.70303712
17.243,-2.29790322,10.79758155
17.2435,-2.294835259,13.77988668
17.244,-2.294835259,11.71290368
17.2445,-2.291767297,14.55791049
17.245,-2.291767297,12.37422392
17.2455,-2.288699336,15.12003269
17.246,-2.288699336,12.85202779
17.2465,-2.285631374,15.52616599
17.247,-2.282563412,17.79918345
17.2475,-2.282563412,15.12930593
17.248,-2.279495451,17.46185241
17.2485,-2.279495451,14.84257455
17.249,-2.276427489,17.21813073
17.2495,-2.273359528,19.23735348
17.25,-2.273359528,16.35175046
17.2505,-2.270291566,18.50093025
17.251,-2.270291566,15.72579072
17.2515,-2.267223604,17.96886447
17.252,-2.264155643,19.87547717
17.2525,-2.264155643,16.89415559
17.253,-2.261087681,18.96197462
17.2535,-2.261087681,16.11767842
17.254,-2.25801972,18.30196902
17.2545,-2.254951758,20.15861603
17.255,-2.254951758,17.13482363
17.2555,-2.251883797,19.16654245
17.256,-2.251883797,16.29156108
17.2565,-2.248815835,18.44976928
17.257,-2.248815835,15.68230389
17.2575,-2.245747873,17.93190067
17.258,-2.245747873,15.24211557
17.2585,-2.242679912,17.5577406
17.259,-2.23961195,19.52602187
17.2595,-2.23961195,16.59711859
17.26,-2.236543989,18.70949317
17.2605,-2.236543989,15.90306919
17.261,-2.233476027,18.11955118
17.2615,-2.233476027,15.4016185
17.262,-2.230408066,17.69331809
17.2625,-2.230408066,15.03932038
17.263,-2.227340104,17.38536468
17.2635,-2.227340104,14.77755998
17.264,-2.224272142,17.16286835
17.2645,-2.224272142,14.58843809
17.265,-2.221204181,17.00211474
17.2655,-2.221204181,14.45179753
17.266,-2.218136219,16.88597027
17.2665,-2.218136219,14.35307473
17.267,-2.215068258,16.80205588
17.2675,-2.215068258,14.2817475
17.268,-2.212000296,16.74142774
17.2685,-2.212000296,14.23021358
17.269,-2.208932335,16.6976239
17.2695,-2.208932335,14.19298032
17.27,-2.208932335,12.06403327
17.2705,-2.205864373,14.85637064
17.271,-2.205864373,12.62791505
17.2715,-2.202796411,15.33567015
17.272,-2.202796411,13.03531963
17.2725,-2.19972845,15.68196405
17.273,-2.19972845,13.32966944
17.2735,-2.196660488,15.93216139
17.274,-2.196660488,13.54233718
17.2745,-2.193592527,16.11292897
17.275,-2.193592527,13.69598962
17.2755,-2.190524565,16.24353354
17.276,-2.190524565,13.80700351
17.2765,-2.187456604,16.33789535
17.277,-2.187456604,13.88721105
17.2775,-2.187456604,11.80412939
17.278,-2.184388642,14.63545234
17.2785,-2.184388642,12.44013449
17.279,-2.18132068,15.17605668
17.2795,-2.18132068,12.89964818
17.28,-2.178252719,15.56664332
17.2805,-2.178252719,13.23164682
17.281,-2.175184757,15.84884216
17.2815,-2.175184757,13.47151584
17.282,-2.175184757,11.45078846
17.2825,-2.172116796,14.33511256
17.283,-2.172116796,12.18484567
17.2835,-2.169048834,14.95906118
17.284,-2.169048834,12.71520201
17.2845,-2.165980872,15.40986407
17.285,-2.165980872,13.09838446
17.2855,-2.162912911,15.73556915
17.286,-2.162912911,13.37523378
17.2865,-2.162912911,11.36894871
17.287,-2.159844949,14.26554877
17.2875,-2.159844949,12.12571645
17.288,-2.156776988,14.90880135
17.2885,-2.156776988,12.67248115
17.289,-2.153709026,15.37355134
17.2895,-2.153709026,13.06751864
17.29,-2.150641065,15.70933321
17.2905,-2.150641065,13.35293323
17.291,-2.150641065,11.34999324
17.2915,-2.147573103,14.24943662
17.292,-2.147573103,12.11202113
17.2925,-2.144505141,14.89716032
17.293,-2.144505141,12.66258627
17.2935,-2.14143718,15.3651407
17.294,-2.14143718,13.06036959
17.2945,-2.14143718,11.10131415
17.295,-2.138369218,14.03805939
17.2955,-2.138369218,11.93235048
17.296,-2.135301257,14.74444028
17.2965,-2.135301257,12.53277423
17.297,-2.135301257,10.6528581
17.2975,-2.132233295,13.65687175
17.298,-2.132233295,11.60834099
17.2985,-2.132233295,9.867089838
17.299,-2.129165334,12.98896873
17.2995,-2.129165334,11.04062342
17.3,-2.129165334,9.384529904
17.3005,-2.126097372,12.57879278
17.301,-2.126097372,10.69197386
17.3015,-2.126097372,9.088177785
17.302,-2.12302941,12.32689348
17.3025,-2.12302941,10.47785946
17.303,-2.12302941,8.90618054
17.3035,-2.119961449,12.17219582
17.304,-2.119961449,10.34636645
17.3045,-2.119961449,8.794411482
17.305,-2.119961449,7.47524976
17.3055,-2.116893487,10.95590466
17.306,-2.116893487,9.31251896
17.3065,-2.116893487,7.915641116
17.307,-2.113825526,11.33023731
17.3075,-2.113825526,9.630701716
17.308,-2.113825526,8.186096458
17.3085,-2.113825526,6.95818199
17.309,-2.110757564,10.51639705
17.3095,-2.110757564,8.938937497
17.31,-2.110757564,7.598096872
17.3105,-2.110757564,6.458382341
17.311,-2.107689603,10.09156735
17.3115,-2.107689603,8.577832251
17.312,-2.107689603,7.291157413
17.3125,-2.107689603,6.197483801
17.313,-2.107689603,5.267861231
17.3135,-2.104621641,9.07962441
17.314,-2.104621641,7.717680748
17.3145,-2.104621641,6.560028636
17.315,-2.104621641,5.576024341
17.3155,-2.101553679,9.341563053
17.316,-2.101553679,7.940328595
17.3165,-2.101553679,6.749279306
17.317,-2.101553679,5.73688741
17.3175,-2.098485718,9.478296662
17.318,-2.098485718,8.056552163
17.3185,-2.098485718,6.848069338
17.319,-2.098485718,5.820858938
17.3195,-2.098485718,4.947730097
17.32,-2.095417756,8.807512946
17.3205,-2.095417756,7.486386004
17.321,-2.095417756,6.363428104
17.3215,-2.095417756,5.408913888
17.322,-2.092349795,9.199519169
17.3225,-2.092349795,7.819591293
17.323,-2.092349795,6.646652599
17.3235,-2.092349795,5.649654709
17.324,-2.092349795,4.802206503
17.3245,-2.089281833,8.683817891
17.325,-2.089281833,7.381245207
17.3255,-2.089281833,6.274058426
17.326,-2.089281833,5.332949662
17.3265,-2.086213872,9.134949577
17.327,-2.086213872,7.76470714
17.3275,-2.086213872,6.600001069
17.328,-2.086213872,5.610000909
17.3285,-2.08314591,9.370443136
17.329,-2.08314591,7.964876666
17.3295,-2.08314591,6.770145166
17.33,-2.08314591,5.754623391
17.3305,-2.080077948,9.493372246
17.331,-2.080077948,8.069366409
17.3315,-2.080077948,6.858961448
17.332,-2.077009987,10.43205959
17.3325,-2.077009987,8.867250655
17.333,-2.077009987,7.537163057
17.3335,-2.073942025,11.00853096
17.334,-2.073942025,9.357251318
17.3345,-2.073942025,7.95366362
17.335,-2.070874064,11.36255644
17.3355,-2.070874064,9.658172975
17.336,-2.070874064,8.209447028
17.3365,-2.067806102,11.57997234
17.337,-2.067806102,9.842976487
17.3375,-2.067806102,8.366530014
17.338,-2.067806102,7.111550512
17.3385,-2.06473814,10.6467603
17.339,-2.06473814,9.049746254
17.3395,-2.06473814,7.692284316
17.34,-2.061670179,11.14038403
17.3405,-2.061670179,9.469326427
17.341,-2.061670179,8.048927463
17.3415,-2.061670179,6.841588344
17.342,-2.058602217,10.41729246
17.3425,-2.058602217,8.854698587
17.343,-2.058602217,7.526493799
17.3435,-2.058602217,6.397519729
17.344,-2.055534256,10.03983413
17.3445,-2.055534256,8.533859014
17.345,-2.055534256,7.253780162
17.3455,-2.055534256,6.165713137
17.346,-2.055534256,5.240856167
17.3465,-2.052466294,9.056670105
17.347,-2.052466294,7.69816959
17.3475,-2.052466294,6.543444151
17.348,-2.052466294,5.561927528
17.3485,-2.049398333,9.329580763
17.349,-2.049398333,7.930143648
17.3495,-2.049398333,6.740622101
17.35,-2.049398333,5.729528786
17.3505,-2.049398333,4.870099468
17.351,-2.046330371,8.741526912
17.3515,-2.046330371,7.430297875
17.352,-2.046330371,6.315753194
17.3525,-2.046330371,5.368390215
17.353,-2.046330371,4.563131682
17.3535,-2.046330371,3.87866193
17.354,-2.043262409,7.898805004
17.3545,-2.043262409,6.713984254
17.355,-2.043262409,5.706886616
17.3555,-2.043262409,4.850853623
17.356,-2.043262409,4.12322558
17.3565,-2.040194448,8.106684106
17.357,-2.040194448,6.89068149
17.3575,-2.040194448,5.857079267
17.358,-2.040194448,4.978517377
17.3585,-2.040194448,4.23173977
17.359,-2.040194448,3.596978805
17.3595,-2.037126486,7.659374348
17.36,-2.037126486,6.510468196
17.3605,-2.037126486,5.533897966
17.361,-2.037126486,4.703813271
17.3615,-2.037126486,3.998241281
17.362,-2.037126486,3.398505089
17.3625,-2.034058525,7.490671689
17.363,-2.034058525,6.367070936
17.3635,-2.034058525,5.412010295
17.364,-2.034058525,4.600208751
17.3645,-2.034058525,3.910177438
17.365,-2.034058525,3.323650823
17.3655,-2.030990563,7.427045563
17.366,-2.030990563,6.312988728
17.3665,-2.030990563,5.366040419
17.367,-2.030990563,4.561134356
17.3675,-2.030990563,3.876964203
17.368,-2.030990563,3.295419572
17.3685,-2.027922602,7.403049
17.369,-2.027922602,6.29259165
17.3695,-2.027922602,5.348702903
17.37,-2.027922602,4.546397467
17.3705,-2.027922602,3.864437847
17.371,-2.027922602,3.28477217
17.3715,-2.027922602,2.792056345
17.372,-2.02485464,6.975190257
17.3725,-2.02485464,5.928911718
17.373,-2.02485464,5.03957496
17.3735,-2.02485464,4.283638716
17.374,-2.02485464,3.641092909
17.3745,-2.02485464,3.094928973
17.375,-2.021786678,7.23263199
17.3755,-2.021786678,6.147737192
17.376,-2.021786678,5.225576613
17.3765,-2.021786678,4.441740121
17.377,-2.021786678,3.775479103
17.3775,-2.021786678,3.209157237
17.378,-2.018718717,7.329726015
17.3785,-2.018718717,6.230267113
17.379,-2.018718717,5.295727046
17.3795,-2.018718717,4.501367989
17.38,-2.015650755,8.428105155
17.3805,-2.015650755,7.163889381
17.381,-2.015650755,6.089305974
17.3815,-2.015650755,5.175910078
17.382,-2.012582794,9.00146593
17.3825,-2.012582794,7.65124604
17.383,-2.012582794,6.503559134
17.3835,-2.012582794,5.528025264
17.384,-2.009514832,9.300763838
17.3845,-2.009514832,7.905649263
17.385,-2.009514832,6.719801873
17.3855,-2.009514832,5.711831592
17.386,-2.006446871,9.456999217
17.3865,-2.006446871,8.038449334
17.387,-2.006446871,6.832681934
17.3875,-2.003378909,10.40972201
17.388,-2.003378909,8.848263707
17.3885,-2.003378909,7.521024151
17.389,-2.000310947,10.99481289
17.3895,-2.000310947,9.345590958
17.39,-2.000310947,7.943752314
17.3905,-1.997242986,11.35413183
17.391,-1.997242986,9.651012056
17.3915,-1.997242986,8.203360248
17.392,-1.997242986,6.972856211
17.3925,-1.994175024,10.52887014
17.393,-1.994175024,8.949539621
17.3935,-1.994175024,7.607108678
17.394,-1.994175024,6.466042376
17.3945,-1.991107063,10.09807838
17.395,-1.991107063,8.583366626
17.3955,-1.991107063,7.295861632
17.396,-1.991107063,6.201482387
17.3965,-1.988039101,9.873202393
17.397,-1.988039101,8.392222034
17.3975,-1.988039101,7.133388729
17.398,-1.988039101,6.06338042
17.3985,-1.98497114,9.75581572
17.399,-1.98497114,8.292443362
17.3995,-1.98497114,7.048576858
17.4,-1.98497114,5.991290329
17.4005,-1.98497114,5.09259678
17.401,-1.981903178,8.930649627
17.4015,-1.981903178,7.591052183
17.402,-1.981903178,6.452394355
17.4025,-1.981903178,5.484535202
17.403,-1.978835216,9.263797285
17.4035,-1.978835216,7.874227692
17.404,-1.978835216,6.693093539
17.4045,-1.978835216,5.689129508
17.405,-1.975767255,9.437702445
17.4055,-1.975767255,8.022047078
17.406,-1.975767255,6.818740017
17.4065,-1.975767255,5.795929014
17.407,-1.975767255,4.926539662
17.4075,-1.972699293,8.789501076
17.408,-1.972699293,7.471075915
17.4085,-1.972699293,6.350414528
17.409,-1.972699293,5.397852349
17.4095,-1.969631332,9.19011686
17.41,-1.969631332,7.811599331
17.4105,-1.969631332,6.639859431
17.411,-1.969631332,5.643880517
17.4115,-1.96656337,9.399240803
17.412,-1.96656337,7.989354682
17.4125,-1.96656337,6.79095148
17.413,-1.96656337,5.772308758
17.4135,-1.963495408,9.508404808
17.414,-1.963495408,8.082144087
17.4145,-1.963495408,6.869822474
17.415,-1.963495408,5.839349103
17.4155,-1.963495408,4.963446737
17.416,-1.960427447,8.82087209
17.4165,-1.960427447,7.497741277
17.417,-1.960427447,6.373080085
17.4175,-1.960427447,5.417118072
17.418,-1.960427447,4.604550362
17.4185,-1.957359485,8.515810171
17.419,-1.957359485,7.238438645
17.4195,-1.957359485,6.152672849
17.42,-1.957359485,5.229771921
17.4205,-1.954291524,9.047248497
17.421,-1.954291524,7.690161222
17.4215,-1.954291524,6.536637039
17.422,-1.954291524,5.556141483
17.4225,-1.954291524,4.722720261
17.423,-1.951223562,8.616254585
17.4235,-1.951223562,7.323816397
17.424,-1.951223562,6.225243938
17.4245,-1.951223562,5.291457347
17.425,-1.951223562,4.497738745
17.4255,-1.951223562,3.823077933
17.426,-1.948155601,7.851558607
17.4265,-1.948155601,6.673824816
17.427,-1.948155601,5.672751094
17.4275,-1.948155601,4.821838429
17.428,-1.948155601,4.098562665
17.4285,-1.945087639,8.085720629
17.429,-1.945087639,6.872862535
17.4295,-1.945087639,5.841933154
17.43,-1.945087639,4.965643181
17.4305,-1.945087639,4.220796704
17.431,-1.942019677,8.189619562
17.4315,-1.942019677,6.961176628
17.432,-1.942019677,5.917000134
17.4325,-1.942019677,5.029450114
17.433,-1.942019677,4.275032597
17.4335,-1.942019677,3.633777707
17.434,-1.938951716,7.690653415
17.4345,-1.938951716,6.537055402
17.435,-1.938951716,5.556497092
17.4355,-1.938951716,4.723022528
17.436,-1.938951716,4.014569149
17.4365,-1.938951716,3.412383777
17.437,-1.935883754,7.502468574
17.4375,-1.935883754,6.377098288
17.438,-1.935883754,5.420533545
17.4385,-1.935883754,4.607453513
17.439,-1.935883754,3.916335486
17.4395,-1.935883754,3.328885163
17.44,-1.932815793,7.431494752
17.4405,-1.932815793,6.316770539
17.441,-1.932815793,5.369254959
17.4415,-1.932815793,4.563866715
17.442,-1.932815793,3.879286708
17.4425,-1.929747831,7.899336065
17.443,-1.929747831,6.714435655
17.4435,-1.929747831,5.707270307
17.444,-1.929747831,4.851179761
17.4445,-1.929747831,4.123502797
17.445,-1.929747831,3.504977377
17.4455,-1.92667987,7.581173134
17.446,-1.92667987,6.443997164
17.4465,-1.92667987,5.47739759
17.447,-1.92667987,4.655787951
17.4475,-1.92667987,3.957419758
17.448,-1.92667987,3.363806795
17.4485,-1.923611908,7.461178139
17.449,-1.923611908,6.342001418
17.4495,-1.923611908,5.390701206
17.45,-1.923611908,4.582096025
17.4505,-1.923611908,3.894781621
17.451,-1.923611908,3.310564378
17.4515,-1.923611908,2.813979721
17.452,-1.920543946,6.993825127
17.4525,-1.920543946,5.944751358
17.453,-1.920543946,5.053038654
17.4535,-1.920543946,4.295082856
17.454,-1.920543946,3.650820428
17.4545,-1.920543946,3.103197363
17.455,-1.920543946,2.637717759
17.4555,-1.920543946,2.242060095
17.456,-1.917475985,6.507693444
17.4565,-1.917475985,5.531539428
17.457,-1.917475985,4.701808514
17.4575,-1.917475985,3.996537237
17.458,-1.917475985,3.397056651
17.4585,-1.917475985,2.887498153
17.459,-1.917475985,2.45437343
17.4595,-1.917475985,2.086217416
17.46,-1.917475985,1.773284803
17.4605,-1.914408023,6.109234447
17.461,-1.914408023,5.19284928
17.4615,-1.914408023,4.413921888
17.462,-1.914408023,3.751833605
17.4625,-1.914408023,3.189058564
17.463,-1.914408023,2.710699779
17.4635,-1.914408023,2.304094812
17.464,-1.914408023,1.958480591
17.4645,-1.914408023,1.664708502
17.465,-1.911340062,6.01694459
17.4655,-1.911340062,5.114402902
17.466,-1.911340062,4.347242466
17.4665,-1.911340062,3.695156097
17.467,-1.911340062,3.140882682
17.4675,-1.911340062,2.66975028
17.468,-1.911340062,2.269287738
17.4685,-1.911340062,1.928894577
17.469,-1.911340062,1.639560391
17.4695,-1.911340062,1.393626332
17.47,-1.9082721,5.786524746
17.4705,-1.9082721,4.918546034
17.471,-1.9082721,4.180764129
17.4715,-1.9082721,3.55364951
17.472,-1.9082721,3.020602083
17.4725,-1.9082721,2.567511771
17.473,-1.9082721,2.182385005
17.4735,-1.9082721,1.855027254
17.474,-1.9082721,1.576773166
17.4745,-1.905204139,5.942199555
17.475,-1.905204139,5.050869622
17.4755,-1.905204139,4.293239178
17.476,-1.905204139,3.649253302
17.4765,-1.905204139,3.101865306
17.477,-1.905204139,2.63658551
17.4775,-1.905204139,2.241097684
17.478,-1.905204139,1.904933031
17.4785,-1.905204139,1.619193077
17.479,-1.902136177,5.978256479
17.4795,-1.902136177,5.081518007
17.48,-1.902136177,4.319290306
17.4805,-1.902136177,3.67139676
17.481,-1.902136177,3.120687246
17.4815,-1.902136177,2.652584159
17.482,-1.902136177,2.254696535
17.4825,-1.902136177,1.916492055
17.483,-1.902136177,1.629018247
17.4835,-1.899068215,5.986607873
17.484,-1.899068215,5.088616692
17.4845,-1.899068215,4.325324189
17.485,-1.899068215,3.67652556
17.4855,-1.899068215,3.125046726
17.486,-1.899068215,2.656289717
17.4865,-1.899068215,2.25784626
17.487,-1.896000254,6.521111684
17.4875,-1.896000254,5.542944932
17.488,-1.896000254,4.711503192
17.4885,-1.896000254,4.004777713
17.489,-1.896000254,3.404061056
17.4895,-1.896000254,2.893451898
17.49,-1.892932292,7.061376477
17.4905,-1.892932292,6.002170005
17.491,-1.892932292,5.101844504
17.4915,-1.892932292,4.336567829
17.492,-1.892932292,3.686082654
17.4925,-1.892932292,3.133170256
17.493,-1.889864331,7.265137082
17.4935,-1.889864331,6.175366519
17.494,-1.889864331,5.249061541
17.4945,-1.889864331,4.46170231
17.495,-1.889864331,3.792446964
17.4955,-1.889864331,3.223579919
17.496,-1.886796369,7.341985295
17.4965,-1.886796369,6.240687501
17.497,-1.886796369,5.304584376
17.4975,-1.886796369,4.508896719
17.498,-1.886796369,3.832562211
17.4985,-1.883728408,7.859620243
17.499,-1.883728408,6.680677207
17.4995,-1.883728408,5.678575626
17.5,-1.883728408,4.826789282
17.5005,-1.880660446,8.704713253
17.501,-1.880660446,7.399006265
17.5015,-1.880660446,6.289155325
17.502,-1.880660446,5.345782027
17.5025,-1.877592484,9.145857086
17.503,-1.877592484,7.773978523
17.5035,-1.877592484,6.607881745
17.504,-1.877592484,5.616699483
17.5045,-1.874524523,9.376136924
17.505,-1.874524523,7.969716386
17.5055,-1.874524523,6.774258928
17.506,-1.874524523,5.758120089
17.5065,-1.871456561,9.496344439
17.507,-1.871456561,8.071892773
17.5075,-1.871456561,6.861108857
17.508,-1.8683886,10.43388489
17.5085,-1.8683886,8.868802158
17.509,-1.8683886,7.538481835
17.5095,-1.865320638,11.00965192
17.51,-1.865320638,9.358204135
17.5105,-1.865320638,7.954473514
17.511,-1.862252676,11.36324485
17.5115,-1.862252676,9.658758123
17.512,-1.862252676,8.209944405
17.5125,-1.859184715,11.58039511
17.513,-1.859184715,9.843335842
17.5135,-1.859184715,8.366835465
17.514,-1.856116753,11.71375251
17.5145,-1.856116753,9.956689633
17.515,-1.856116753,8.463186188
17.5155,-1.853048792,11.79565062
17.516,-1.853048792,10.02630303
17.5165,-1.84998083,13.12429994
17.517,-1.84998083,11.15565495
17.5175,-1.84998083,9.482306706
17.518,-1.846912869,12.66190306
17.5185,-1.846912869,10.7626176
17.519,-1.843844907,13.75016733
17.5195,-1.843844907,11.68764223
17.52,-1.840776945,14.53643826
17.5205,-1.840776945,12.35597252
17.521,-1.837708984,15.104519
17.5215,-1.837708984,12.83884115
17.522,-1.834641022,15.51495734
17.5225,-1.834641022,13.18771374
17.523,-1.831573061,15.81149905
17.5235,-1.831573061,13.43977419
17.524,-1.828505099,16.02575042
17.5245,-1.828505099,13.62188786
17.525,-1.825437138,16.18054704
17.5255,-1.825437138,13.75346499
17.526,-1.822369176,16.2923876
17.5265,-1.822369176,13.84852946
17.527,-1.819301214,16.37319241
17.5275,-1.819301214,13.91721355
17.528,-1.816233253,16.43157388
17.5285,-1.816233253,13.9668378
17.529,-1.813165291,16.47375449
17.5295,-1.813165291,14.00269132
17.53,-1.81009733,16.50422998
17.5305,-1.81009733,14.02859549
17.531,-1.807029368,16.52624853
17.5315,-1.807029368,14.04731125
17.532,-1.803961407,16.54215692
17.5325,-1.803961407,14.06083339
17.533,-1.803961407,11.95170838
17.5335,-1.800893445,14.76089448
17.534,-1.800893445,12.54676031
17.5345,-1.797825483,15.26668863
17.535,-1.797825483,12.97668533
17.5355,-1.794757522,15.6321249
17.536,-1.79168956,17.88924853
17.5365,-1.79168956,15.20586125
17.537,-1.788621599,17.52692442
17.5375,-1.788621599,14.89788576
17.538,-1.785553637,17.26514526
17.5385,-1.785553637,14.67537347
17.539,-1.782485676,17.07600981
17.5395,-1.782485676,14.51460834
17.54,-1.779417714,16.93935945
17.5405,-1.779417714,14.39845554
17.541,-1.776349752,16.84062957
17.5415,-1.776349752,14.31453513
17.542,-1.773281791,16.76929723
17.5425,-1.770213829,18.85584501
17.543,-1.770213829,16.02746826
17.5435,-1.767145868,18.22529038
17.544,-1.767145868,15.49149682
17.5445,-1.764077906,17.76971466
17.545,-1.764077906,15.10425746
17.5455,-1.761009944,17.44056121
17.546,-1.761009944,14.82447703
17.5465,-1.757941983,17.20274784
17.547,-1.754874021,19.22427802
17.5475,-1.754874021,16.34063632
17.548,-1.75180606,18.49148324
17.5485,-1.75180606,15.71776075
17.549,-1.748738098,17.962039
17.5495,-1.748738098,15.26773315
17.55,-1.745670137,17.57951554
17.5505,-1.745670137,14.94258821
17.551,-1.742602175,17.30314234
17.5515,-1.739534213,19.30961336
17.552,-1.739534213,16.41317135
17.5525,-1.739534213,13.95119565
17.553,-1.736466252,16.46045867
17.5535,-1.73339829,18.59333223
17.554,-1.73339829,15.80433239
17.5545,-1.730330329,18.0356249
17.555,-1.730330329,15.33028116
17.5555,-1.727262367,17.63268135
17.556,-1.727262367,14.98777915
17.5565,-1.724194406,17.34155464
17.557,-1.724194406,14.74032145
17.5575,-1.721126444,17.13121559
17.558,-1.721126444,14.56153325
17.5585,-1.718058482,16.97924563
17.559,-1.718058482,14.43235878
17.5595,-1.714990521,16.86944733
17.56,-1.714990521,14.33903023
17.5605,-1.711922559,16.79011806
17.561,-1.711922559,14.27160035
17.5615,-1.708854598,16.73280266
17.562,-1.708854598,14.22288226
17.5625,-1.705786636,16.69139229
17.563,-1.705786636,14.18768344
17.5635,-1.702718675,16.66147329
17.564,-1.702718675,14.1622523
17.5645,-1.699650713,16.63985682
17.565,-1.699650713,14.14387829
17.5655,-1.696582751,16.62423891
17.566,-1.696582751,14.13060308
17.5665,-1.69351479,16.61295498
17.567,-1.69351479,14.12101173
17.5675,-1.690446828,16.60480234
17.568,-1.690446828,14.11408199
17.5685,-1.690446828,11.99696969
17.569,-1.687378867,14.7993666
17.5695,-1.687378867,12.57946161
17.57,-1.684310905,15.29448473
17.5705,-1.684310905,13.00031202
17.571,-1.681242944,15.65220758
17.5715,-1.681242944,13.30437644
17.572,-1.681242944,11.30871998
17.5725,-1.678174982,14.21435434
17.573,-1.678174982,12.08220119
17.5735,-1.67510702,14.87181338
17.574,-1.67510702,12.64104137
17.5745,-1.67510702,10.74488517
17.575,-1.672039059,13.73509475
17.5755,-1.672039059,11.67483054
17.576,-1.668971097,14.52554832
17.5765,-1.668971097,12.34671608
17.577,-1.668971097,10.49470866
17.5775,-1.665903136,13.52244473
17.578,-1.665903136,11.49407802
17.5785,-1.665903136,9.769966316
17.579,-1.662835174,12.90641373
17.5795,-1.662835174,10.97045167
17.58,-1.659767212,13.92682629
17.5805,-1.659767212,11.83780234
17.581,-1.659767212,10.06213199
17.5815,-1.656699251,13.15475456
17.582,-1.656699251,11.18154137
17.5825,-1.656699251,9.504310167
17.583,-1.653631289,12.68060601
17.5835,-1.653631289,10.7785151
17.584,-1.653631289,9.161737839
17.5845,-1.650563328,12.38941953
17.585,-1.650563328,10.5310066
17.5855,-1.650563328,8.951355608
17.586,-1.650563328,7.608652267
17.5865,-1.647495366,11.06929679
17.587,-1.647495366,9.408902272
17.5875,-1.647495366,7.997566931
17.588,-1.644427405,11.39987426
17.5885,-1.644427405,9.689893117
17.589,-1.644427405,8.236409149
17.5895,-1.644427405,7.000947777
17.59,-1.641359443,10.55274797
17.5905,-1.641359443,8.969835778
17.591,-1.641359443,7.624360411
17.5915,-1.641359443,6.48070635
17.592,-1.638291481,10.11054276
17.5925,-1.638291481,8.593961347
17.593,-1.638291481,7.304867145
17.5935,-1.638291481,6.209137073
17.594,-1.63522352,9.879708876
17.5945,-1.63522352,8.397752544
17.595,-1.63522352,7.138089663
17.5955,-1.63522352,6.067376213
17.596,-1.632155558,9.759212145
17.5965,-1.632155558,8.295330323
17.597,-1.632155558,7.051030775
17.5975,-1.632155558,5.993376159
17.598,-1.632155558,5.094369735
17.5985,-1.629087597,8.932156638
17.599,-1.629087597,7.592333142
17.5995,-1.629087597,6.453483171
17.6,-1.629087597,5.485460695
17.6005,-1.626019635,9.264583955
17.601,-1.626019635,7.874896362
17.6015,-1.626019635,6.693661907
17.602,-1.626019635,5.689612621
17.6025,-1.626019635,4.836170728
17.603,-1.622951674,8.712687482
17.6035,-1.622951674,7.40578436
17.604,-1.622951674,6.294916706
17.6045,-1.622951674,5.3506792
17.605,-1.619883712,9.150019684
17.6055,-1.619883712,7.777516731
17.606,-1.619883712,6.610889222
17.6065,-1.619883712,5.619255838
17.607,-1.619883712,4.776367463
17.6075,-1.61681575,8.661854707
17.608,-1.61681575,7.362576501
17.6085,-1.61681575,6.258190026
17.609,-1.61681575,5.319461522
17.6095,-1.61681575,4.521542294
17.61,-1.613747789,8.445253313
17.6105,-1.613747789,7.178465316
17.611,-1.613747789,6.101695519
17.6115,-1.613747789,5.186441191
17.612,-1.613747789,4.408475012
17.6125,-1.610679827,8.349146124
17.613,-1.610679827,7.096774206
17.6135,-1.610679827,6.032258075
17.614,-1.610679827,5.127419363
17.6145,-1.607611866,8.960248823
17.615,-1.607611866,7.616211499
17.6155,-1.607611866,6.473779774
17.616,-1.607611866,5.502712808
17.6165,-1.607611866,4.677305887
17.617,-1.604543904,8.577652368
17.6175,-1.604543904,7.291004512
17.618,-1.604543904,6.197353836
17.6185,-1.604543904,5.26775076
17.619,-1.604543904,4.477588146
17.6195,-1.601475943,8.407892288
17.62,-1.601475943,7.146708445
17.6205,-1.601475943,6.074702178
17.621,-1.601475943,5.163496851
17.6215,-1.601475943,4.388972324
17.622,-1.598407981,8.332568839
17.6225,-1.598407981,7.082683513
17.623,-1.598407981,6.020280986
17.6235,-1.598407981,5.117238838
17.624,-1.595340019,8.951595376
17.6245,-1.595340019,7.60885607
17.625,-1.595340019,6.467527659
17.6255,-1.595340019,5.49739851
17.626,-1.592272058,9.274731097
17.6265,-1.592272058,7.883521433
17.627,-1.592272058,6.700993218
17.6275,-1.592272058,5.695844235
17.628,-1.592272058,4.8414676
17.6285,-1.589204096,8.717189824
17.629,-1.589204096,7.40961135
17.6295,-1.589204096,6.298169648
17.63,-1.589204096,5.3534442
17.6305,-1.586136135,9.152369934
17.631,-1.586136135,7.779514444
17.6315,-1.586136135,6.612587277
17.632,-1.586136135,5.620699186
17.6325,-1.583068173,9.379536672
17.633,-1.583068173,7.972606171
17.6335,-1.583068173,6.776715245
17.634,-1.583068173,5.760207958
17.6345,-1.580000212,9.498119128
17.635,-1.580000212,8.073401259
17.6355,-1.580000212,6.86239107
17.636,-1.57693225,10.43497477
17.6365,-1.57693225,8.869728557
17.637,-1.57693225,7.539269274
17.6375,-1.57693225,6.408378883
17.638,-1.573864288,10.04906441
17.6385,-1.573864288,8.541704752
17.639,-1.573864288,7.260449039
17.6395,-1.570796327,10.77332405
17.64,-1.570796327,9.15732544
17.6405,-1.570796327,7.783726624
17.641,-1.570796327,6.61616763
17.6415,-1.567728365,10.22568485
17.642,-1.567728365,8.691832122
17.6425,-1.567728365,7.388057304
17.643,-1.564660404,10.88179107
17.6435,-1.564660404,9.249522411
17.644,-1.564660404,7.862094049
17.6445,-1.564660404,6.682779942
17.645,-1.561592442,10.28230531
17.6455,-1.561592442,8.739959517
17.646,-1.561592442,7.42896559
17.6465,-1.55852448,10.91656311
17.647,-1.55852448,9.279078648
17.6475,-1.55852448,7.88721685
17.648,-1.55852448,6.704134323
17.6485,-1.555456519,10.30045654
17.649,-1.555456519,8.755388057
17.6495,-1.555456519,7.442079849
17.65,-1.552388557,10.92771024
17.6505,-1.552388557,9.2885537
17.651,-1.552388557,7.895270645
17.6515,-1.549320596,11.31292241
17.652,-1.549320596,9.61598405
17.6525,-1.549320596,8.173586443
17.653,-1.549320596,6.947548476
17.6535,-1.546252634,10.50735857
17.654,-1.546252634,8.931254783
17.6545,-1.546252634,7.591566566
17.655,-1.543184673,11.05477394
17.6555,-1.543184673,9.396557853
17.656,-1.543184673,7.987074175
17.6565,-1.543184673,6.789013049
17.657,-1.540116711,10.37260346
17.6575,-1.540116711,8.816712937
17.658,-1.540116711,7.494205996
17.6585,-1.537048749,10.97201746
17.659,-1.537048749,9.326214841
17.6595,-1.537048749,7.927282615
17.66,-1.533980788,11.34013259
17.6605,-1.533980788,9.639112699
17.661,-1.533980788,8.193245794
17.6615,-1.530912826,11.56620129
17.662,-1.530912826,9.831271095
17.6625,-1.530912826,8.356580431
17.663,-1.527844865,11.70503573
17.6635,-1.527844865,9.94928037
17.664,-1.527844865,8.456888315
17.6645,-1.524776903,11.79029743
17.665,-1.524776903,10.02175282
17.6655,-1.524776903,8.518489894
17.666,-1.521708942,11.84265877
17.6665,-1.521708942,10.06625996
17.667,-1.521708942,8.556320964
17.6675,-1.51864098,11.87481518
17.668,-1.51864098,10.09359291
17.6685,-1.51864098,8.57955397
17.669,-1.515573018,11.89456324
17.6695,-1.515573018,10.11037875
17.67,-1.515573018,8.593821939
17.6705,-1.512505057,11.90669101
17.671,-1.512505057,10.12068736
17.6715,-1.512505057,8.602584256
17.672,-1.509437095,11.91413898
17.6725,-1.509437095,10.12701813
17.673,-1.509437095,8.607965414
17.6735,-1.509437095,7.316770602
17.674,-1.506369134,10.82119738
17.6745,-1.506369134,9.198017769
17.675,-1.506369134,7.818315104
17.6755,-1.503301172,11.2475102
17.676,-1.503301172,9.560383672
17.6765,-1.503301172,8.126326121
17.677,-1.500233211,11.50931957
17.6775,-1.500233211,9.782921631
17.678,-1.500233211,8.315483387
17.6785,-1.500233211,7.068160879
17.679,-1.497165249,10.60987911
17.6795,-1.497165249,9.018397244
17.68,-1.497165249,7.665637657
17.6805,-1.497165249,6.515792009
17.681,-1.494097287,10.14036557
17.6815,-1.494097287,8.619310735
17.682,-1.494097287,7.326414125
17.6825,-1.491029326,10.82939437
17.683,-1.491029326,9.204985215
17.6835,-1.491029326,7.824237432
17.684,-1.491029326,6.650601817
17.6845,-1.487961364,10.25495391
17.685,-1.487961364,8.716710822
17.6855,-1.487961364,7.409204199
17.686,-1.487961364,6.297823569
17.6865,-1.487961364,5.353150034
17.687,-1.484893403,9.152119892
17.6875,-1.484893403,7.779301908
17.688,-1.484893403,6.612406622
17.6885,-1.484893403,5.620545629
17.689,-1.481825441,9.379406148
17.6895,-1.481825441,7.972495226
17.69,-1.481825441,6.776620942
17.6905,-1.481825441,5.760127801
17.691,-1.481825441,4.896108631
17.6915,-1.47875748,8.7636347
17.692,-1.47875748,7.449089495
17.6925,-1.47875748,6.331726071
17.693,-1.47875748,5.38196716
17.6935,-1.47875748,4.574672086
17.694,-1.475689518,8.490413637
17.6945,-1.475689518,7.216851591
17.695,-1.475689518,6.134323853
17.6955,-1.475689518,5.214175275
17.696,-1.475689518,4.432048983
17.6965,-1.472621556,8.369184
17.697,-1.472621556,7.1138064
17.6975,-1.472621556,6.04673544
17.698,-1.472621556,5.139725124
17.6985,-1.472621556,4.368766355
17.699,-1.472621556,3.713451402
17.6995,-1.469553595,7.758376055
17.7,-1.469553595,6.594619647
17.7005,-1.469553595,5.6054267
17.701,-1.469553595,4.764612695
17.7015,-1.469553595,4.049920791
17.702,-1.466485633,8.044375036
17.7025,-1.466485633,6.83771878
17.703,-1.466485633,5.812060963
17.7035,-1.466485633,4.940251819
17.704,-1.466485633,4.199214046
17.7045,-1.466485633,3.569331939
17.705,-1.463417672,7.635874512
17.7055,-1.463417672,6.490493335
17.706,-1.463417672,5.516919335
17.7065,-1.463417672,4.689381435
17.707,-1.463417672,3.985974219
17.7075,-1.46034971,7.99002045
17.708,-1.46034971,6.791517383
17.7085,-1.46034971,5.772789775
17.709,-1.46034971,4.906871309
17.7095,-1.46034971,4.170840613
17.71,-1.46034971,3.545214521
17.7105,-1.457281748,7.615374706
17.711,-1.457281748,6.4730685
17.7115,-1.457281748,5.502108225
17.712,-1.457281748,4.676791991
17.7125,-1.457281748,3.975273193
17.713,-1.454213787,7.980924578
17.7135,-1.454213787,6.783785891
17.714,-1.454213787,5.766218007
17.7145,-1.454213787,4.901285306
17.715,-1.454213787,4.16609251
17.7155,-1.451145825,8.143120997
17.716,-1.451145825,6.921652848
17.7165,-1.451145825,5.883404921
17.717,-1.451145825,5.000894183
17.7175,-1.451145825,4.250760055
17.718,-1.448077864,8.215088411
17.7185,-1.448077864,6.982825149
17.719,-1.448077864,5.935401377
17.7195,-1.448077864,5.04509117
17.72,-1.445009902,8.890269858
17.7205,-1.445009902,7.55672938
17.721,-1.445009902,6.423219973
17.7215,-1.445009902,5.459736977
17.722,-1.441941941,9.242718794
17.7225,-1.441941941,7.856310975
17.723,-1.441941941,6.677864329
17.7235,-1.441941941,5.676184679
17.724,-1.438873979,9.426699341
17.7245,-1.438873979,8.01269444
17.725,-1.438873979,6.810790274
17.7255,-1.438873979,5.789171733
17.726,-1.435806017,9.522738337
17.7265,-1.435806017,8.094327586
17.727,-1.435806017,6.880178448
17.7275,-1.432738056,10.45009404
17.728,-1.432738056,8.882579938
17.7285,-1.432738056,7.550192947
17.729,-1.432738056,6.417664005
17.7295,-1.429670094,10.05695677
17.73,-1.429670094,8.548413253
17.7305,-1.429670094,7.266151265
17.731,-1.426602133,10.77817094
17.7315,-1.426602133,9.161445298
17.732,-1.426602133,7.787228503
17.7325,-1.423534171,11.22108659
17.733,-1.423534171,9.537923603
17.7335,-1.423534171,8.107235062
17.734,-1.42046621,11.49309217
17.7345,-1.42046621,9.769128342
17.735,-1.42046621,8.30375909
17.7355,-1.417398248,11.66013759
17.736,-1.417398248,9.911116952
17.7365,-1.417398248,8.424449409
17.737,-1.414330286,11.76272436
17.7375,-1.414330286,9.998315707
17.738,-1.414330286,8.498568351
17.7385,-1.411262325,11.82572546
17.739,-1.411262325,10.05186664
17.7395,-1.411262325,8.544086646
17.74,-1.408194363,11.86441601
17.7405,-1.408194363,10.08475361
17.741,-1.408194363,8.572040569
17.7415,-1.405126402,11.88817685
17.742,-1.405126402,10.10495032
17.7425,-1.40205844,13.19115014
17.743,-1.40205844,11.21247762
17.7435,-1.40205844,9.530605973
17.744,-1.398990479,12.70295744
17.7445,-1.398990479,10.79751382
17.745,-1.395922517,13.77982911
17.7455,-1.395922517,11.71285475
17.746,-1.395922517,9.955926535
17.7465,-1.392854555,13.06447992
17.747,-1.392854555,11.10480793
17.7475,-1.392854555,9.439086741
17.748,-1.389786594,12.62516609
17.7485,-1.389786594,10.73139118
17.749,-1.386718632,13.72362487
17.7495,-1.386718632,11.66508114
17.75,-1.386718632,9.915318966
17.7505,-1.383650671,13.02996348
17.751,-1.383650671,11.07546896
17.7515,-1.380582709,14.01609098
17.752,-1.380582709,11.91367733
17.7525,-1.377514748,14.7285681
17.753,-1.377514748,12.51928288
17.7535,-1.377514748,10.64139045
17.754,-1.374446786,13.64712425
17.7545,-1.374446786,11.60005561
17.755,-1.374446786,9.860047268
17.7555,-1.371378824,12.98298254
17.756,-1.371378824,11.03553516
17.7565,-1.368310863,13.98214725
17.757,-1.368310863,11.88482516
17.7575,-1.365242901,14.70404375
17.758,-1.365242901,12.49843719
17.7585,-1.36217494,15.22561397
17.759,-1.36217494,12.94177188
17.7595,-1.359106978,15.60244846
17.76,-1.359106978,13.26208119
17.7605,-1.356039016,15.87471138
17.761,-1.356039016,13.49350467
17.7615,-1.352971055,16.07142133
17.762,-1.352971055,13.66070813
17.7625,-1.349903093,16.21354428
17.763,-1.349903093,13.78151264
17.7635,-1.346835132,16.3162281
17.764,-1.346835132,13.86879389
17.7645,-1.34376717,16.39041717
17.765,-1.34376717,13.93185459
17.7655,-1.340699209,16.44401877
17.766,-1.337631247,18.57935832
17.7665,-1.337631247,15.79245457
17.767,-1.334563285,18.02552875
17.7675,-1.334563285,15.32169944
17.768,-1.331495324,17.62538688
17.7685,-1.331495324,14.98157885
17.769,-1.328427362,17.33628439
17.7695,-1.328427362,14.73584173
17.77,-1.325359401,17.12740783
17.7705,-1.322291439,19.16023902
17.771,-1.322291439,16.28620317
17.7715,-1.319223478,18.44521506
17.772,-1.319223478,15.6784328
17.7725,-1.316155516,17.92861024
17.773,-1.316155516,15.23931871
17.7735,-1.313087554,17.55536326
17.774,-1.310019593,19.52400114
17.7745,-1.310019593,16.59540097
17.775,-1.306951631,18.70803319
17.7755,-1.306951631,15.90182821
17.776,-1.30388367,18.11849634
17.7765,-1.300815708,20.00266425
17.777,-1.300815708,17.00226462
17.7775,-1.297747747,19.05386729
17.778,-1.297747747,16.19578719
17.7785,-1.294679785,18.36836148
17.779,-1.294679785,15.61310726
17.7795,-1.291611823,17.87308353
17.78,-1.288543862,19.79406337
17.7805,-1.288543862,16.82495386
17.781,-1.2854759,18.90315315
17.7815,-1.2854759,16.06768017
17.782,-1.282407939,18.25947051
17.7825,-1.279339977,20.1224923
17.783,-1.279339977,17.10411845
17.7835,-1.276272016,19.14044305
17.784,-1.276272016,16.26937659
17.7845,-1.273204054,18.43091247
17.785,-1.270136092,20.26821796
17.7855,-1.270136092,17.22798527
17.786,-1.267068131,19.24572984
17.7865,-1.264000169,20.96081273
17.787,-1.264000169,17.81669082
17.7875,-1.260932208,19.74612956
17.788,-1.260932208,16.78421013
17.7885,-1.257864246,18.86852097
17.789,-1.257864246,16.03824282
17.7895,-1.254796284,18.23444876
17.79,-1.251728323,20.10122381
17.7905,-1.251728323,17.08604024
17.791,-1.248660361,19.12507657
17.7915,-1.248660361,16.25631508
17.792,-1.2455924,18.41981018
17.7925,-1.2455924,15.65683866
17.793,-1.242524438,17.91025522
17.7935,-1.239456477,19.8256593
17.794,-1.239456477,16.85181041
17.7945,-1.236388515,18.92598121
17.795,-1.236388515,16.08708403
17.7955,-1.233320553,18.27596379
17.796,-1.233320553,15.53456922
17.7965,-1.230252592,17.8063262
17.797,-1.22718463,19.73731963
17.7975,-1.22718463,16.77672169
17.798,-1.224116669,18.8621558
17.7985,-1.224116669,16.03283243
17.799,-1.221048707,18.22984993
17.7995,-1.221048707,15.49537244
17.8,-1.217980746,17.77300894
17.8005,-1.217980746,15.1070576
17.801,-1.214912784,17.44294132
17.8015,-1.214912784,14.82650012
17.802,-1.211844822,17.20446747
17.8025,-1.211844822,14.62379735
17.803,-1.208776861,17.03217011
17.8035,-1.208776861,14.47734459
17.804,-1.205708899,16.90768527
17.8045,-1.205708899,14.37153248
17.805,-1.202640938,16.81774497
17.8055,-1.199572976,18.89702559
17.806,-1.199572976,16.06247175
17.8065,-1.199572976,13.65310099
17.807,-1.196505015,16.2070782
17.8075,-1.196505015,13.77601647
17.808,-1.193437053,16.31155637
17.8085,-1.193437053,13.86482291
17.809,-1.190369091,16.38704184
17.8095,-1.190369091,13.92898556
17.81,-1.18730113,16.44158009
17.8105,-1.18730113,13.97534308
17.811,-1.184233168,16.48098398
17.8115,-1.184233168,14.00883638
17.812,-1.181165207,16.50945329
17.8125,-1.181165207,14.0330353
17.813,-1.178097245,16.53002236
17.8135,-1.178097245,14.05051901
17.814,-1.175029284,16.54488352
17.8145,-1.175029284,14.06315099
17.815,-1.175029284,11.95367834
17.8155,-1.171961322,14.76256896
17.816,-1.171961322,12.54818361
17.8165,-1.16889336,15.26789843
17.817,-1.16889336,12.97771367
17.8175,-1.165825399,15.63299898
17.818,-1.165825399,13.28804914
17.8185,-1.162757437,15.89678413
17.819,-1.162757437,13.51226651
17.8195,-1.159689476,16.0873689
17.82,-1.159689476,13.67426356
17.8205,-1.156621514,16.22506639
17.821,-1.156621514,13.79130643
17.8215,-1.156621514,11.72261047
17.822,-1.153553552,14.56616126
17.8225,-1.153553552,12.38123707
17.823,-1.150485591,15.12599387
17.8235,-1.150485591,12.85709479
17.824,-1.147417629,15.53047294
17.8245,-1.147417629,13.200902
17.825,-1.144349668,15.82270906
17.8255,-1.144349668,13.4493027
17.826,-1.141281706,16.03384966
17.8265,-1.141281706,13.62877221
17.827,-1.141281706,11.58445638
17.8275,-1.138213745,14.44873029
17.828,-1.138213745,12.28142074
17.8285,-1.135145783,15.04115
17.829,-1.135145783,12.7849775
17.8295,-1.135145783,10.86723087
17.83,-1.132077821,13.8390886
17.8305,-1.132077821,11.76322531
17.831,-1.12900986,14.60068388
17.8315,-1.12900986,12.4105813
17.832,-1.125941898,15.15093647
17.8325,-1.125941898,12.878296
17.833,-1.122873937,15.54849396
17.8335,-1.122873937,13.21621987
17.834,-1.119805975,15.83572925
17.8345,-1.119805975,13.46036986
17.835,-1.119805975,11.44131438
17.8355,-1.116738014,14.32705959
17.836,-1.116738014,12.17800065
17.8365,-1.113670052,14.95324292
17.837,-1.113670052,12.71025648
17.8375,-1.11060209,15.40566037
17.838,-1.11060209,13.09481132
17.8385,-1.11060209,11.13058962
17.839,-1.107534129,14.06294354
17.8395,-1.107534129,11.95350201
17.84,-1.104466167,14.76241907
17.8405,-1.104466167,12.54805621
17.841,-1.101398206,15.26779014
17.8415,-1.101398206,12.97762162
17.842,-1.098330244,15.63292074
17.8425,-1.098330244,13.28798263
17.843,-1.095262283,15.8967276
17.8435,-1.095262283,13.51221846
17.844,-1.092194321,16.08732805
17.8445,-1.092194321,13.67422885
17.845,-1.092194321,11.62309452
17.8455,-1.089126359,14.4815727
17.846,-1.089126359,12.3093368
17.8465,-1.086058398,15.06487864
17.847,-1.086058398,12.80514685
17.8475,-1.082990436,15.48631718
17.848,-1.082990436,13.16336961
17.8485,-1.079922475,15.79080653
17.849,-1.079922475,13.42218555
17.8495,-1.076854513,16.01080008
17.85,-1.076854513,13.60918007
17.8505,-1.073786552,16.16974542
17.851,-1.073786552,13.74428361
17.8515,-1.07071859,16.28458343
17.852,-1.07071859,13.84189592
17.8525,-1.067650628,16.36755389
17.853,-1.067650628,13.91242081
17.8535,-1.064582667,16.42750005
17.854,-1.064582667,13.96337504
17.8545,-1.061514705,16.47081115
17.855,-1.061514705,14.00018948
17.8555,-1.058446744,16.50210342
17.856,-1.058446744,14.02678791
17.8565,-1.055378782,16.52471208
17.857,-1.055378782,14.04600527
17.8575,-1.05231082,16.54104684
17.858,-1.05231082,14.05988982
17.8585,-1.049242859,16.55284871
17.859,-1.049242859,14.0699214
17.8595,-1.046174897,16.56137556
17.86,-1.046174897,14.07716922
17.8605,-1.043106936,16.5675362
17.861,-1.043106936,14.08240577
17.8615,-1.040038974,16.57198727
17.862,-1.040038974,14.08618918
17.8625,-1.036971013,16.57520317
17.863,-1.036971013,14.08892269
17.8635,-1.033903051,16.57752665
17.864,-1.033903051,14.09089765
17.8645,-1.030835089,16.57920537
17.865,-1.030835089,14.09232456
17.8655,-1.027767128,16.58041824
17.866,-1.027767128,14.09335551
17.8665,-1.024699166,16.58129454
17.867,-1.024699166,14.09410036
17.8675,-1.021631205,16.58192767
17.868,-1.021631205,14.09463852
17.8685,-1.018563243,16.58238511
17.869,-1.018563243,14.09502734
17.8695,-1.015495282,16.5827156
17.87,-1.015495282,14.09530826
17.8705,-1.015495282,11.98101202
17.871,-1.01242732,14.78580258
17.8715,-1.01242732,12.5679322
17.872,-1.009359358,15.28468473
17.8725,-1.009359358,12.99198202
17.873,-1.006291397,15.64512708
17.8735,-1.006291397,13.29835802
17.874,-1.006291397,11.30360432
17.8745,-1.003223435,14.21000603
17.875,-1.003223435,12.07850513
17.8755,-1.003223435,10.26672936
17.876,-1.000155474,13.32866232
17.8765,-1.000155474,11.32936297
17.877,-0.997087512,14.23190089
17.8775,-0.997087512,12.09711576
17.878,-0.997087512,10.28254839
17.8785,-0.994019551,13.3421085
17.879,-0.994019551,11.34079222
17.8795,-0.990951589,14.24161575
17.88,-0.990951589,12.10537339
17.8805,-0.990951589,10.28956738
17.881,-0.987883627,13.34807464
17.8815,-0.987883627,11.34586344
17.882,-0.987883627,9.643983926
17.8825,-0.984815666,12.7993287
17.883,-0.984815666,10.8794294
17.8835,-0.984815666,9.247514986
17.884,-0.981747704,12.4623301
17.8845,-0.981747704,10.59298059
17.885,-0.981747704,9.004033499
17.8855,-0.978679743,12.25537084
17.886,-0.978679743,10.41706521
17.8865,-0.978679743,8.85450543
17.887,-0.975611781,12.12827198
17.8875,-0.975611781,10.30903118
17.888,-0.975611781,8.762676505
17.8885,-0.97254382,12.05021739
17.889,-0.97254382,10.24268478
17.8895,-0.97254382,8.706282066
17.89,-0.969475858,12.00228212
17.8905,-0.969475858,10.2019398
17.891,-0.969475858,8.671648832
17.8915,-0.966407896,11.97284387
17.892,-0.966407896,10.17691729
17.8925,-0.966407896,8.650379697
17.893,-0.963339935,11.95476511
17.8935,-0.963339935,10.16155034
17.894,-0.963339935,8.637317789
17.8945,-0.960271973,11.94366248
17.895,-0.960271973,10.15211311
17.8955,-0.960271973,8.629296145
17.896,-0.957204012,11.93684409
17.8965,-0.957204012,10.14631747
17.897,-0.957204012,8.624369853
17.8975,-0.95413605,11.93265674
17.898,-0.95413605,10.14275823
17.8985,-0.95413605,8.621344494
17.899,-0.951068088,11.93008518
17.8995,-0.951068088,10.14057241
17.9,-0.951068088,8.619486545
17.9005,-0.948000127,11.92850593
17.901,-0.948000127,10.13923004
17.9015,-0.948000127,8.618345532
17.902,-0.944932165,11.92753607
17.9025,-0.944932165,10.13840566
17.903,-0.944932165,8.617644808
17.9035,-0.941864204,11.92694045
17.904,-0.941864204,10.13789938
17.9045,-0.941864204,8.617214475
17.905,-0.938796242,11.92657467
17.9055,-0.938796242,10.13758847
17.906,-0.938796242,8.616950197
17.9065,-0.935728281,11.92635003
17.907,-0.935728281,10.13739753
17.9075,-0.932660319,13.21873026
17.908,-0.932660319,11.23592072
17.9085,-0.932660319,9.550532614
17.909,-0.932660319,8.117952722
17.9095,-0.929592357,11.50220218
17.91,-0.929592357,9.776871851
17.9105,-0.929592357,8.310341073
17.911,-0.926524396,11.66573228
17.9115,-0.926524396,9.915872434
17.912,-0.926524396,8.428491569
17.9125,-0.926524396,7.164217834
17.913,-0.923456434,10.69152752
17.9135,-0.923456434,9.087798394
17.914,-0.923456434,7.724628635
17.9145,-0.920388473,11.1678767
17.915,-0.920388473,9.492695198
17.9155,-0.920388473,8.068790918
17.916,-0.917320511,11.46041464
17.9165,-0.917320511,9.741352447
17.917,-0.917320511,8.28014958
17.9175,-0.917320511,7.038127143
17.918,-0.91425255,10.58435044
17.9185,-0.91425255,8.99669787
17.919,-0.91425255,7.64719319
17.9195,-0.911184588,11.10205657
17.92,-0.911184588,9.436748089
17.9205,-0.911184588,8.021235875
17.921,-0.911184588,6.818050494
17.9215,-0.908116626,10.39728528
17.922,-0.908116626,8.837692491
17.9225,-0.908116626,7.512038617
17.923,-0.905048665,10.98717519
17.9235,-0.905048665,9.33909891
17.924,-0.905048665,7.938234074
17.9245,-0.905048665,6.747498963
17.925,-0.901980703,10.33731648
17.9255,-0.901980703,8.78671901
17.926,-0.901980703,7.468711158
17.9265,-0.901980703,6.348404484
17.927,-0.898912742,9.998086175
17.9275,-0.898912742,8.498373249
17.928,-0.898912742,7.223617262
17.9285,-0.898912742,6.140074672
17.929,-0.89584478,9.821005835
17.9295,-0.89584478,8.34785496
17.93,-0.89584478,7.095676716
17.9305,-0.89584478,6.031325209
17.931,-0.892776819,9.728568791
17.9315,-0.892776819,8.269283472
17.932,-0.892776819,7.028890951
17.9325,-0.892776819,5.974557309
17.933,-0.889708857,9.680316076
17.9335,-0.889708857,8.228268665
17.934,-0.889708857,6.994028365
17.9345,-0.886640895,10.54686647
17.935,-0.886640895,8.964836503
17.9355,-0.886640895,7.620111027
17.936,-0.886640895,6.477094373
17.9365,-0.883572934,10.10747258
17.937,-0.883572934,8.591351694
17.9375,-0.883572934,7.30264894
17.938,-0.883572934,6.207251599
17.9385,-0.883572934,5.276163859
17.939,-0.880504972,9.086681644
17.9395,-0.880504972,7.723679397
17.94,-0.880504972,6.565127488
17.9405,-0.880504972,5.580358364
17.941,-0.877437011,9.345246973
17.9415,-0.877437011,7.943459927
17.942,-0.877437011,6.751940938
17.9425,-0.877437011,5.739149798
17.943,-0.874369049,9.480219692
17.9435,-0.874369049,8.058186738
17.944,-0.874369049,6.849458727
17.9445,-0.874369049,5.822039918
17.945,-0.871301088,9.550676294
17.9455,-0.871301088,8.11807485
17.946,-0.871301088,6.900363622
17.9465,-0.871301088,5.865309079
17.947,-0.868233126,9.587455081
17.9475,-0.868233126,8.149336819
17.948,-0.868233126,6.926936296
17.9485,-0.868233126,5.887895852
17.949,-0.865165164,9.606653837
17.9495,-0.865165164,8.165655762
17.95,-0.865165164,6.940807398
17.9505,-0.865165164,5.899686288
17.951,-0.862097203,9.616675708
17.9515,-0.862097203,8.174174352
17.952,-0.862097203,6.948048199
17.9525,-0.862097203,5.905840969
17.953,-0.859029241,9.621907188
17.9535,-0.859029241,8.17862111
17.954,-0.859029241,6.951827943
17.9545,-0.859029241,5.909053752
17.955,-0.85596128,9.624638053
17.9555,-0.85596128,8.180942345
17.956,-0.85596128,6.953800993
17.9565,-0.85596128,5.910730844
17.957,-0.852893318,9.626063581
17.9575,-0.852893318,8.182154044
17.958,-0.852893318,6.954830937
17.9585,-0.852893318,5.911606297
17.959,-0.849825356,9.626807716
17.9595,-0.849825356,8.182786558
17.96,-0.849825356,6.955368575
17.9605,-0.846757395,10.51400565
17.961,-0.846757395,8.936904804
17.9615,-0.846757395,7.596369084
17.962,-0.846757395,6.456913721
17.9625,-0.843689433,10.09031903
17.963,-0.843689433,8.576771173
17.9635,-0.843689433,7.290255497
17.964,-0.843689433,6.196717172
17.9645,-0.840621472,9.86915196
17.965,-0.840621472,8.388779166
17.9655,-0.840621472,7.130462291
17.966,-0.840621472,6.060892947
17.9665,-0.83755351,9.753701369
17.967,-0.83755351,8.290646164
17.9675,-0.83755351,7.047049239
17.968,-0.83755351,5.989991853
17.9685,-0.834485549,9.693435439
17.969,-0.834485549,8.239420123
17.9695,-0.834485549,7.003507105
17.97,-0.834485549,5.952981039
17.9705,-0.831417587,9.661976247
17.971,-0.831417587,8.21267981
17.9715,-0.831417587,6.980777838
17.972,-0.828349625,10.53560353
17.9725,-0.828349625,8.955262997
17.973,-0.828349625,7.611973548
17.9735,-0.828349625,6.470177516
17.974,-0.828349625,5.499650888
17.9745,-0.825281664,9.276645619
17.975,-0.825281664,7.885148776
17.9755,-0.825281664,6.702376459
17.976,-0.825281664,5.697019991
17.9765,-0.822213702,9.444409356
17.977,-0.822213702,8.027747952
17.9775,-0.822213702,6.823585759
17.978,-0.822213702,5.800047896
17.9785,-0.819145741,9.531983075
17.979,-0.819145741,8.102185614
17.9795,-0.819145741,6.886857772
17.98,-0.819145741,5.853829106
17.9805,-0.819145741,4.97575474
17.981,-0.816077779,8.831333893
17.9815,-0.816077779,7.506633809
17.982,-0.816077779,6.380638737
17.9825,-0.816077779,5.423542927
17.983,-0.813009818,9.211953851
17.9835,-0.813009818,7.830160774
17.984,-0.813009818,6.655636658
17.9845,-0.813009818,5.657291159
17.985,-0.813009818,4.808697485
17.9855,-0.809941856,8.689335226
17.986,-0.809941856,7.385934942
17.9865,-0.809941856,6.278044701
17.987,-0.809941856,5.336337996
17.9875,-0.809941856,4.535887296
17.988,-0.809941856,3.855504202
17.9885,-0.806873894,7.879120935
17.989,-0.806873894,6.697252795
17.9895,-0.806873894,5.692664876
17.99,-0.806873894,4.838765144
17.9905,-0.806873894,4.112950373
17.991,-0.803805933,8.09795018
17.9915,-0.803805933,6.883257653
17.992,-0.803805933,5.850769005
17.9925,-0.803805933,4.973153655
17.993,-0.803805933,4.227180606
17.9935,-0.803805933,3.593103515
17.994,-0.800737971,7.656080352
17.9945,-0.800737971,6.507668299
17.995,-0.800737971,5.531518054
17.9955,-0.800737971,4.701790346
17.996,-0.800737971,3.996521794
17.9965,-0.79767001,7.998985889
17.997,-0.79767001,6.799138005
17.9975,-0.79767001,5.779267305
17.998,-0.79767001,4.912377209
17.9985,-0.79767001,4.175520628
17.999,-0.79767001,3.549192533
17.9995,-0.79767001,3.016813653
18,-0.794602048,7.166233969
18.0005,-0.794602048,6.091298874
18.001,-0.794602048,5.177604043
18.0015,-0.794602048,4.400963436
18.002,-0.794602048,3.740818921
18.0025,-0.794602048,3.179696083
18.003,-0.791534087,7.304684034
18.0035,-0.791534087,6.208981429
18.004,-0.791534087,5.277634215
18.0045,-0.791534087,4.485989082
18.005,-0.791534087,3.81309072
18.0055,-0.791534087,3.241127112
18.006,-0.791534087,2.754958045
18.0065,-0.788466125,6.943656702
18.007,-0.788466125,5.902108197
18.0075,-0.788466125,5.016791967
18.008,-0.788466125,4.264273172
18.0085,-0.788466125,3.624632196
18.009,-0.788466125,3.080937367
18.0095,-0.788466125,2.618796762
18.01,-0.785398163,6.827919611
18.0105,-0.785398163,5.80373167
18.011,-0.785398163,4.933171919
18.0115,-0.785398163,4.193196131
18.012,-0.785398163,3.564216712
18.0125,-0.785398163,3.029584205
18.013,-0.782330202,7.177088938
18.0135,-0.782330202,6.100525597
18.014,-0.782330202,5.185446758
18.0145,-0.782330202,4.407629744
18.015,-0.782330202,3.746485282
18.0155,-0.782330202,3.18451249
18.016,-0.782330202,2.706835616
18.0165,-0.77926224,6.902752638
18.017,-0.77926224,5.867339742
18.0175,-0.77926224,4.987238781
18.018,-0.77926224,4.239152964
18.0185,-0.77926224,3.603280019
18.019,-0.776194279,7.66473038
18.0195,-0.776194279,6.515020823
18.02,-0.776194279,5.537767699
18.0205,-0.776194279,4.707102545
18.021,-0.776194279,4.001037163
18.0215,-0.776194279,3.400881588
18.022,-0.773126317,7.492691714
18.0225,-0.773126317,6.368787957
18.023,-0.773126317,5.413469763
18.0235,-0.773126317,4.601449299
18.024,-0.773126317,3.911231904
18.0245,-0.773126317,3.324547118
18.025,-0.770058356,7.427807414
18.0255,-0.770058356,6.313636302
18.026,-0.770058356,5.366590857
18.0265,-0.770058356,4.561602228
18.027,-0.770058356,3.877361894
18.0275,-0.770058356,3.29575761
18.028,-0.766990394,7.403336332
18.0285,-0.766990394,6.292835882
18.029,-0.766990394,5.3489105
18.0295,-0.766990394,4.546573925
18.03,-0.766990394,3.864587836
18.0305,-0.766990394,3.284899661
18.031,-0.763922432,7.394107075
18.0315,-0.763922432,6.284991014
18.032,-0.763922432,5.342242362
18.0325,-0.763922432,4.540906008
18.033,-0.763922432,3.859770106
18.0335,-0.763922432,3.280804591
18.034,-0.760854471,7.390626266
18.0345,-0.760854471,6.282032326
18.035,-0.760854471,5.339727477
18.0355,-0.760854471,4.538768355
18.036,-0.760854471,3.857953102
18.0365,-0.760854471,3.279260137
18.037,-0.757786509,7.38931348
18.0375,-0.757786509,6.280916458
18.038,-0.757786509,5.338778989
18.0385,-0.757786509,4.537962141
18.039,-0.757786509,3.85726782
18.0395,-0.757786509,3.278677647
18.04,-0.754718548,7.388818363
18.0405,-0.754718548,6.280495609
18.041,-0.754718548,5.338421268
18.0415,-0.754718548,4.537658077
18.042,-0.754718548,3.857009366
18.0425,-0.754718548,3.278457961
18.043,-0.754718548,2.786689267
18.0435,-0.751650586,6.97062824
18.044,-0.751650586,5.925034004
18.0445,-0.751650586,5.036278904
18.045,-0.751650586,4.280837068
18.0455,-0.751650586,3.638711508
18.046,-0.751650586,3.092904782
18.0465,-0.751650586,2.628969064
18.047,-0.748582624,6.836566068
18.0475,-0.748582624,5.811081158
18.048,-0.748582624,4.939418984
18.0485,-0.748582624,4.198506137
18.049,-0.748582624,3.568730216
18.0495,-0.748582624,3.033420684
18.05,-0.748582624,2.578407581
18.0505,-0.745514663,6.793588808
18.051,-0.745514663,5.774550487
18.0515,-0.745514663,4.908367914
18.052,-0.745514663,4.172112727
18.0525,-0.745514663,3.546295818
18.053,-0.745514663,3.014351445
18.0535,-0.745514663,2.562198728
18.054,-0.742446701,6.779811283
18.0545,-0.742446701,5.76283959
18.055,-0.742446701,4.898413652
18.0555,-0.742446701,4.163651604
18.056,-0.742446701,3.539103863
18.0565,-0.742446701,3.008238284
18.057,-0.742446701,2.557002541
18.0575,-0.73937874,6.775394524
18.058,-0.73937874,5.759085345
18.0585,-0.73937874,4.895222543
18.059,-0.73937874,4.160939162
18.0595,-0.73937874,3.536798288
18.06,-0.73937874,3.006278544
18.0605,-0.73937874,2.555336763
18.061,-0.736310778,6.773978612
18.0615,-0.736310778,5.75788182
18.062,-0.736310778,4.894199547
18.0625,-0.736310778,4.160069615
18.063,-0.736310778,3.536059173
18.0635,-0.736310778,3.005650297
18.064,-0.733242817,7.156745116
18.0645,-0.733242817,6.083233349
18.065,-0.733242817,5.170748346
18.0655,-0.733242817,4.395136094
18.066,-0.733242817,3.73586568
18.0665,-0.733242817,3.175485828
18.067,-0.733242817,2.699162954
18.0675,-0.730174855,6.896230875
18.068,-0.730174855,5.861796243
18.0685,-0.730174855,4.982526807
18.069,-0.730174855,4.235147786
18.0695,-0.730174855,3.599875618
18.07,-0.730174855,3.059894275
18.0705,-0.730174855,2.600910134
18.071,-0.727106893,6.812715978
18.0715,-0.727106893,5.790808581
18.072,-0.727106893,4.922187294
18.0725,-0.727106893,4.1838592
18.073,-0.727106893,3.55628032
18.0735,-0.727106893,3.022838272
18.074,-0.724038932,7.171354895
18.0745,-0.724038932,6.09565166
18.075,-0.724038932,5.181303911
18.0755,-0.724038932,4.404108325
18.076,-0.724038932,3.743492076
18.0765,-0.724038932,3.181968265
18.077,-0.72097097,7.306615389
18.0775,-0.72097097,6.21062308
18.078,-0.72097097,5.279029618
18.0785,-0.72097097,4.487175175
18.079,-0.72097097,3.814098899
18.0795,-0.72097097,3.241984064
18.08,-0.72097097,2.755686455
18.0805,-0.717903009,6.94427585
18.081,-0.717903009,5.902634473
18.0815,-0.717903009,5.017239302
18.082,-0.717903009,4.264653406
18.0825,-0.717903009,3.624955395
18.083,-0.717903009,3.081212086
18.0835,-0.714835047,7.220972637
18.084,-0.714835047,6.137826741
18.0845,-0.714835047,5.21715273
18.085,-0.714835047,4.434579821
18.0855,-0.714835047,3.769392848
18.086,-0.714835047,3.20398392
18.0865,-0.711767086,7.325328696
18.087,-0.711767086,6.226529392
18.0875,-0.711767086,5.292549983
18.088,-0.711767086,4.498667485
18.0885,-0.711767086,3.823867363
18.089,-0.708699124,7.852229622
18.0895,-0.708699124,6.674395179
18.09,-0.708699124,5.673235902
18.0905,-0.708699124,4.822250517
18.091,-0.708699124,4.098912939
18.0915,-0.708699124,3.484075998
18.092,-0.705631162,7.563406962
18.0925,-0.705631162,6.428895918
18.093,-0.705631162,5.46456153
18.0935,-0.705631162,4.644877301
18.094,-0.705631162,3.948145706
18.0945,-0.705631162,3.35592385
18.095,-0.702563201,7.454477636
18.0955,-0.702563201,6.336305991
18.096,-0.702563201,5.385860092
18.0965,-0.702563201,4.577981078
18.097,-0.699495239,8.49322628
18.0975,-0.699495239,7.219242338
18.098,-0.699495239,6.136355987
18.0985,-0.699495239,5.215902589
18.099,-0.699495239,4.433517201
18.0995,-0.696427278,8.370431984
18.1,-0.696427278,7.114867187
18.1005,-0.696427278,6.047637109
18.101,-0.696427278,5.140491542
18.1015,-0.693359316,8.971360175
18.102,-0.693359316,7.625656149
18.1025,-0.693359316,6.481807726
18.103,-0.693359316,5.509536567
18.1035,-0.690291355,9.285048446
18.104,-0.690291355,7.892291179
18.1045,-0.690291355,6.708447502
18.105,-0.690291355,5.702180377
18.1055,-0.687223393,9.448795684
18.106,-0.687223393,8.031476331
18.1065,-0.687223393,6.826754882
18.107,-0.687223393,5.802741649
18.1075,-0.684155431,9.534272766
18.108,-0.684155431,8.104131851
18.1085,-0.684155431,6.888512073
18.109,-0.684155431,5.855235262
18.1095,-0.68108747,9.578892337
18.11,-0.68108747,8.142058486
18.1105,-0.68108747,6.920749713
18.111,-0.68108747,5.882637256
18.1115,-0.678019508,9.602184031
18.112,-0.678019508,8.161856427
18.1125,-0.678019508,6.937577963
18.113,-0.674951547,10.49888363
18.1135,-0.674951547,8.924051087
18.114,-0.674951547,7.585443424
18.1145,-0.674951547,6.44762691
18.115,-0.671883585,10.08242524
18.1155,-0.671883585,8.570061452
18.116,-0.671883585,7.284552234
18.1165,-0.671883585,6.191869399
18.117,-0.668815624,9.865031353
18.1175,-0.668815624,8.38527665
18.118,-0.668815624,7.127485152
18.1185,-0.665747662,10.66030474
18.119,-0.665747662,9.061259032
18.1195,-0.665747662,7.702070177
18.12,-0.665747662,6.54675965
18.1205,-0.6626797,10.16668807
18.121,-0.6626797,8.641684857
18.1215,-0.6626797,7.345432128
18.122,-0.659611739,10.84555967
18.1225,-0.659611739,9.218725722
18.123,-0.659611739,7.835916863
18.1235,-0.659611739,6.660529334
18.124,-0.656543777,10.2633923
18.1245,-0.656543777,8.723883453
18.125,-0.656543777,7.415300935
18.1255,-0.656543777,6.303005795
18.126,-0.653475816,9.959497289
18.1265,-0.653475816,8.465572696
18.127,-0.653475816,7.195736791
18.1275,-0.653475816,6.116376273
18.128,-0.650407854,9.800862195
18.1285,-0.650407854,8.330732866
18.129,-0.650407854,7.081122936
18.1295,-0.647339892,10.62089686
18.13,-0.647339892,9.027762331
18.1305,-0.647339892,7.673597981
18.131,-0.647339892,6.522558284
18.1315,-0.644271931,10.1461169
18.132,-0.644271931,8.624199369
18.1325,-0.644271931,7.330569464
18.133,-0.644271931,6.230984044
18.1335,-0.641203969,9.898278801
18.134,-0.641203969,8.413536981
18.1345,-0.641203969,7.151506434
18.135,-0.641203969,6.078780469
18.1355,-0.638136008,9.768905762
18.136,-0.638136008,8.303569898
18.1365,-0.638136008,7.058034413
18.137,-0.638136008,5.999329251
18.1375,-0.635068046,9.701372227
18.138,-0.635068046,8.246166393
18.1385,-0.635068046,7.009241434
18.139,-0.635068046,5.957855219
18.1395,-0.632000085,9.6661193
18.14,-0.632000085,8.216201405
18.1405,-0.632000085,6.983771194
18.141,-0.632000085,5.936205515
18.1415,-0.628932123,9.647717051
18.142,-0.628932123,8.200559494
18.1425,-0.628932123,6.97047557
18.143,-0.628932123,5.924904234
18.1435,-0.625864161,9.638110963
18.144,-0.625864161,8.192394318
18.1445,-0.625864161,6.963535171
18.145,-0.625864161,5.919004895
18.1455,-0.625864161,5.031154161
18.146,-0.6227962,8.8784234
18.1465,-0.6227962,7.54665989
18.147,-0.6227962,6.414660907
18.1475,-0.6227962,5.452461771
18.148,-0.619728238,9.236534869
18.1485,-0.619728238,7.851054638
18.149,-0.619728238,6.673396443
18.1495,-0.619728238,5.672386976
18.15,-0.619728238,4.82152893
18.1505,-0.616660277,8.700241954
18.151,-0.616660277,7.395205661
18.1515,-0.616660277,6.285924812
18.152,-0.616660277,5.34303609
18.1525,-0.613592315,9.14352304
18.153,-0.613592315,7.771994584
18.1535,-0.613592315,6.606195397
18.154,-0.613592315,5.615266087
18.1545,-0.613592315,4.772976174
18.155,-0.610524354,8.658972112
18.1555,-0.610524354,7.360126295
18.156,-0.610524354,6.256107351
18.1565,-0.610524354,5.317691248
18.157,-0.610524354,4.520037561
18.1575,-0.610524354,3.842031927
18.158,-0.607456392,7.867669501
18.1585,-0.607456392,6.687519076
18.159,-0.607456392,5.684391215
18.1595,-0.607456392,4.831732533
18.16,-0.607456392,4.106972653
18.1605,-0.60438843,8.092869118
18.161,-0.60438843,6.878938751
18.1615,-0.60438843,5.847097938
18.162,-0.60438843,4.970033247
18.1625,-0.60438843,4.22452826
18.163,-0.601320469,8.192791385
18.1635,-0.601320469,6.963872677
18.164,-0.601320469,5.919291776
18.1645,-0.601320469,5.031398009
18.165,-0.601320469,4.276688308
18.1655,-0.601320469,3.635185062
18.166,-0.601320469,3.089907302
18.1665,-0.598252507,7.228363571
18.167,-0.598252507,6.144109035
18.1675,-0.598252507,5.22249268
18.168,-0.598252507,4.439118778
18.1685,-0.598252507,3.773250961
18.169,-0.598252507,3.207263317
18.1695,-0.598252507,2.726173819
18.17,-0.595184546,6.91919011
18.1705,-0.595184546,5.881311594
18.171,-0.595184546,4.999114855
18.1715,-0.595184546,4.249247626
18.172,-0.595184546,3.611860482
18.1725,-0.595184546,3.07008141
18.173,-0.595184546,2.609569199
18.1735,-0.595184546,2.218133819
18.174,-0.592116584,6.48735611
18.1745,-0.592116584,5.514252693
18.175,-0.592116584,4.687114789
18.1755,-0.592116584,3.984047571
18.176,-0.592116584,3.386440435
18.1765,-0.592116584,2.87847437
18.177,-0.592116584,2.446703214
18.1775,-0.592116584,2.079697732
18.178,-0.592116584,1.767743072
18.1785,-0.592116584,1.502581612
18.179,-0.589048623,5.879136733
18.1795,-0.589048623,4.997266223
18.18,-0.589048623,4.24767629
18.1805,-0.589048623,3.610524846
18.181,-0.589048623,3.068946119
18.1815,-0.589048623,2.608604202
18.182,-0.589048623,2.217313571
18.1825,-0.589048623,1.884716536
18.183,-0.589048623,1.602009055
18.1835,-0.589048623,1.361707697
18.184,-0.585980661,5.759393906
18.1845,-0.585980661,4.89548482
18.185,-0.585980661,4.161162097
18.1855,-0.585980661,3.536987783
18.186,-0.585980661,3.006439615
18.1865,-0.585980661,2.555473673
18.187,-0.585980661,2.172152622
18.1875,-0.585980661,1.846329729
18.188,-0.585980661,1.569380269
18.1885,-0.585980661,1.333973229
18.189,-0.585980661,1.133877245
18.1895,-0.585980661,0.963795658
18.19,-0.582912699,5.421168673
18.1905,-0.582912699,4.607993372
18.191,-0.582912699,3.916794366
18.1915,-0.582912699,3.329275211
18.192,-0.582912699,2.82988393
18.1925,-0.582912699,2.40540134
18.193,-0.582912699,2.044591139
18.1935,-0.582912699,1.737902468
18.194,-0.582912699,1.477217098
18.1945,-0.582912699,1.255634533
18.195,-0.582912699,1.067289353
18.1955,-0.582912699,0.90719595
18.196,-0.582912699,0.771116558
18.1965,-0.579844738,5.257391438
18.197,-0.579844738,4.468782722
18.1975,-0.579844738,3.798465314
18.198,-0.579844738,3.228695517
18.1985,-0.579844738,2.744391189
18.199,-0.579844738,2.332732511
18.1995,-0.579844738,1.982822634
18.2,-0.579844738,1.685399239
18.2005,-0.579844738,1.432589353
18.201,-0.579844738,1.21770095
18.2015,-0.579844738,1.035045808
18.202,-0.579844738,0.879788937
18.2025,-0.579844738,0.747820596
18.203,-0.579844738,0.635647507
18.2035,-0.579844738,0.540300381
18.204,-0.579844738,0.459255324
18.2045,-0.579844738,0.390367025
18.205,-0.579844738,0.331811971
18.2055,-0.576776776,4.883982539
18.206,-0.576776776,4.151385158
18.2065,-0.576776776,3.528677385
18.207,-0.576776776,2.999375777
18.2075,-0.576776776,2.54946941
18.208,-0.576776776,2.167048999
18.2085,-0.576776776,1.841991649
18.209,-0.576776776,1.565692902
18.2095,-0.576776776,1.330838966
18.21,-0.576776776,1.131213121
18.2105,-0.576776776,0.961531153
18.211,-0.576776776,0.81730148
18.2115,-0.576776776,0.694706258
18.212,-0.576776776,0.590500319
18.2125,-0.576776776,0.501925272
18.213,-0.576776776,0.426636481
18.2135,-0.576776776,0.362641009
18.214,-0.576776776,0.308244857
18.2145,-0.576776776,0.262008129
18.215,-0.576776776,0.222706909
18.2155,-0.576776776,0.189300873
18.216,-0.573708815,4.762848106
18.2165,-0.573708815,4.04842089
18.217,-0.573708815,3.441157756
18.2175,-0.573708815,2.924984093
18.218,-0.573708815,2.486236479
18.2185,-0.573708815,2.113301007
18.219,-0.573708815,1.796305856
18.2195,-0.573708815,1.526859978
18.22,-0.573708815,1.297830981
18.2205,-0.573708815,1.103156334
18.221,-0.573708815,0.937682884
18.2215,-0.573708815,0.797030451
18.222,-0.573708815,0.677475884
18.2225,-0.573708815,0.575854501
18.223,-0.573708815,0.489476326
18.2235,-0.573708815,0.416054877
18.224,-0.573708815,0.353646645
18.2245,-0.573708815,0.300599649
18.225,-0.573708815,0.255509701
18.2255,-0.573708815,0.217183246
18.226,-0.573708815,0.184605759
18.2265,-0.573708815,0.156914895
18.227,-0.573708815,0.133377661
18.2275,-0.573708815,0.113371012
18.228,-0.573708815,0.09636536
18.2285,-0.573708815,0.081910556
18.229,-0.573708815,0.069623973
18.2295,-0.573708815,0.059180377
18.23,-0.573708815,0.05030332
18.2305,-0.573708815,0.042757822
18.231,-0.573708815,0.036344149
18.2315,-0.573708815,0.030892527
18.232,-0.573708815,0.026258648
18.2325,-0.573708815,0.02231985
18.233,-0.573708815,0.018971873
18.2335,-0.573708815,0.016126092
18.234,-0.573708815,0.013707178
18.2345,-0.573708815,0.011651101
18.235,-0.573708815,0.009903436
18.2355,-0.573708815,0.008417921
18.236,-0.573708815,0.007155233
18.2365,-0.573708815,0.006081948
18.237,-0.573708815,0.005169656
18.2375,-0.573708815,0.004394207
18.238,-0.573708815,0.003735076
18.2385,-0.573708815,0.003174815
18.239,-0.573708815,0.002698593
18.2395,-0.573708815,0.002293804
18.24,-0.573708815,0.001949733
18.2405,-0.573708815,0.001657273
18.241,-0.573708815,0.001408682
18.2415,-0.573708815,0.00119738
18.242,-0.573708815,0.001017773
18.2425,-0.573708815,0.000865107
18.243,-0.573708815,0.000735341
18.2435,-0.573708815,0.00062504
18.244,-0.573708815,0.000531284
18.2445,-0.573708815,0.000451591
18.245,-0.573708815,0.000383853
18.2455,-0.573708815,0.000326275
18.246,-0.573708815,0.000277333
18.2465,-0.573708815,0.000235733
18.247,-0.573708815,0.000200373
18.2475,-0.573708815,0.000170317
18.248,-0.573708815,0.00014477
18.2485,-0.573708815,0.000123054
18.249,-0.573708815,0.000104596
18.2495,-0.573708815,8.89068E-05
18.25,-0.573708815,7.55707E-05
18.2505,-0.573708815,6.42351E-05
18.251,-0.573708815,5.45999E-05
18.2515,-0.573708815,4.64099E-05
18.252,-0.573708815,3.94484E-05
18.2525,-0.573708815,3.35311E-05
18.253,-0.573708815,2.85015E-05
18.2535,-0.573708815,2.42262E-05
18.254,-0.573708815,2.05923E-05
18.2545,-0.573708815,1.75035E-05
18.255,-0.573708815,1.48779E-05
18.2555,-0.573708815,1.26463E-05
18.256,-0.573708815,1.07493E-05
18.2565,-0.573708815,9.13692E-06
18.257,-0.573708815,7.76638E-06
18.2575,-0.573708815,6.60142E-06
18.258,-0.573708815,5.61121E-06
18.2585,-0.573708815,4.76953E-06
18.259,-0.573708815,4.0541E-06
18.2595,-0.573708815,3.44598E-06
18.26,-0.573708815,2.92909E-06
18.2605,-0.573708815,2.48972E-06
18.261,-0.573708815,2.11626E-06
18.2615,-0.573708815,1.79883E-06
18.262,-0.573708815,1.529E-06
18.2625,-0.573708815,1.29965E-06
18.263,-0.573708815,1.1047E-06
18.2635,-0.573708815,9.38998E-07
18.264,-0.573708815,7.98148E-07
18.2645,-0.573708815,6.78426E-07
18.265,-0.573708815,5.76662E-07
18.2655,-0.573708815,4.90163E-07
18.266,-0.573708815,4.16638E-07
18.2665,-0.573708815,3.54143E-07
18.267,-0.573708815,3.01021E-07
18.2675,-0.573708815,2.55868E-07
18.268,-0.573708815,2.17488E-07
18.2685,-0.573708815,1.84865E-07
18.269,-0.573708815,1.57135E-07
18.2695,-0.573708815,1.33565E-07
18.27,-0.573708815,1.1353E-07
18.2705,-0.573708815,9.65005E-08
18.271,-0.573708815,8.20254E-08
18.2715,-0.573708815,6.97216E-08
18.272,-0.573708815,5.92634E-08
18.2725,-0.573708815,5.03739E-08
18.273,-0.570640853,4.601942406
18.2735,-0.570640853,3.911651046
18.274,-0.570640853,3.324903389
18.2745,-0.570640853,2.82616788
18.275,-0.570640853,2.402242698
18.2755,-0.570640853,2.041906294
18.276,-0.570640853,1.73562035
18.2765,-0.570640853,1.475277297
18.277,-0.570640853,1.253985703
18.2775,-0.570640853,1.065887847
18.278,-0.570640853,0.90600467
18.2785,-0.570640853,0.77010397
18.279,-0.570640853,0.654588374
18.2795,-0.570640853,0.556400118
18.28,-0.570640853,0.4729401
18.2805,-0.570640853,0.401999085
18.281,-0.570640853,0.341699222
18.2815,-0.570640853,0.290444339
18.282,-0.570640853,0.246877688
18.2825,-0.570640853,0.209846035
18.283,-0.570640853,0.17836913
18.2835,-0.570640853,0.15161376
18.284,-0.570640853,0.128871696
18.2845,-0.570640853,0.109540942
18.285,-0.570640853,0.093109801
18.2855,-0.570640853,0.07914333
18.286,-0.570640853,0.067271831
18.2865,-0.570640853,0.057181056
18.287,-0.570640853,0.048603898
18.2875,-0.570640853,0.041313313
18.288,-0.570640853,0.035116316
18.2885,-0.570640853,0.029848869
18.289,-0.570640853,0.025371538
18.2895,-0.570640853,0.021565808
18.29,-0.570640853,0.018330937
18.2905,-0.570640853,0.015581296
18.291,-0.570640853,0.013244102
18.2915,-0.570640853,0.011257486
18.292,-0.570640853,0.009568863
18.2925,-0.570640853,0.008133534
18.293,-0.570640853,0.006913504
18.2935,-0.570640853,0.005876478
18.294,-0.570640853,0.004995007
18.2945,-0.570640853,0.004245756
18.295,-0.570640853,0.003608892
18.2955,-0.570640853,0.003067558
18.296,-0.570640853,0.002607425
18.2965,-0.570640853,0.002216311
18.297,-0.570640853,0.001883864
18.2975,-0.570640853,0.001601285
18.298,-0.570640853,0.001361092
18.2985,-0.570640853,0.001156928
18.299,-0.570640853,0.000983389
18.2995,-0.570640853,0.000835881
18.3,-0.570640853,0.000710499
18.3005,-0.570640853,0.000603924
18.301,-0.570640853,0.000513335
18.3015,-0.570640853,0.000436335
18.302,-0.570640853,0.000370885
18.3025,-0.570640853,0.000315252
18.303,-0.570640853,0.000267964
18.3035,-0.570640853,0.00022777
18.304,-0.570640853,0.000193604
18.3045,-0.570640853,0.000164563
18.305,-0.570640853,0.000139879
18.3055,-0.570640853,0.000118897
18.306,-0.570640853,0.000101063
18.3065,-0.570640853,8.59032E-05
18.307,-0.570640853,7.30177E-05
18.3075,-0.570640853,6.2065E-05
18.308,-0.570640853,5.27553E-05
18.3085,-0.570640853,4.4842E-05
18.309,-0.570640853,3.81157E-05
18.3095,-0.570640853,3.23983E-05
18.31,-0.570640853,2.75386E-05
18.3105,-0.570640853,2.34078E-05
18.311,-0.570640853,1.98966E-05
18.3115,-0.570640853,1.69121E-05
18.312,-0.570640853,1.43753E-05
18.3125,-0.570640853,1.2219E-05
18.313,-0.570640853,1.03862E-05
18.3135,-0.570640853,8.82824E-06
18.314,-0.570640853,7.504E-06
18.3145,-0.570640853,6.3784E-06
18.315,-0.570640853,5.42164E-06
18.3155,-0.570640853,4.6084E-06
18.316,-0.570640853,3.91714E-06
18.3165,-0.570640853,3.32957E-06
18.317,-0.570640853,2.83013E-06
18.3175,-0.570640853,2.40561E-06
18.318,-0.570640853,2.04477E-06
18.3185,-0.570640853,1.73805E-06
18.319,-0.570640853,1.47735E-06
18.3195,-0.570640853,1.25574E-06
18.32,-0.570640853,1.06738E-06
18.3205,-0.570640853,9.07275E-07
18.321,-0.570640853,7.71184E-07
18.3215,-0.570640853,6.55506E-07
18.322,-0.570640853,5.5718E-07
18.3225,-0.570640853,4.73603E-07
18.323,-0.570640853,4.02563E-07
18.3235,-0.570640853,3.42178E-07
18.324,-0.570640853,2.90852E-07
18.3245,-0.570640853,2.47224E-07
18.325,-0.570640853,2.1014E-07
18.3255,-0.573708815,-4.601942185
18.326,-0.573708815,-3.911650857
18.3265,-0.573708815,-3.324903229
18.327,-0.573708815,-2.826167744
18.3275,-0.573708815,-2.402242583
18.328,-0.573708815,-2.041906195
18.3285,-0.573708815,-1.735620266
18.329,-0.573708815,-1.475277226
18.3295,-0.573708815,-1.253985642
18.33,-0.573708815,-1.065887796
18.3305,-0.573708815,-0.906004626
18.331,-0.573708815,-0.770103933
18.3315,-0.573708815,-0.654588343
18.332,-0.573708815,-0.556400091
18.3325,-0.573708815,-0.472940078
18.333,-0.573708815,-0.401999066
18.3335,-0.573708815,-0.341699206
18.334,-0.573708815,-0.290444325
18.3345,-0.573708815,-0.246877676
18.335,-0.573708815,-0.209846025
18.3355,-0.573708815,-0.178369121
18.336,-0.573708815,-0.151613753
18.3365,-0.573708815,-0.12887169
18.337,-0.573708815,-0.109540937
18.3375,-0.573708815,-0.093109796
18.338,-0.573708815,-0.079143327
18.3385,-0.573708815,-0.067271828
18.339,-0.573708815,-0.057181054
18.3395,-0.573708815,-0.048603895
18.34,-0.573708815,-0.041313311
18.3405,-0.573708815,-0.035116314
18.341,-0.573708815,-0.029848867
18.3415,-0.573708815,-0.025371537
18.342,-0.573708815,-0.021565807
18.3425,-0.573708815,-0.018330936
18.343,-0.573708815,-0.015581295
18.3435,-0.573708815,-0.013244101
18.344,-0.573708815,-0.011257486
18.3445,-0.573708815,-0.009568863
18.345,-0.573708815,-0.008133534
18.3455,-0.573708815,-0.006913503
18.346,-0.573708815,-0.005876478
18.3465,-0.573708815,-0.004995006
18.347,-0.573708815,-0.004245755
18.3475,-0.573708815,-0.003608892
18.348,-0.573708815,-0.003067558
18.3485,-0.573708815,-0.002607424
18.349,-0.573708815,-0.002216311
18.3495,-0.573708815,-0.001883864
18.35,-0.573708815,-0.001601285
18.3505,-0.573708815,-0.001361092
18.351,-0.573708815,-0.001156928
18.3515,-0.573708815,-0.000983389
18.352,-0.573708815,-0.000835881
18.3525,-0.576776776,-4.602652862
18.353,-0.576776776,-3.912254933
18.3535,-0.576776776,-3.325416693
18.354,-0.576776776,-2.826604189
18.3545,-0.576776776,-2.402613561
18.355,-0.576776776,-2.042221527
18.3555,-0.576776776,-1.735888298
18.356,-0.576776776,-1.475505053
18.3565,-0.576776776,-1.254179295
18.357,-0.576776776,-1.066052401
18.3575,-0.576776776,-0.906144541
18.358,-0.576776776,-0.77022286
18.3585,-0.576776776,-0.654689431
18.359,-0.576776776,-0.556486016
18.3595,-0.576776776,-0.473013114
18.36,-0.576776776,-0.402061147
18.3605,-0.576776776,-0.341751975
18.361,-0.576776776,-0.290489178
18.3615,-0.576776776,-0.246915802
18.362,-0.576776776,-0.209878431
18.3625,-0.576776776,-0.178396667
18.363,-0.576776776,-0.151637167
18.3635,-0.576776776,-0.128891592
18.364,-0.576776776,-0.109557853
18.3645,-0.576776776,-0.093124175
18.365,-0.576776776,-0.079155549
18.3655,-0.576776776,-0.067282216
18.366,-0.576776776,-0.057189884
18.3665,-0.579844738,-4.650553765
18.367,-0.579844738,-3.9529707
18.3675,-0.579844738,-3.360025095
18.368,-0.579844738,-2.856021331
18.3685,-0.579844738,-2.427618131
18.369,-0.579844738,-2.063475412
18.3695,-0.579844738,-1.7539541
18.37,-0.579844738,-1.490860985
18.3705,-0.579844738,-1.267231837
18.371,-0.579844738,-1.077147062
18.3715,-0.579844738,-0.915575002
18.372,-0.579844738,-0.778238752
18.3725,-0.579844738,-0.661502939
18.373,-0.579844738,-0.562277498
18.3735,-0.579844738,-0.477935874
18.374,-0.579844738,-0.406245493
18.3745,-0.579844738,-0.345308669
18.375,-0.579844738,-0.293512368
18.3755,-0.579844738,-0.249485513
18.376,-0.579844738,-0.212062686
18.3765,-0.579844738,-0.180253283
18.377,-0.579844738,-0.153215291
18.3775,-0.582912699,-4.732175361
18.378,-0.582912699,-4.022349057
18.3785,-0.582912699,-3.418996698
18.379,-0.582912699,-2.906147193
18.3795,-0.582912699,-2.470225114
18.38,-0.582912699,-2.099691347
18.3805,-0.582912699,-1.784737645
18.381,-0.582912699,-1.517026998
18.3815,-0.582912699,-1.289472949
18.382,-0.582912699,-1.096052006
18.3825,-0.582912699,-0.931644205
18.383,-0.582912699,-0.791897575
18.3835,-0.582912699,-0.673112938
18.384,-0.582912699,-0.572145998
18.3845,-0.582912699,-0.486324098
18.385,-0.582912699,-0.413375483
18.3855,-0.582912699,-0.351369161
18.386,-0.585980661,-4.90060615
18.3865,-0.585980661,-4.165515228
18.387,-0.585980661,-3.540687944
18.3875,-0.585980661,-3.009584752
18.388,-0.585980661,-2.558147039
18.3885,-0.585980661,-2.174424983
18.389,-0.585980661,-1.848261236
18.3895,-0.585980661,-1.57102205
18.39,-0.585980661,-1.335368743
18.3905,-0.585980661,-1.135063431
18.391,-0.589048623,-5.56674628
18.3915,-0.589048623,-4.731734338
18.392,-0.589048623,-4.021974188
18.3925,-0.589048623,-3.418678059
18.393,-0.589048623,-2.905876351
18.3935,-0.589048623,-2.469994898
18.394,-0.589048623,-2.099495663
18.3945,-0.589048623,-1.784571314
18.395,-0.589048623,-1.516885617
18.3955,-0.589048623,-1.289352774
18.396,-0.592116584,-5.697892222
18.3965,-0.592116584,-4.843208388
18.397,-0.592116584,-4.11672713
18.3975,-0.592116584,-3.499218061
18.398,-0.592116584,-2.974335352
18.3985,-0.592116584,-2.528185049
18.399,-0.592116584,-2.148957292
18.3995,-0.592116584,-1.826613698
18.4,-0.592116584,-1.552621643
18.4005,-0.595184546,-5.92167076
18.401,-0.595184546,-5.033420146
18.4015,-0.595184546,-4.278407124
18.402,-0.595184546,-3.636646056
18.4025,-0.595184546,-3.091149147
18.403,-0.595184546,-2.627476775
18.4035,-0.595184546,-2.233355259
18.404,-0.595184546,-1.89835197
18.4045,-0.595184546,-1.613599175
18.405,-0.595184546,-1.371559298
18.4055,-0.598252507,-5.767767767
18.406,-0.598252507,-4.902602602
18.4065,-0.598252507,-4.167212212
18.407,-0.598252507,-3.54213038
18.4075,-0.598252507,-3.010810823
18.408,-0.598252507,-2.5591892
18.4085,-0.598252507,-2.17531082
18.409,-0.598252507,-1.849014197
18.4095,-0.598252507,-1.571662067
18.41,-0.598252507,-1.335912757
18.4105,-0.601320469,-5.737468207
18.411,-0.601320469,-4.876847976
18.4115,-0.601320469,-4.14532078
18.412,-0.601320469,-3.523522663
18.4125,-0.601320469,-2.994994263
18.413,-0.601320469,-2.545745124
18.4135,-0.601320469,-2.163883355
18.414,-0.601320469,-1.839300852
18.4145,-0.601320469,-1.563405724
18.415,-0.601320469,-1.328894866
18.4155,-0.60438843,-5.731502999
18.416,-0.60438843,-4.871777549
18.4165,-0.60438843,-4.141010917
18.417,-0.60438843,-3.519859279
18.4175,-0.60438843,-2.991880388
18.418,-0.60438843,-2.543098329
18.4185,-0.60438843,-2.16163358
18.419,-0.60438843,-1.837388543
18.4195,-0.60438843,-1.561780262
18.42,-0.60438843,-1.327513222
18.4205,-0.607456392,-5.730328603
18.421,-0.607456392,-4.870779312
18.4215,-0.607456392,-4.140162415
18.422,-0.607456392,-3.519138053
18.4225,-0.607456392,-2.991267345
18.423,-0.607456392,-2.542577243
18.4235,-0.607456392,-2.161190657
18.424,-0.607456392,-1.837012058
18.4245,-0.607456392,-1.56146025
18.425,-0.610524354,-5.929183576
18.4255,-0.610524354,-5.039806039
18.426,-0.610524354,-4.283835134
18.4265,-0.610524354,-3.641259863
18.427,-0.610524354,-3.095070884
18.4275,-0.610524354,-2.630810251
18.428,-0.610524354,-2.236188714
18.4285,-0.610524354,-1.900760407
18.429,-0.610524354,-1.615646346
18.4295,-0.610524354,-1.373299394
18.43,-0.613592315,-5.769246848
18.4305,-0.613592315,-4.903859821
18.431,-0.613592315,-4.168280848
18.4315,-0.613592315,-3.543038721
18.432,-0.613592315,-3.011582913
18.4325,-0.613592315,-2.559845476
18.433,-0.613592315,-2.175868654
18.4335,-0.613592315,-1.849488356
18.434,-0.613592315,-1.572065103
18.4345,-0.613592315,-1.336255337
18.435,-0.613592315,-1.135817037
18.4355,-0.613592315,-0.965444481
18.436,-0.616660277,-5.422570173
18.4365,-0.616660277,-4.609184647
18.437,-0.616660277,-3.91780695
18.4375,-0.616660277,-3.330135907
18.438,-0.616660277,-2.830615521
18.4385,-0.616660277,-2.406023193
18.439,-0.616660277,-2.045119714
18.4395,-0.616660277,-1.738351757
18.44,-0.616660277,-1.477598993
18.4405,-0.616660277,-1.255959144
18.441,-0.616660277,-1.067565273
18.4415,-0.619728238,-5.509372845
18.442,-0.619728238,-4.682966919
18.4425,-0.619728238,-3.980521881
18.443,-0.619728238,-3.383443599
18.4435,-0.619728238,-2.875927059
18.444,-0.619728238,-2.444538
18.4445,-0.619728238,-2.0778573
18.445,-0.619728238,-1.766178705
18.4455,-0.619728238,-1.501251899
18.446,-0.619728238,-1.276064114
18.4465,-0.6227962,-5.686596861
18.447,-0.6227962,-4.833607332
18.4475,-0.6227962,-4.108566232
18.448,-0.6227962,-3.492281297
18.4485,-0.6227962,-2.968439103
18.449,-0.6227962,-2.523173237
18.4495,-0.6227962,-2.144697252
18.45,-0.6227962,-1.822992664
18.4505,-0.6227962,-1.549543764
18.451,-0.6227962,-1.3171122
18.4515,-0.6227962,-1.11954537
18.452,-0.6227962,-0.951613564
18.4525,-0.625864161,-5.410813893
18.453,-0.625864161,-4.599191809
18.4535,-0.625864161,-3.909313038
18.454,-0.625864161,-3.322916082
18.4545,-0.625864161,-2.82447867
18.455,-0.625864161,-2.400806869
18.4555,-0.625864161,-2.040685839
18.456,-0.625864161,-1.734582963
18.4565,-0.625864161,-1.474395519
18.457,-0.625864161,-1.253236191
18.4575,-0.628932123,-5.667193126
18.458,-0.628932123,-4.817114157
18.4585,-0.628932123,-4.094547033
18.459,-0.628932123,-3.480364978
18.4595,-0.628932123,-2.958310232
18.46,-0.628932123,-2.514563697
18.4605,-0.628932123,-2.137379142
18.461,-0.628932123,-1.816772271
18.4615,-0.628932123,-1.54425643
18.462,-0.628932123,-1.312617966
18.4625,-0.632000085,-5.717667635
18.463,-0.632000085,-4.860017489
18.4635,-0.632000085,-4.131014866
18.464,-0.632000085,-3.511362636
18.4645,-0.632000085,-2.984658241
18.465,-0.632000085,-2.536959505
18.4655,-0.632000085,-2.156415579
18.466,-0.632000085,-1.832953242
18.4665,-0.632000085,-1.558010256
18.467,-0.635068046,-5.926251081
18.4675,-0.635068046,-5.037313419
18.468,-0.635068046,-4.281716406
18.4685,-0.635068046,-3.639458945
18.469,-0.635068046,-3.093540103
18.4695,-0.635068046,-2.629509088
18.47,-0.635068046,-2.235082725
18.4705,-0.635068046,-1.899820316
18.471,-0.635068046,-1.614847269
18.4715,-0.635068046,-1.372620178
18.472,-0.638136008,-5.768669515
18.4725,-0.638136008,-4.903369088
18.473,-0.638136008,-4.167863725
18.4735,-0.638136008,-3.542684166
18.474,-0.638136008,-3.011281541
18.4745,-0.638136008,-2.55958931
18.475,-0.638136008,-2.175650913
18.4755,-0.638136008,-1.849303276
18.476,-0.638136008,-1.571907785
18.4765,-0.638136008,-1.336121617
18.477,-0.641203969,-5.737645738
18.4775,-0.641203969,-4.876998878
18.478,-0.641203969,-4.145449046
18.4785,-0.641203969,-3.523631689
18.479,-0.641203969,-2.995086936
18.4795,-0.641203969,-2.545823895
18.48,-0.641203969,-2.163950311
18.4805,-0.641203969,-1.839357764
18.481,-0.641203969,-1.5634541
18.4815,-0.641203969,-1.328935985
18.482,-0.644271931,-5.731537951
18.4825,-0.644271931,-4.871807258
18.483,-0.644271931,-4.141036169
18.4835,-0.644271931,-3.519880744
18.484,-0.644271931,-2.991898632
18.4845,-0.644271931,-2.543113838
18.485,-0.644271931,-2.161646762
18.4855,-0.644271931,-1.837399748
18.486,-0.644271931,-1.561789785
18.4865,-0.647339892,-5.929463681
18.487,-0.647339892,-5.040044129
18.4875,-0.647339892,-4.28403751
18.488,-0.647339892,-3.641431883
18.4885,-0.647339892,-3.095217101
18.489,-0.647339892,-2.630934536
18.4895,-0.647339892,-2.236294355
18.49,-0.647339892,-1.900850202
18.4905,-0.647339892,-1.615722672
18.491,-0.650407854,-5.975306635
18.4915,-0.650407854,-5.079010639
18.492,-0.650407854,-4.317159044
18.4925,-0.650407854,-3.669585187
18.493,-0.650407854,-3.119147409
18.4935,-0.650407854,-2.651275298
18.494,-0.650407854,-2.253584003
18.4945,-0.650407854,-1.915546403
18.495,-0.653475816,-6.230156806
18.4955,-0.653475816,-5.295633285
18.496,-0.653475816,-4.501288292
18.4965,-0.653475816,-3.826095048
18.497,-0.653475816,-3.252180791
18.4975,-0.653475816,-2.764353672
18.498,-0.653475816,-2.349700622
18.4985,-0.656543777,-6.599187892
18.499,-0.656543777,-5.609309708
18.4995,-0.656543777,-4.767913252
18.5,-0.656543777,-4.052726264
18.5005,-0.656543777,-3.444817325
18.501,-0.656543777,-2.928094726
18.5015,-0.656543777,-2.488880517
18.502,-0.659611739,-6.717490803
18.5025,-0.659611739,-5.709867183
18.503,-0.659611739,-4.853387105
18.5035,-0.659611739,-4.125379039
18.504,-0.659611739,-3.506572184
18.5045,-0.659611739,-2.980586356
18.505,-0.659611739,-2.533498403
18.5055,-0.6626797,-6.755416006
18.506,-0.6626797,-5.742103605
18.5065,-0.6626797,-4.880788064
18.507,-0.6626797,-4.148669855
18.5075,-0.6626797,-3.526369376
18.508,-0.6626797,-2.99741397
18.5085,-0.6626797,-2.547801874
18.509,-0.665747662,-6.767573957
18.5095,-0.665747662,-5.752437863
18.51,-0.665747662,-4.889572184
18.5105,-0.665747662,-4.156136356
18.511,-0.665747662,-3.532715903
18.5115,-0.665747662,-3.002808517
18.512,-0.665747662,-2.55238724
18.5125,-0.665747662,-2.169529154
18.513,-0.668815624,-6.446042144
18.5135,-0.668815624,-5.479135823
18.514,-0.668815624,-4.657265449
18.5145,-0.668815624,-3.958675632
18.515,-0.668815624,-3.364874287
18.5155,-0.668815624,-2.860143144
18.516,-0.668815624,-2.431121672
18.5165,-0.671883585,-6.668395785
18.517,-0.671883585,-5.668136417
18.5175,-0.671883585,-4.817915955
18.518,-0.671883585,-4.095228562
18.5185,-0.671883585,-3.480944277
18.519,-0.671883585,-2.958802636
18.5195,-0.671883585,-2.51498224
18.52,-0.674951547,-6.739677268
18.5205,-0.674951547,-5.728725678
18.521,-0.674951547,-4.869416826
18.5215,-0.674951547,-4.139004302
18.522,-0.674951547,-3.518153657
18.5225,-0.674951547,-2.990430608
18.523,-0.674951547,-2.541866017
18.5235,-0.674951547,-2.160586115
18.524,-0.678019508,-6.438440561
18.5245,-0.678019508,-5.472674477
18.525,-0.678019508,-4.651773305
18.5255,-0.678019508,-3.95400731
18.526,-0.678019508,-3.360906213
18.5265,-0.678019508,-2.856770281
18.527,-0.678019508,-2.428254739
18.5275,-0.68108747,-6.665958892
18.528,-0.68108747,-5.666065058
18.5285,-0.68108747,-4.816155299
18.529,-0.68108747,-4.093732004
18.5295,-0.68108747,-3.479672204
18.53,-0.68108747,-2.957721373
18.5305,-0.68108747,-2.514063167
18.531,-0.684155431,-6.738896056
18.5315,-0.684155431,-5.728061647
18.532,-0.684155431,-4.8688524
18.5325,-0.684155431,-4.13852454
18.533,-0.684155431,-3.517745859
18.5335,-0.684155431,-2.99008398
18.534,-0.684155431,-2.541571383
18.5345,-0.687223393,-6.762278039
18.535,-0.687223393,-5.747936334
18.5355,-0.687223393,-4.885745884
18.536,-0.687223393,-4.152884001
18.5365,-0.687223393,-3.529951401
18.537,-0.687223393,-3.000458691
18.5375,-0.687223393,-2.550389887
18.538,-0.690291355,-6.769773768
18.5385,-0.690291355,-5.754307703
18.539,-0.690291355,-4.891161547
18.5395,-0.690291355,-4.157487315
18.54,-0.690291355,-3.533864218
18.5405,-0.690291355,-3.003784585
18.541,-0.690291355,-2.553216897
18.5415,-0.693359316,-6.772176726
18.542,-0.693359316,-5.756350217
18.5425,-0.693359316,-4.892897685
18.543,-0.693359316,-4.158963032
18.5435,-0.693359316,-3.535118577
18.544,-0.693359316,-3.004850791
18.5445,-0.696427278,-7.156065536
18.545,-0.696427278,-6.082655705
18.5455,-0.696427278,-5.17025735
18.546,-0.696427278,-4.394718747
18.5465,-0.696427278,-3.735510935
18.547,-0.696427278,-3.175184295
18.5475,-0.696427278,-2.698906651
18.548,-0.696427278,-2.294070653
18.5485,-0.696427278,-1.949960055
18.549,-0.696427278,-1.657466047
18.5495,-0.696427278,-1.40884614
18.55,-0.696427278,-1.197519219
18.5505,-0.696427278,-1.017891336
18.551,-0.696427278,-0.865207636
18.5515,-0.699495239,-5.337368854
18.552,-0.699495239,-4.536763526
18.5525,-0.699495239,-3.856248997
18.553,-0.699495239,-3.277811647
18.5535,-0.699495239,-2.7861399
18.554,-0.699495239,-2.368218915
18.5545,-0.699495239,-2.012986078
18.555,-0.699495239,-1.711038166
18.5555,-0.699495239,-1.454382441
18.556,-0.699495239,-1.236225075
18.5565,-0.702563201,-5.652733678
18.557,-0.702563201,-4.804823626
18.5575,-0.702563201,-4.084100082
18.558,-0.702563201,-3.47148507
18.5585,-0.702563201,-2.950762309
18.559,-0.702563201,-2.508147963
18.5595,-0.702563201,-2.131925768
18.56,-0.705631162,-6.414079267
18.5605,-0.705631162,-5.451967377
18.561,-0.705631162,-4.63417227
18.5615,-0.705631162,-3.93904643
18.562,-0.705631162,-3.348189465
18.5625,-0.708699124,-7.447903409
18.563,-0.708699124,-6.330717898
18.5635,-0.708699124,-5.381110213
18.564,-0.708699124,-4.573943681
18.5645,-0.708699124,-3.887852129
18.565,-0.711767086,-7.906616673
18.5655,-0.711767086,-6.720624172
18.566,-0.711767086,-5.712530546
18.5665,-0.711767086,-4.855650964
18.567,-0.711767086,-4.12730332
18.5675,-0.714835047,-8.110150185
18.568,-0.714835047,-6.893627658
18.5685,-0.714835047,-5.859583509
18.569,-0.714835047,-4.980645983
18.5695,-0.714835047,-4.233549085
18.57,-0.717903009,-8.200459086
18.5705,-0.717903009,-6.970390223
18.571,-0.717903009,-5.92483169
18.5715,-0.717903009,-5.036106936
18.572,-0.72097097,-8.882633259
18.5725,-0.72097097,-7.550238271
18.573,-0.72097097,-6.41770253
18.5735,-0.72097097,-5.45504715
18.574,-0.724038932,-9.238732442
18.5745,-0.724038932,-7.852922575
18.575,-0.724038932,-6.674984189
18.5755,-0.724038932,-5.673736561
18.576,-0.724038932,-4.822676077
18.5765,-0.727106893,-8.701217029
18.577,-0.727106893,-7.396034474
18.5775,-0.727106893,-6.286629303
18.578,-0.727106893,-5.343634908
18.5785,-0.730174855,-9.144032035
18.579,-0.730174855,-7.77242723
18.5795,-0.730174855,-6.606563145
18.58,-0.730174855,-5.615578674
18.5805,-0.733242817,-9.375184236
18.581,-0.733242817,-7.968906601
18.5815,-0.733242817,-6.773570611
18.582,-0.733242817,-5.757535019
18.5825,-0.736310778,-9.49584713
18.583,-0.736310778,-8.07147006
18.5835,-0.736310778,-6.860749551
18.584,-0.736310778,-5.831637119
18.5845,-0.73937874,-9.558833915
18.585,-0.73937874,-8.125008827
18.5855,-0.73937874,-6.906257503
18.586,-0.73937874,-5.870318878
18.5865,-0.742446701,-9.59171341
18.587,-0.742446701,-8.152956398
18.5875,-0.742446701,-6.930012939
18.588,-0.745514663,-10.49245336
18.5885,-0.745514663,-8.918585357
18.589,-0.745514663,-7.580797554
18.5895,-0.745514663,-6.443677921
18.59,-0.748582624,-10.0790686
18.5905,-0.748582624,-8.567208307
18.591,-0.748582624,-7.282127061
18.5915,-0.748582624,-6.189808002
18.592,-0.748582624,-5.261336801
18.5925,-0.748582624,-4.472136281
18.593,-0.751650586,-8.403258203
18.5935,-0.751650586,-7.142769472
18.594,-0.751650586,-6.071354051
18.5945,-0.751650586,-5.160650944
18.595,-0.751650586,-4.386553302
18.5955,-0.754718548,-8.33051267
18.596,-0.754718548,-7.08093577
18.5965,-0.754718548,-6.018795404
18.597,-0.754718548,-5.115976094
18.5975,-0.754718548,-4.34857968
18.598,-0.757786509,-8.298235091
18.5985,-0.757786509,-7.053499828
18.599,-0.757786509,-5.995474854
18.5995,-0.757786509,-5.096153626
18.6,-0.760854471,-8.933672945
18.6005,-0.760854471,-7.593622004
18.601,-0.760854471,-6.454578703
18.6015,-0.763922432,-10.08833426
18.602,-0.763922432,-8.575084122
18.6025,-0.763922432,-7.288821504
18.603,-0.766990394,-10.79744064
18.6035,-0.766990394,-9.177824546
18.604,-0.766990394,-7.801150864
18.6045,-0.766990394,-6.630978234
18.605,-0.770058356,-10.23827386
18.6055,-0.770058356,-8.702532783
18.606,-0.770058356,-7.397152866
18.6065,-0.773126317,-10.8895223
18.607,-0.773126317,-9.256093955
18.6075,-0.776194279,-12.46962223
18.608,-0.776194279,-10.59917889
18.6085,-0.776194279,-9.009302058
18.609,-0.77926224,-12.25984911
18.6095,-0.77926224,-10.42087175
18.61,-0.77926224,-8.857740984
18.6105,-0.782330202,-12.1310222
18.611,-0.782330202,-10.31136887
18.6115,-0.782330202,-8.764663539
18.612,-0.785398163,-12.05190637
18.6125,-0.785398163,-10.24412042
18.613,-0.785398163,-8.707502354
18.6135,-0.788466125,-12.00331936
18.614,-0.788466125,-10.20282146
18.6145,-0.788466125,-8.672398241
18.615,-0.788466125,-7.371538505
18.6155,-0.791534087,-10.86775009
18.616,-0.791534087,-9.237587579
18.6165,-0.791534087,-7.851949442
18.617,-0.794602048,-11.27609939
18.6175,-0.794602048,-9.584684481
18.618,-0.794602048,-8.146981809
18.6185,-0.794602048,-6.924934537
18.619,-0.79767001,-10.48813672
18.6195,-0.79767001,-8.914916212
18.62,-0.79767001,-7.577678781
18.6205,-0.79767001,-6.441026963
18.621,-0.800737971,-10.07681528
18.6215,-0.800737971,-8.56529299
18.622,-0.800737971,-7.280499042
18.6225,-0.803805933,-10.79036655
18.623,-0.803805933,-9.171811567
18.6235,-0.803805933,-7.796039832
18.624,-0.803805933,-6.626633857
18.6245,-0.806873894,-10.23458114
18.625,-0.806873894,-8.699393971
18.6255,-0.806873894,-7.394484875
18.626,-0.806873894,-6.285312144
18.6265,-0.809941856,-9.944457686
18.627,-0.809941856,-8.452789033
18.6275,-0.809941856,-7.184870678
18.628,-0.809941856,-6.107140076
18.6285,-0.813009818,-9.793011429
18.629,-0.813009818,-8.324059714
18.6295,-0.813009818,-7.075450757
18.63,-0.813009818,-6.014133144
18.6305,-0.816077779,-9.713955536
18.631,-0.816077779,-8.256862205
18.6315,-0.816077779,-7.018332875
18.632,-0.816077779,-5.965582943
18.6325,-0.819145741,-9.672687866
18.633,-0.819145741,-8.221784686
18.6335,-0.819145741,-6.988516983
18.634,-0.819145741,-5.940239435
18.6345,-0.819145741,-5.04920352
18.635,-0.822213702,-8.893765356
18.6355,-0.822213702,-7.559700552
18.636,-0.822213702,-6.42574547
18.6365,-0.822213702,-5.461883649
18.637,-0.825281664,-9.244543465
18.6375,-0.825281664,-7.857861946
18.638,-0.825281664,-6.679182654
18.6385,-0.825281664,-5.677305256
18.639,-0.828349625,-9.427651831
18.6395,-0.828349625,-8.013504056
18.64,-0.828349625,-6.811478448
18.6405,-0.828349625,-5.789756681
18.641,-0.828349625,-4.921293179
18.6415,-0.831417587,-8.785041565
18.642,-0.831417587,-7.467285331
18.6425,-0.831417587,-6.347192531
18.643,-0.831417587,-5.395113651
18.6435,-0.834485549,-9.187788967
18.644,-0.834485549,-7.809620622
18.6445,-0.834485549,-6.638177529
18.645,-0.834485549,-5.6424509
18.6455,-0.834485549,-4.796083265
18.646,-0.83755351,-8.678613139
18.6465,-0.83755351,-7.376821168
18.647,-0.83755351,-6.270297993
18.6475,-0.83755351,-5.329753294
18.648,-0.83755351,-4.5302903
18.6485,-0.840621472,-8.452689118
18.649,-0.840621472,-7.184785751
18.6495,-0.840621472,-6.107067888
18.65,-0.840621472,-5.191007705
18.6505,-0.840621472,-4.412356549
18.651,-0.843689433,-8.35244543
18.6515,-0.843689433,-7.099578616
18.652,-0.843689433,-6.034641823
18.6525,-0.843689433,-5.12944555
18.653,-0.843689433,-4.360028717
18.6535,-0.846757395,-8.307966773
18.654,-0.846757395,-7.061771757
18.6545,-0.846757395,-6.002505994
18.655,-0.846757395,-5.102130095
18.6555,-0.846757395,-4.336810581
18.656,-0.846757395,-3.686288993
18.6565,-0.849825356,-7.735288008
18.657,-0.849825356,-6.574994807
18.6575,-0.849825356,-5.588745586
18.658,-0.849825356,-4.750433748
18.6585,-0.849825356,-4.037868686
18.659,-0.849825356,-3.432188383
18.6595,-0.852893318,-7.519302489
18.66,-0.852893318,-6.391407116
18.6605,-0.852893318,-5.432696048
18.661,-0.852893318,-4.617791641
18.6615,-0.852893318,-3.925122895
18.662,-0.852893318,-3.336354461
18.6625,-0.85596128,-7.437843655
18.663,-0.85596128,-6.322167107
18.6635,-0.85596128,-5.373842041
18.664,-0.85596128,-4.567765735
18.6645,-0.85596128,-3.882600875
18.665,-0.85596128,-3.300210743
18.6655,-0.85596128,-2.805179132
18.666,-0.859029241,-6.986344626
18.6665,-0.859029241,-5.938392932
18.667,-0.859029241,-5.047633992
18.6675,-0.859029241,-4.290488893
18.668,-0.859029241,-3.646915559
18.6685,-0.859029241,-3.099878225
18.669,-0.862097203,-7.236838855
18.6695,-0.862097203,-6.151313027
18.67,-0.862097203,-5.228616073
18.6705,-0.862097203,-4.444323662
18.671,-0.862097203,-3.777675113
18.6715,-0.862097203,-3.211023846
18.672,-0.865165164,-7.331312633
18.6725,-0.865165164,-6.231615738
18.673,-0.865165164,-5.296873377
18.6735,-0.865165164,-4.50234237
18.674,-0.865165164,-3.826991015
18.6745,-0.868233126,-7.854884726
18.675,-0.868233126,-6.676652017
18.6755,-0.868233126,-5.675154215
18.676,-0.868233126,-4.823881083
18.6765,-0.868233126,-4.10029892
18.677,-0.868233126,-3.485254082
18.6775,-0.868233126,-2.96246597
18.678,-0.871301088,-7.120038438
18.6785,-0.871301088,-6.052032672
18.679,-0.871301088,-5.144227771
18.6795,-0.871301088,-4.372593606
18.68,-0.871301088,-3.716704565
18.6805,-0.874369049,-7.761141244
18.681,-0.874369049,-6.596970057
18.6815,-0.874369049,-5.607424549
18.682,-0.874369049,-4.766310866
18.6825,-0.874369049,-4.051364236
18.683,-0.874369049,-3.443659601
18.6835,-0.877437011,-7.529053024
18.684,-0.877437011,-6.399695071
18.6845,-0.877437011,-5.43974081
18.685,-0.877437011,-4.623779689
18.6855,-0.877437011,-3.930212735
18.686,-0.877437011,-3.340680825
18.6865,-0.880504972,-7.441521065
18.687,-0.880504972,-6.325292905
18.6875,-0.880504972,-5.376498969
18.688,-0.880504972,-4.570024124
18.6885,-0.880504972,-3.884520505
18.689,-0.883572934,-7.903784793
18.6895,-0.883572934,-6.718217074
18.69,-0.883572934,-5.710484513
18.6905,-0.883572934,-4.853911836
18.691,-0.886640895,-8.727767424
18.6915,-0.886640895,-7.418602311
18.692,-0.886640895,-6.305811964
18.6925,-0.886640895,-5.35994017
18.693,-0.886640895,-4.555949144
18.6935,-0.889708857,-8.474499136
18.694,-0.889708857,-7.203324266
18.6945,-0.889708857,-6.122825626
18.695,-0.889708857,-5.204401782
18.6955,-0.892776819,-9.025683878
18.696,-0.892776819,-7.671831297
18.6965,-0.892776819,-6.521056602
18.697,-0.892776819,-5.542898112
18.6975,-0.892776819,-4.711463395
18.698,-0.89584478,-8.606686249
18.6985,-0.89584478,-7.315683312
18.699,-0.89584478,-6.218330815
18.6995,-0.89584478,-5.285581193
18.7,-0.89584478,-4.492744014
18.7005,-0.898912742,-8.420774776
18.701,-0.898912742,-7.157658559
18.7015,-0.898912742,-6.084009775
18.702,-0.898912742,-5.171408309
18.7025,-0.901980703,-8.997639426
18.703,-0.901980703,-7.647993512
18.7035,-0.901980703,-6.500794486
18.704,-0.901980703,-5.525675313
18.7045,-0.901980703,-4.696824016
18.705,-0.905048665,-8.594242777
18.7055,-0.905048665,-7.305106361
18.706,-0.905048665,-6.209340406
18.7065,-0.905048665,-5.277939345
18.707,-0.908116626,-9.088190807
18.7075,-0.908116626,-7.724962186
18.708,-0.908116626,-6.566217858
18.7085,-0.908116626,-5.58128518
18.709,-0.908116626,-4.744092403
18.7095,-0.911184588,-8.634420906
18.71,-0.911184588,-7.33925777
18.7105,-0.911184588,-6.238369104
18.711,-0.911184588,-5.302613739
18.7115,-0.91425255,-9.109164042
18.712,-0.91425255,-7.742789435
18.7125,-0.91425255,-6.58137102
18.713,-0.91425255,-5.594165367
18.7135,-0.917320511,-9.356982926
18.714,-0.917320511,-7.953435487
18.7145,-0.917320511,-6.760420164
18.715,-0.917320511,-5.746357139
18.7155,-0.920388473,-9.486345932
18.716,-0.920388473,-8.063394042
18.7165,-0.920388473,-6.853884936
18.717,-0.920388473,-5.825802195
18.7175,-0.920388473,-4.951931866
18.718,-0.923456434,-8.81108445
18.7185,-0.923456434,-7.489421782
18.719,-0.923456434,-6.366008515
18.7195,-0.923456434,-5.411107238
18.72,-0.926524396,-9.201383516
18.7205,-0.926524396,-7.821175988
18.721,-0.926524396,-6.64799959
18.7215,-0.926524396,-5.650799652
18.722,-0.929592357,-9.405122068
18.7225,-0.929592357,-7.994353757
18.723,-0.929592357,-6.795200694
18.7235,-0.929592357,-5.77592059
18.724,-0.929592357,-4.909532501
18.7245,-0.932660319,-8.77504499
18.725,-0.932660319,-7.458788241
18.7255,-0.932660319,-6.339970005
18.726,-0.932660319,-5.388974504
18.7265,-0.932660319,-4.580628329
18.727,-0.935728281,-8.495476443
18.7275,-0.935728281,-7.221154977
18.728,-0.935728281,-6.13798173
18.7285,-0.935728281,-5.217284471
18.729,-0.938796242,-9.036634164
18.7295,-0.938796242,-7.681139039
18.73,-0.938796242,-6.528968183
18.7305,-0.938796242,-5.549622956
18.731,-0.938796242,-4.717179512
18.7315,-0.941864204,-8.611544949
18.732,-0.941864204,-7.319813207
18.7325,-0.941864204,-6.221841226
18.733,-0.941864204,-5.288565042
18.7335,-0.941864204,-4.495280286
18.734,-0.944932165,-8.422930606
18.7345,-0.944932165,-7.159491015
18.735,-0.944932165,-6.085567363
18.7355,-0.944932165,-5.172732259
18.736,-0.944932165,-4.39682242
18.7365,-0.944932165,-3.737299057
18.737,-0.948000127,-7.778646562
18.7375,-0.948000127,-6.611849578
18.738,-0.948000127,-5.620072141
18.7385,-0.948000127,-4.77706132
18.739,-0.948000127,-4.060502122
18.7395,-0.951068088,-8.053369167
18.74,-0.951068088,-6.845363792
18.7405,-0.951068088,-5.818559223
18.741,-0.951068088,-4.94577534
18.7415,-0.951068088,-4.203909039
18.742,-0.951068088,-3.573322683
18.7425,-0.95413605,-7.639266644
18.743,-0.95413605,-6.493376648
18.7435,-0.95413605,-5.51937015
18.744,-0.95413605,-4.691464628
18.7445,-0.95413605,-3.987744934
18.745,-0.957204012,-7.991525557
18.7455,-0.957204012,-6.792796724
18.746,-0.957204012,-5.773877215
18.7465,-0.957204012,-4.907795633
18.747,-0.957204012,-4.171626288
18.7475,-0.960271973,-8.147824708
18.748,-0.960271973,-6.925651002
18.7485,-0.960271973,-5.886803352
18.749,-0.960271973,-5.003782849
18.7495,-0.960271973,-4.253215422
18.75,-0.960271973,-3.615233108
18.7505,-0.963339935,-7.674890506
18.751,-0.963339935,-6.52365693
18.7515,-0.963339935,-5.54510839
18.752,-0.963339935,-4.713342132
18.7525,-0.963339935,-4.006340812
18.753,-0.966407896,-8.007332054
18.7535,-0.966407896,-6.806232246
18.754,-0.966407896,-5.785297409
18.7545,-0.966407896,-4.917502798
18.755,-0.966407896,-4.179877378
18.7555,-0.966407896,-3.552895771
18.756,-0.969475858,-7.621903769
18.7565,-0.969475858,-6.478618204
18.757,-0.969475858,-5.506825473
18.7575,-0.969475858,-4.680801652
18.758,-0.969475858,-3.978681404
18.7585,-0.969475858,-3.381879194
18.759,-0.97254382,-7.476539678
18.7595,-0.97254382,-6.355058727
18.76,-0.97254382,-5.401799918
18.7605,-0.97254382,-4.59152993
18.761,-0.97254382,-3.90280044
18.7615,-0.97254382,-3.317380374
18.762,-0.97254382,-2.819773318
18.7625,-0.975611781,-6.998749684
18.763,-0.975611781,-5.948937232
18.7635,-0.975611781,-5.056596647
18.764,-0.975611781,-4.29810715
18.7645,-0.975611781,-3.653391077
18.765,-0.975611781,-3.105382416
18.7655,-0.975611781,-2.639575053
18.766,-0.978679743,-6.845581159
18.7665,-0.978679743,-5.818743985
18.767,-0.978679743,-4.945932387
18.7675,-0.978679743,-4.204042529
18.768,-0.978679743,-3.57343615
18.7685,-0.978679743,-3.037420727
18.769,-0.978679743,-2.581807618
18.7695,-0.981747704,-6.796478839
18.77,-0.981747704,-5.777007013
18.7705,-0.981747704,-4.910455961
18.771,-0.981747704,-4.173887567
18.7715,-0.981747704,-3.547804432
18.772,-0.981747704,-3.015633767
18.7725,-0.981747704,-2.563288702
18.773,-0.984815666,-6.78073776
18.7735,-0.984815666,-5.763627096
18.774,-0.984815666,-4.899083032
18.7745,-0.984815666,-4.164220577
18.775,-0.984815666,-3.539587491
18.7755,-0.984815666,-3.008649367
18.776,-0.987883627,-7.159294326
18.7765,-0.987883627,-6.085400177
18.777,-0.987883627,-5.17259015
18.7775,-0.987883627,-4.396701628
18.778,-0.987883627,-3.737196384
18.7785,-0.987883627,-3.176616926
18.779,-0.990951589,-7.302066751
18.7795,-0.990951589,-6.206756738
18.78,-0.990951589,-5.275743227
18.7805,-0.990951589,-4.484381743
18.781,-0.990951589,-3.811724482
18.7815,-0.990951589,-3.23996581
18.782,-0.994019551,-7.355913302
18.7825,-0.994019551,-6.252526307
18.783,-0.994019551,-5.314647361
18.7835,-0.994019551,-4.517450256
18.784,-0.994019551,-3.839832718
18.7845,-0.997087512,-7.865800174
18.785,-0.997087512,-6.685930148
18.7855,-0.997087512,-5.683040626
18.786,-0.997087512,-4.830584532
18.7865,-0.997087512,-4.105996852
18.787,-0.997087512,-3.490097324
18.7875,-1.000155474,-7.568525089
18.788,-1.000155474,-6.433246326
18.7885,-1.000155474,-5.468259377
18.789,-1.000155474,-4.64802047
18.7895,-1.000155474,-3.9508174
18.79,-1.003223435,-7.960137154
18.7905,-1.003223435,-6.766116581
18.791,-1.003223435,-5.751199093
18.7915,-1.003223435,-4.888519229
18.792,-1.003223435,-4.155241345
18.7925,-1.006291397,-8.133897507
18.793,-1.006291397,-6.913812881
18.7935,-1.006291397,-5.876740949
18.794,-1.006291397,-4.995229806
18.7945,-1.006291397,-4.245945335
18.795,-1.009359358,-8.210995899
18.7955,-1.009359358,-6.979346514
18.796,-1.009359358,-5.932444537
18.7965,-1.009359358,-5.042577856
18.797,-1.009359358,-4.286191178
18.7975,-1.01242732,-8.245204865
18.798,-1.01242732,-7.008424135
18.7985,-1.01242732,-5.957160515
18.799,-1.01242732,-5.063586438
18.7995,-1.01242732,-4.304048472
18.8,-1.015495282,-8.260383565
18.8005,-1.015495282,-7.02132603
18.801,-1.015495282,-5.968127126
18.8015,-1.015495282,-5.072908057
18.802,-1.015495282,-4.311971848
18.8025,-1.018563243,-8.267118435
18.803,-1.018563243,-7.027050669
18.8035,-1.018563243,-5.972993069
18.804,-1.018563243,-5.077044109
18.8045,-1.018563243,-4.315487492
18.805,-1.021631205,-8.270106732
18.8055,-1.021631205,-7.029590722
18.806,-1.021631205,-5.975152114
18.8065,-1.021631205,-5.078879297
18.807,-1.021631205,-4.317047402
18.8075,-1.024699166,-8.271432656
18.808,-1.024699166,-7.030717757
18.8085,-1.024699166,-5.976110094
18.809,-1.024699166,-5.07969358
18.8095,-1.024699166,-4.317739543
18.81,-1.024699166,-3.670078611
18.8105,-1.027767128,-7.721509183
18.811,-1.027767128,-6.563282806
18.8115,-1.027767128,-5.578790385
18.812,-1.027767128,-4.741971827
18.8125,-1.027767128,-4.030676053
18.813,-1.030835089,-8.028017009
18.8135,-1.030835089,-6.823814457
18.814,-1.030835089,-5.800242289
18.8145,-1.030835089,-4.930205946
18.815,-1.030835089,-4.190675054
18.8155,-1.030835089,-3.562073796
18.816,-1.033903051,-7.62970509
18.8165,-1.033903051,-6.485249326
18.817,-1.033903051,-5.512461927
18.8175,-1.033903051,-4.685592638
18.818,-1.036971013,-8.584696106
18.8185,-1.036971013,-7.29699169
18.819,-1.036971013,-6.202442937
18.8195,-1.036971013,-5.272076496
18.82,-1.036971013,-4.481265022
18.8205,-1.040038974,-8.411017632
18.821,-1.040038974,-7.149364987
18.8215,-1.040038974,-6.076960239
18.822,-1.040038974,-5.165416203
18.8225,-1.043106936,-8.992546137
18.823,-1.043106936,-7.643664216
18.8235,-1.043106936,-6.497114584
18.824,-1.043106936,-5.522547396
18.8245,-1.046174897,-9.29610765
18.825,-1.046174897,-7.901691503
18.8255,-1.046174897,-6.716437777
18.826,-1.046174897,-5.708972111
18.8265,-1.049242859,-9.454568658
18.827,-1.049242859,-8.036383359
18.8275,-1.049242859,-6.830925855
18.828,-1.049242859,-5.806286977
18.8285,-1.05231082,-9.537286294
18.829,-1.05231082,-8.10669335
18.8295,-1.05231082,-6.890689347
18.83,-1.05231082,-5.857085945
18.8305,-1.05231082,-4.978523054
18.831,-1.055378782,-8.833686959
18.8315,-1.055378782,-7.508633915
18.832,-1.055378782,-6.382338828
18.8325,-1.055378782,-5.424988004
18.833,-1.058446744,-9.213182167
18.8335,-1.058446744,-7.831204842
18.834,-1.058446744,-6.656524116
18.8345,-1.058446744,-5.658045498
18.835,-1.058446744,-4.809338674
18.8355,-1.061514705,-8.689880236
18.836,-1.061514705,-7.386398201
18.8365,-1.061514705,-6.278438471
18.837,-1.061514705,-5.3366727
18.8375,-1.061514705,-4.536171795
18.838,-1.064582667,-8.457688389
18.8385,-1.064582667,-7.189035131
18.839,-1.064582667,-6.110679861
18.8395,-1.064582667,-5.194077882
18.84,-1.064582667,-4.4149662
18.8405,-1.064582667,-3.75272127
18.841,-1.067650628,-7.791755443
18.8415,-1.067650628,-6.622992127
18.842,-1.067650628,-5.629543308
18.8425,-1.067650628,-4.785111811
18.843,-1.067650628,-4.06734504
18.8435,-1.07071859,-8.059185647
18.844,-1.07071859,-6.8503078
18.8445,-1.07071859,-5.82276163
18.845,-1.07071859,-4.949347386
18.8455,-1.07071859,-4.206945278
18.846,-1.07071859,-3.575903486
18.8465,-1.073786552,-7.641460327
18.847,-1.073786552,-6.495241278
18.8475,-1.073786552,-5.520955086
18.848,-1.073786552,-4.692811823
18.8485,-1.073786552,-3.98889005
18.849,-1.073786552,-3.390556542
18.8495,-1.076854513,-7.483915425
18.85,-1.076854513,-6.361328111
18.8505,-1.076854513,-5.407128894
18.851,-1.076854513,-4.59605956
18.8515,-1.076854513,-3.906650626
18.852,-1.076854513,-3.320653032
18.8525,-1.079922475,-7.424497441
18.853,-1.079922475,-6.310822825
18.8535,-1.079922475,-5.364199401
18.854,-1.079922475,-4.559569491
18.8545,-1.079922475,-3.875634067
18.855,-1.079922475,-3.294288957
18.8555,-1.082990436,-7.402087977
18.856,-1.082990436,-6.291774781
18.8565,-1.082990436,-5.348008564
18.857,-1.082990436,-4.545807279
18.8575,-1.086058398,-8.465878551
18.858,-1.086058398,-7.195996768
18.8585,-1.086058398,-6.116597253
18.859,-1.086058398,-5.199107665
18.8595,-1.089126359,-9.021183879
18.86,-1.089126359,-7.668006297
18.8605,-1.089126359,-6.517805353
18.861,-1.089126359,-5.54013455
18.8615,-1.089126359,-4.709114367
18.862,-1.092194321,-8.604689576
18.8625,-1.092194321,-7.313986139
18.863,-1.092194321,-6.216888219
18.8635,-1.095262283,-9.886297349
18.864,-1.095262283,-8.403352747
18.8645,-1.095262283,-7.142849835
18.865,-1.095262283,-6.07142236
18.8655,-1.098330244,-9.762651369
18.866,-1.098330244,-8.298253664
18.8665,-1.098330244,-7.053515614
18.867,-1.098330244,-5.995488272
18.8675,-1.101398206,-9.698107395
18.868,-1.101398206,-8.243391286
18.8685,-1.101398206,-7.006882593
18.869,-1.104466167,-10.55779257
18.8695,-1.104466167,-8.974123682
18.87,-1.104466167,-7.62800513
18.8705,-1.104466167,-6.483804361
18.871,-1.107534129,-10.11317607
18.8715,-1.107534129,-8.59619966
18.872,-1.107534129,-7.306769711
18.8725,-1.11060209,-10.81269662
18.873,-1.11060209,-9.190792125
18.8735,-1.11060209,-7.812173306
18.874,-1.113670052,-11.24228967
18.8745,-1.113670052,-9.555946223
18.875,-1.113670052,-8.122554289
18.8755,-1.116738014,-11.50611351
18.876,-1.116738014,-9.780196483
18.8765,-1.116738014,-8.313167011
18.877,-1.116738014,-7.066191959
18.8775,-1.119805975,-10.60820553
18.878,-1.119805975,-9.0169747
18.8785,-1.119805975,-7.664428495
18.879,-1.122873937,-11.11670658
18.8795,-1.122873937,-9.449200597
18.88,-1.122873937,-8.031820507
18.8805,-1.125941898,-11.42898979
18.881,-1.125941898,-9.714641325
18.8815,-1.12900986,-12.85938749
18.882,-1.12900986,-10.93047937
18.8825,-1.12900986,-9.290907462
18.883,-1.132077821,-12.49921371
18.8835,-1.132077821,-10.62433165
18.884,-1.132077821,-9.030681903
18.8845,-1.135145783,-12.27802198
18.885,-1.135145783,-10.43631868
18.8855,-1.135145783,-8.870870881
18.886,-1.138213745,-12.14218261
18.8865,-1.138213745,-10.32085522
18.887,-1.138213745,-8.772726938
18.8875,-1.141281706,-12.05876026
18.888,-1.141281706,-10.24994622
18.8885,-1.144349668,-13.31439665
18.889,-1.144349668,-11.31723715
18.8895,-1.144349668,-9.619651581
18.89,-1.147417629,-12.77864621
18.8905,-1.147417629,-10.86184928
18.891,-1.150485591,-13.83451425
18.8915,-1.150485591,-11.75933711
18.892,-1.153553552,-14.59737891
18.8925,-1.153553552,-12.40777207
18.893,-1.153553552,-10.54660626
18.8935,-1.156621514,-13.56655769
18.894,-1.156621514,-11.53157403
18.8945,-1.159689476,-14.40378029
18.895,-1.159689476,-12.24321325
18.8955,-1.162757437,-15.00867362
18.896,-1.162757437,-12.75737258
18.8965,-1.162757437,-10.84376669
18.897,-1.165825399,-13.81914405
18.8975,-1.165825399,-11.74627245
18.898,-1.16889336,-14.58627394
18.8985,-1.16889336,-12.39833285
18.899,-1.171961322,-15.14052529
18.8995,-1.171961322,-12.86944649
18.9,-1.175029284,-15.54097188
18.9005,-1.175029284,-13.2098261
18.901,-1.178097245,-15.83029455
18.9015,-1.178097245,-13.45575037
18.902,-1.181165207,-16.03933018
18.9025,-1.181165207,-13.63343065
18.903,-1.181165207,-11.58841605
18.9035,-1.184233168,-14.45209601
18.904,-1.184233168,-12.28428161
18.9045,-1.18730113,-15.04358173
18.905,-1.18730113,-12.78704447
18.9055,-1.190369091,-15.47093016
18.906,-1.190369091,-13.15029064
18.9065,-1.193437053,-15.77968941
18.907,-1.193437053,-13.412736
18.9075,-1.196505015,-16.00276796
18.908,-1.196505015,-13.60235277
18.9085,-1.199572976,-16.16394221
18.909,-1.199572976,-13.73935088
18.9095,-1.202640938,-16.28039061
18.91,-1.202640938,-13.83833202
18.9105,-1.205708899,-16.36452458
18.911,-1.205708899,-13.90984589
18.9115,-1.208776861,-16.42531137
18.912,-1.208776861,-13.96151467
18.9125,-1.211844822,-16.46922983
18.913,-1.211844822,-13.99884536
18.9135,-1.211844822,-11.89901855
18.914,-1.214912784,-14.71610813
18.9145,-1.214912784,-12.50869191
18.915,-1.217980746,-15.23433049
18.9155,-1.217980746,-12.94918092
18.916,-1.221048707,-15.60874614
18.9165,-1.221048707,-13.26743422
18.917,-1.224116669,-15.87926145
18.9175,-1.224116669,-13.49737223
18.918,-1.22718463,-16.07470876
18.9185,-1.230252592,-18.26544481
18.919,-1.230252592,-15.52562809
18.9195,-1.230252592,-13.19678388
18.92,-1.233320553,-15.81920866
18.9205,-1.233320553,-13.44632736
18.921,-1.236388515,-16.03132062
18.9215,-1.236388515,-13.62662253
18.922,-1.239456477,-16.18457151
18.9225,-1.242524438,-18.35882815
18.923,-1.242524438,-15.60500393
18.9235,-1.2455924,-17.8661957
18.924,-1.2455924,-15.18626635
18.9245,-1.248660361,-17.51026876
18.925,-1.248660361,-14.88372844
18.9255,-1.251728323,-17.25311154
18.926,-1.251728323,-14.66514481
18.9265,-1.254796284,-17.06731545
18.927,-1.254796284,-14.50721813
18.9275,-1.257864246,-16.93307778
18.928,-1.257864246,-14.39311611
18.9285,-1.260932208,-16.83609106
18.929,-1.260932208,-14.3106774
18.9295,-1.264000169,-16.76601815
18.93,-1.264000169,-14.25111543
18.9305,-1.267068131,-16.71539048
18.931,-1.267068131,-14.20808191
18.9315,-1.270136092,-16.67881198
18.932,-1.270136092,-14.17699019
18.9325,-1.273204054,-16.65238402
18.933,-1.273204054,-14.15452642
18.9335,-1.276272016,-16.63328982
18.934,-1.276272016,-14.13829635
18.9345,-1.279339977,-16.61949426
18.935,-1.279339977,-14.12657012
18.9355,-1.282407939,-16.60952697
18.936,-1.282407939,-14.11809792
18.9365,-1.2854759,-16.6023256
18.937,-1.288543862,-18.71391912
18.9375,-1.288543862,-15.90683125
18.938,-1.291611823,-18.12274893
18.9385,-1.291611823,-15.40433659
18.939,-1.294679785,-17.69562846
18.9395,-1.294679785,-15.04128419
18.94,-1.297747747,-17.38703393
18.9405,-1.297747747,-14.77897884
18.941,-1.300815708,-17.16407438
18.9415,-1.30388367,-19.19140558
18.942,-1.30388367,-16.31269475
18.9425,-1.306951631,-18.4677329
18.943,-1.306951631,-15.69757296
18.9435,-1.310019593,-17.94487938
18.944,-1.313087554,-19.85508984
18.9445,-1.313087554,-16.87682636
18.945,-1.316155516,-18.94724477
18.9455,-1.316155516,-16.10515806
18.946,-1.319223478,-18.29132671
18.9465,-1.322291439,-20.14957007
18.947,-1.322291439,-17.12713456
18.9475,-1.325359401,-19.16000674
18.948,-1.325359401,-16.28600573
18.9485,-1.328427362,-18.44504723
18.949,-1.331495324,-20.28023251
18.9495,-1.331495324,-17.23819763
18.95,-1.334563285,-19.25441035
18.9505,-1.334563285,-16.3662488
18.951,-1.337631247,-18.51325384
18.9515,-1.340699209,-20.33820813
18.952,-1.340699209,-17.28747691
18.9525,-1.34376717,-19.29629774
18.953,-1.34376717,-16.40185308
18.9535,-1.346835132,-18.54351748
18.954,-1.349903093,-20.36393222
18.9545,-1.349903093,-17.30934239
18.955,-1.352971055,-19.31488339
18.9555,-1.352971055,-16.41765088
18.956,-1.356039016,-18.55694562
18.9565,-1.359106978,-20.37534614
18.957,-1.359106978,-17.31904422
18.9575,-1.36217494,-19.32312995
18.958,-1.36217494,-16.42466046
18.9585,-1.365242901,-18.56290375
18.959,-1.365242901,-15.77846819
18.9595,-1.368310863,-18.01364032
18.96,-1.371378824,-19.91353664
18.9605,-1.371378824,-16.92650614
18.961,-1.374446786,-18.98947259
18.9615,-1.374446786,-16.1410517
18.962,-1.377514748,-18.32183631
18.9625,-1.377514748,-15.57356086
18.963,-1.380582709,-17.8394691
18.9635,-1.380582709,-15.16354873
18.964,-1.383650671,-17.49095878
18.9645,-1.383650671,-14.86731497
18.965,-1.386718632,-17.23916009
18.9655,-1.386718632,-14.65328607
18.966,-1.389786594,-17.05723553
18.9665,-1.389786594,-14.4986502
18.967,-1.392854555,-16.92579503
18.9675,-1.392854555,-14.38692578
18.968,-1.395922517,-16.83082927
18.9685,-1.395922517,-14.30620488
18.969,-1.398990479,-16.76221651
18.9695,-1.398990479,-14.24788404
18.97,-1.40205844,-16.71264379
18.9705,-1.40205844,-14.20574723
18.971,-1.405126402,-16.67682751
18.9715,-1.405126402,-14.17530338
18.972,-1.405126402,-12.04900787
18.9725,-1.408194363,-14.84359906
18.973,-1.408194363,-12.6170592
18.9735,-1.411262325,-15.32644268
18.974,-1.411262325,-13.02747628
18.9745,-1.414330286,-15.6752972
18.975,-1.414330286,-13.32400262
18.9755,-1.417398248,-15.92734459
18.976,-1.417398248,-13.5382429
18.9765,-1.417398248,-11.50750647
18.977,-1.42046621,-14.38332286
18.9775,-1.42046621,-12.22582443
18.978,-1.423534171,-14.99389313
18.9785,-1.423534171,-12.74480916
18.979,-1.423534171,-10.83308779
18.9795,-1.426602133,-13.81006698
18.98,-1.426602133,-11.73855694
18.9805,-1.429670094,-14.57971576
18.981,-1.429670094,-12.39275839
18.9815,-1.429670094,-10.53384464
18.982,-1.432738056,-13.5557103
18.9825,-1.432738056,-11.52235376
18.983,-1.435806017,-14.39594306
18.9835,-1.435806017,-12.2365516
18.984,-1.435806017,-10.40106886
18.9845,-1.438873979,-13.44285089
18.985,-1.438873979,-11.42642326
18.9855,-1.438873979,-9.712459771
18.986,-1.441941941,-12.85753317
18.9865,-1.441941941,-10.92890319
18.987,-1.441941941,-9.289567715
18.9875,-1.445009902,-12.49807492
18.988,-1.445009902,-10.62336368
18.9885,-1.445009902,-9.029859131
18.989,-1.448077864,-12.27732262
18.9895,-1.448077864,-10.43572423
18.99,-1.448077864,-8.870365596
18.9905,-1.451145825,-12.14175312
18.991,-1.451145825,-10.32049015
18.9915,-1.451145825,-8.77241663
18.992,-1.451145825,-7.456554135
18.9925,-1.454213787,-10.94001338
18.993,-1.454213787,-9.299011372
18.9935,-1.454213787,-7.904159666
18.994,-1.457281748,-11.32047808
18.9945,-1.457281748,-9.622406368
18.995,-1.457281748,-8.179045413
18.9955,-1.457281748,-6.952188601
18.996,-1.46034971,-10.51130267
18.9965,-1.46034971,-8.934607273
18.997,-1.46034971,-7.594416182
18.9975,-1.46034971,-6.455253755
18.998,-1.463417672,-10.08890806
18.9985,-1.463417672,-8.575571847
18.999,-1.463417672,-7.28923607
18.9995,-1.463417672,-6.195850659
19,-1.466485633,-9.868415424
19.0005,-1.466485633,-8.388153111
19.001,-1.466485633,-7.129930144
19.0015,-1.466485633,-6.060440622
19.002,-1.469553595,-9.753316893
19.0025,-1.469553595,-8.290319359
19.003,-1.469553595,-7.046771455
19.0035,-1.469553595,-5.989755737
19.004,-1.472621556,-9.69323474
19.0045,-1.472621556,-8.239249529
19.005,-1.472621556,-7.0033621
19.0055,-1.475689518,-10.55480015
19.006,-1.475689518,-8.971580126
19.0065,-1.475689518,-7.625843107
19.007,-1.47875748,-11.083909
19.0075,-1.47875748,-9.421322654
19.008,-1.47875748,-8.008124256
19.0085,-1.47875748,-6.806905618
19.009,-1.481825441,-10.38781214
19.0095,-1.481825441,-8.829640318
19.01,-1.481825441,-7.50519427
19.0105,-1.484893403,-10.98135749
19.011,-1.484893403,-9.334153869
19.0115,-1.484893403,-7.934030789
19.012,-1.487961364,-11.34586853
19.0125,-1.487961364,-9.643988254
19.013,-1.491029326,-12.79933238
19.0135,-1.491029326,-10.87943252
19.014,-1.491029326,-9.247517644
19.0145,-1.494097287,-12.46233236
19.015,-1.494097287,-10.59298251
19.0155,-1.494097287,-9.004035131
19.016,-1.497165249,-12.25537223
19.0165,-1.497165249,-10.41706639
19.017,-1.497165249,-8.854506433
19.0175,-1.500233211,-12.12827283
19.018,-1.500233211,-10.30903191
19.0185,-1.503301172,-13.36461948
19.019,-1.503301172,-11.35992656
19.0195,-1.503301172,-9.655937577
19.02,-1.506369134,-12.8094893
19.0205,-1.506369134,-10.88806591
19.021,-1.509437095,-13.85679839
19.0215,-1.509437095,-11.77827863
19.022,-1.509437095,-10.01153683
19.0225,-1.512505057,-13.11174867
19.023,-1.512505057,-11.14498637
19.0235,-1.515573018,-14.07518078
19.024,-1.515573018,-11.96390366
19.0245,-1.515573018,-10.16931811
19.025,-1.51864098,-13.24586276
19.0255,-1.51864098,-11.25898335
19.026,-1.521708942,-14.17207821
19.0265,-1.521708942,-12.04626648
19.027,-1.521708942,-10.23932651
19.0275,-1.524776903,-13.30536989
19.028,-1.524776903,-11.30956441
19.0285,-1.527844865,-14.21507211
19.029,-1.527844865,-12.08281129
19.0295,-1.527844865,-10.2703896
19.03,-1.530912826,-13.33177352
19.0305,-1.530912826,-11.3320075
19.031,-1.533980788,-14.23414873
19.0315,-1.533980788,-12.09902642
19.032,-1.533980788,-10.28417246
19.0325,-1.537048749,-13.34348896
19.033,-1.537048749,-11.34196561
19.0335,-1.540116711,-14.24261313
19.034,-1.540116711,-12.10622116
19.0345,-1.540116711,-10.29028799
19.035,-1.543184673,-13.34868715
19.0355,-1.543184673,-11.34638408
19.036,-1.546252634,-14.24636883
19.0365,-1.546252634,-12.10941351
19.037,-1.546252634,-10.29300148
19.0375,-1.549320596,-13.35099362
19.038,-1.549320596,-11.34834458
19.0385,-1.552388557,-14.24803526
19.039,-1.552388557,-12.11082997
19.0395,-1.552388557,-10.29420547
19.04,-1.555456519,-13.35201702
19.0405,-1.555456519,-11.34921446
19.041,-1.55852448,-14.24877466
19.0415,-1.55852448,-12.11145846
19.042,-1.55852448,-10.29473969
19.0425,-1.561592442,-13.3524711
19.043,-1.561592442,-11.34960044
19.0435,-1.564660404,-14.24910273
19.044,-1.564660404,-12.11173732
19.0445,-1.564660404,-10.29497672
19.045,-1.567728365,-13.35267258
19.0455,-1.567728365,-11.34977169
19.046,-1.570796327,-14.2492483
19.0465,-1.570796327,-12.11186106
19.047,-1.573864288,-14.89702426
19.0475,-1.573864288,-12.66247062
19.048,-1.573864288,-10.76310003
19.0485,-1.57693225,-13.75057739
19.049,-1.57693225,-11.68799078
19.0495,-1.57693225,-9.934792163
19.05,-1.580000212,-13.0465157
19.0505,-1.580000212,-11.08953835
19.051,-1.583068173,-14.02804996
19.0515,-1.583068173,-11.92384246
19.052,-1.583068173,-10.1352661
19.0525,-1.586136135,-13.21691854
19.053,-1.586136135,-11.23438076
19.0535,-1.586136135,-9.549223648
19.054,-1.589204096,-12.71878246
19.0545,-1.589204096,-10.8109651
19.055,-1.589204096,-9.189320331
19.0555,-1.592272058,-12.41286464
19.056,-1.592272058,-10.55093495
19.0565,-1.592272058,-8.968294706
19.057,-1.595340019,-12.22499286
19.0575,-1.595340019,-10.39124393
19.058,-1.595340019,-8.832557344
19.0585,-1.598407981,-12.10961611
19.059,-1.598407981,-10.29317369
19.0595,-1.598407981,-8.749197637
19.06,-1.601475943,-12.03876035
19.0605,-1.601475943,-10.2329463
19.061,-1.601475943,-8.698004356
19.0615,-1.604543904,-11.99524607
19.062,-1.604543904,-10.19595916
19.0625,-1.604543904,-8.666565283
19.063,-1.607611866,-11.96852285
19.0635,-1.607611866,-10.17324443
19.064,-1.607611866,-8.647257762
19.0645,-1.610679827,-11.95211146
19.065,-1.610679827,-10.15929474
19.0655,-1.610679827,-8.635400531
19.066,-1.613747789,-11.94203281
19.0665,-1.613747789,-10.15072789
19.067,-1.613747789,-8.628118709
19.0675,-1.613747789,-7.333900902
19.068,-1.61681575,-10.83575813
19.0685,-1.61681575,-9.210394411
19.069,-1.61681575,-7.828835249
19.0695,-1.619883712,-11.25645233
19.07,-1.619883712,-9.567984477
19.0705,-1.619883712,-8.132786805
19.071,-1.622951674,-11.51481115
19.0715,-1.622951674,-9.787589476
19.072,-1.622951674,-8.319451055
19.0725,-1.626019635,-11.67347576
19.073,-1.626019635,-9.922454396
19.0735,-1.626019635,-8.434086237
19.074,-1.629087597,-11.77091566
19.0745,-1.629087597,-10.00527832
19.075,-1.629087597,-8.504486568
19.0755,-1.632155558,-11.83075595
19.076,-1.632155558,-10.05614255
19.0765,-1.632155558,-8.547721171
19.077,-1.63522352,-11.86750536
19.0775,-1.63522352,-10.08737956
19.078,-1.63522352,-8.574272622
19.0785,-1.638291481,-11.89007409
19.079,-1.638291481,-10.10656298
19.0795,-1.638291481,-8.590578532
19.08,-1.641359443,-11.90393412
19.0805,-1.641359443,-10.118344
19.081,-1.641359443,-8.600592399
19.0815,-1.641359443,-7.310503539
19.082,-1.644427405,-10.81587037
19.0825,-1.644427405,-9.193489816
19.083,-1.644427405,-7.814466343
19.0835,-1.647495366,-11.24423876
19.084,-1.647495366,-9.557602942
19.0845,-1.647495366,-8.123962501
19.085,-1.650563328,-11.50731049
19.0855,-1.650563328,-9.781213916
19.086,-1.650563328,-8.314031829
19.0865,-1.653631289,-11.66886942
19.087,-1.653631289,-9.918539005
19.0875,-1.653631289,-8.430758154
19.088,-1.656699251,-11.76808679
19.0885,-1.656699251,-10.00287378
19.089,-1.656699251,-8.502442709
19.0895,-1.659767212,-11.82901867
19.09,-1.659767212,-10.05466587
19.0905,-1.659767212,-8.546465987
19.091,-1.662835174,-11.86643845
19.0915,-1.662835174,-10.08647268
19.092,-1.662835174,-8.573501782
19.0925,-1.665903136,-11.88941888
19.093,-1.665903136,-10.10600605
19.0935,-1.665903136,-8.590105139
19.094,-1.668971097,-11.90353173
19.0945,-1.668971097,-10.11800197
19.095,-1.672039059,-13.20224404
19.0955,-1.672039059,-11.22190743
19.096,-1.672039059,-9.538621319
19.0965,-1.67510702,-12.70977048
19.097,-1.67510702,-10.80330491
19.0975,-1.67510702,-9.182809175
19.098,-1.678174982,-12.40733016
19.0985,-1.678174982,-10.54623064
19.099,-1.678174982,-8.964296043
19.0995,-1.681242944,-12.221594
19.1,-1.681242944,-10.3883549
19.1005,-1.684310905,-13.43204403
19.101,-1.684310905,-11.41723742
19.1015,-1.684310905,-9.704651811
19.102,-1.687378867,-12.8508964
19.1025,-1.687378867,-10.92326194
19.103,-1.687378867,-9.284772651
19.1035,-1.690446828,-12.49399912
19.104,-1.690446828,-10.61989925
19.1045,-1.69351479,-13.62885673
19.105,-1.69351479,-11.58452822
19.1055,-1.696582751,-14.44879135
19.106,-1.696582751,-12.28147265
19.1065,-1.696582751,-10.43925175
19.107,-1.699650713,-13.47530635
19.1075,-1.699650713,-11.4540104
19.108,-1.702718675,-14.3378512
19.1085,-1.702718675,-12.18717352
19.109,-1.705786636,-14.96103986
19.1095,-1.705786636,-12.71688388
19.11,-1.705786636,-10.8093513
19.1105,-1.708854598,-13.78989097
19.111,-1.708854598,-11.72140732
19.1115,-1.711922559,-14.56513859
19.112,-1.711922559,-12.3803678
19.1125,-1.714990521,-15.12525499
19.113,-1.714990521,-12.85646674
19.1135,-1.714990521,-10.92799673
19.114,-1.718058482,-13.89073959
19.1145,-1.718058482,-11.80712865
19.115,-1.721126444,-14.63800171
19.1155,-1.721126444,-12.44230146
19.116,-1.724194406,-15.1778986
19.1165,-1.724194406,-12.90121381
19.117,-1.727262367,-15.5679741
19.1175,-1.727262367,-13.23277799
19.118,-1.730330329,-15.84980365
19.1185,-1.730330329,-13.47233311
19.119,-1.73339829,-16.0534255
19.1195,-1.73339829,-13.64541168
19.12,-1.73339829,-11.59859993
19.1205,-1.736466252,-14.4607523
19.121,-1.736466252,-12.29163946
19.1215,-1.739534213,-15.0498359
19.122,-1.739534213,-12.79236052
19.1225,-1.742602175,-15.4754488
19.123,-1.742602175,-13.15413148
19.1235,-1.745670137,-15.78295412
19.124,-1.745670137,-13.415511
19.1245,-1.748738098,-16.00512672
19.125,-1.748738098,-13.60435771
19.1255,-1.75180606,-16.16564642
19.126,-1.75180606,-13.74079945
19.1265,-1.754874021,-16.2816219
19.127,-1.754874021,-13.83937862
19.1275,-1.757941983,-16.36541419
19.128,-1.757941983,-13.91060206
19.1285,-1.761009944,-16.42595411
19.129,-1.761009944,-13.962061
19.1295,-1.764077906,-16.46969421
19.13,-1.764077906,-13.99924008
19.1305,-1.767145868,-16.50129643
19.131,-1.767145868,-14.02610197
19.1315,-1.767145868,-11.92218667
19.132,-1.770213829,-14.73580103
19.1325,-1.770213829,-12.52543088
19.133,-1.773281791,-15.24855861
19.1335,-1.773281791,-12.96127482
19.134,-1.776349752,-15.61902596
19.1345,-1.776349752,-13.27617207
19.135,-1.779417714,-15.88668862
19.1355,-1.779417714,-13.50368533
19.136,-1.782485676,-16.08007489
19.1365,-1.782485676,-13.66806366
19.137,-1.785553637,-16.21979647
19.1375,-1.785553637,-13.786827
19.138,-1.788621599,-16.32074532
19.1385,-1.788621599,-13.87263352
19.139,-1.79168956,-16.39368085
19.1395,-1.79168956,-13.93462873
19.14,-1.794757522,-16.44637678
19.1405,-1.794757522,-13.97942026
19.141,-1.797825483,-16.48444959
19.1415,-1.797825483,-14.01178215
19.142,-1.800893445,-16.51195719
19.1425,-1.800893445,-14.03516361
19.143,-1.803961407,-16.53183143
19.1435,-1.803961407,-14.05205672
19.144,-1.807029368,-16.54619057
19.1445,-1.807029368,-14.06426199
19.145,-1.81009733,-16.55656505
19.1455,-1.81009733,-14.0730803
19.146,-1.813165291,-16.56406062
19.1465,-1.813165291,-14.07945152
19.147,-1.816233253,-16.56947616
19.1475,-1.819301214,-18.6859971
19.148,-1.819301214,-15.88309753
19.1485,-1.819301214,-13.5006329
19.149,-1.822369176,-16.07748033
19.1495,-1.825437138,-18.26780065
19.15,-1.825437138,-15.52763055
19.1505,-1.828505099,-17.80042833
19.151,-1.828505099,-15.13036408
19.1515,-1.831573061,-17.46275183
19.152,-1.831573061,-14.84333906
19.1525,-1.834641022,-17.21878056
19.153,-1.834641022,-14.63596348
19.1535,-1.837708984,-17.04251132
19.154,-1.837708984,-14.48613462
19.1545,-1.840776945,-16.91515679
19.155,-1.843844907,-18.97982564
19.1555,-1.843844907,-16.13285179
19.156,-1.846912869,-18.31486639
19.1565,-1.846912869,-15.56763643
19.157,-1.84998083,-17.83443333
19.1575,-1.84998083,-15.15926833
19.158,-1.853048792,-17.48732044
19.1585,-1.856116753,-19.46616474
19.159,-1.856116753,-16.54624003
19.1595,-1.859184715,-18.66624639
19.16,-1.859184715,-15.86630943
19.1605,-1.862252676,-18.08830538
19.161,-1.862252676,-15.37505957
19.1615,-1.865320638,-17.670743
19.162,-1.865320638,-15.02013155
19.1625,-1.8683886,-17.36905418
19.163,-1.8683886,-14.76369605
19.1635,-1.871456561,-17.15108401
19.164,-1.874524523,-19.18036377
19.1645,-1.874524523,-16.30330921
19.165,-1.877592484,-18.45975519
19.1655,-1.877592484,-15.69079191
19.166,-1.880660446,-17.93911549
19.1665,-1.880660446,-15.24824816
19.167,-1.883728408,-17.5629533
19.1675,-1.886796369,-19.53045267
19.168,-1.886796369,-16.60088477
19.1685,-1.889864331,-18.71269442
19.169,-1.889864331,-15.90579026
19.1695,-1.892932292,-18.12186408
19.17,-1.892932292,-15.40358447
19.1705,-1.896000254,-17.69498916
19.171,-1.899068215,-19.64268315
19.1715,-1.899068215,-16.69628068
19.172,-1.902136177,-18.79378094
19.1725,-1.902136177,-15.9747138
19.173,-1.905204139,-18.18044909
19.1735,-1.905204139,-15.45338173
19.174,-1.9082721,-17.73731683
19.1745,-1.9082721,-15.07671931
19.175,-1.911340062,-17.41715378
19.1755,-1.911340062,-14.80458071
19.176,-1.914408023,-17.18583597
19.1765,-1.917475985,-19.20990294
19.177,-1.917475985,-16.3284175
19.1775,-1.920543946,-18.48109723
19.178,-1.920543946,-15.70893265
19.1785,-1.923611908,-17.95453512
19.179,-1.923611908,-15.26135485
19.1795,-1.92667987,-17.57409398
19.18,-1.92667987,-14.93797989
19.1805,-1.929747831,-17.29922527
19.181,-1.932815793,-19.30628384
19.1815,-1.932815793,-16.41034126
19.182,-1.935883754,-18.55073244
19.1825,-1.935883754,-15.76812257
19.183,-1.938951716,-18.00484655
19.1835,-1.938951716,-15.30411957
19.184,-1.942019677,-17.610444
19.1845,-1.942019677,-14.9688774
19.185,-1.945087639,-17.32548815
19.1855,-1.945087639,-14.72666493
19.186,-1.948155601,-17.11960755
19.1865,-1.948155601,-14.55166642
19.187,-1.951223562,-16.97085882
19.1875,-1.951223562,-14.42523
19.188,-1.954291524,-16.86338786
19.1885,-1.957359485,-18.93582205
19.189,-1.957359485,-16.09544874
19.1895,-1.960427447,-18.28307379
19.19,-1.960427447,-15.54061272
19.1905,-1.963495408,-17.81146318
19.191,-1.963495408,-15.1397437
19.1915,-1.96656337,-17.47072451
19.192,-1.96656337,-14.85011583
19.1925,-1.969631332,-17.22454082
19.193,-1.969631332,-14.6408597
19.1935,-1.972699293,-17.04667311
19.194,-1.972699293,-14.48967214
19.1945,-1.975767255,-16.91816368
19.195,-1.975767255,-14.38043913
19.1955,-1.978835216,-16.82531563
19.196,-1.978835216,-14.30151828
19.1965,-1.981903178,-16.7582329
19.197,-1.981903178,-14.24449797
19.1975,-1.98497114,-16.70976564
19.198,-1.98497114,-14.20330079
19.1985,-1.988039101,-16.67474804
19.199,-1.988039101,-14.17353583
19.1995,-1.991107063,-16.64944782
19.2,-1.991107063,-14.15203065
19.2005,-1.994175024,-16.63116841
19.201,-1.997242986,-18.73843551
19.2015,-1.997242986,-15.92767019
19.202,-2.000310947,-18.14046202
19.2025,-2.000310947,-15.41939272
19.203,-2.003378909,-17.70842618
19.2035,-2.003378909,-15.05216225
19.204,-2.006446871,-17.39628028
19.2045,-2.009514832,-19.3887806
19.205,-2.009514832,-16.48046351
19.2055,-2.012582794,-18.61033635
19.206,-2.012582794,-15.81878589
19.2065,-2.015650755,-18.04791037
19.207,-2.015650755,-15.34072382
19.2075,-2.018718717,-17.64155761
19.208,-2.018718717,-14.99532397
19.2085,-2.021786678,-17.34796774
19.209,-2.021786678,-14.74577258
19.2095,-2.02485464,-17.13584905
19.21,-2.02485464,-14.56547169
19.2105,-2.027922602,-16.9825933
19.211,-2.027922602,-14.43520431
19.2115,-2.030990563,-16.87186603
19.212,-2.034058525,-18.94302849
19.2125,-2.034058525,-16.10157421
19.213,-2.037126486,-18.28828044
19.2135,-2.037126486,-15.54503838
19.214,-2.040194448,-17.81522498
19.2145,-2.040194448,-15.14294124
19.215,-2.043262409,-17.47344242
19.2155,-2.043262409,-14.85242605
19.216,-2.046330371,-17.22650451
19.2165,-2.046330371,-14.64252883
19.217,-2.049398333,-17.04809187
19.2175,-2.052466294,-19.09282045
19.218,-2.052466294,-16.22889739
19.2185,-2.055534256,-18.39650514
19.219,-2.055534256,-15.63702937
19.2195,-2.058602217,-17.89341733
19.22,-2.061670179,-19.81134709
19.2205,-2.061670179,-16.83964503
19.221,-2.061670179,-14.31369827
19.2215,-2.06473814,-16.7685859
19.222,-2.067806102,-18.85524038
19.2225,-2.067806102,-16.02695432
19.223,-2.070874064,-18.22485354
19.2235,-2.070874064,-15.49112551
19.224,-2.073942025,-17.76939904
19.2245,-2.073942025,-15.10398919
19.225,-2.077009987,-17.44033317
19.2255,-2.077009987,-14.8242832
19.226,-2.080077948,-17.20258308
19.2265,-2.080077948,-14.62219562
19.227,-2.08314591,-17.03080864
19.2275,-2.08314591,-14.47618734
19.228,-2.086213872,-16.90670161
19.2285,-2.086213872,-14.37069636
19.229,-2.089281833,-16.81703427
19.2295,-2.089281833,-14.29447913
19.23,-2.092349795,-16.75224963
19.2305,-2.092349795,-14.23941218
19.231,-2.095417756,-16.70544272
19.2315,-2.095417756,-14.19962631
19.232,-2.098485718,-16.67162473
19.2325,-2.098485718,-14.17088102
19.233,-2.101553679,-16.64719123
19.2335,-2.101553679,-14.15011255
19.234,-2.104621641,-16.62953803
19.2345,-2.104621641,-14.13510732
19.235,-2.107689603,-16.61678359
19.2355,-2.107689603,-14.12426605
19.236,-2.110757564,-16.60756851
19.2365,-2.110757564,-14.11643323
19.237,-2.113825526,-16.60091061
19.2375,-2.113825526,-14.11077402
19.238,-2.116893487,-16.59610028
19.2385,-2.116893487,-14.10668524
19.239,-2.119961449,-16.59262482
19.2395,-2.119961449,-14.10373109
19.24,-2.119961449,-11.98817143
19.2405,-2.12302941,-14.79188808
19.241,-2.12302941,-12.57310487
19.2415,-2.126097372,-15.2890815
19.242,-2.126097372,-12.99571928
19.2425,-2.129165334,-15.64830375
19.243,-2.129165334,-13.30105819
19.2435,-2.132233295,-15.90784182
19.244,-2.132233295,-13.52166555
19.2445,-2.135301257,-16.09535808
19.245,-2.135301257,-13.68105437
19.2455,-2.135301257,-11.62889621
19.246,-2.138369218,-14.48650414
19.2465,-2.138369218,-12.31352852
19.247,-2.14143718,-15.06844161
19.2475,-2.14143718,-12.80817537
19.248,-2.144505141,-15.48889143
19.2485,-2.144505141,-13.16555771
19.249,-2.144505141,-11.19072405
19.2495,-2.147573103,-14.11405781
19.25,-2.147573103,-11.99694914
19.2505,-2.147573103,-10.19740677
19.251,-2.150641065,-13.26973812
19.2515,-2.150641065,-11.2792774
19.252,-2.150641065,-9.587385789
19.2525,-2.153709026,-12.75122028
19.253,-2.153709026,-10.83853724
19.2535,-2.156776988,-13.81469902
19.254,-2.156776988,-11.74249417
19.2545,-2.156776988,-9.981120041
19.255,-2.159844949,-13.0858944
19.2555,-2.159844949,-11.12301024
19.256,-2.159844949,-9.454558703
19.2565,-2.159844949,-8.036374898
19.257,-2.162912911,-11.43286103
19.2575,-2.162912911,-9.717931873
19.258,-2.162912911,-8.260242092
19.2585,-2.165980872,-11.62314814
19.259,-2.165980872,-9.87967592
19.2595,-2.165980872,-8.397724532
19.26,-2.165980872,-7.138065852
19.2605,-2.169048834,-10.66929834
19.261,-2.169048834,-9.068903588
19.2615,-2.169048834,-7.708568049
19.262,-2.169048834,-6.552282842
19.2625,-2.169048834,-5.569440416
19.263,-2.169048834,-4.734024353
19.2635,-2.172116796,-8.625863064
19.264,-2.172116796,-7.331983604
19.2645,-2.172116796,-6.232186064
19.265,-2.172116796,-5.297358154
19.2655,-2.175184757,-9.104696795
19.266,-2.175184757,-7.738992276
19.2665,-2.175184757,-6.578143434
19.267,-2.175184757,-5.591421919
19.2675,-2.175184757,-4.752708631
19.268,-2.175184757,-4.039802337
19.2685,-2.175184757,-3.433831986
19.269,-2.178252719,-7.520699552
19.2695,-2.178252719,-6.392594619
19.27,-2.178252719,-5.433705426
19.2705,-2.178252719,-4.618649612
19.271,-2.178252719,-3.92585217
19.2715,-2.178252719,-3.336974345
19.272,-2.178252719,-2.836428193
19.2725,-2.18132068,-7.012906328
19.273,-2.18132068,-5.960970379
19.2735,-2.18132068,-5.066824822
19.274,-2.18132068,-4.306801099
19.2745,-2.18132068,-3.660780934
19.275,-2.18132068,-3.111663794
19.2755,-2.18132068,-2.644914225
19.276,-2.18132068,-2.248177091
19.2765,-2.18132068,-1.910950527
19.277,-2.18132068,-1.624307948
19.2775,-2.18132068,-1.380661756
19.278,-2.18132068,-1.173562493
19.2785,-2.18132068,-0.997528119
19.279,-2.184388642,-5.449841265
19.2795,-2.184388642,-4.632365075
19.28,-2.184388642,-3.937510314
19.2805,-2.184388642,-3.346883767
19.281,-2.184388642,-2.844851202
19.2815,-2.184388642,-2.418123521
19.282,-2.184388642,-2.055404993
19.2825,-2.184388642,-1.747094244
19.283,-2.184388642,-1.485030108
19.2835,-2.184388642,-1.262275591
19.284,-2.184388642,-1.072934253
19.2845,-2.184388642,-0.911994115
19.285,-2.184388642,-0.775194998
19.2855,-2.184388642,-0.658915748
19.286,-2.184388642,-0.560078386
19.2865,-2.184388642,-0.476066628
19.287,-2.184388642,-0.404656634
19.2875,-2.187456604,-4.945900502
19.288,-2.187456604,-4.204015427
19.2885,-2.187456604,-3.573413113
19.289,-2.187456604,-3.037401146
19.2895,-2.187456604,-2.581790974
19.29,-2.187456604,-2.194522328
19.2905,-2.187456604,-1.865343979
19.291,-2.187456604,-1.585542382
19.2915,-2.187456604,-1.347711025
19.292,-2.187456604,-1.145554371
19.2925,-2.187456604,-0.973721215
19.293,-2.187456604,-0.827663033
19.2935,-2.187456604,-0.703513578
19.294,-2.187456604,-0.597986541
19.2945,-2.187456604,-0.50828856
19.295,-2.187456604,-0.432045276
19.2955,-2.187456604,-0.367238485
19.296,-2.190524565,-4.914095076
19.2965,-2.190524565,-4.176980814
19.297,-2.190524565,-3.550433692
19.2975,-2.190524565,-3.017868638
19.298,-2.190524565,-2.565188343
19.2985,-2.190524565,-2.180410091
19.299,-2.190524565,-1.853348578
19.2995,-2.190524565,-1.575346291
19.3,-2.190524565,-1.339044347
19.3005,-2.190524565,-1.138187695
19.301,-2.190524565,-0.967459541
19.3015,-2.190524565,-0.82234061
19.302,-2.190524565,-0.698989518
19.3025,-2.193592527,-5.196083454
19.303,-2.193592527,-4.416670936
19.3035,-2.193592527,-3.754170296
19.304,-2.193592527,-3.191044751
19.3045,-2.193592527,-2.712388039
19.305,-2.193592527,-2.305529833
19.3055,-2.193592527,-1.959700358
19.306,-2.193592527,-1.665745304
19.3065,-2.193592527,-1.415883509
19.307,-2.193592527,-1.203500982
19.3075,-2.193592527,-1.022975835
19.308,-2.196660488,-5.471471823
19.3085,-2.196660488,-4.65075105
19.309,-2.196660488,-3.953138392
19.3095,-2.196660488,-3.360167634
19.31,-2.196660488,-2.856142488
19.3105,-2.196660488,-2.427721115
19.311,-2.196660488,-2.063562948
19.3115,-2.196660488,-1.754028506
19.312,-2.196660488,-1.49092423
19.3125,-2.196660488,-1.267285595
19.313,-2.19972845,-5.67913512
19.3135,-2.19972845,-4.827264852
19.314,-2.19972845,-4.103175124
19.3145,-2.19972845,-3.487698855
19.315,-2.19972845,-2.964544027
19.3155,-2.19972845,-2.519862423
19.316,-2.202796411,-6.743825423
19.3165,-2.202796411,-5.73225161
19.317,-2.202796411,-4.872413868
19.3175,-2.202796411,-4.141551788
19.318,-2.202796411,-3.52031902
19.3185,-2.202796411,-2.992271167
19.319,-2.205864373,-7.145372855
19.3195,-2.205864373,-6.073566927
19.32,-2.205864373,-5.162531888
19.3205,-2.205864373,-4.388152105
19.321,-2.208932335,-8.331871653
19.3215,-2.208932335,-7.082090905
19.322,-2.208932335,-6.019777269
19.3225,-2.208932335,-5.116810679
19.323,-2.212000296,-8.951231441
19.3235,-2.212000296,-7.608546725
19.324,-2.212000296,-6.467264716
19.3245,-2.215068258,-10.09911737
19.325,-2.215068258,-8.584249766
19.3255,-2.215068258,-7.296612301
19.326,-2.215068258,-6.202120456
19.3265,-2.218136219,-9.873744751
19.327,-2.218136219,-8.392683039
19.3275,-2.218136219,-7.133780583
19.328,-2.221204181,-10.66565586
19.3285,-2.221204181,-9.06580748
19.329,-2.221204181,-7.705936358
19.3295,-2.224272142,-11.15198827
19.33,-2.224272142,-9.479190028
19.3305,-2.224272142,-8.057311524
19.331,-2.227340104,-11.45065716
19.3315,-2.227340104,-9.733058585
19.332,-2.227340104,-8.273099797
19.3325,-2.230408066,-11.63407719
19.333,-2.230408066,-9.888965613
19.3335,-2.233476027,-13.00756313
19.334,-2.233476027,-11.05642866
19.3345,-2.233476027,-9.397964365
19.335,-2.236543989,-12.59021207
19.3355,-2.236543989,-10.70168026
19.336,-2.236543989,-9.096428223
19.3365,-2.23961195,-12.33390635
19.337,-2.23961195,-10.4838204
19.3375,-2.23961195,-8.91124734
19.338,-2.242679912,-12.1765026
19.3385,-2.242679912,-10.35002721
19.339,-2.242679912,-8.797523131
19.3395,-2.245747873,-12.07983702
19.34,-2.245747873,-10.26786147
19.3405,-2.245747873,-8.72768225
19.341,-2.248815835,-12.02047228
19.3415,-2.248815835,-10.21740143
19.342,-2.248815835,-8.68479122
19.3425,-2.251883797,-11.9840149
19.343,-2.251883797,-10.18641267
19.3435,-2.251883797,-8.658450766
19.344,-2.254951758,-11.96162551
19.3445,-2.254951758,-10.16738169
19.345,-2.254951758,-8.642274434
19.3455,-2.25801972,-11.94787563
19.346,-2.25801972,-10.15569429
19.3465,-2.25801972,-8.632340145
19.347,-2.25801972,-7.337489123
19.3475,-2.261087681,-10.83880812
19.348,-2.261087681,-9.2129869
19.3485,-2.261087681,-7.831038865
19.349,-2.264155643,-11.2583254
19.3495,-2.264155643,-9.569576589
19.35,-2.264155643,-8.134140101
19.3505,-2.264155643,-6.914019086
19.351,-2.267223604,-10.47885859
19.3515,-2.267223604,-8.907029799
19.352,-2.267223604,-7.570975329
19.3525,-2.267223604,-6.435329029
19.353,-2.270291566,-10.07197204
19.3535,-2.270291566,-8.561176233
19.354,-2.270291566,-7.276999798
19.3545,-2.273359528,-10.78739219
19.355,-2.273359528,-9.169283363
19.3555,-2.273359528,-7.793890859
19.356,-2.273359528,-6.62480723
19.3565,-2.276427489,-10.23302851
19.357,-2.276427489,-8.698074233
19.3575,-2.276427489,-7.393363098
19.358,-2.276427489,-6.284358633
19.3585,-2.279495451,-9.943647202
19.359,-2.279495451,-8.452100122
19.3595,-2.279495451,-7.184285103
19.36,-2.282563412,-10.7085847
19.3605,-2.282563412,-9.102296996
19.361,-2.282563412,-7.736952447
19.3615,-2.282563412,-6.57640958
19.362,-2.285631374,-10.19189051
19.3625,-2.285631374,-8.663106931
19.363,-2.285631374,-7.363640891
19.3635,-2.288699336,-10.86103712
19.364,-2.288699336,-9.231881553
19.3645,-2.288699336,-7.84709932
19.365,-2.291767297,-11.27197679
19.3655,-2.291767297,-9.581180268
19.366,-2.291767297,-8.144003228
19.3665,-2.291767297,-6.922402743
19.367,-2.294835259,-10.4859847
19.3675,-2.294835259,-8.913086991
19.368,-2.294835259,-7.576123943
19.3685,-2.29790322,-11.04164771
19.369,-2.29790322,-9.385400558
19.3695,-2.29790322,-7.977590474
19.37,-2.300971182,-11.38289427
19.3705,-2.300971182,-9.675460127
19.371,-2.300971182,-8.224141108
19.3715,-2.304039143,-11.59246231
19.372,-2.304039143,-9.853592959
19.3725,-2.304039143,-8.375554015
19.373,-2.304039143,-7.119220913
19.3735,-2.307107105,-10.65328014
19.374,-2.307107105,-9.055288119
19.3745,-2.310175067,-12.29893726
19.375,-2.310175067,-10.45409667
19.3755,-2.310175067,-8.885982174
19.376,-2.313243028,-12.15502721
19.3765,-2.313243028,-10.33177313
19.377,-2.313243028,-8.78200716
19.3775,-2.31631099,-12.06664845
19.378,-2.31631099,-10.25665118
19.3785,-2.319378951,-13.32009587
19.379,-2.319378951,-11.32208149
19.3795,-2.319378951,-9.623769265
19.38,-2.322446913,-12.78214624
19.3805,-2.322446913,-10.8648243
19.381,-2.322446913,-9.235100658
19.3815,-2.325514874,-12.45177792
19.382,-2.325514874,-10.58401123
19.3825,-2.325514874,-8.996409549
19.383,-2.325514874,-7.646948117
19.3835,-2.328582836,-11.10184826
19.384,-2.328582836,-9.436571023
19.3845,-2.328582836,-8.02108537
19.385,-2.331650798,-11.41986493
19.3855,-2.331650798,-9.706885189
19.386,-2.331650798,-8.250852411
19.3865,-2.334718759,-11.61516691
19.387,-2.334718759,-9.872891876
19.3875,-2.334718759,-8.391958094
19.388,-2.334718759,-7.13316438
19.3885,-2.337786721,-10.66513209
19.389,-2.337786721,-9.065362274
19.3895,-2.337786721,-7.705557933
19.39,-2.340854682,-11.15166661
19.3905,-2.340854682,-9.478916616
19.391,-2.340854682,-8.057079123
19.3915,-2.340854682,-6.848517255
19.392,-2.343922644,-10.42318203
19.3925,-2.343922644,-8.859704726
19.393,-2.343922644,-7.530749017
19.3935,-2.346990605,-11.00307903
19.394,-2.346990605,-9.352617174
19.3945,-2.346990605,-7.949724598
19.395,-2.350058567,-11.35920827
19.3955,-2.350058567,-9.655327031
19.396,-2.350058567,-8.207027976
19.3965,-2.350058567,-6.97597378
19.397,-2.353126529,-10.53152008
19.3975,-2.353126529,-8.951792065
19.398,-2.353126529,-7.609023255
19.3985,-2.35619449,-11.06961213
19.399,-2.35619449,-9.409170311
19.3995,-2.35619449,-7.997794764
19.4,-2.359262452,-11.40006791
19.4005,-2.359262452,-9.690057726
19.401,-2.359262452,-8.236549067
19.4015,-2.362330413,-11.60300907
19.402,-2.362330413,-9.86255771
19.4025,-2.362330413,-8.383174054
19.403,-2.365398375,-11.72764031
19.4035,-2.365398375,-9.968494263
19.404,-2.365398375,-8.473220124
19.4045,-2.365398375,-7.202237105
19.405,-2.368466336,-10.7238439
19.4055,-2.368466336,-9.115267317
19.406,-2.368466336,-7.74797722
19.4065,-2.371534298,-11.187723
19.407,-2.371534298,-9.50956455
19.4075,-2.37460226,-12.68507223
19.408,-2.37460226,-10.7823114
19.4085,-2.37460226,-9.164964687
19.409,-2.377670221,-12.39216235
19.4095,-2.377670221,-10.533338
19.41,-2.377670221,-8.953337296
19.4105,-2.377670221,-7.610336702
19.411,-2.380738183,-11.07072856
19.4115,-2.380738183,-9.410119276
19.412,-2.383806144,-12.60054375
19.4125,-2.383806144,-10.71046219
19.413,-2.383806144,-9.103892858
19.4135,-2.386874106,-12.34025129
19.414,-2.386874106,-10.4892136
19.4145,-2.386874106,-8.915831559
19.415,-2.389942068,-12.18039919
19.4155,-2.389942068,-10.35333931
19.416,-2.389942068,-8.800338414
19.4165,-2.393010029,-12.08223002
19.417,-2.393010029,-10.26989551
19.4175,-2.393010029,-8.729411186
19.418,-2.396077991,-12.02194187
19.4185,-2.396077991,-10.21865059
19.419,-2.396077991,-8.685853003
19.4195,-2.399145952,-11.98491742
19.42,-2.399145952,-10.1871798
19.4205,-2.399145952,-8.659102833
19.421,-2.402213914,-11.96217977
19.4215,-2.402213914,-10.16785281
19.422,-2.402213914,-8.642674885
19.4225,-2.405281875,-11.94821602
19.423,-2.405281875,-10.15598361
19.4235,-2.405281875,-8.632586071
19.424,-2.408349837,-11.93964052
19.4245,-2.408349837,-10.14869445
19.425,-2.408349837,-8.626390279
19.4255,-2.411417799,-11.9343741
19.426,-2.411417799,-10.14421799
19.4265,-2.411417799,-8.622585288
19.427,-2.41448576,-11.93113986
19.4275,-2.41448576,-10.14146888
19.428,-2.41448576,-8.620248548
19.4285,-2.41448576,-7.327211265
19.429,-2.417553722,-10.83007194
19.4295,-2.417553722,-9.205561148
19.43,-2.417553722,-7.824726976
19.4305,-2.420621683,-11.25296029
19.431,-2.420621683,-9.565016249
19.4315,-2.420621683,-8.130263812
19.432,-2.423689645,-11.5126666
19.4325,-2.423689645,-9.785766613
19.433,-2.423689645,-8.317901621
19.4335,-2.426757606,-11.67215874
19.434,-2.426757606,-9.92133493
19.4345,-2.426757606,-8.433134691
19.435,-2.429825568,-11.77010685
19.4355,-2.429825568,-10.00459082
19.436,-2.429825568,-8.5039022
19.4365,-2.43289353,-11.83025923
19.437,-2.43289353,-10.05572035
19.4375,-2.43289353,-8.547362296
19.438,-2.435961491,-11.86720032
19.4385,-2.435961491,-10.08712027
19.439,-2.435961491,-8.574052228
19.4395,-2.439029453,-11.88988676
19.44,-2.439029453,-10.10640374
19.4405,-2.442097414,-13.19238555
19.441,-2.442097414,-11.21352771
19.4415,-2.442097414,-9.531498557
19.442,-2.445165376,-12.70371614
19.4425,-2.445165376,-10.79815872
19.443,-2.445165376,-9.178434909
19.4435,-2.448233337,-12.40361204
19.444,-2.448233337,-10.54307023
19.4445,-2.448233337,-8.961609696
19.445,-2.451301299,-12.21931061
19.4455,-2.451301299,-10.38641401
19.446,-2.454369261,-13.43039428
19.4465,-2.454369261,-11.41583513
19.447,-2.454369261,-9.703459864
19.4475,-2.457437222,-12.84988325
19.448,-2.457437222,-10.92240076
19.4485,-2.460505184,-13.88598301
19.449,-2.460505184,-11.80308556
19.4495,-2.463573145,-14.63456509
19.45,-2.463573145,-12.43938033
19.4505,-2.463573145,-10.57347328
19.451,-2.466641107,-13.58939465
19.4515,-2.466641107,-11.55098545
19.452,-2.469709068,-14.42028
19.4525,-2.469709068,-12.257238
19.453,-2.47277703,-15.02059466
19.4535,-2.47277703,-12.76750546
19.454,-2.475844992,-15.45432201
19.4545,-2.475844992,-13.13617371
19.455,-2.475844992,-11.16574765
19.4555,-2.478912953,-14.09282787
19.456,-2.478912953,-11.97890369
19.4565,-2.481980915,-14.7840105
19.457,-2.481980915,-12.56640892
19.4575,-2.485048876,-15.28338995
19.458,-2.485048876,-12.99088146
19.4585,-2.488116838,-15.6441916
19.459,-2.488116838,-13.29756286
19.4595,-2.4911848,-15.9048708
19.46,-2.4911848,-13.51914018
19.4605,-2.494252761,-16.09321151
19.461,-2.494252761,-13.67922979
19.4615,-2.497320723,-16.22928768
19.462,-2.497320723,-13.79489453
19.4625,-2.500388684,-16.32760271
19.463,-2.500388684,-13.87846231
19.4635,-2.503456646,-16.39863532
19.464,-2.503456646,-13.93884003
19.4645,-2.506524607,-16.44995639
19.465,-2.506524607,-13.98246293
19.4655,-2.509592569,-16.48703585
19.466,-2.509592569,-14.01398047
19.4665,-2.512660531,-16.51382577
19.467,-2.512660531,-14.0367519
19.4675,-2.515728492,-16.53318148
19.468,-2.515728492,-14.05320426
19.4685,-2.518796454,-16.54716598
19.469,-2.521864415,-18.66703345
19.4695,-2.521864415,-15.86697843
19.47,-2.524932377,-18.08887403
19.4705,-2.524932377,-15.37554293
19.471,-2.528000338,-17.67115385
19.4715,-2.528000338,-15.02048077
19.472,-2.5310683,-17.36935102
19.4725,-2.5310683,-14.76394837
19.473,-2.534136262,-17.15129848
19.4735,-2.534136262,-14.5786037
19.474,-2.537204223,-16.99375551
19.4745,-2.537204223,-14.44469219
19.475,-2.540272185,-16.87993072
19.4755,-2.540272185,-14.34794111
19.476,-2.543340146,-16.79769231
19.4765,-2.546408108,-18.87998083
19.477,-2.546408108,-16.0479837
19.4775,-2.549476069,-18.24272851
19.478,-2.549476069,-15.50631923
19.4785,-2.552544031,-17.78231371
19.479,-2.552544031,-15.11496666
19.4795,-2.555611993,-17.44966402
19.48,-2.555611993,-14.83221442
19.4805,-2.558679954,-17.20932462
19.481,-2.561747916,-19.22986829
19.4815,-2.561747916,-16.34538805
19.482,-2.564815877,-18.4955222
19.4825,-2.564815877,-15.72119387
19.483,-2.567883839,-17.96495716
19.4835,-2.5709518,-19.87215595
19.484,-2.5709518,-16.89133255
19.4845,-2.574019762,-18.95957503
19.485,-2.574019762,-16.11563878
19.4855,-2.577087724,-18.30023533
19.486,-2.577087724,-15.55520003
19.4865,-2.580155685,-17.82386239
19.487,-2.583223647,-19.75222539
19.4875,-2.583223647,-16.78939158
19.488,-2.586291608,-18.87292521
19.4885,-2.586291608,-16.04198643
19.489,-2.58935957,-18.23763083
19.4895,-2.592427532,-20.10392857
19.49,-2.592427532,-17.08833928
19.4905,-2.595495493,-19.12703075
19.491,-2.595495493,-16.25797614
19.4915,-2.598563455,-18.42122208
19.492,-2.601631416,-20.25998113
19.4925,-2.601631416,-17.22098396
19.493,-2.604699378,-19.23977873
19.4935,-2.604699378,-16.35381192
19.494,-2.607767339,-18.5026825
19.4945,-2.610835301,-20.32922249
19.495,-2.610835301,-17.27983911
19.4955,-2.613903263,-19.28980561
19.496,-2.613903263,-16.39633477
19.4965,-2.616971224,-18.53882692
19.497,-2.616971224,-15.75800288
19.4975,-2.620039186,-17.99624481
19.498,-2.623107147,-19.89875045
19.4985,-2.623107147,-16.91393789
19.499,-2.626175109,-18.97878957
19.4995,-2.626175109,-16.13197113
19.5,-2.62924307,-18.31411783
19.5005,-2.632311032,-20.16894252
19.501,-2.632311032,-17.14360114
19.5015,-2.635378994,-19.17400333
19.502,-2.638446955,-20.89984519
19.5025,-2.638446955,-17.76486842
19.503,-2.641514917,-19.70208052
19.5035,-2.644582878,-21.3487108
19.504,-2.644582878,-18.14640418
19.5045,-2.64765084,-20.02638592
19.505,-2.64765084,-17.02242803
19.5055,-2.650718801,-19.07100619
19.506,-2.653786763,-20.81229763
19.5065,-2.653786763,-17.69045298
19.507,-2.656854725,-19.6388274
19.5075,-2.659922686,-21.29494565
19.508,-2.659922686,-18.1007038
19.5085,-2.662990648,-19.9875406
19.509,-2.666058609,-21.59135187
19.5095,-2.666058609,-18.35264909
19.51,-2.669126571,-20.20169409
19.5105,-2.672194532,-21.77338234
19.511,-2.672194532,-18.50737499
19.5115,-2.675262494,-20.3332111
19.512,-2.678330456,-21.8851718
19.5125,-2.678330456,-18.60239603
19.513,-2.681398417,-20.41397899
19.5135,-2.684466379,-21.95382451
19.514,-2.684466379,-18.66075083
19.5145,-2.68753434,-20.46358057
19.515,-2.68753434,-17.39404348
19.5155,-2.690602302,-19.38687932
19.516,-2.693670264,-21.08078979
19.5165,-2.693670264,-17.91867132
19.517,-2.696738225,-19.83281299
19.5175,-2.699806187,-21.4598334
19.518,-2.699806187,-18.24085839
19.5185,-2.702874148,-20.106672
19.519,-2.70594211,-21.69261356
19.5195,-2.70594211,-18.43872153
19.52,-2.709010071,-20.27485566
19.5205,-2.709010071,-17.23362731
19.521,-2.712078033,-19.25052558
19.5215,-2.715145995,-20.96488911
19.522,-2.715145995,-17.82015574
19.5225,-2.718213956,-19.74907474
19.523,-2.721281918,-21.38865589
19.5235,-2.721281918,-18.18035751
19.524,-2.724349879,-20.05524625
19.5245,-2.724349879,-17.04695931
19.525,-2.727417841,-19.09185778
19.5255,-2.730485802,-20.83002147
19.526,-2.730485802,-17.70551825
19.5265,-2.733553764,-19.65163288
19.527,-2.733553764,-16.70388795
19.5275,-2.736621726,-18.80024712
19.528,-2.739689687,-20.58215241
19.5285,-2.739689687,-17.49482955
19.529,-2.742757649,-19.47254748
19.5295,-2.742757649,-16.55166536
19.53,-2.74582561,-18.67085792
19.5305,-2.74582561,-15.87022923
19.531,-2.748893572,-18.09163721
19.5315,-2.751961533,-19.97983399
19.532,-2.751961533,-16.98285889
19.5325,-2.755029495,-19.03737242
19.533,-2.755029495,-16.18176656
19.5335,-2.758097457,-18.35644394
19.534,-2.761165418,-20.20491971
19.5345,-2.761165418,-17.17418176
19.535,-2.76423338,-19.19999686
19.5355,-2.76423338,-16.31999733
19.536,-2.767301341,-18.47394009
19.5365,-2.767301341,-15.70284908
19.537,-2.770369303,-17.94936408
19.5375,-2.770369303,-15.25695947
19.538,-2.773437264,-17.57035791
19.5385,-2.773437264,-14.93480422
19.539,-2.776505226,-17.29652595
19.5395,-2.776505226,-14.70204706
19.54,-2.779573188,-17.09868237
19.5405,-2.779573188,-14.53388001
19.541,-2.782641149,-16.95574037
19.5415,-2.782641149,-14.41237932
19.542,-2.785709111,-16.85246478
19.5425,-2.785709111,-14.32459507
19.543,-2.788777072,-16.77784817
19.5435,-2.791845034,-18.86311331
19.544,-2.791845034,-16.03364631
19.5445,-2.794912996,-18.23054173
19.545,-2.794912996,-15.49596047
19.5455,-2.797980957,-17.77350876
19.546,-2.797980957,-15.10748245
19.5465,-2.801048919,-17.44330244
19.547,-2.801048919,-14.82680708
19.5475,-2.80411688,-17.20472838
19.548,-2.80411688,-14.62401912
19.5485,-2.807184842,-17.03235862
19.549,-2.807184842,-14.47750483
19.5495,-2.810252803,-16.90782147
19.55,-2.810252803,-14.37164825
19.5505,-2.813320765,-16.81784337
19.551,-2.816388727,-18.89710923
19.5515,-2.816388727,-16.06254285
19.552,-2.819456688,-18.25510378
19.5525,-2.819456688,-15.51683822
19.553,-2.82252465,-17.79125485
19.5535,-2.82252465,-15.12256662
19.554,-2.825592611,-17.45612399
19.5545,-2.828660573,-19.43964776
19.555,-2.828660573,-16.52370059
19.5555,-2.831728534,-18.64708787
19.556,-2.831728534,-15.85002469
19.5565,-2.834796496,-18.07446335
19.557,-2.834796496,-15.36329385
19.5575,-2.837864458,-17.66074213
19.558,-2.837864458,-15.01163081
19.5585,-2.840932419,-17.36182855
19.559,-2.844000381,-19.35949663
19.5595,-2.844000381,-16.45557214
19.56,-2.847068342,-18.58917868
19.5605,-2.847068342,-15.80080188
19.561,-2.850136304,-18.03262396
19.5615,-2.853204265,-19.92967273
19.562,-2.853204265,-16.94022182
19.5625,-2.856272227,-19.00113091
19.563,-2.856272227,-16.15096128
19.5635,-2.859340189,-18.33025945
19.564,-2.859340189,-15.58072053
19.5645,-2.86240815,-17.84555481
19.565,-2.865476112,-19.77066396
19.5655,-2.865476112,-16.80506436
19.566,-2.868544073,-18.88624707
19.5665,-2.871612035,-20.65525237
19.567,-2.871612035,-17.55696452
19.5675,-2.874679996,-19.5253622
19.568,-2.874679996,-16.59655787
19.5685,-2.877747958,-18.70901656
19.569,-2.877747958,-15.90266407
19.5695,-2.88081592,-18.11920683
19.57,-2.883883881,-20.00326817
19.5705,-2.883883881,-17.00277794
19.571,-2.886951843,-19.05430361
19.5715,-2.886951843,-16.19615807
19.572,-2.890019804,-18.36867672
19.5725,-2.890019804,-15.61337522
19.573,-2.893087766,-17.8733113
19.5735,-2.893087766,-15.1923146
19.574,-2.896155728,-17.51540978
19.5745,-2.896155728,-14.88809831
19.575,-2.899223689,-17.25682593
19.5755,-2.899223689,-14.66830204
19.576,-2.902291651,-17.0699991
19.5765,-2.905359612,-19.11144159
19.577,-2.905359612,-16.24472536
19.5775,-2.908427574,-18.40995892
19.578,-2.908427574,-15.64846508
19.5785,-2.911495535,-17.90313768
19.579,-2.911495535,-15.21766703
19.5795,-2.914563497,-17.53695934
19.58,-2.914563497,-14.90641544
19.5805,-2.917631459,-17.27239549
19.581,-2.92069942,-19.28347853
19.5815,-2.92069942,-16.39095675
19.582,-2.923767382,-18.5342556
19.5825,-2.923767382,-15.75411726
19.583,-2.926835343,-17.99294203
19.5835,-2.926835343,-15.29400073
19.584,-2.929903305,-17.60184298
19.5845,-2.929903305,-14.96156654
19.585,-2.932971266,-17.31927392
19.5855,-2.936039228,-19.32332519
19.586,-2.936039228,-16.42482642
19.5865,-2.93910719,-18.56304482
19.587,-2.93910719,-15.77858809
19.5875,-2.942175151,-18.01374224
19.588,-2.942175151,-15.31168091
19.5885,-2.945243113,-17.61687113
19.589,-2.948311074,-19.57628283
19.5895,-2.948311074,-16.6398404
19.59,-2.951379036,-18.74580671
19.5905,-2.951379036,-15.9339357
19.591,-2.954446997,-18.14578771
19.5915,-2.954446997,-15.42391955
19.592,-2.957514959,-17.71227398
19.5925,-2.960582921,-19.65737525
19.593,-2.960582921,-16.70876896
19.5935,-2.963650882,-18.80439598
19.594,-2.963650882,-15.98373658
19.5945,-2.966718844,-18.18811846
19.595,-2.969786805,-20.06184306
19.5955,-2.969786805,-17.0525666
19.596,-2.972854767,-19.09662397
19.5965,-2.972854767,-16.23213038
19.597,-2.975922728,-18.39925318
19.5975,-2.97899069,-20.24130757
19.598,-2.97899069,-17.20511143
19.5985,-2.982058652,-19.22628708
19.599,-2.982058652,-16.34234402
19.5995,-2.985126613,-18.49293478
19.6,-2.985126613,-15.71899456
19.6005,-2.988194575,-17.96308774
19.601,-2.988194575,-15.26862458
19.6015,-2.991262536,-17.58027326
19.602,-2.994330498,-19.54517463
19.6025,-2.994330498,-16.61339844
19.603,-2.99739846,-18.72333104
19.6035,-2.99739846,-15.91483138
19.604,-3.000466421,-18.12954904
19.6045,-3.000466421,-15.41011668
19.605,-3.003534383,-17.70054154
19.6055,-3.003534383,-15.04546031
19.606,-3.006602344,-17.39058363
19.6065,-3.009670306,-19.38393845
19.607,-3.009670306,-16.47634768
19.6075,-3.012738267,-18.60683789
19.608,-3.012738267,-15.81581221
19.6085,-3.015806229,-18.04538274
19.609,-3.015806229,-15.33857533
19.6095,-3.018874191,-17.63973139
19.61,-3.018874191,-14.99377168
19.6105,-3.021942152,-17.3466483
19.611,-3.021942152,-14.74465105
19.6115,-3.025010114,-17.13489576
19.612,-3.025010114,-14.56466139
19.6125,-3.028078075,-16.98190455
19.613,-3.028078075,-14.43461887
19.6135,-3.031146037,-16.8713684
19.614,-3.031146037,-14.34066314
19.6145,-3.034213998,-16.79150603
19.615,-3.034213998,-14.27278013
19.6155,-3.034213998,-12.13186311
19.616,-3.03728196,-14.91402601
19.6165,-3.03728196,-12.6769221
19.617,-3.040349922,-15.37732615
19.6175,-3.040349922,-13.07072723
19.618,-3.043417883,-15.71206051
19.6185,-3.043417883,-13.35525143
19.619,-3.046485845,-15.95390608
19.6195,-3.046485845,-13.56082017
19.62,-3.046485845,-11.52669714
19.6205,-3.049553806,-14.39963494
19.621,-3.049553806,-12.2396897
19.6215,-3.052621768,-15.0056786
19.622,-3.052621768,-12.75482681
19.6225,-3.052621768,-10.84160279
19.623,-3.055689729,-13.81730474
19.6235,-3.055689729,-11.74470903
19.624,-3.058757691,-14.58494504
19.6245,-3.058757691,-12.39720328
19.625,-3.058757691,-10.53762279
19.6255,-3.061825653,-13.55892173
19.626,-3.061825653,-11.52508347
19.6265,-3.061825653,-9.796320953
19.627,-3.064893614,-12.92881517
19.6275,-3.064893614,-10.9894929
19.628,-3.067961576,-13.94301133
19.6285,-3.067961576,-11.85155963
19.629,-3.067961576,-10.07382568
19.6295,-3.071029537,-13.16469419
19.63,-3.071029537,-11.18999007
19.6305,-3.071029537,-9.511491556
19.631,-3.074097499,-12.68671019
19.6315,-3.074097499,-10.78370366
19.632,-3.074097499,-9.166148109
19.6325,-3.07716546,-12.39316826
19.633,-3.07716546,-10.53419302
19.6335,-3.07716546,-8.954064065
19.634,-3.080233422,-12.21289682
19.6345,-3.080233422,-10.3809623
19.635,-3.080233422,-8.823817952
19.6355,-3.083301384,-12.10218762
19.636,-3.083301384,-10.28685948
19.6365,-3.083301384,-8.743830557
19.637,-3.083301384,-7.432255974
19.6375,-3.086369345,-10.91935994
19.638,-3.086369345,-9.28145595
19.6385,-3.086369345,-7.889237558
19.639,-3.089437307,-11.30779429
19.6395,-3.089437307,-9.611625145
19.64,-3.089437307,-8.169881373
19.6405,-3.089437307,-6.944399167
19.641,-3.092505268,-10.50468166
19.6415,-3.092505268,-8.928979407
19.642,-3.092505268,-7.589632496
19.6425,-3.09557323,-11.05312999
19.643,-3.09557323,-9.395160488
19.6435,-3.09557323,-7.985886414
19.644,-3.09557323,-6.788003452
19.6445,-3.098641192,-10.3717453
19.645,-3.098641192,-8.815983503
19.6455,-3.098641192,-7.493585978
19.646,-3.098641192,-6.369548081
19.6465,-3.101709153,-10.01605823
19.647,-3.101709153,-8.513649498
19.6475,-3.101709153,-7.236602073
19.648,-3.104777115,-10.75305413
19.6485,-3.104777115,-9.140096007
19.649,-3.104777115,-7.769081606
19.6495,-3.104777115,-6.603719365
19.65,-3.107845076,-10.21510382
19.6505,-3.107845076,-8.68283825
19.651,-3.107845076,-7.380412513
19.6515,-3.107845076,-6.273350636
19.652,-3.110913038,-9.934290404
19.6525,-3.110913038,-8.444146844
19.653,-3.110913038,-7.177524817
19.6535,-3.113980999,-10.70283846
19.654,-3.113980999,-9.097412689
19.6545,-3.113980999,-7.732800786
19.655,-3.113980999,-6.572880668
19.6555,-3.117048961,-10.18889093
19.656,-3.117048961,-8.660557292
19.6565,-3.117048961,-7.361473698
19.657,-3.120116923,-10.85919501
19.6575,-3.120116923,-9.230315756
19.658,-3.120116923,-7.845768393
19.6585,-3.120116923,-6.668903134
19.659,-3.123184884,-10.27051003
19.6595,-3.123184884,-8.729933523
19.66,-3.123184884,-7.420443495
19.6605,-3.126252846,-10.90931933
19.661,-3.126252846,-9.272921434
19.6615,-3.126252846,-7.881983219
19.662,-3.126252846,-6.699685736
19.6625,-3.129320807,-10.29667524
19.663,-3.129320807,-8.752173953
19.6635,-3.129320807,-7.43934786
19.664,-3.129320807,-6.323445681
19.6645,-3.132388769,-9.976871193
19.665,-3.132388769,-8.480340514
19.6655,-3.132388769,-7.208289437
19.666,-3.13545673,-10.72898838
19.6665,-3.13545673,-9.119640127
19.667,-3.13545673,-7.751694108
19.6675,-3.13545673,-6.588939992
19.668,-3.138524692,-10.20254136
19.6685,-3.138524692,-8.672160153
19.669,-3.138524692,-7.37133613
19.6695,-3.138524692,-6.265635711
19.67,-3.141592654,-9.927732718
19.6705,-3.141592654,-8.43857281
19.671,-3.141592654,-7.172786889
19.6715,-3.141592654,-6.096868855
19.672,-3.144660615,-9.784280891
19.6725,-3.144660615,-8.316638757
19.673,-3.144660615,-7.069142944
19.6735,-3.147728577,-10.61071387
19.674,-3.147728577,-9.019106786
19.6745,-3.147728577,-7.666240768
19.675,-3.147728577,-6.516304653
19.6755,-3.150796538,-10.14080132
19.676,-3.150796538,-8.619681121
19.6765,-3.150796538,-7.326728953
19.677,-3.1538645,-10.82966197
19.6775,-3.1538645,-9.205212677
19.678,-3.1538645,-7.824430776
19.6785,-3.156932461,-11.25270852
19.679,-3.156932461,-9.564802245
19.6795,-3.156932461,-8.130081908
19.68,-3.160000423,-11.51251199
19.6805,-3.160000423,-9.785635188
19.681,-3.160000423,-8.317789909
19.6815,-3.160000423,-7.070121423
19.682,-3.163068385,-10.61154557
19.6825,-3.163068385,-9.019813737
19.683,-3.163068385,-7.666841677
19.6835,-3.166136346,-11.11875779
19.684,-3.166136346,-9.45094412
19.6845,-3.169204308,-12.63524487
19.685,-3.169204308,-10.73995814
19.6855,-3.169204308,-9.128964416
19.686,-3.172272269,-12.36156212
19.6865,-3.172272269,-10.5073278
19.687,-3.172272269,-8.93122863
19.6875,-3.175340231,-12.1934867
19.688,-3.175340231,-10.36446369
19.6885,-3.175340231,-8.80979414
19.689,-3.178408192,-12.09026738
19.6895,-3.178408192,-10.27672728
19.69,-3.178408192,-8.735218184
19.6905,-3.181476154,-12.02687782
19.691,-3.181476154,-10.22284615
19.6915,-3.184544116,-13.29136159
19.692,-3.184544116,-11.29765735
19.6925,-3.184544116,-9.603008748
19.693,-3.187612077,-12.7644998
19.6935,-3.187612077,-10.84982483
19.694,-3.187612077,-9.222351105
19.6945,-3.190680039,-12.4409408
19.695,-3.190680039,-10.57479968
19.6955,-3.190680039,-8.98857973
19.696,-3.193748,-12.24223513
19.6965,-3.193748,-10.40589986
19.697,-3.193748,-8.845014884
19.6975,-3.196815962,-12.12020502
19.698,-3.196815962,-10.30217426
19.6985,-3.196815962,-8.756848124
19.699,-3.199883924,-12.04526327
19.6995,-3.199883924,-10.23847378
19.7,-3.199883924,-8.702702712
19.7005,-3.202951885,-11.99923967
19.701,-3.202951885,-10.19935372
19.7015,-3.202951885,-8.669450661
19.702,-3.206019847,-11.97097543
19.7025,-3.206019847,-10.17532911
19.703,-3.206019847,-8.649029745
19.7035,-3.206019847,-7.351675283
19.704,-3.209087808,-10.85086635
19.7045,-3.209087808,-9.223236401
19.705,-3.209087808,-7.839750941
19.7055,-3.21215577,-11.26573066
19.706,-3.21215577,-9.575871064
19.7065,-3.21215577,-8.139490404
19.707,-3.21215577,-6.918566844
19.7075,-3.21215577,-5.880781817
19.708,-3.215223731,-9.600606908
19.7085,-3.215223731,-8.160515872
19.709,-3.215223731,-6.936438491
19.7095,-3.215223731,-5.895972718
19.71,-3.218291693,-9.613519174
19.7105,-3.218291693,-8.171491298
19.711,-3.218291693,-6.945767603
19.7115,-3.218291693,-5.903902462
19.712,-3.218291693,-5.018317093
19.7125,-3.221359655,-8.867511893
19.713,-3.221359655,-7.537385109
19.7135,-3.221359655,-6.406777343
19.714,-3.221359655,-5.445760741
19.7145,-3.221359655,-4.62889663
19.715,-3.224427616,-8.536504499
19.7155,-3.224427616,-7.256028824
19.716,-3.224427616,-6.167624501
19.7165,-3.224427616,-5.242480826
19.717,-3.224427616,-4.456108702
19.7175,-3.224427616,-3.787692396
19.718,-3.224427616,-3.219538537
19.7185,-3.227495578,-7.33855012
19.719,-3.227495578,-6.237767602
19.7195,-3.227495578,-5.302102462
19.72,-3.227495578,-4.506787093
19.7205,-3.227495578,-3.830769029
19.721,-3.227495578,-3.256153674
19.7215,-3.230563539,-7.369672987
19.722,-3.230563539,-6.264222039
19.7225,-3.230563539,-5.324588733
19.723,-3.230563539,-4.525900423
19.7235,-3.230563539,-3.84701536
19.724,-3.230563539,-3.269963056
19.7245,-3.230563539,-2.779468597
19.725,-3.233631501,-6.964490671
19.7255,-3.233631501,-5.919817071
19.726,-3.233631501,-5.03184451
19.7265,-3.233631501,-4.277067834
19.727,-3.233631501,-3.635507659
19.7275,-3.233631501,-3.09018151
19.728,-3.233631501,-2.626654283
19.7285,-3.236699462,-6.834598504
19.729,-3.236699462,-5.809408729
19.7295,-3.236699462,-4.937997419
19.73,-3.236699462,-4.197297807
19.7305,-3.236699462,-3.567703136
19.731,-3.236699462,-3.032547665
19.7315,-3.236699462,-2.577665515
19.732,-3.239767424,-6.792958052
19.7325,-3.239767424,-5.774014344
19.733,-3.239767424,-4.907912192
19.7335,-3.239767424,-4.171725364
19.734,-3.239767424,-3.545966559
19.7345,-3.239767424,-3.014071575
19.735,-3.239767424,-2.561960839
19.7355,-3.239767424,-2.177666713
19.736,-3.242835386,-6.45295907
19.7365,-3.242835386,-5.485015209
19.737,-3.242835386,-4.662262928
19.7375,-3.242835386,-3.962923489
19.738,-3.242835386,-3.368484965
19.7385,-3.242835386,-2.863212221
19.739,-3.242835386,-2.433730388
19.7395,-3.245903347,-6.670613193
19.74,-3.245903347,-5.670021214
19.7405,-3.245903347,-4.819518032
19.741,-3.245903347,-4.096590327
19.7415,-3.245903347,-3.482101778
19.742,-3.248971309,-7.561728875
19.7425,-3.248971309,-6.427469544
19.743,-3.248971309,-5.463349112
19.7435,-3.248971309,-4.643846745
19.744,-3.248971309,-3.947269734
19.7445,-3.25203927,-7.957121637
19.745,-3.25203927,-6.763553392
19.7455,-3.25203927,-5.749020383
19.746,-3.25203927,-4.886667325
19.7465,-3.25203927,-4.153667227
19.747,-3.255107232,-8.132559506
19.7475,-3.255107232,-6.91267558
19.748,-3.255107232,-5.875774243
19.7485,-3.255107232,-4.994408107
19.749,-3.255107232,-4.245246891
19.7495,-3.258175193,-8.210402221
19.75,-3.258175193,-6.978841888
19.7505,-3.258175193,-5.932015605
19.751,-3.258175193,-5.042213264
19.7515,-3.258175193,-4.285881274
19.752,-3.261243155,-8.244941447
19.7525,-3.261243155,-7.00820023
19.753,-3.261243155,-5.956970195
19.7535,-3.261243155,-5.063424666
19.754,-3.261243155,-4.303910966
19.7545,-3.264311117,-8.260266685
19.755,-3.264311117,-7.021226682
19.7555,-3.264311117,-5.96804268
19.756,-3.264311117,-5.072836278
19.7565,-3.264311117,-4.311910836
19.757,-3.267379078,-8.267066574
19.7575,-3.267379078,-7.027006588
19.758,-3.267379078,-5.9729556
19.7585,-3.267379078,-5.07701226
19.759,-3.267379078,-4.315460421
19.7595,-3.27044704,-8.270083722
19.76,-3.27044704,-7.029571163
19.7605,-3.27044704,-5.975135489
19.761,-3.27044704,-5.078865165
19.7615,-3.27044704,-4.317035391
19.762,-3.273515001,-8.271422446
19.7625,-3.273515001,-7.030709079
19.763,-3.273515001,-5.976102717
19.7635,-3.273515001,-5.079687309
19.764,-3.273515001,-4.317734213
19.7645,-3.276582963,-8.272016445
19.765,-3.276582963,-7.031213978
19.7655,-3.276582963,-5.976531881
19.766,-3.276582963,-5.080052099
19.7665,-3.276582963,-4.318044284
19.767,-3.276582963,-3.670337642
19.7675,-3.279650924,-7.721729359
19.768,-3.279650924,-6.563469955
19.7685,-3.279650924,-5.578949462
19.769,-3.279650924,-4.742107043
19.7695,-3.279650924,-4.030790986
19.77,-3.282718886,-8.028114702
19.7705,-3.282718886,-6.823897497
19.771,-3.282718886,-5.800312872
19.7715,-3.282718886,-4.930265941
19.772,-3.282718886,-4.19072605
19.7725,-3.285786848,-8.164059506
19.773,-3.285786848,-6.93945058
19.7735,-3.285786848,-5.898532993
19.774,-3.285786848,-5.013753044
19.7745,-3.285786848,-4.261690088
19.775,-3.288854809,-8.224378938
19.7755,-3.288854809,-6.990722097
19.776,-3.288854809,-5.942113783
19.7765,-3.288854809,-5.050796715
19.777,-3.288854809,-4.293177208
19.7775,-3.291922771,-8.251142991
19.778,-3.291922771,-7.013471542
19.7785,-3.291922771,-5.961450811
19.779,-3.291922771,-5.067233189
19.7795,-3.291922771,-4.307148211
19.78,-3.294990732,-8.263018343
19.7805,-3.294990732,-7.023565591
19.781,-3.294990732,-5.970030753
19.7815,-3.294990732,-5.07452614
19.782,-3.294990732,-4.313347219
19.7825,-3.294990732,-3.666345136
19.783,-3.298058694,-7.718335729
19.7835,-3.298058694,-6.56058537
19.784,-3.298058694,-5.576497564
19.7845,-3.298058694,-4.74002293
19.785,-3.298058694,-4.02901949
19.7855,-3.298058694,-3.424666567
19.786,-3.301126656,-7.512908945
19.7865,-3.301126656,-6.385972604
19.787,-3.301126656,-5.428076713
19.7875,-3.301126656,-4.613865206
19.788,-3.301126656,-3.921785425
19.7885,-3.301126656,-3.333517611
19.789,-3.304194617,-7.435432333
19.7895,-3.304194617,-6.320117483
19.79,-3.304194617,-5.372099861
19.7905,-3.304194617,-4.566284882
19.791,-3.304194617,-3.881342149
19.7915,-3.307262579,-7.901083191
19.792,-3.307262579,-6.715920712
19.7925,-3.307262579,-5.708532605
19.793,-3.307262579,-4.852252714
19.7935,-3.307262579,-4.124414807
19.794,-3.307262579,-3.505752586
19.7945,-3.31033054,-7.581832062
19.795,-3.31033054,-6.444557253
19.7955,-3.31033054,-5.477873665
19.796,-3.31033054,-4.656192615
19.7965,-3.31033054,-3.957763723
19.797,-3.31033054,-3.364099164
19.7975,-3.31033054,-2.85948429
19.798,-3.313398502,-7.03250401
19.7985,-3.313398502,-5.977628408
19.799,-3.313398502,-5.080984147
19.7995,-3.313398502,-4.318836525
19.8,-3.313398502,-3.671011046
19.8005,-3.313398502,-3.120359389
19.801,-3.313398502,-2.652305481
19.8015,-3.316466463,-6.856402022
19.802,-3.316466463,-5.827941719
19.8025,-3.316466463,-4.953750461
19.803,-3.316466463,-4.210687892
19.8035,-3.316466463,-3.579084708
19.804,-3.316466463,-3.042222002
19.8045,-3.316466463,-2.585888702
19.805,-3.316466463,-2.198005396
19.8055,-3.316466463,-1.868304587
19.806,-3.319534425,-6.190001263
19.8065,-3.319534425,-5.261501073
19.807,-3.319534425,-4.472275912
19.8075,-3.319534425,-3.801434525
19.808,-3.319534425,-3.231219347
19.8085,-3.319534425,-2.746536445
19.809,-3.319534425,-2.334555978
19.8095,-3.322602387,-6.586314945
19.81,-3.322602387,-5.598367703
19.8105,-3.322602387,-4.758612548
19.811,-3.322602387,-4.044820666
19.8115,-3.322602387,-3.438097566
19.812,-3.322602387,-2.922382931
19.8125,-3.322602387,-2.484025491
19.813,-3.322602387,-2.111421668
19.8135,-3.322602387,-1.794708417
19.814,-3.322602387,-1.525502155
19.8145,-3.325670348,-5.898619195
19.815,-3.325670348,-5.013826316
19.8155,-3.325670348,-4.261752369
19.816,-3.325670348,-3.622489513
19.8165,-3.325670348,-3.079116086
19.817,-3.325670348,-2.617248673
19.8175,-3.325670348,-2.224661372
19.818,-3.325670348,-1.890962166
19.8185,-3.325670348,-1.607317842
19.819,-3.325670348,-1.366220165
19.8195,-3.325670348,-1.16128714
19.82,-3.325670348,-0.987094069
19.8205,-3.325670348,-0.839029959
19.821,-3.325670348,-0.713175465
19.8215,-3.325670348,-0.606199145
19.822,-3.325670348,-0.515269274
19.8225,-3.325670348,-0.437978883
19.823,-3.325670348,-0.37228205
19.8235,-3.32873831,-4.918382106
19.824,-3.32873831,-4.18062479
19.8245,-3.32873831,-3.553531072
19.825,-3.32873831,-3.020501411
19.8255,-3.32873831,-2.567426199
19.826,-3.32873831,-2.182312269
19.8265,-3.32873831,-1.854965429
19.827,-3.32873831,-1.576720615
19.8275,-3.32873831,-1.340212522
19.828,-3.32873831,-1.139180644
19.8285,-3.32873831,-0.968303547
19.829,-3.32873831,-0.823058015
19.8295,-3.32873831,-0.699599313
19.83,-3.32873831,-0.594659416
19.8305,-3.32873831,-0.505460504
19.831,-3.32873831,-0.429641428
19.8315,-3.32873831,-0.365195214
19.832,-3.32873831,-0.310415932
19.8325,-3.32873831,-0.263853542
19.833,-3.32873831,-0.224275511
19.8335,-3.32873831,-0.190634184
19.834,-3.32873831,-0.162039057
19.8345,-3.32873831,-0.137733198
19.835,-3.32873831,-0.117073218
19.8355,-3.32873831,-0.099512236
19.836,-3.32873831,-0.0845854
19.8365,-3.32873831,-0.07189759
19.837,-3.32873831,-0.061112952
19.8375,-3.32873831,-0.051946009
19.838,-3.32873831,-0.044154108
19.8385,-3.32873831,-0.037530991
19.839,-3.331806271,-4.633843706
19.8395,-3.331806271,-3.93876715
19.84,-3.331806271,-3.347952078
19.8405,-3.331806271,-2.845759266
19.841,-3.331806271,-2.418895376
19.8415,-3.331806271,-2.05606107
19.842,-3.331806271,-1.747651909
19.8425,-3.331806271,-1.485504123
19.843,-3.331806271,-1.262678505
19.8435,-3.331806271,-1.073276729
19.844,-3.331806271,-0.91228522
19.8445,-3.331806271,-0.775442437
19.845,-3.331806271,-0.659126071
19.8455,-3.331806271,-0.56025716
19.846,-3.331806271,-0.476218586
19.8465,-3.331806271,-0.404785798
19.847,-3.331806271,-0.344067929
19.8475,-3.331806271,-0.292457739
19.848,-3.331806271,-0.248589078
19.8485,-3.331806271,-0.211300717
19.849,-3.331806271,-0.179605609
19.8495,-3.331806271,-0.152664768
19.85,-3.331806271,-0.129765053
19.8505,-3.331806271,-0.110300295
19.851,-3.331806271,-0.093755251
19.8515,-3.331806271,-0.079691963
19.852,-3.331806271,-0.067738169
19.8525,-3.331806271,-0.057577443
19.853,-3.331806271,-0.048940827
19.8535,-3.331806271,-0.041599703
19.854,-3.331806271,-0.035359747
19.8545,-3.331806271,-0.030055785
19.855,-3.331806271,-0.025547417
19.8555,-3.331806271,-0.021715305
19.856,-3.331806271,-0.018458009
19.8565,-3.331806271,-0.015689308
19.857,-3.331806271,-0.013335912
19.8575,-3.331806271,-0.011335525
19.858,-3.331806271,-0.009635196
19.8585,-3.331806271,-0.008189917
19.859,-3.331806271,-0.006961429
19.8595,-3.331806271,-0.005917215
19.86,-3.331806271,-0.005029633
19.8605,-3.331806271,-0.004275188
19.861,-3.331806271,-0.00363391
19.8615,-3.331806271,-0.003088823
19.862,-3.331806271,-0.0026255
19.8625,-3.331806271,-0.002231675
19.863,-3.331806271,-0.001896923
19.8635,-3.331806271,-0.001612385
19.864,-3.331806271,-0.001370527
19.8645,-3.331806271,-0.001164948
19.865,-3.331806271,-0.000990206
19.8655,-3.331806271,-0.000841675
19.866,-3.331806271,-0.000715424
19.8665,-3.331806271,-0.00060811
19.867,-3.331806271,-0.000516894
19.8675,-3.331806271,-0.00043936
19.868,-3.331806271,-0.000373456
19.8685,-3.331806271,-0.000317437
19.869,-3.331806271,-0.000269822
19.8695,-3.331806271,-0.000229348
19.87,-3.331806271,-0.000194946
19.8705,-3.331806271,-0.000165704
19.871,-3.331806271,-0.000140849
19.8715,-3.331806271,-0.000119721
19.872,-3.331806271,-0.000101763
19.8725,-3.331806271,-8.64987E-05
19.873,-3.331806271,-7.35239E-05
19.8735,-3.331806271,-6.24953E-05
19.874,-3.331806271,-5.3121E-05
19.8745,-3.331806271,-4.51528E-05
19.875,-3.331806271,-3.83799E-05
19.8755,-3.331806271,-3.26229E-05
19.876,-3.331806271,-2.77295E-05
19.8765,-3.32873831,4.601918794
19.877,-3.32873831,3.911630975
19.8775,-3.32873831,3.324886328
19.878,-3.32873831,2.826153379
19.8785,-3.32873831,2.402230372
19.879,-3.32873831,2.041895816
19.8795,-3.32873831,1.735611444
19.88,-3.32873831,1.475269727
19.8805,-3.32873831,1.253979268
19.881,-3.32873831,1.065882378
19.8815,-3.32873831,0.906000021
19.882,-3.32873831,0.770100018
19.8825,-3.32873831,0.654585015
19.883,-3.32873831,0.556397263
19.8835,-3.32873831,0.472937674
19.884,-3.32873831,0.401997023
19.8845,-3.32873831,0.341697469
19.885,-3.32873831,0.290442849
19.8855,-3.32873831,0.246876421
19.886,-3.32873831,0.209844958
19.8865,-3.32873831,0.178368215
19.887,-3.32873831,0.151612982
19.8875,-3.32873831,0.128871035
19.888,-3.32873831,0.10954038
19.8885,-3.32873831,0.093109323
19.889,-3.32873831,0.079142924
19.8895,-3.32873831,0.067271486
19.89,-3.32873831,0.057180763
19.8905,-3.32873831,0.048603648
19.891,-3.32873831,0.041313101
19.8915,-3.32873831,0.035116136
19.892,-3.32873831,0.029848716
19.8925,-3.32873831,0.025371408
19.893,-3.32873831,0.021565697
19.8935,-3.32873831,0.018330842
19.894,-3.32873831,0.015581216
19.8945,-3.32873831,0.013244034
19.895,-3.32873831,0.011257429
19.8955,-3.32873831,0.009568814
19.896,-3.32873831,0.008133492
19.8965,-3.32873831,0.006913468
19.897,-3.32873831,0.005876448
19.8975,-3.32873831,0.004994981
19.898,-3.32873831,0.004245734
19.8985,-3.32873831,0.003608874
19.899,-3.32873831,0.003067543
19.8995,-3.32873831,0.002607411
19.9,-3.32873831,0.0022163
19.9005,-3.32873831,0.001883855
19.901,-3.32873831,0.001601276
19.9015,-3.32873831,0.001361085
19.902,-3.32873831,0.001156922
19.9025,-3.32873831,0.000983384
19.903,-3.32873831,0.000835876
19.9035,-3.32873831,0.000710495
19.904,-3.32873831,0.000603921
19.9045,-3.32873831,0.000513333
19.905,-3.32873831,0.000436333
19.9055,-3.32873831,0.000370883
19.906,-3.32873831,0.00031525
19.9065,-3.32873831,0.000267963
19.907,-3.32873831,0.000227768
19.9075,-3.32873831,0.000193603
19.908,-3.32873831,0.000164563
19.9085,-3.32873831,0.000139878
19.909,-3.32873831,0.000118897
19.9095,-3.32873831,0.000101062
19.91,-3.32873831,8.59027E-05
19.9105,-3.32873831,7.30173E-05
19.911,-3.32873831,6.20647E-05
19.9115,-3.32873831,5.2755E-05
19.912,-3.32873831,4.48418E-05
19.9125,-3.32873831,3.81155E-05
19.913,-3.32873831,3.23982E-05
19.9135,-3.32873831,2.75384E-05
19.914,-3.32873831,2.34077E-05
19.9145,-3.32873831,1.98965E-05
19.915,-3.32873831,1.6912E-05
19.9155,-3.32873831,1.43752E-05
19.916,-3.32873831,1.2219E-05
19.9165,-3.32873831,1.03861E-05
19.917,-3.32873831,8.8282E-06
19.9175,-3.32873831,7.50397E-06
19.918,-3.32873831,6.37837E-06
19.9185,-3.32873831,5.42162E-06
19.919,-3.32873831,4.60837E-06
19.9195,-3.32873831,3.91712E-06
19.92,-3.32873831,3.32955E-06
19.9205,-3.32873831,2.83012E-06
19.921,-3.32873831,2.4056E-06
19.9215,-3.32873831,2.04476E-06
19.922,-3.32873831,1.73805E-06
19.9225,-3.32873831,1.47734E-06
19.923,-3.32873831,1.25574E-06
19.9235,-3.32873831,1.06738E-06
19.924,-3.32873831,9.07271E-07
19.9245,-3.32873831,7.7118E-07
19.925,-3.32873831,6.55503E-07
19.9255,-3.32873831,5.57178E-07
19.926,-3.32873831,4.73601E-07
19.9265,-3.32873831,4.02561E-07
19.927,-3.32873831,3.42177E-07
19.9275,-3.32873831,2.9085E-07
19.928,-3.32873831,2.47223E-07
19.9285,-3.32873831,2.10139E-07
19.929,-3.32873831,1.78618E-07
19.9295,-3.32873831,1.51826E-07
19.93,-3.32873831,1.29052E-07
19.9305,-3.32873831,1.09694E-07
19.931,-3.32873831,9.32399E-08
19.9315,-3.32873831,7.92539E-08
19.932,-3.32873831,6.73658E-08
19.9325,-3.32873831,5.7261E-08
19.933,-3.32873831,4.86718E-08
19.9335,-3.32873831,4.1371E-08
19.934,-3.32873831,3.51654E-08
19.9345,-3.32873831,2.98906E-08
19.935,-3.32873831,2.5407E-08
19.9355,-3.32873831,2.15959E-08
19.936,-3.32873831,1.83566E-08
19.9365,-3.32873831,1.56031E-08
19.937,-3.32873831,1.32626E-08
19.9375,-3.32873831,1.12732E-08
19.938,-3.32873831,9.58223E-09
19.9385,-3.32873831,8.1449E-09
19.939,-3.32873831,6.92316E-09
19.9395,-3.32873831,5.88469E-09
19.94,-3.32873831,5.00199E-09
19.9405,-3.32873831,4.25169E-09
19.941,-3.32873831,3.61394E-09
19.9415,-3.32873831,3.07184E-09
19.942,-3.32873831,2.61107E-09
19.9425,-3.32873831,2.21941E-09
19.943,-3.32873831,1.8865E-09
19.9435,-3.32873831,1.60352E-09
19.944,-3.32873831,1.36299E-09
19.9445,-3.32873831,1.15854E-09
19.945,-3.32873831,9.84763E-10
19.9455,-3.32873831,8.37049E-10
19.946,-3.32873831,7.11491E-10
19.9465,-3.32873831,6.04768E-10
19.947,-3.32873831,5.14053E-10
19.9475,-3.32873831,4.36945E-10
19.948,-3.32873831,3.71403E-10
19.9485,-3.32873831,3.15692E-10
19.949,-3.32873831,2.68339E-10
19.9495,-3.32873831,2.28088E-10
19.95,-3.32873831,1.93875E-10
19.9505,-3.32873831,1.64793E-10
19.951,-3.32873831,1.40074E-10
19.9515,-3.32873831,1.19063E-10
19.952,-3.32873831,1.01204E-10
19.9525,-3.32873831,8.60232E-11
19.953,-3.32873831,7.31197E-11
19.9535,-3.32873831,6.21518E-11
19.954,-3.32873831,5.2829E-11
19.9545,-3.32873831,4.49047E-11
19.955,-3.32873831,3.8169E-11
19.9555,-3.32873831,3.24436E-11
19.956,-3.32873831,2.75771E-11
19.9565,-3.32873831,2.34405E-11
19.957,-3.32873831,1.99244E-11
19.9575,-3.32873831,1.69358E-11
19.958,-3.32873831,1.43954E-11
19.9585,-3.32873831,1.22361E-11
19.959,-3.32873831,1.04007E-11
19.9595,-3.32873831,8.84058E-12
19.96,-3.32873831,7.51449E-12
19.9605,-3.32873831,6.38732E-12
19.961,-3.32873831,5.42922E-12
19.9615,-3.32873831,4.61484E-12
19.962,-3.32873831,3.92261E-12
19.9625,-3.32873831,3.33422E-12
19.963,-3.32873831,2.83409E-12
19.9635,-3.32873831,2.40897E-12
19.964,-3.32873831,2.04763E-12
19.9645,-3.32873831,1.74048E-12
19.965,-3.32873831,1.47941E-12
19.9655,-3.32873831,1.2575E-12
19.966,-3.32873831,1.06887E-12
19.9665,-3.32873831,9.08543E-13
19.967,-3.32873831,7.72262E-13
19.9675,-3.32873831,6.56422E-13
19.968,-3.32873831,5.57959E-13
19.9685,-3.32873831,4.74265E-13
19.969,-3.32873831,4.03125E-13
19.9695,-3.32873831,3.42657E-13
19.97,-3.32873831,2.91258E-13
19.9705,-3.32873831,2.47569E-13
19.971,-3.32873831,2.10434E-13
19.9715,-3.32873831,1.78869E-13
19.972,-3.32873831,1.52039E-13
19.9725,-3.32873831,1.29233E-13
19.973,-3.32873831,1.09848E-13
19.9735,-3.32873831,9.33707E-14
19.974,-3.32873831,7.93651E-14
19.9745,-3.32873831,6.74603E-14
19.975,-3.32873831,5.73413E-14
19.9755,-3.32873831,4.87401E-14
19.976,-3.32873831,4.14291E-14
19.9765,-3.32873831,3.52147E-14
19.977,-3.32873831,2.99325E-14
19.9775,-3.32873831,2.54426E-14
19.978,-3.32873831,2.16262E-14
19.9785,-3.32873831,1.83823E-14
19.979,-3.32873831,1.5625E-14
19.9795,-3.32873831,1.32812E-14
19.98,-3.32873831,1.1289E-14
19.9805,-3.32873831,9.59567E-15
19.981,-3.32873831,8.15632E-15
19.9815,-3.32873831,6.93287E-15
19.982,-3.32873831,5.89294E-15
19.9825,-3.32873831,5.009E-15
19.983,-3.32873831,4.25765E-15
19.9835,-3.32873831,3.619E-15
19.984,-3.32873831,3.07615E-15
19.9845,-3.32873831,2.61473E-15
19.985,-3.32873831,2.22252E-15
19.9855,-3.32873831,1.88914E-15
19.986,-3.32873831,1.60577E-15
19.9865,-3.32873831,1.36491E-15
19.987,-3.32873831,1.16017E-15
19.9875,-3.32873831,9.86144E-16
19.988,-3.32873831,8.38223E-16
19.9885,-3.32873831,7.12489E-16
19.989,-3.32873831,6.05616E-16
19.9895,-3.32873831,5.14773E-16
19.99,-3.32873831,4.37557E-16
19.9905,-3.32873831,3.71924E-16
19.991,-3.32873831,3.16135E-16
19.9915,-3.32873831,2.68715E-16
19.992,-3.32873831,2.28408E-16
19.9925,-3.32873831,1.94147E-16
19.993,-3.32873831,1.65025E-16
19.9935,-3.32873831,1.40271E-16
19.994,-3.32873831,1.1923E-16
19.9945,-3.32873831,1.01346E-16
19.995,-3.32873831,8.61439E-17
19.9955,-3.32873831,7.32223E-17
19.996,-3.32873831,6.22389E-17
19.9965,-3.32873831,5.29031E-17
19.997,-3.32873831,4.49676E-17
19.9975,-3.32873831,3.82225E-17
19.998,-3.32873831,3.24891E-17
19.9985,-3.32873831,2.76157E-17
19.999,-3.32873831,2.34734E-17
19.9995,-3.32873831,1.99524E-17
20,-3.32873831,1.69595E-17
20.0005,-3.32873831,1.44156E-17
20.001,-3.32873831,1.22533E-17
20.0015,-3.32873831,1.04153E-17
20.002,-3.32873831,8.85298E-18
20.0025,-3.32873831,7.52503E-18
20.003,-3.32873831,6.39628E-18
20.0035,-3.32873831,5.43683E-18
20.004,-3.32873831,4.62131E-18
20.0045,-3.32873831,3.92811E-18
20.005,-3.32873831,3.3389E-18
20.0055,-3.32873831,2.83806E-18
20.006,-3.32873831,2.41235E-18
20.0065,-3.32873831,2.0505E-18
20.007,-3.32873831,1.74292E-18
20.0075,-3.32873831,1.48149E-18
20.008,-3.32873831,1.25926E-18
20.0085,-3.32873831,1.07037E-18
20.009,-3.32873831,9.09817E-19
20.0095,-3.32873831,7.73345E-19
20.01,-3.32873831,6.57343E-19
20.0105,-3.32873831,5.58742E-19
20.011,-3.32873831,4.7493E-19
20.0115,-3.32873831,4.03691E-19
20.012,-3.32873831,3.43137E-19
20.0125,-3.32873831,2.91667E-19
20.013,-3.32873831,2.47917E-19
20.0135,-3.32873831,2.10729E-19
20.014,-3.32873831,1.7912E-19
20.0145,-3.32873831,1.52252E-19
20.015,-3.32873831,1.29414E-19
20.0155,-3.32873831,1.10002E-19
20.016,-3.32873831,9.35016E-20
20.0165,-3.32873831,7.94764E-20
20.017,-3.32873831,6.75549E-20
20.0175,-3.32873831,5.74217E-20
20.018,-3.32873831,4.88084E-20
20.0185,-3.32873831,4.14872E-20
20.019,-3.32873831,3.52641E-20
20.0195,-3.32873831,2.99745E-20
20.02,-3.32873831,2.54783E-20
20.0205,-3.32873831,2.16566E-20
20.021,-3.32873831,1.84081E-20
20.0215,-3.32873831,1.56469E-20
20.022,-3.32873831,1.32998E-20
20.0225,-3.32873831,1.13049E-20
20.023,-3.32873831,9.60913E-21
20.0235,-3.32873831,8.16776E-21
20.024,-3.32873831,6.9426E-21
20.0245,-3.32873831,5.90121E-21
20.025,-3.32873831,5.01603E-21
20.0255,-3.32873831,4.26362E-21
20.026,-3.32873831,3.62408E-21
20.0265,-3.32873831,3.08047E-21
20.027,-3.32873831,2.6184E-21
20.0275,-3.32873831,2.22564E-21
20.028,-3.32873831,1.89179E-21
20.0285,-3.32873831,1.60802E-21
20.029,-3.32873831,1.36682E-21
20.0295,-3.32873831,1.1618E-21
20.03,-3.32873831,9.87527E-22
20.0305,-3.32873831,8.39398E-22
20.031,-3.32873831,7.13489E-22
20.0315,-3.32873831,6.06465E-22
20.032,-3.32873831,5.15495E-22
20.0325,-3.32873831,4.38171E-22
20.033,-3.32873831,3.72445E-22
20.0335,-3.32873831,3.16579E-22
20.034,-3.32873831,2.69092E-22
20.0345,-3.32873831,2.28728E-22
20.035,-3.32873831,1.94419E-22
20.0355,-3.32873831,1.65256E-22
20.036,-3.32873831,1.40468E-22
20.0365,-3.32873831,1.19397E-22
20.037,-3.32873831,1.01488E-22
20.0375,-3.32873831,8.62647E-23
20.038,-3.32873831,7.3325E-23
20.0385,-3.32873831,6.23262E-23
20.039,-3.32873831,5.29773E-23
20.0395,-3.32873831,4.50307E-23
20.04,-3.32873831,3.82761E-23
20.0405,-3.32873831,3.25347E-23
20.041,-3.32873831,2.76545E-23
20.0415,-3.32873831,2.35063E-23
20.042,-3.32873831,1.99804E-23
20.0425,-3.32873831,1.69833E-23
20.043,-3.32873831,1.44358E-23
20.0435,-3.32873831,1.22704E-23
20.044,-3.32873831,1.04299E-23
20.0445,-3.32873831,8.86539E-24
20.045,-3.32873831,7.53558E-24
20.0455,-3.32873831,6.40525E-24
20.046,-3.32873831,5.44446E-24
20.0465,-3.32873831,4.62779E-24
20.047,-3.32873831,3.93362E-24
20.0475,-3.32873831,3.34358E-24
20.048,-3.32873831,2.84204E-24
20.0485,-3.32873831,2.41574E-24
20.049,-3.32873831,2.05338E-24
20.0495,-3.32873831,1.74537E-24
20.05,-3.32873831,1.48356E-24
20.0505,-3.32873831,1.26103E-24
20.051,-3.32873831,1.07187E-24
20.0515,-3.32873831,9.11094E-25
20.052,-3.32873831,7.74429E-25
20.0525,-3.32873831,6.58265E-25
20.053,-3.32873831,5.59525E-25
20.0535,-3.32873831,4.75597E-25
20.054,-3.32873831,4.04257E-25
20.0545,-3.32873831,3.43618E-25
20.055,-3.32873831,2.92076E-25
20.0555,-3.32873831,2.48264E-25
20.056,-3.32873831,2.11025E-25
20.0565,-3.32873831,1.79371E-25
20.057,-3.32873831,1.52465E-25
20.0575,-3.32873831,1.29596E-25
20.058,-3.32873831,1.10156E-25
20.0585,-3.32873831,9.36328E-26
20.059,-3.32873831,7.95879E-26
20.0595,-3.32873831,6.76497E-26
20.06,-3.32873831,5.75022E-26
20.0605,-3.32873831,4.88769E-26
20.061,-3.32873831,4.15454E-26
20.0615,-3.32873831,3.53136E-26
20.062,-3.32873831,3.00165E-26
20.0625,-3.32873831,2.5514E-26
20.063,-3.32873831,2.16869E-26
20.0635,-3.32873831,1.84339E-26
20.064,-3.32873831,1.56688E-26
20.0645,-3.32873831,1.33185E-26
20.065,-3.32873831,1.13207E-26
20.0655,-3.32873831,9.62261E-27
20.066,-3.32873831,8.17922E-27
20.0665,-3.32873831,6.95234E-27
20.067,-3.32873831,5.90949E-27
20.0675,-3.32873831,5.02306E-27
20.068,-3.32873831,4.2696E-27
20.0685,-3.32873831,3.62916E-27
20.069,-3.32873831,3.08479E-27
20.0695,-3.32873831,2.62207E-27
20.07,-3.32873831,2.22876E-27
20.0705,-3.32873831,1.89445E-27
20.071,-3.32873831,1.61028E-27
20.0715,-3.32873831,1.36874E-27
20.072,-3.32873831,1.16343E-27
20.0725,-3.32873831,9.88912E-28
20.073,-3.32873831,8.40576E-28
20.0735,-3.32873831,7.14489E-28
20.074,-3.32873831,6.07316E-28
20.0745,-3.32873831,5.16218E-28
20.075,-3.32873831,4.38786E-28
20.0755,-3.32873831,3.72968E-28
20.076,-3.32873831,3.17023E-28
20.0765,-3.32873831,2.69469E-28
20.077,-3.32873831,2.29049E-28
20.0775,-3.32873831,1.94692E-28
20.078,-3.32873831,1.65488E-28
20.0785,-3.32873831,1.40665E-28
20.079,-3.32873831,1.19565E-28
20.0795,-3.32873831,1.0163E-28
20.08,-3.32873831,8.63857E-29
20.0805,-3.32873831,7.34278E-29
20.081,-3.32873831,6.24136E-29
20.0815,-3.32873831,5.30516E-29
20.082,-3.32873831,4.50939E-29
20.0825,-3.32873831,3.83298E-29
20.083,-3.32873831,3.25803E-29
20.0835,-3.32873831,2.76933E-29
20.084,-3.32873831,2.35393E-29
20.0845,-3.32873831,2.00084E-29
20.085,-3.32873831,1.70071E-29
20.0855,-3.32873831,1.44561E-29
20.086,-3.32873831,1.22876E-29
20.0865,-3.32873831,1.04445E-29
20.087,-3.32873831,8.87783E-30
20.0875,-3.32873831,7.54615E-30
20.088,-3.32873831,6.41423E-30
20.0885,-3.32873831,5.4521E-30
20.089,-3.32873831,4.63428E-30
20.0895,-3.32873831,3.93914E-30
20.09,-3.32873831,3.34827E-30
20.0905,-3.32873831,2.84603E-30
20.091,-3.32873831,2.41912E-30
20.0915,-3.32873831,2.05626E-30
20.092,-3.32873831,1.74782E-30
20.0925,-3.32873831,1.48564E-30
20.093,-3.32873831,1.2628E-30
20.0935,-3.32873831,1.07338E-30
20.094,-3.32873831,9.12371E-31
20.0945,-3.32873831,7.75516E-31
20.095,-3.32873831,6.59188E-31
20.0955,-3.32873831,5.6031E-31
20.096,-3.32873831,4.76264E-31
20.0965,-3.32873831,4.04824E-31
20.097,-3.32873831,3.441E-31
20.0975,-3.32873831,2.92485E-31
20.098,-3.32873831,2.48613E-31
20.0985,-3.32873831,2.11321E-31
20.099,-3.32873831,1.79623E-31
20.0995,-3.32873831,1.52679E-31
20.1,-3.32873831,1.29777E-31
20.1005,-3.32873831,1.10311E-31
20.101,-3.32873831,9.37641E-32
20.1015,-3.32873831,7.96995E-32
20.102,-3.32873831,6.77446E-32
20.1025,-3.32873831,5.75829E-32
20.103,-3.32873831,4.89454E-32
20.1035,-3.32873831,4.16036E-32
20.104,-3.32873831,3.53631E-32
20.1045,-3.32873831,3.00586E-32
20.105,-3.32873831,2.55498E-32
20.1055,-3.32873831,2.17174E-32
20.106,-3.32873831,1.84598E-32
20.1065,-3.32873831,1.56908E-32
20.107,-3.32873831,1.33372E-32
20.1075,-3.32873831,1.13366E-32
20.108,-3.32873831,9.63611E-33
20.1085,-3.32873831,8.19069E-33
20.109,-3.32873831,6.96209E-33
20.1095,-3.32873831,5.91777E-33
20.11,-3.32873831,5.03011E-33
20.1105,-3.32873831,4.27559E-33
20.111,-3.325670348,4.601942364
20.1115,-3.325670348,3.911651009
20.112,-3.325670348,3.324903358
20.1125,-3.325670348,2.826167854
20.113,-3.325670348,2.402242676
20.1135,-3.325670348,2.041906275
20.114,-3.325670348,1.735620333
20.1145,-3.325670348,1.475277283
20.115,-3.325670348,1.253985691
20.1155,-3.325670348,1.065887837
20.116,-3.325670348,0.906004662
20.1165,-3.325670348,0.770103962
20.117,-3.325670348,0.654588368
20.1175,-3.325670348,0.556400113
20.118,-3.325670348,0.472940096
20.1185,-3.325670348,0.401999082
20.119,-3.325670348,0.341699219
20.1195,-3.325670348,0.290444336
20.12,-3.325670348,0.246877686
20.1205,-3.325670348,0.209846033
20.121,-3.325670348,0.178369128
20.1215,-3.325670348,0.151613759
20.122,-3.325670348,0.128871695
20.1225,-3.325670348,0.109540941
20.123,-3.325670348,0.0931098
20.1235,-3.325670348,0.07914333
20.124,-3.325670348,0.06727183
20.1245,-3.325670348,0.057181056
20.125,-3.325670348,0.048603897
20.1255,-3.325670348,0.041313313
20.126,-3.325670348,0.035116316
20.1265,-3.325670348,0.029848868
20.127,-3.325670348,0.025371538
20.1275,-3.325670348,0.021565807
20.128,-3.325670348,0.018330936
20.1285,-3.325670348,0.015581296
20.129,-3.325670348,0.013244102
20.1295,-3.325670348,0.011257486
20.13,-3.325670348,0.009568863
20.1305,-3.325670348,0.008133534
20.131,-3.325670348,0.006913504
20.1315,-3.325670348,0.005876478
20.132,-3.325670348,0.004995006
20.1325,-3.325670348,0.004245755
20.133,-3.325670348,0.003608892
20.1335,-3.325670348,0.003067558
20.134,-3.325670348,0.002607425
20.1345,-3.325670348,0.002216311
20.135,-3.325670348,0.001883864
20.1355,-3.325670348,0.001601285
20.136,-3.325670348,0.001361092
20.1365,-3.325670348,0.001156928
20.137,-3.325670348,0.000983389
20.1375,-3.325670348,0.000835881
20.138,-3.325670348,0.000710498
20.1385,-3.325670348,0.000603924
20.139,-3.325670348,0.000513335
20.1395,-3.325670348,0.000436335
20.14,-3.325670348,0.000370885
20.1405,-3.325670348,0.000315252
20.141,-3.325670348,0.000267964
20.1415,-3.325670348,0.00022777
20.142,-3.325670348,0.000193604
20.1425,-3.325670348,0.000164563
20.143,-3.325670348,0.000139879
20.1435,-3.325670348,0.000118897
20.144,-3.325670348,0.000101063
20.1445,-3.325670348,8.59032E-05
20.145,-3.325670348,7.30177E-05
20.1455,-3.325670348,6.2065E-05
20.146,-3.325670348,5.27553E-05
20.1465,-3.325670348,4.4842E-05
20.147,-3.325670348,3.81157E-05
20.1475,-3.325670348,3.23983E-05
20.148,-3.325670348,2.75386E-05
20.1485,-3.325670348,2.34078E-05
20.149,-3.325670348,1.98966E-05
20.1495,-3.325670348,1.69121E-05
20.15,-3.325670348,1.43753E-05
20.1505,-3.325670348,1.2219E-05
20.151,-3.32873831,-4.601931977
20.1515,-3.32873831,-3.911642181
20.152,-3.32873831,-3.324895854
20.1525,-3.32873831,-2.826161476
20.153,-3.32873831,-2.402237254
20.1535,-3.32873831,-2.041901666
20.154,-3.32873831,-1.735616416
20.1545,-3.32873831,-1.475273954
20.155,-3.32873831,-1.253982861
20.1555,-3.32873831,-1.065885432
20.156,-3.32873831,-0.906002617
20.1565,-3.32873831,-0.770102224
20.157,-3.32873831,-0.654586891
20.1575,-3.32873831,-0.556398857
20.158,-3.32873831,-0.472939029
20.1585,-3.32873831,-0.401998174
20.159,-3.32873831,-0.341698448
20.1595,-3.32873831,-0.290443681
20.16,-3.32873831,-0.246877129
20.1605,-3.32873831,-0.209845559
20.161,-3.32873831,-0.178368726
20.1615,-3.331806271,-4.75355578
20.162,-3.331806271,-4.040522413
20.1625,-3.331806271,-3.434444051
20.163,-3.331806271,-2.919277444
20.1635,-3.331806271,-2.481385827
20.164,-3.331806271,-2.109177953
20.1645,-3.331806271,-1.79280126
20.165,-3.331806271,-1.523881071
20.1655,-3.331806271,-1.29529891
20.166,-3.331806271,-1.101004074
20.1665,-3.331806271,-0.935853463
20.167,-3.331806271,-0.795475443
20.1675,-3.331806271,-0.676154127
20.168,-3.331806271,-0.574731008
20.1685,-3.334874233,-5.09046372
20.169,-3.334874233,-4.326894162
20.1695,-3.334874233,-3.677860038
20.17,-3.334874233,-3.126181032
20.1705,-3.334874233,-2.657253877
20.171,-3.334874233,-2.258665796
20.1715,-3.334874233,-1.919865926
20.172,-3.334874233,-1.631886037
20.1725,-3.334874233,-1.387103132
20.173,-3.334874233,-1.179037662
20.1735,-3.337942194,-5.604124376
20.174,-3.337942194,-4.76350572
20.1745,-3.337942194,-4.048979862
20.175,-3.337942194,-3.441632883
20.1755,-3.337942194,-2.92538795
20.176,-3.337942194,-2.486579758
20.1765,-3.337942194,-2.113592794
20.177,-3.337942194,-1.796553875
20.1775,-3.337942194,-1.527070794
20.178,-3.341010156,-5.899952538
20.1785,-3.341010156,-5.014959658
20.179,-3.341010156,-4.262715709
20.1795,-3.341010156,-3.623308353
20.18,-3.341010156,-3.0798121
20.1805,-3.341010156,-2.617840285
20.181,-3.341010156,-2.225164242
20.1815,-3.344078118,-6.493331969
20.182,-3.344078118,-5.519332174
20.1825,-3.344078118,-4.691432348
20.183,-3.344078118,-3.987717496
20.1835,-3.344078118,-3.389559871
20.184,-3.344078118,-2.881125891
20.1845,-3.347146079,-7.050899371
20.185,-3.347146079,-5.993264465
20.1855,-3.347146079,-5.094274795
20.186,-3.347146079,-4.330133576
20.1865,-3.347146079,-3.68061354
20.187,-3.347146079,-3.128521509
20.1875,-3.350214041,-7.261185646
20.188,-3.350214041,-6.172007799
20.1885,-3.350214041,-5.246206629
20.189,-3.350214041,-4.459275635
20.1895,-3.350214041,-3.79038429
20.19,-3.353282002,-7.82376901
20.1905,-3.353282002,-6.650203658
20.191,-3.353282002,-5.65267311
20.1915,-3.353282002,-4.804772143
20.192,-3.356349964,-8.685998685
20.1925,-3.356349964,-7.383098883
20.193,-3.356349964,-6.27563405
20.1935,-3.356349964,-5.334288943
20.194,-3.359417925,-9.136087965
20.1945,-3.359417925,-7.76567477
20.195,-3.359417925,-6.600823555
20.1955,-3.362485887,-10.21264239
20.196,-3.362485887,-8.680746027
20.1965,-3.362485887,-7.378634123
20.197,-3.365553849,-10.87378137
20.1975,-3.365553849,-9.242714163
20.198,-3.365553849,-7.856307039
20.1985,-3.36862181,-11.27980335
20.199,-3.36862181,-9.587832845
20.1995,-3.36862181,-8.149657918
20.2,-3.371689772,-11.52915159
20.2005,-3.371689772,-9.799778855
20.201,-3.371689772,-8.329812027
20.2015,-3.374757733,-11.68228259
20.202,-3.374757733,-9.929940198
20.2025,-3.374757733,-8.440449169
20.203,-3.377825695,-11.77632416
20.2035,-3.377825695,-10.00987553
20.204,-3.377825695,-8.508394203
20.2045,-3.380893656,-11.83407744
20.205,-3.380893656,-10.05896582
20.2055,-3.380893656,-8.550120948
20.206,-3.380893656,-7.267602806
20.2065,-3.383961618,-10.77940475
20.207,-3.383961618,-9.162494036
20.2075,-3.383961618,-7.788119931
20.208,-3.38702958,-11.2218443
20.2085,-3.38702958,-9.538567659
20.209,-3.390097541,-12.70972487
20.2095,-3.390097541,-10.80326614
20.21,-3.390097541,-9.182776221
20.2105,-3.390097541,-7.805359788
20.211,-3.393165503,-11.23649818
20.2115,-3.393165503,-9.551023456
20.212,-3.393165503,-8.118369938
20.2125,-3.396233464,-11.50255681
20.213,-3.396233464,-9.777173289
20.2135,-3.396233464,-8.310597296
20.214,-3.399301426,-11.66595007
20.2145,-3.399301426,-9.916057555
20.215,-3.399301426,-8.428648922
20.2155,-3.402369388,-11.76629395
20.216,-3.402369388,-10.00134986
20.2165,-3.402369388,-8.501147377
20.217,-3.405437349,-11.82791763
20.2175,-3.405437349,-10.05372999
20.218,-3.405437349,-8.545670491
20.2185,-3.408505311,-11.86576228
20.219,-3.408505311,-10.08589794
20.2195,-3.408505311,-8.573013248
20.22,-3.411573272,-11.88900362
20.2205,-3.411573272,-10.10565308
20.221,-3.411573272,-8.589805119
20.2215,-3.414641234,-11.90327671
20.222,-3.414641234,-10.11778521
20.2225,-3.414641234,-8.600117426
20.223,-3.417709195,-11.91204218
20.2235,-3.417709195,-10.12523585
20.224,-3.417709195,-8.606450472
20.2245,-3.420777157,-11.91742526
20.225,-3.420777157,-10.12981148
20.2255,-3.420777157,-8.610339754
20.226,-3.423845119,-11.92073115
20.2265,-3.423845119,-10.13262148
20.227,-3.42691308,-13.21467062
20.2275,-3.42691308,-11.23247003
20.228,-3.42691308,-9.547599525
20.2285,-3.429981042,-12.71740196
20.229,-3.429981042,-10.80979167
20.2295,-3.429981042,-9.188322916
20.23,-3.433049003,-12.41201684
20.2305,-3.433049003,-10.55021432
20.231,-3.433049003,-8.967682169
20.2315,-3.436116965,-12.22447221
20.232,-3.436116965,-10.39080138
20.2325,-3.436116965,-8.832181169
20.233,-3.439184926,-12.10929636
20.2335,-3.439184926,-10.2929019
20.234,-3.439184926,-8.748966618
20.2345,-3.442252888,-12.03856399
20.235,-3.442252888,-10.23277939
20.2355,-3.442252888,-8.697862482
20.236,-3.442252888,-7.39318311
20.2365,-3.44532085,-10.88614801
20.237,-3.44532085,-9.253225806
20.2375,-3.44532085,-7.865241935
20.238,-3.448388811,-11.28739801
20.2385,-3.448388811,-9.594288307
20.239,-3.448388811,-8.155145061
20.2395,-3.451456773,-11.53381567
20.24,-3.451456773,-9.803743316
20.2405,-3.451456773,-8.333181818
20.241,-3.451456773,-7.083204546
20.2415,-3.454524734,-10.62266623
20.242,-3.454524734,-9.029266293
20.2425,-3.454524734,-7.674876349
20.243,-3.457592696,-11.12558726
20.2435,-3.457592696,-9.456749172
20.244,-3.457592696,-8.038236796
20.2445,-3.457592696,-6.832501276
20.245,-3.460660657,-10.40956845
20.2455,-3.460660657,-8.848133181
20.246,-3.460660657,-7.520913204
20.2465,-3.460660657,-6.392776224
20.247,-3.463728619,-10.03580215
20.2475,-3.463728619,-8.530431831
20.248,-3.463728619,-7.250867056
20.2485,-3.463728619,-6.163236998
20.249,-3.466796581,-9.840693812
20.2495,-3.466796581,-8.36458974
20.25,-3.466796581,-7.109901279
20.2505,-3.466796581,-6.043416087
20.251,-3.469864542,-9.738846038
20.2515,-3.469864542,-8.278019132
20.252,-3.469864542,-7.036316262
20.2525,-3.469864542,-5.980868823
20.253,-3.472932504,-9.685680863
20.2535,-3.472932504,-8.232828734
20.254,-3.472932504,-6.997904424
20.2545,-3.472932504,-5.94821876
20.255,-3.472932504,-5.055985946
20.2555,-3.472932504,-4.297588054
20.256,-3.476000465,-8.25489221
20.2565,-3.476000465,-7.016658378
20.257,-3.476000465,-5.964159621
20.2575,-3.476000465,-5.069535678
20.258,-3.479068427,-8.91104769
20.2585,-3.479068427,-7.574390537
20.259,-3.479068427,-6.438231956
20.2595,-3.479068427,-5.472497163
20.26,-3.479068427,-4.651622588
20.2605,-3.479068427,-3.9538792
20.261,-3.482136389,-7.962739684
20.2615,-3.482136389,-6.768328731
20.262,-3.482136389,-5.753079421
20.2625,-3.482136389,-4.890117508
20.263,-3.482136389,-4.156599882
20.2635,-3.48520435,-8.135052263
20.264,-3.48520435,-6.914794424
20.2645,-3.48520435,-5.87757526
20.265,-3.48520435,-4.995938971
20.2655,-3.48520435,-4.246548126
20.266,-3.48520435,-3.609565907
20.2665,-3.488272312,-7.670073384
20.267,-3.488272312,-6.519562377
20.2675,-3.488272312,-5.54162802
20.268,-3.488272312,-4.710383817
20.2685,-3.488272312,-4.003826245
20.269,-3.488272312,-3.403252308
20.2695,-3.488272312,-2.892764462
20.27,-3.491340273,-7.060792156
20.2705,-3.491340273,-6.001673333
20.271,-3.491340273,-5.101422333
20.2715,-3.491340273,-4.336208983
20.272,-3.491340273,-3.685777635
20.2725,-3.491340273,-3.13291099
20.273,-3.491340273,-2.662974342
20.2735,-3.494408235,-6.865470554
20.274,-3.494408235,-5.835649971
20.2745,-3.494408235,-4.960302475
20.275,-3.494408235,-4.216257104
20.2755,-3.494408235,-3.583818538
20.276,-3.494408235,-3.046245758
20.2765,-3.494408235,-2.589308894
20.277,-3.494408235,-2.20091256
20.2775,-3.497476196,-6.47271804
20.278,-3.497476196,-5.501810334
20.2785,-3.497476196,-4.676538784
20.279,-3.497476196,-3.975057966
20.2795,-3.497476196,-3.378799271
20.28,-3.497476196,-2.87197938
20.2805,-3.497476196,-2.441182473
20.281,-3.497476196,-2.075005102
20.2815,-3.497476196,-1.763754337
20.282,-3.500544158,-6.10113355
20.2825,-3.500544158,-5.185963518
20.283,-3.500544158,-4.40806899
20.2835,-3.500544158,-3.746858641
20.284,-3.500544158,-3.184829845
20.2845,-3.500544158,-2.707105368
20.285,-3.500544158,-2.301039563
20.2855,-3.500544158,-1.955883629
20.286,-3.500544158,-1.662501084
20.2865,-3.50361212,-6.015068285
20.287,-3.50361212,-5.112808043
20.2875,-3.50361212,-4.345886836
20.288,-3.50361212,-3.694003811
20.2885,-3.50361212,-3.139903239
20.289,-3.50361212,-2.668917753
20.2895,-3.50361212,-2.26858009
20.29,-3.50361212,-1.928293077
20.2905,-3.50361212,-1.639049115
20.291,-3.506680081,-5.995134112
20.2915,-3.506680081,-5.095863995
20.292,-3.506680081,-4.331484396
20.2925,-3.506680081,-3.681761736
20.293,-3.506680081,-3.129497476
20.2935,-3.506680081,-2.660072854
20.294,-3.506680081,-2.261061926
20.2945,-3.509748043,-6.523845001
20.295,-3.509748043,-5.545268251
20.2955,-3.509748043,-4.713478013
20.296,-3.509748043,-4.006456311
20.2965,-3.509748043,-3.405487865
20.297,-3.512816004,-7.496607049
20.2975,-3.512816004,-6.372115991
20.298,-3.512816004,-5.416298593
20.2985,-3.512816004,-4.603853804
20.299,-3.512816004,-3.913275733
20.2995,-3.512816004,-3.326284373
20.3,-3.515883966,-7.429284081
20.3005,-3.515883966,-6.314891469
20.301,-3.515883966,-5.367657748
20.3015,-3.515883966,-4.562509086
20.302,-3.515883966,-3.878132723
20.3025,-3.515883966,-3.296412815
20.303,-3.518951927,-7.403893256
20.3035,-3.518951927,-6.293309268
20.304,-3.518951927,-5.349312878
20.3045,-3.518951927,-4.546915946
20.305,-3.518951927,-3.864878554
20.3055,-3.518951927,-3.285146771
20.306,-3.522019889,-7.394317119
20.3065,-3.522019889,-6.285169551
20.307,-3.522019889,-5.342394118
20.3075,-3.522019889,-4.541035001
20.308,-3.522019889,-3.859879751
20.3085,-3.522019889,-3.280897788
20.309,-3.522019889,-2.78876312
20.3095,-3.525087851,-6.972391015
20.31,-3.525087851,-5.926532363
20.3105,-3.525087851,-5.037552509
20.311,-3.525087851,-4.281919632
20.3115,-3.525087851,-3.639631688
20.312,-3.525087851,-3.093686934
20.3125,-3.528155812,-7.231576258
20.313,-3.528155812,-6.146839819
20.3135,-3.528155812,-5.224813846
20.314,-3.528155812,-4.441091769
20.3145,-3.528155812,-3.774928004
20.315,-3.528155812,-3.208688803
20.3155,-3.531223774,-7.329327847
20.316,-3.531223774,-6.22992867
20.3165,-3.531223774,-5.295439369
20.317,-3.531223774,-4.501123464
20.3175,-3.531223774,-3.825954944
20.318,-3.531223774,-3.252061703
20.3185,-3.534291735,-7.366194811
20.319,-3.534291735,-6.261265589
20.3195,-3.534291735,-5.322075751
20.32,-3.534291735,-4.523764388
20.3205,-3.534291735,-3.84519973
20.321,-3.534291735,-3.26841977
20.3215,-3.537359697,-7.380099169
20.322,-3.537359697,-6.273084293
20.3225,-3.537359697,-5.332121649
20.323,-3.537359697,-4.532303402
20.3235,-3.537359697,-3.852457892
20.324,-3.537359697,-3.274589208
20.3245,-3.537359697,-2.783400827
20.325,-3.540427658,-6.967833066
20.3255,-3.540427658,-5.922658106
20.326,-3.540427658,-5.03425939
20.3265,-3.540427658,-4.279120482
20.327,-3.540427658,-3.63725241
20.3275,-3.540427658,-3.091664548
20.328,-3.54349562,-7.22985723
20.3285,-3.54349562,-6.145378645
20.329,-3.54349562,-5.223571848
20.3295,-3.54349562,-4.440036071
20.33,-3.54349562,-3.77403066
20.3305,-3.54349562,-3.207926061
20.331,-3.54349562,-2.726737152
20.3315,-3.54349562,-2.317726579
20.332,-3.546563582,-6.572009956
20.3325,-3.546563582,-5.586208463
20.333,-3.546563582,-4.748277193
20.3335,-3.546563582,-4.036035614
20.334,-3.546563582,-3.430630272
20.3345,-3.546563582,-2.916035731
20.335,-3.546563582,-2.478630372
20.3355,-3.546563582,-2.106835816
20.336,-3.549631543,-6.392752807
20.3365,-3.549631543,-5.433839886
20.337,-3.549631543,-4.618763903
20.3375,-3.549631543,-3.925949318
20.338,-3.549631543,-3.33705692
20.3385,-3.549631543,-2.836498382
20.339,-3.549631543,-2.411023625
20.3395,-3.549631543,-2.049370081
20.34,-3.549631543,-1.741964569
20.3405,-3.549631543,-1.480669884
20.341,-3.549631543,-1.258569401
20.3415,-3.549631543,-1.069783991
20.342,-3.549631543,-0.909316392
20.3425,-3.549631543,-0.772918933
20.343,-3.549631543,-0.656981093
20.3435,-3.549631543,-0.558433929
20.344,-3.549631543,-0.47466884
20.3445,-3.549631543,-0.403468514
20.345,-3.549631543,-0.342948237
20.3455,-3.549631543,-0.291506001
20.346,-3.552699505,-4.849722465
20.3465,-3.552699505,-4.122264095
20.347,-3.552699505,-3.503924481
20.3475,-3.552699505,-2.978335809
20.348,-3.552699505,-2.531585437
20.3485,-3.552699505,-2.151847622
20.349,-3.552699505,-1.829070479
20.3495,-3.552699505,-1.554709907
20.35,-3.552699505,-1.321503421
20.3505,-3.552699505,-1.123277908
20.351,-3.552699505,-0.954786221
20.3515,-3.552699505,-0.811568288
20.352,-3.552699505,-0.689833045
20.3525,-3.552699505,-0.586358088
20.353,-3.552699505,-0.498404375
20.3535,-3.552699505,-0.423643719
20.354,-3.552699505,-0.360097161
20.3545,-3.552699505,-0.306082587
20.355,-3.552699505,-0.260170199
20.3555,-3.552699505,-0.221144669
20.356,-3.552699505,-0.187972969
20.3565,-3.552699505,-0.159777023
20.357,-3.552699505,-0.13581047
20.3575,-3.552699505,-0.115438899
20.358,-3.552699505,-0.098123064
20.3585,-3.552699505,-0.083404605
20.359,-3.552699505,-0.070893914
20.3595,-3.552699505,-0.060259827
20.36,-3.552699505,-0.051220853
20.3605,-3.552699505,-0.043537725
20.361,-3.552699505,-0.037007066
20.3615,-3.552699505,-0.031456006
20.362,-3.552699505,-0.026737605
20.3625,-3.552699505,-0.022726965
20.363,-3.552699505,-0.01931792
20.3635,-3.552699505,-0.016420232
20.364,-3.552699505,-0.013957197
20.3645,-3.552699505,-0.011863618
20.365,-3.552699505,-0.010084075
20.3655,-3.552699505,-0.008571464
20.366,-3.552699505,-0.007285744
20.3665,-3.552699505,-0.006192883
20.367,-3.552699505,-0.00526395
20.3675,-3.552699505,-0.004474358
20.368,-3.552699505,-0.003803204
20.3685,-3.552699505,-0.003232723
20.369,-3.552699505,-0.002747815
20.3695,-3.552699505,-0.002335643
20.37,-3.552699505,-0.001985296
20.3705,-3.552699505,-0.001687502
20.371,-3.552699505,-0.001434377
20.3715,-3.552699505,-0.00121922
20.372,-3.552699505,-0.001036337
20.3725,-3.552699505,-0.000880886
20.373,-3.552699505,-0.000748754
20.3735,-3.552699505,-0.00063644
20.374,-3.552699505,-0.000540974
20.3745,-3.552699505,-0.000459828
20.375,-3.552699505,-0.000390854
20.3755,-3.552699505,-0.000332226
20.376,-3.552699505,-0.000282392
20.3765,-3.552699505,-0.000240033
20.377,-3.552699505,-0.000204028
20.3775,-3.552699505,-0.000173424
20.378,-3.552699505,-0.00014741
20.3785,-3.552699505,-0.000125299
20.379,-3.552699505,-0.000106504
20.3795,-3.552699505,-9.05284E-05
20.38,-3.552699505,-7.69492E-05
20.3805,-3.552699505,-6.54068E-05
20.381,-3.552699505,-5.55958E-05
20.3815,-3.552699505,-4.72564E-05
20.382,-3.552699505,-4.01679E-05
20.3825,-3.552699505,-3.41427E-05
20.383,-3.552699505,-2.90213E-05
20.3835,-3.552699505,-2.46681E-05
20.384,-3.552699505,-2.09679E-05
20.3845,-3.552699505,-1.78227E-05
20.385,-3.552699505,-1.51493E-05
20.3855,-3.552699505,-1.28769E-05
20.386,-3.552699505,-1.09454E-05
20.3865,-3.552699505,-9.30358E-06
20.387,-3.552699505,-7.90804E-06
20.3875,-3.552699505,-6.72183E-06
20.388,-3.552699505,-5.71356E-06
20.3885,-3.552699505,-4.85652E-06
20.389,-3.552699505,-4.12805E-06
20.3895,-3.552699505,-3.50884E-06
20.39,-3.552699505,-2.98251E-06
20.3905,-3.552699505,-2.53514E-06
20.391,-3.552699505,-2.15487E-06
20.3915,-3.552699505,-1.83164E-06
20.392,-3.552699505,-1.55689E-06
20.3925,-3.552699505,-1.32336E-06
20.393,-3.552699505,-1.12485E-06
20.3935,-3.552699505,-9.56125E-07
20.394,-3.552699505,-8.12707E-07
20.3945,-3.552699505,-6.90801E-07
20.395,-3.552699505,-5.8718E-07
20.3955,-3.552699505,-4.99103E-07
20.396,-3.552699505,-4.24238E-07
20.3965,-3.552699505,-3.60602E-07
20.397,-3.552699505,-3.06512E-07
20.3975,-3.552699505,-2.60535E-07
20.398,-3.552699505,-2.21455E-07
20.3985,-3.552699505,-1.88237E-07
20.399,-3.552699505,-1.60001E-07
20.3995,-3.552699505,-1.36001E-07
20.4,-3.552699505,-1.15601E-07
20.4005,-3.552699505,-9.82607E-08
20.401,-3.552699505,-8.35216E-08
20.4015,-3.552699505,-7.09933E-08
20.402,-3.552699505,-6.03443E-08
20.4025,-3.552699505,-5.12927E-08
20.403,-3.552699505,-4.35988E-08
20.4035,-3.552699505,-3.7059E-08
20.404,-3.552699505,-3.15001E-08
20.4045,-3.552699505,-2.67751E-08
20.405,-3.552699505,-2.27588E-08
20.4055,-3.552699505,-1.9345E-08
20.406,-3.552699505,-1.64433E-08
20.4065,-3.552699505,-1.39768E-08
20.407,-3.552699505,-1.18803E-08
20.4075,-3.552699505,-1.00982E-08
20.408,-3.552699505,-8.58349E-09
20.4085,-3.552699505,-7.29596E-09
20.409,-3.552699505,-6.20157E-09
20.4095,-3.552699505,-5.27133E-09
20.41,-3.552699505,-4.48063E-09
20.4105,-3.552699505,-3.80854E-09
20.411,-3.552699505,-3.23726E-09
20.4115,-3.552699505,-2.75167E-09
20.412,-3.552699505,-2.33892E-09
20.4125,-3.552699505,-1.98808E-09
20.413,-3.552699505,-1.68987E-09
20.4135,-3.552699505,-1.43639E-09
20.414,-3.552699505,-1.22093E-09
20.4145,-3.552699505,-1.03779E-09
20.415,-3.555767466,-4.601942365
20.4155,-3.555767466,-3.91165101
20.416,-3.555767466,-3.324903358
20.4165,-3.555767466,-2.826167855
20.417,-3.555767466,-2.402242676
20.4175,-3.555767466,-2.041906275
20.418,-3.555767466,-1.735620334
20.4185,-3.555767466,-1.475277284
20.419,-3.555767466,-1.253985691
20.4195,-3.555767466,-1.065887837
20.42,-3.555767466,-0.906004662
20.4205,-3.555767466,-0.770103963
20.421,-3.555767466,-0.654588368
20.4215,-3.555767466,-0.556400113
20.422,-3.555767466,-0.472940096
20.4225,-3.555767466,-0.401999082
20.423,-3.555767466,-0.341699219
20.4235,-3.555767466,-0.290444336
20.424,-3.555767466,-0.246877686
20.4245,-3.555767466,-0.209846033
20.425,-3.555767466,-0.178369128
20.4255,-3.555767466,-0.151613759
20.426,-3.558835428,-4.730814059
20.4265,-3.558835428,-4.02119195
20.427,-3.558835428,-3.418013157
20.4275,-3.558835428,-2.905311184
20.428,-3.558835428,-2.469514506
20.4285,-3.558835428,-2.09908733
20.429,-3.558835428,-1.784224231
20.4295,-3.558835428,-1.516590596
20.43,-3.558835428,-1.289102007
20.4305,-3.558835428,-1.095736706
20.431,-3.558835428,-0.9313762
20.4315,-3.558835428,-0.79166977
20.432,-3.558835428,-0.672919304
20.4325,-3.558835428,-0.571981409
20.433,-3.558835428,-0.486184197
20.4335,-3.558835428,-0.413256568
20.434,-3.558835428,-0.351268083
20.4345,-3.558835428,-0.29857787
20.435,-3.558835428,-0.25379119
20.4355,-3.558835428,-0.215722511
20.436,-3.558835428,-0.183364135
20.4365,-3.558835428,-0.155859514
20.437,-3.558835428,-0.132480587
20.4375,-3.558835428,-0.112608499
20.438,-3.558835428,-0.095717224
20.4385,-3.558835428,-0.081359641
20.439,-3.558835428,-0.069155695
20.4395,-3.558835428,-0.05878234
20.44,-3.558835428,-0.049964989
20.4405,-3.558835428,-0.042470241
20.441,-3.558835428,-0.036099705
20.4415,-3.558835428,-0.030684749
20.442,-3.558835428,-0.026082037
20.4425,-3.558835428,-0.022169731
20.443,-3.558835428,-0.018844272
20.4435,-3.558835428,-0.016017631
20.444,-3.558835428,-0.013614986
20.4445,-3.558835428,-0.011572738
20.445,-3.558835428,-0.009836828
20.4455,-3.558835428,-0.008361303
20.446,-3.558835428,-0.007107108
20.4465,-3.558835428,-0.006041042
20.447,-3.558835428,-0.005134885
20.4475,-3.558835428,-0.004364653
20.448,-3.558835428,-0.003709955
20.4485,-3.558835428,-0.003153462
20.449,-3.558835428,-0.002680442
20.4495,-3.558835428,-0.002278376
20.45,-3.558835428,-0.00193662
20.4505,-3.558835428,-0.001646127
20.451,-3.558835428,-0.001399208
20.4515,-3.558835428,-0.001189326
20.452,-3.558835428,-0.001010928
20.4525,-3.558835428,-0.000859288
20.453,-3.558835428,-0.000730395
20.4535,-3.558835428,-0.000620836
20.454,-3.558835428,-0.00052771
20.4545,-3.558835428,-0.000448554
20.455,-3.558835428,-0.000381271
20.4555,-3.558835428,-0.00032408
20.456,-3.558835428,-0.000275468
20.4565,-3.558835428,-0.000234148
20.457,-3.558835428,-0.000199026
20.4575,-3.558835428,-0.000169172
20.458,-3.558835428,-0.000143796
20.4585,-3.558835428,-0.000122227
20.459,-3.558835428,-0.000103893
20.4595,-3.558835428,-8.83088E-05
20.46,-3.558835428,-7.50625E-05
20.4605,-3.558835428,-6.38031E-05
20.461,-3.558835428,-5.42326E-05
20.4615,-3.558835428,-4.60977E-05
20.462,-3.558835428,-3.91831E-05
20.4625,-3.558835428,-3.33056E-05
20.463,-3.558835428,-2.83098E-05
20.4635,-3.558835428,-2.40633E-05
20.464,-3.558835428,-2.04538E-05
20.4645,-3.558835428,-1.73857E-05
20.465,-3.558835428,-1.47779E-05
20.4655,-3.558835428,-1.25612E-05
20.466,-3.558835428,-1.0677E-05
20.4665,-3.558835428,-9.07546E-06
20.467,-3.558835428,-7.71414E-06
20.4675,-3.558835428,-6.55702E-06
20.468,-3.558835428,-5.57347E-06
20.4685,-3.558835428,-4.73745E-06
20.469,-3.558835428,-4.02683E-06
20.4695,-3.558835428,-3.42281E-06
20.47,-3.558835428,-2.90939E-06
20.4705,-3.558835428,-2.47298E-06
20.471,-3.558835428,-2.10203E-06
20.4715,-3.558835428,-1.78673E-06
20.472,-3.558835428,-1.51872E-06
20.4725,-3.558835428,-1.29091E-06
20.473,-3.558835428,-1.09727E-06
20.4735,-3.558835428,-9.32682E-07
20.474,-3.558835428,-7.9278E-07
20.4745,-3.558835428,-6.73863E-07
20.475,-3.558835428,-5.72784E-07
20.4755,-3.558835428,-4.86866E-07
20.476,-3.558835428,-4.13836E-07
20.4765,-3.558835428,-3.51761E-07
20.477,-3.558835428,-2.98997E-07
20.4775,-3.558835428,-2.54147E-07
20.478,-3.558835428,-2.16025E-07
20.4785,-3.558835428,-1.83621E-07
20.479,-3.558835428,-1.56078E-07
20.4795,-3.558835428,-1.32666E-07
20.48,-3.558835428,-1.12766E-07
20.4805,-3.558835428,-9.58515E-08
20.481,-3.558835428,-8.14738E-08
20.4815,-3.558835428,-6.92527E-08
20.482,-3.558835428,-5.88648E-08
20.4825,-3.558835428,-5.00351E-08
20.483,-3.558835428,-4.25298E-08
20.4835,-3.558835428,-3.61503E-08
20.484,-3.558835428,-3.07278E-08
20.4845,-3.558835428,-2.61186E-08
20.485,-3.558835428,-2.22008E-08
20.4855,-3.558835428,-1.88707E-08
20.486,-3.558835428,-1.60401E-08
20.4865,-3.558835428,-1.36341E-08
20.487,-3.558835428,-1.1589E-08
20.4875,-3.558835428,-9.85062E-09
20.488,-3.558835428,-8.37303E-09
20.4885,-3.558835428,-7.11708E-09
20.489,-3.558835428,-6.04951E-09
20.4895,-3.558835428,-5.14209E-09
20.49,-3.558835428,-4.37077E-09
20.4905,-3.558835428,-3.71516E-09
20.491,-3.558835428,-3.15788E-09
20.4915,-3.558835428,-2.6842E-09
20.492,-3.558835428,-2.28157E-09
20.4925,-3.558835428,-1.93934E-09
20.493,-3.558835428,-1.64844E-09
20.4935,-3.558835428,-1.40117E-09
20.494,-3.558835428,-1.19099E-09
20.4945,-3.558835428,-1.01235E-09
20.495,-3.558835428,-8.60494E-10
20.4955,-3.558835428,-7.3142E-10
20.496,-3.558835428,-6.21707E-10
20.4965,-3.558835428,-5.28451E-10
20.497,-3.558835428,-4.49183E-10
20.4975,-3.558835428,-3.81806E-10
20.498,-3.558835428,-3.24535E-10
20.4985,-3.558835428,-2.75855E-10
20.499,-3.558835428,-2.34476E-10
20.4995,-3.558835428,-1.99305E-10
20.5,-3.558835428,-1.69409E-10
20.5005,-3.558835428,-1.43998E-10
20.501,-3.558835428,-1.22398E-10
20.5015,-3.558835428,-1.04038E-10
20.502,-3.558835428,-8.84326E-11
20.5025,-3.558835428,-7.51677E-11
20.503,-3.558835428,-6.38926E-11
20.5035,-3.558835428,-5.43087E-11
20.504,-3.558835428,-4.61624E-11
20.5045,-3.558835428,-3.9238E-11
20.505,-3.558835428,-3.33523E-11
20.5055,-3.558835428,-2.83495E-11
20.506,-3.558835428,-2.40971E-11
20.5065,-3.558835428,-2.04825E-11
20.507,-3.558835428,-1.74101E-11
20.5075,-3.558835428,-1.47986E-11
20.508,-3.558835428,-1.25788E-11
20.5085,-3.558835428,-1.0692E-11
20.509,-3.558835428,-9.08819E-12
20.5095,-3.558835428,-7.72496E-12
20.51,-3.558835428,-6.56622E-12
20.5105,-3.558835428,-5.58129E-12
20.511,-3.558835428,-4.74409E-12
20.5115,-3.558835428,-4.03248E-12
20.512,-3.558835428,-3.42761E-12
20.5125,-3.558835428,-2.91347E-12
20.513,-3.558835428,-2.47645E-12
20.5135,-3.558835428,-2.10498E-12
20.514,-3.558835428,-1.78923E-12
20.5145,-3.558835428,-1.52085E-12
20.515,-3.558835428,-1.29272E-12
20.5155,-3.558835428,-1.09881E-12
20.516,-3.558835428,-9.33991E-13
20.5165,-3.558835428,-7.93892E-13
20.517,-3.558835428,-6.74808E-13
20.5175,-3.558835428,-5.73587E-13
20.518,-3.558835428,-4.87549E-13
20.5185,-3.558835428,-4.14417E-13
20.519,-3.558835428,-3.52254E-13
20.5195,-3.558835428,-2.99416E-13
20.52,-3.558835428,-2.54504E-13
20.5205,-3.558835428,-2.16328E-13
20.521,-3.558835428,-1.83879E-13
20.5215,-3.558835428,-1.56297E-13
20.522,-3.558835428,-1.32852E-13
20.5225,-3.558835428,-1.12925E-13
20.523,-3.558835428,-9.59859E-14
20.5235,-3.558835428,-8.1588E-14
20.524,-3.558835428,-6.93498E-14
20.5245,-3.558835428,-5.89473E-14
20.525,-3.558835428,-5.01052E-14
20.5255,-3.558835428,-4.25895E-14
20.526,-3.558835428,-3.6201E-14
20.5265,-3.558835428,-3.07709E-14
20.527,-3.558835428,-2.61552E-14
20.5275,-3.558835428,-2.2232E-14
20.528,-3.558835428,-1.88972E-14
20.5285,-3.558835428,-1.60626E-14
20.529,-3.558835428,-1.36532E-14
20.5295,-3.558835428,-1.16052E-14
20.53,-3.558835428,-9.86444E-15
20.5305,-3.558835428,-8.38477E-15
20.531,-3.558835428,-7.12706E-15
20.5315,-3.558835428,-6.058E-15
20.532,-3.558835428,-5.1493E-15
20.5325,-3.558835428,-4.3769E-15
20.533,-3.558835428,-3.72037E-15
20.5335,-3.558835428,-3.16231E-15
20.534,-3.561903389,-4.601942364
20.5345,-3.561903389,-3.911651009
20.535,-3.561903389,-3.324903358
20.5355,-3.561903389,-2.826167854
20.536,-3.561903389,-2.402242676
20.5365,-3.561903389,-2.041906275
20.537,-3.561903389,-1.735620333
20.5375,-3.561903389,-1.475277283
20.538,-3.561903389,-1.253985691
20.5385,-3.561903389,-1.065887837
20.539,-3.561903389,-0.906004662
20.5395,-3.561903389,-0.770103962
20.54,-3.561903389,-0.654588368
20.5405,-3.561903389,-0.556400113
20.541,-3.561903389,-0.472940096
20.5415,-3.561903389,-0.401999082
20.542,-3.561903389,-0.341699219
20.5425,-3.561903389,-0.290444336
20.543,-3.564971351,-4.84882005
20.5435,-3.564971351,-4.121497042
20.544,-3.564971351,-3.503272486
20.5445,-3.564971351,-2.977781613
20.545,-3.564971351,-2.531114371
20.5455,-3.564971351,-2.151447215
20.546,-3.564971351,-1.828730133
20.5465,-3.564971351,-1.554420613
20.547,-3.564971351,-1.321257521
20.5475,-3.564971351,-1.123068893
20.548,-3.564971351,-0.954608559
20.5485,-3.568039313,-5.413359639
20.549,-3.568039313,-4.601355693
20.5495,-3.568039313,-3.911152339
20.55,-3.568039313,-3.324479488
20.5505,-3.568039313,-2.825807565
20.551,-3.568039313,-2.40193643
20.5515,-3.568039313,-2.041645966
20.552,-3.568039313,-1.735399071
20.5525,-3.571107274,-6.077031574
20.553,-3.571107274,-5.165476838
20.5535,-3.571107274,-4.390655312
20.554,-3.571107274,-3.732057015
20.5545,-3.571107274,-3.172248463
20.555,-3.571107274,-2.696411194
20.5555,-3.574175236,-6.893891878
20.556,-3.574175236,-5.859808096
20.5565,-3.574175236,-4.980836882
20.557,-3.574175236,-4.23371135
20.5575,-3.577243197,-8.200597011
20.558,-3.577243197,-6.970507459
20.5585,-3.577243197,-5.92493134
20.559,-3.577243197,-5.036191639
20.5595,-3.580311159,-8.882705257
20.56,-3.580311159,-7.550299469
20.5605,-3.580311159,-6.417754548
20.561,-3.580311159,-5.455091366
20.5615,-3.583379121,-9.238770025
20.562,-3.583379121,-7.852954521
20.5625,-3.583379121,-6.675011343
20.563,-3.586447082,-10.27570201
20.5635,-3.586447082,-8.734346704
20.564,-3.586447082,-7.424194699
20.5645,-3.589515044,-10.91250786
20.565,-3.589515044,-9.275631679
20.5655,-3.592583005,-12.48622929
20.566,-3.592583005,-10.6132949
20.5665,-3.592583005,-9.021300663
20.567,-3.595650967,-12.27004793
20.5675,-3.595650967,-10.42954074
20.568,-3.598718928,-13.46705199
20.5685,-3.598718928,-11.44699419
20.569,-3.60178689,-14.33188743
20.5695,-3.60178689,-12.18210431
20.57,-3.60178689,-10.35478867
20.5705,-3.604854852,-13.40351273
20.571,-3.604854852,-11.39298582
20.5715,-3.604854852,-9.684037947
20.572,-3.607922813,-12.83337462
20.5725,-3.607922813,-10.90836843
20.573,-3.607922813,-9.272113162
20.5735,-3.610990775,-12.48323855
20.574,-3.610990775,-10.61075277
20.5745,-3.610990775,-9.019139853
20.575,-3.614058736,-12.26821124
20.5755,-3.614058736,-10.42797955
20.576,-3.614058736,-8.86378262
20.5765,-3.614058736,-7.534215227
20.577,-3.617126698,-11.00602531
20.5775,-3.617126698,-9.355121511
20.578,-3.617126698,-7.951853284
20.5785,-3.617126698,-6.759075292
20.579,-3.617126698,-5.745213998
20.5795,-3.620194659,-9.485374262
20.58,-3.620194659,-8.062568123
20.5805,-3.620194659,-6.853182904
20.581,-3.620194659,-5.825205469
20.5815,-3.620194659,-4.951424648
20.582,-3.623262621,-8.810653315
20.5825,-3.623262621,-7.489055317
20.583,-3.623262621,-6.36569702
20.5835,-3.623262621,-5.410842467
20.584,-3.623262621,-4.599216097
20.5845,-3.623262621,-3.909333682
20.585,-3.626330583,-7.924875994
20.5855,-3.626330583,-6.736144595
20.586,-3.626330583,-5.725722905
20.5865,-3.626330583,-4.86686447
20.587,-3.626330583,-4.136834799
20.5875,-3.626330583,-3.516309579
20.588,-3.626330583,-2.988863142
20.5885,-3.629398544,-7.142476035
20.589,-3.629398544,-6.071104629
20.5895,-3.629398544,-5.160438935
20.59,-3.629398544,-4.386373095
20.5905,-3.629398544,-3.728417131
20.591,-3.629398544,-3.169154561
20.5915,-3.629398544,-2.693781377
20.592,-3.629398544,-2.28971417
20.5925,-3.632466506,-6.548199408
20.593,-3.632466506,-5.565969497
20.5935,-3.632466506,-4.731074073
20.594,-3.632466506,-4.021412962
20.5945,-3.632466506,-3.418201017
20.595,-3.632466506,-2.905470865
20.5955,-3.632466506,-2.469650235
20.596,-3.632466506,-2.0992027
20.5965,-3.632466506,-1.784322295
20.597,-3.635534467,-6.118616314
20.5975,-3.635534467,-5.200823867
20.598,-3.635534467,-4.420700287
20.5985,-3.635534467,-3.757595244
20.599,-3.635534467,-3.193955957
20.5995,-3.635534467,-2.714862564
20.6,-3.635534467,-2.307633179
20.6005,-3.638602429,-6.563430566
20.601,-3.638602429,-5.578915981
20.6015,-3.638602429,-4.742078584
20.602,-3.638602429,-4.030766796
20.6025,-3.638602429,-3.426151777
20.603,-3.638602429,-2.91222901
20.6035,-3.638602429,-2.475394659
20.604,-3.64167039,-6.706027824
20.6045,-3.64167039,-5.70012365
20.605,-3.64167039,-4.845105103
20.6055,-3.64167039,-4.118339337
20.606,-3.64167039,-3.500588437
20.6065,-3.64167039,-2.975500171
20.607,-3.64167039,-2.529175145
20.6075,-3.64167039,-2.149798874
20.608,-3.644738352,-6.429271406
20.6085,-3.644738352,-5.464880695
20.609,-3.644738352,-4.645148591
20.6095,-3.644738352,-3.948376302
20.61,-3.644738352,-3.356119857
20.6105,-3.644738352,-2.852701878
20.611,-3.647806314,-7.02673896
20.6115,-3.647806314,-5.972728116
20.612,-3.647806314,-5.076818899
20.6125,-3.647806314,-4.315296064
20.613,-3.647806314,-3.668001654
20.6135,-3.647806314,-3.117801406
20.614,-3.650874275,-7.252073559
20.6145,-3.650874275,-6.164262525
20.615,-3.650874275,-5.239623146
20.6155,-3.650874275,-4.453679674
20.616,-3.650874275,-3.785627723
20.6165,-3.650874275,-3.217783565
20.617,-3.653942237,-7.337058394
20.6175,-3.653942237,-6.236499635
20.618,-3.653942237,-5.301024689
20.6185,-3.653942237,-4.505870986
20.619,-3.653942237,-3.829990338
20.6195,-3.653942237,-3.255491787
20.62,-3.657010198,-7.369110383
20.6205,-3.657010198,-6.263743826
20.621,-3.657010198,-5.324182252
20.6215,-3.657010198,-4.525554914
20.622,-3.657010198,-3.846721677
20.6225,-3.66007816,-7.871655789
20.623,-3.66007816,-6.690907421
20.6235,-3.66007816,-5.687271308
20.624,-3.66007816,-4.834180611
20.6245,-3.66007816,-4.10905352
20.625,-3.663146121,-8.094637855
20.6255,-3.663146121,-6.880442177
20.626,-3.663146121,-5.848375851
20.6265,-3.663146121,-4.971119473
20.627,-3.663146121,-4.225451552
20.6275,-3.666214083,-8.193576183
20.628,-3.666214083,-6.964539755
20.6285,-3.666214083,-5.919858792
20.629,-3.666214083,-5.031879973
20.6295,-3.666214083,-4.277097977
20.63,-3.669282045,-8.237475644
20.6305,-3.669282045,-7.001854298
20.631,-3.669282045,-5.951576153
20.6315,-3.669282045,-5.05883973
20.632,-3.669282045,-4.300013771
20.6325,-3.672350006,-8.256954069
20.633,-3.672350006,-7.018410958
20.6335,-3.672350006,-5.965649315
20.634,-3.672350006,-5.070801917
20.6345,-3.672350006,-4.31018163
20.635,-3.675417968,-8.265596749
20.6355,-3.675417968,-7.025757237
20.636,-3.675417968,-5.971893651
20.6365,-3.675417968,-5.076109603
20.637,-3.675417968,-4.314693163
20.6375,-3.678485929,-8.269431552
20.638,-3.678485929,-7.029016819
20.6385,-3.678485929,-5.974664296
20.639,-3.678485929,-5.078464652
20.6395,-3.678485929,-4.316694954
20.64,-3.681553891,-8.271133075
20.6405,-3.681553891,-7.030463114
20.641,-3.681553891,-5.975893646
20.6415,-3.681553891,-5.0795096
20.642,-3.684621853,-8.919525523
20.6425,-3.684621853,-7.581596695
20.643,-3.684621853,-6.444357191
20.6435,-3.684621853,-5.477703612
20.644,-3.684621853,-4.65604807
20.6445,-3.684621853,-3.95764086
20.645,-3.687689814,-7.965937094
20.6455,-3.687689814,-6.77104653
20.646,-3.687689814,-5.755389551
20.6465,-3.687689814,-4.892081118
20.647,-3.687689814,-4.15826895
20.6475,-3.690757776,-8.136470971
20.648,-3.690757776,-6.916000326
20.6485,-3.690757776,-5.878600277
20.649,-3.690757776,-4.996810235
20.6495,-3.690757776,-4.2472887
20.65,-3.693825737,-8.212137759
20.6505,-3.693825737,-6.980317095
20.651,-3.693825737,-5.933269531
20.6515,-3.693825737,-5.043279101
20.652,-3.693825737,-4.286787236
20.6525,-3.696893699,-8.245711514
20.653,-3.696893699,-7.008854787
20.6535,-3.696893699,-5.957526569
20.654,-3.696893699,-5.063897584
20.6545,-3.696893699,-4.304312946
20.655,-3.69996166,-8.260608368
20.6555,-3.69996166,-7.021517113
20.656,-3.69996166,-5.968289546
20.6565,-3.69996166,-5.073046114
20.657,-3.69996166,-4.312089197
20.6575,-3.69996166,-3.665275817
20.658,-3.69996166,-3.115484445
20.6585,-3.703029622,-7.250104142
20.659,-3.703029622,-6.16258852
20.6595,-3.703029622,-5.238200242
20.66,-3.703029622,-4.452470206
20.6605,-3.703029622,-3.784599675
20.661,-3.706097584,-7.818852087
20.6615,-3.706097584,-6.646024274
20.662,-3.706097584,-5.649120633
20.6625,-3.706097584,-4.801752538
20.663,-3.706097584,-4.081489657
20.6635,-3.706097584,-3.469266209
20.664,-3.706097584,-2.948876278
20.6645,-3.709165545,-7.1084872
20.665,-3.709165545,-6.04221412
20.6655,-3.709165545,-5.135882002
20.666,-3.709165545,-4.365499701
20.6665,-3.709165545,-3.710674746
20.667,-3.709165545,-3.154073534
20.6675,-3.712233507,-7.282904868
20.668,-3.712233507,-6.190469138
20.6685,-3.712233507,-5.261898767
20.669,-3.712233507,-4.472613952
20.6695,-3.712233507,-3.801721859
20.67,-3.712233507,-3.23146358
20.6705,-3.715301468,-7.348686407
20.671,-3.715301468,-6.246383446
20.6715,-3.715301468,-5.309425929
20.672,-3.715301468,-4.51301204
20.6725,-3.715301468,-3.836060234
20.673,-3.71836943,-7.862593562
20.6735,-3.71836943,-6.683204528
20.674,-3.71836943,-5.680723849
20.6745,-3.71836943,-4.828615271
20.675,-3.71836943,-4.104322981
20.6755,-3.71836943,-3.488674534
20.676,-3.721437391,-7.567315717
20.6765,-3.721437391,-6.43221836
20.677,-3.721437391,-5.467385606
20.6775,-3.721437391,-4.647277765
20.678,-3.721437391,-3.9501861
20.6785,-3.724505353,-7.959600549
20.679,-3.724505353,-6.765660466
20.6795,-3.724505353,-5.750811396
20.68,-3.724505353,-4.888189687
20.6805,-3.724505353,-4.154961234
20.681,-3.727573315,-8.133659413
20.6815,-3.727573315,-6.913610501
20.682,-3.727573315,-5.876568926
20.6825,-3.727573315,-4.995083587
20.683,-3.730641276,-8.847763412
20.6835,-3.730641276,-7.520598901
20.684,-3.730641276,-6.392509065
20.6845,-3.730641276,-5.433632706
20.685,-3.730641276,-4.6185878
20.6855,-3.733709238,-8.527741993
20.686,-3.733709238,-7.248580694
20.6865,-3.733709238,-6.16129359
20.687,-3.733709238,-5.237099552
20.6875,-3.733709238,-4.451534619
20.688,-3.736777199,-8.38574679
20.6885,-3.736777199,-7.127884771
20.689,-3.736777199,-6.058702056
20.6895,-3.736777199,-5.149896747
20.69,-3.739845161,-8.979354599
20.6905,-3.739845161,-7.632451409
20.691,-3.739845161,-6.487583698
20.6915,-3.739845161,-5.514446143
20.692,-3.739845161,-4.687279222
20.6925,-3.742913122,-8.586129702
20.693,-3.742913122,-7.298210247
20.6935,-3.742913122,-6.20347871
20.694,-3.742913122,-5.272956903
20.6945,-3.742913122,-4.482013368
20.695,-3.745981084,-8.411653726
20.6955,-3.745981084,-7.149905667
20.696,-3.745981084,-6.077419817
20.6965,-3.745981084,-5.165806845
20.697,-3.749049046,-8.992878182
20.6975,-3.749049046,-7.643946454
20.698,-3.749049046,-6.497354486
20.6985,-3.749049046,-5.522751313
20.699,-3.749049046,-4.694338616
20.6995,-3.752117007,-8.592130187
20.7,-3.752117007,-7.303310659
20.7005,-3.752117007,-6.20781406
20.701,-3.752117007,-5.276641951
20.7015,-3.752117007,-4.485145659
20.702,-3.755184969,-8.414316174
20.7025,-3.755184969,-7.152168748
20.703,-3.755184969,-6.079343435
20.7035,-3.755184969,-5.16744192
20.704,-3.755184969,-4.392325632
20.7045,-3.75825293,-8.335419151
20.705,-3.75825293,-7.085106278
20.7055,-3.75825293,-6.022340337
20.706,-3.75825293,-5.118989286
20.7065,-3.761320892,-8.953083257
20.707,-3.761320892,-7.610120768
20.7075,-3.761320892,-6.468602653
20.708,-3.761320892,-5.498312255
20.7085,-3.761320892,-4.673565417
20.709,-3.764388853,-8.574472968
20.7095,-3.764388853,-7.288302023
20.71,-3.764388853,-6.195056719
20.7105,-3.764388853,-5.265798211
20.711,-3.764388853,-4.47592848
20.7115,-3.767456815,-8.406481571
20.712,-3.767456815,-7.145509336
20.7125,-3.767456815,-6.073682935
20.713,-3.767456815,-5.162630495
20.7135,-3.767456815,-4.388235921
20.714,-3.770524777,-8.331942896
20.7145,-3.770524777,-7.082151462
20.715,-3.770524777,-6.019828743
20.7155,-3.770524777,-5.116854431
20.716,-3.773592738,-8.95126863
20.7165,-3.773592738,-7.608578336
20.717,-3.773592738,-6.467291585
20.7175,-3.773592738,-5.497197848
20.718,-3.773592738,-4.67261817
20.7185,-3.7766607,-8.573667808
20.719,-3.7766607,-7.287617637
20.7195,-3.7766607,-6.194474992
20.72,-3.7766607,-5.265303743
20.7205,-3.7766607,-4.475508181
20.721,-3.779728661,-8.406124318
20.7215,-3.779728661,-7.14520567
20.722,-3.779728661,-6.07342482
20.7225,-3.779728661,-5.162411097
20.723,-3.779728661,-4.388049432
20.7235,-3.782796623,-8.331784381
20.724,-3.782796623,-7.082016724
20.7245,-3.782796623,-6.019714215
20.725,-3.782796623,-5.116757083
20.7255,-3.782796623,-4.349243521
20.726,-3.785864585,-8.298799356
20.7265,-3.785864585,-7.053979453
20.727,-3.785864585,-5.995882535
20.7275,-3.785864585,-5.096500155
20.728,-3.785864585,-4.332025131
20.7285,-3.788932546,-8.284163725
20.729,-3.788932546,-7.041539167
20.7295,-3.788932546,-5.985308292
20.73,-3.788932546,-5.087512048
20.7305,-3.792000508,-8.926327604
20.731,-3.792000508,-7.587378464
20.7315,-3.792000508,-6.449271694
20.732,-3.792000508,-5.48188094
20.7325,-3.792000508,-4.659598799
20.733,-3.792000508,-3.960658979
20.7335,-3.795068469,-7.968502496
20.734,-3.795068469,-6.773227122
20.7345,-3.795068469,-5.757243053
20.735,-3.795068469,-4.893656595
20.7355,-3.798136431,-8.76155047
20.736,-3.798136431,-7.447317899
20.7365,-3.798136431,-6.330220214
20.737,-3.798136431,-5.380687182
20.7375,-3.798136431,-4.573584105
20.738,-3.801204392,-8.489488853
20.7385,-3.801204392,-7.216065525
20.739,-3.801204392,-6.133655696
20.7395,-3.801204392,-5.213607342
20.74,-3.801204392,-4.43156624
20.7405,-3.804272354,-8.368773668
20.741,-3.804272354,-7.113457618
20.7415,-3.804272354,-6.046438975
20.742,-3.804272354,-5.139473129
20.7425,-3.804272354,-4.36855216
20.743,-3.807340316,-8.315211699
20.7435,-3.807340316,-7.067929944
20.744,-3.807340316,-6.007740453
20.7445,-3.807340316,-5.106579385
20.745,-3.807340316,-4.340592477
20.7455,-3.810408277,-8.291445969
20.746,-3.810408277,-7.047729074
20.7465,-3.810408277,-5.990569713
20.747,-3.810408277,-5.091984256
20.7475,-3.810408277,-4.328186617
20.748,-3.813476239,-8.280900988
20.7485,-3.813476239,-7.03876584
20.749,-3.813476239,-5.982950964
20.7495,-3.813476239,-5.08550832
20.75,-3.813476239,-4.322682072
20.7505,-3.8165442,-8.276222125
20.751,-3.8165442,-7.034788806
20.7515,-3.8165442,-5.979570485
20.752,-3.8165442,-5.082634912
20.7525,-3.8165442,-4.320239675
20.753,-3.819612162,-8.274146088
20.7535,-3.819612162,-7.033024175
20.754,-3.819612162,-5.978070548
20.7545,-3.819612162,-5.081359966
20.755,-3.819612162,-4.319155971
20.7555,-3.819612162,-3.671282576
20.756,-3.822680123,-7.722532553
20.7565,-3.822680123,-6.56415267
20.757,-3.822680123,-5.579529769
20.7575,-3.822680123,-4.742600304
20.758,-3.822680123,-4.031210258
20.7585,-3.822680123,-3.42652872
20.759,-3.825748085,-7.514491775
20.7595,-3.825748085,-6.387318009
20.76,-3.825748085,-5.429220308
20.7605,-3.825748085,-4.614837262
20.761,-3.825748085,-3.922611672
20.7615,-3.825748085,-3.334219921
20.762,-3.828816047,-7.436029297
20.7625,-3.828816047,-6.320624902
20.763,-3.828816047,-5.372531167
20.7635,-3.828816047,-4.566651492
20.764,-3.828816047,-3.881653768
20.7645,-3.828816047,-3.299405703
20.765,-3.828816047,-2.804494848
20.7655,-3.831884008,-6.985762984
20.766,-3.831884008,-5.937898536
20.7665,-3.831884008,-5.047213756
20.767,-3.831884008,-4.290131693
20.7675,-3.831884008,-3.646611939
20.768,-3.831884008,-3.099620148
20.7685,-3.831884008,-2.634677126
20.769,-3.83495197,-6.841417921
20.7695,-3.83495197,-5.815205232
20.77,-3.83495197,-4.942924448
20.7705,-3.83495197,-4.20148578
20.771,-3.83495197,-3.571262913
20.7715,-3.83495197,-3.035573476
20.772,-3.83495197,-2.580237455
20.7725,-3.838019931,-6.7951442
20.773,-3.838019931,-5.77587257
20.7735,-3.838019931,-4.909491685
20.774,-3.838019931,-4.173067932
20.7745,-3.838019931,-3.547107742
20.775,-3.838019931,-3.015041581
20.7755,-3.838019931,-2.562785344
20.776,-3.838019931,-2.178367542
20.7765,-3.841087893,-6.453554775
20.777,-3.841087893,-5.485521558
20.7775,-3.841087893,-4.662693325
20.778,-3.841087893,-3.963289326
20.7785,-3.841087893,-3.368795927
20.779,-3.841087893,-2.863476538
20.7795,-3.844155854,-7.035897421
20.78,-3.844155854,-5.980512808
20.7805,-3.844155854,-5.083435887
20.781,-3.844155854,-4.320920504
20.7815,-3.844155854,-3.672782428
20.782,-3.844155854,-3.121865064
20.7825,-3.844155854,-2.653585304
20.783,-3.844155854,-2.255547509
20.7835,-3.844155854,-1.917215382
20.784,-3.847223816,-6.231575439
20.7845,-3.847223816,-5.296839123
20.785,-3.847223816,-4.502313254
20.7855,-3.847223816,-3.826966266
20.786,-3.847223816,-3.252921326
20.7865,-3.847223816,-2.764983127
20.787,-3.847223816,-2.350235658
20.7875,-3.850291778,-6.599642673
20.788,-3.850291778,-5.609696272
20.7885,-3.850291778,-4.768241831
20.789,-3.850291778,-4.053005557
20.7895,-3.850291778,-3.445054723
20.79,-3.850291778,-2.928296515
20.7905,-3.850291778,-2.489052037
20.791,-3.853359739,-6.717636596
20.7915,-3.853359739,-5.709991106
20.792,-3.853359739,-4.85349244
20.7925,-3.853359739,-4.125468574
20.793,-3.853359739,-3.506648288
20.7935,-3.853359739,-2.980651045
20.794,-3.853359739,-2.533553388
20.7945,-3.853359739,-2.15352038
20.795,-3.856427701,-6.432434687
20.7955,-3.856427701,-5.467569484
20.796,-3.856427701,-4.647434061
20.7965,-3.856427701,-3.950318952
20.797,-3.856427701,-3.357771109
20.7975,-3.856427701,-2.854105443
20.798,-3.856427701,-2.425989626
20.7985,-3.859495662,-6.664033546
20.799,-3.859495662,-5.664428514
20.7995,-3.859495662,-4.814764237
20.8,-3.859495662,-4.092549601
20.8005,-3.859495662,-3.478667161
20.801,-3.859495662,-2.956867087
20.8015,-3.862563624,-7.115279388
20.802,-3.862563624,-6.04798748
20.8025,-3.862563624,-5.140789358
20.803,-3.862563624,-4.369670954
20.8035,-3.862563624,-3.714220311
20.804,-3.862563624,-3.157087264
20.8045,-3.865631585,-7.285466538
20.805,-3.865631585,-6.192646558
20.8055,-3.865631585,-5.263749574
20.806,-3.865631585,-4.474187138
20.8065,-3.865631585,-3.803059067
20.807,-3.868699547,-7.834542571
20.8075,-3.868699547,-6.659361185
20.808,-3.868699547,-5.660457007
20.8085,-3.868699547,-4.811388456
20.809,-3.868699547,-4.089680188
20.8095,-3.871767509,-8.078170523
20.81,-3.871767509,-6.866444945
20.8105,-3.871767509,-5.836478203
20.811,-3.871767509,-4.961006473
20.8115,-3.871767509,-4.216855502
20.812,-3.87483547,-8.18626954
20.8125,-3.87483547,-6.958329109
20.813,-3.87483547,-5.914579743
20.8135,-3.87483547,-5.027392781
20.814,-3.87483547,-4.273283864
20.8145,-3.87483547,-3.632291285
20.815,-3.877903432,-7.689389955
20.8155,-3.877903432,-6.535981462
20.816,-3.877903432,-5.555584243
20.8165,-3.877903432,-4.722246606
20.817,-3.877903432,-4.013909615
20.8175,-3.880971393,-8.013765537
20.818,-3.880971393,-6.811700706
20.8185,-3.880971393,-5.7899456
20.819,-3.880971393,-4.92145376
20.8195,-3.880971393,-4.183235696
20.82,-3.884039355,-8.157692705
20.8205,-3.884039355,-6.9340388
20.821,-3.884039355,-5.89393298
20.8215,-3.884039355,-5.009843033
20.822,-3.884039355,-4.258366578
20.8225,-3.884039355,-3.619611591
20.823,-3.887107317,-7.678612216
20.8235,-3.887107317,-6.526820384
20.824,-3.887107317,-5.547797326
20.8245,-3.887107317,-4.715627727
20.825,-3.887107317,-4.008283568
20.8255,-3.890175278,-8.008983397
20.826,-3.890175278,-6.807635887
20.8265,-3.890175278,-5.786490504
20.827,-3.890175278,-4.918516928
20.8275,-3.890175278,-4.180739389
20.828,-3.890175278,-3.553628481
20.8285,-3.89324324,-7.622526572
20.829,-3.89324324,-6.479147586
20.8295,-3.89324324,-5.507275449
20.83,-3.89324324,-4.681184131
20.8305,-3.89324324,-3.979006512
20.831,-3.89324324,-3.382155535
20.8315,-3.896311201,-7.476774568
20.832,-3.896311201,-6.355258383
20.8325,-3.896311201,-5.401969626
20.833,-3.896311201,-4.591674182
20.8335,-3.896311201,-3.902923054
20.834,-3.896311201,-3.317484596
20.8345,-3.896311201,-2.819861907
20.835,-3.899379163,-6.998824984
20.8355,-3.899379163,-5.949001237
20.836,-3.899379163,-5.056651051
20.8365,-3.899379163,-4.298153394
20.837,-3.899379163,-3.653430385
20.8375,-3.899379163,-3.105415827
20.838,-3.899379163,-2.639603453
20.8385,-3.902447124,-6.845605299
20.839,-3.902447124,-5.818764504
20.8395,-3.902447124,-4.945949828
20.84,-3.902447124,-4.204057354
20.8405,-3.902447124,-3.573448751
20.841,-3.902447124,-3.037431438
20.8415,-3.902447124,-2.581816723
20.842,-3.905515086,-6.796486578
20.8425,-3.905515086,-5.777013591
20.843,-3.905515086,-4.910461552
20.8435,-3.905515086,-4.17389232
20.844,-3.905515086,-3.547808472
20.8445,-3.905515086,-3.015637201
20.845,-3.905515086,-2.563291621
20.8455,-3.905515086,-2.178797878
20.846,-3.905515086,-1.851978196
20.8465,-3.905515086,-1.574181467
20.847,-3.908583048,-5.93999661
20.8475,-3.908583048,-5.048997119
20.848,-3.908583048,-4.291647551
20.8485,-3.908583048,-3.647900418
20.849,-3.908583048,-3.100715356
20.8495,-3.908583048,-2.635608052
20.85,-3.908583048,-2.240266844
20.8505,-3.908583048,-1.904226818
20.851,-3.908583048,-1.618592795
20.8515,-3.908583048,-1.375803876
20.852,-3.911651009,-5.771375658
20.8525,-3.911651009,-4.905669309
20.853,-3.911651009,-4.169818913
20.8535,-3.911651009,-3.544346076
20.854,-3.911651009,-3.012694165
20.8545,-3.911651009,-2.56079004
20.855,-3.911651009,-2.176671534
20.8555,-3.911651009,-1.850170804
20.856,-3.911651009,-1.572645183
20.8565,-3.911651009,-1.336748406
20.857,-3.914718971,-5.738178509
20.8575,-3.914718971,-4.877451732
20.858,-3.914718971,-4.145833972
20.8585,-3.914718971,-3.523958877
20.859,-3.914718971,-2.995365045
20.8595,-3.914718971,-2.546060288
20.86,-3.914718971,-2.164151245
20.8605,-3.914718971,-1.839528558
20.861,-3.914718971,-1.563599275
20.8615,-3.914718971,-1.329059383
20.862,-3.914718971,-1.129700476
20.8625,-3.914718971,-0.960245404
20.863,-3.917786932,-5.418150957
20.8635,-3.917786932,-4.605428314
20.864,-3.917786932,-3.914614067
20.8645,-3.917786932,-3.327421957
20.865,-3.917786932,-2.828308663
20.8655,-3.917786932,-2.404062364
20.866,-3.917786932,-2.043453009
20.8665,-3.917786932,-1.736935058
20.867,-3.917786932,-1.476394799
20.8675,-3.917786932,-1.254935579
20.868,-3.920854894,-5.668637606
20.8685,-3.920854894,-4.818341965
20.869,-3.920854894,-4.09559067
20.8695,-3.920854894,-3.48125207
20.87,-3.920854894,-2.959064259
20.8705,-3.920854894,-2.51520462
20.871,-3.920854894,-2.137923927
20.8715,-3.920854894,-1.817235338
20.872,-3.920854894,-1.544650038
20.8725,-3.923922855,-5.914894896
20.873,-3.923922855,-5.027660661
20.8735,-3.923922855,-4.273511562
20.874,-3.923922855,-3.632484828
20.8745,-3.923922855,-3.087612104
20.875,-3.923922855,-2.624470288
20.8755,-3.923922855,-2.230799745
20.876,-3.923922855,-1.896179783
20.8765,-3.923922855,-1.611752816
20.877,-3.926990817,-5.971932257
20.8775,-3.926990817,-5.076142418
20.878,-3.926990817,-4.314721056
20.8785,-3.926990817,-3.667512897
20.879,-3.926990817,-3.117385963
20.8795,-3.926990817,-2.649778068
20.88,-3.926990817,-2.252311358
20.8805,-3.930058779,-6.516407018
20.881,-3.930058779,-5.538945965
20.8815,-3.930058779,-4.708104071
20.882,-3.930058779,-4.00188846
20.8825,-3.930058779,-3.401605191
20.883,-3.930058779,-2.891364412
20.8835,-3.930058779,-2.45765975
20.884,-3.930058779,-2.089010788
20.8845,-3.930058779,-1.77565917
20.885,-3.93312674,-6.111252658
20.8855,-3.93312674,-5.194564759
20.886,-3.93312674,-4.415380045
20.8865,-3.93312674,-3.753073039
20.887,-3.93312674,-3.190112083
20.8875,-3.93312674,-2.71159527
20.888,-3.93312674,-2.30485598
20.8885,-3.93312674,-1.959127583
20.889,-3.936194702,-6.267200809
20.8895,-3.936194702,-5.327120688
20.89,-3.936194702,-4.528052585
20.8905,-3.936194702,-3.848844697
20.891,-3.936194702,-3.271517992
20.8915,-3.936194702,-2.780790293
20.892,-3.936194702,-2.363671749
20.8925,-3.936194702,-2.009120987
20.893,-3.939262663,-6.309695203
20.8935,-3.939262663,-5.363240922
20.894,-3.939262663,-4.558754784
20.8945,-3.939262663,-3.874941566
20.895,-3.939262663,-3.293700331
20.8955,-3.939262663,-2.799645282
20.896,-3.939262663,-2.379698489
20.8965,-3.942330625,-6.62468608
20.897,-3.942330625,-5.630983168
20.8975,-3.942330625,-4.786335693
20.898,-3.942330625,-4.068385339
20.8985,-3.942330625,-3.458127538
20.899,-3.942330625,-2.939408407
20.8995,-3.942330625,-2.498497146
20.9,-3.945398586,-6.725664938
20.9005,-3.945398586,-5.716815197
20.901,-3.945398586,-4.859292918
20.9015,-3.945398586,-4.13039898
20.902,-3.945398586,-3.510839133
20.9025,-3.945398586,-2.984213263
20.903,-3.948466548,-7.138523637
20.9035,-3.948466548,-6.067745092
20.904,-3.948466548,-5.157583328
20.9045,-3.948466548,-4.383945829
20.905,-3.948466548,-3.726353954
20.9055,-3.948466548,-3.167400861
20.906,-3.95153451,-7.294233096
20.9065,-3.95153451,-6.200098131
20.907,-3.95153451,-5.270083412
20.9075,-3.95153451,-4.4795709
20.908,-3.95153451,-3.807635265
20.9085,-3.95153451,-3.236489975
20.909,-3.95153451,-2.751016479
20.9095,-3.954602471,-6.940306371
20.91,-3.954602471,-5.899260415
20.9105,-3.954602471,-5.014371353
20.911,-3.954602471,-4.26221565
20.9115,-3.954602471,-3.622883302
20.912,-3.954602471,-3.079450807
20.9125,-3.957670433,-7.21947555
20.913,-3.957670433,-6.136554217
20.9135,-3.957670433,-5.216071085
20.914,-3.957670433,-4.433660422
20.9145,-3.957670433,-3.768611359
20.915,-3.957670433,-3.203319655
20.9155,-3.957670433,-2.722821707
20.916,-3.960738394,-6.916340814
20.9165,-3.960738394,-5.878889692
20.917,-3.960738394,-4.997056238
20.9175,-3.960738394,-4.247497803
20.918,-3.960738394,-3.610373132
20.9185,-3.960738394,-3.068817162
20.919,-3.960738394,-2.608494588
20.9195,-3.960738394,-2.2172204
20.92,-3.963806356,-6.486579703
20.9205,-3.963806356,-5.513592748
20.921,-3.963806356,-4.686553836
20.9215,-3.963806356,-3.98357076
20.922,-3.963806356,-3.386035146
20.9225,-3.963806356,-2.878129874
20.923,-3.963806356,-2.446410393
20.9235,-3.966874317,-6.681391198
20.924,-3.966874317,-5.679182518
20.9245,-3.966874317,-4.82730514
20.925,-3.966874317,-4.103209369
20.9255,-3.966874317,-3.487727964
20.926,-3.966874317,-2.964568769
20.9265,-3.966874317,-2.519883454
20.927,-3.969942279,-6.7438433
20.9275,-3.969942279,-5.732266805
20.928,-3.969942279,-4.872426784
20.9285,-3.969942279,-4.141562766
20.929,-3.969942279,-3.520328351
20.9295,-3.969942279,-2.992279099
20.93,-3.969942279,-2.543437234
20.9305,-3.969942279,-2.161921649
20.931,-3.969942279,-1.837633401
20.9315,-3.973010241,-6.163930755
20.932,-3.973010241,-5.239341142
20.9325,-3.973010241,-4.45343997
20.933,-3.973010241,-3.785423975
20.9335,-3.973010241,-3.217610379
20.934,-3.973010241,-2.734968822
20.9345,-3.973010241,-2.324723499
20.935,-3.973010241,-1.976014974
20.9355,-3.973010241,-1.679612728
20.936,-3.976078202,-6.029613182
20.9365,-3.976078202,-5.125171205
20.937,-3.976078202,-4.356395524
20.9375,-3.976078202,-3.702936196
20.938,-3.976078202,-3.147495766
20.9385,-3.976078202,-2.675371401
20.939,-3.976078202,-2.274065691
20.9395,-3.976078202,-1.932955837
20.94,-3.976078202,-1.643012462
20.9405,-3.976078202,-1.396560593
20.941,-3.979146164,-5.789018867
20.9415,-3.979146164,-4.920666037
20.942,-3.979146164,-4.182566132
20.9425,-3.979146164,-3.555181212
20.943,-3.979146164,-3.02190403
20.9435,-3.979146164,-2.568618426
20.944,-3.979146164,-2.183325662
20.9445,-3.979146164,-1.855826812
20.945,-3.979146164,-1.577452791
20.9455,-3.979146164,-1.340834872
20.946,-3.979146164,-1.139709641
20.9465,-3.979146164,-0.968753195
20.947,-3.982214125,-5.425382579
20.9475,-3.982214125,-4.611575193
20.948,-3.982214125,-3.919838914
20.9485,-3.982214125,-3.331863077
20.949,-3.982214125,-2.832083615
20.9495,-3.982214125,-2.407271073
20.95,-3.982214125,-2.046180412
20.9505,-3.982214125,-1.73925335
20.951,-3.982214125,-1.478365348
20.9515,-3.982214125,-1.256610545
20.952,-3.982214125,-1.068118964
20.9525,-3.982214125,-0.907901119
20.953,-3.982214125,-0.771715951
20.9535,-3.985282087,-5.257900922
20.954,-3.985282087,-4.469215784
20.9545,-3.985282087,-3.798833416
20.955,-3.985282087,-3.229008404
20.9555,-3.985282087,-2.744657143
20.956,-3.985282087,-2.332958572
20.9565,-3.985282087,-1.983014786
20.957,-3.985282087,-1.685562568
20.9575,-3.985282087,-1.432728183
20.958,-3.985282087,-1.217818955
20.9585,-3.985282087,-1.035146112
20.959,-3.985282087,-0.879874195
20.9595,-3.985282087,-0.747893066
20.96,-3.985282087,-0.635709106
20.9605,-3.988350049,-5.142295104
20.961,-3.988350049,-4.370950838
20.9615,-3.988350049,-3.715308213
20.962,-3.988350049,-3.158011981
20.9625,-3.988350049,-2.684310184
20.963,-3.988350049,-2.281663656
20.9635,-3.988350049,-1.939414108
20.964,-3.988350049,-1.648501991
20.9645,-3.988350049,-1.401226693
20.965,-3.988350049,-1.191042689
20.9655,-3.988350049,-1.012386286
20.966,-3.988350049,-0.860528343
20.9665,-3.99141801,-5.333391455
20.967,-3.99141801,-4.533382737
20.9675,-3.99141801,-3.853375326
20.968,-3.99141801,-3.275369027
20.9685,-3.99141801,-2.784063673
20.969,-3.99141801,-2.366454122
20.9695,-3.99141801,-2.011486004
20.97,-3.99141801,-1.709763103
20.9705,-3.99141801,-1.453298638
20.971,-3.99141801,-1.235303842
20.9715,-3.99141801,-1.050008266
20.972,-3.99141801,-0.892507026
20.9725,-3.994485972,-5.360573336
20.973,-3.994485972,-4.556487335
20.9735,-3.994485972,-3.873014235
20.974,-3.994485972,-3.2920621
20.9745,-3.994485972,-2.798252785
20.975,-3.994485972,-2.378514867
20.9755,-3.994485972,-2.021737637
20.976,-3.994485972,-1.718476991
20.9765,-3.994485972,-1.460705443
20.977,-3.994485972,-1.241599626
20.9775,-3.994485972,-1.055359682
20.978,-3.994485972,-0.89705573
20.9785,-3.997553933,-5.364439734
20.979,-3.997553933,-4.559773774
20.9795,-3.997553933,-3.875807708
20.98,-3.997553933,-3.294436552
20.9805,-3.997553933,-2.800271069
20.981,-3.997553933,-2.380230409
20.9815,-3.997553933,-2.023195847
20.982,-3.997553933,-1.71971647
20.9825,-3.997553933,-1.461759
20.983,-3.997553933,-1.24249515
20.9835,-3.997553933,-1.056120877
20.984,-3.997553933,-0.897702746
20.9845,-3.997553933,-0.763047334
20.985,-3.997553933,-0.648590234
20.9855,-4.000621895,-5.153244062
20.986,-4.000621895,-4.380257453
20.9865,-4.000621895,-3.723218835
20.987,-4.000621895,-3.16473601
20.9875,-4.000621895,-2.690025608
20.988,-4.000621895,-2.286521767
20.9885,-4.000621895,-1.943543502
20.989,-4.000621895,-1.652011977
20.9895,-4.000621895,-1.40421018
20.99,-4.000621895,-1.193578653
20.9905,-4.000621895,-1.014541855
20.991,-4.000621895,-0.862360577
20.9915,-4.000621895,-0.73300649
20.992,-4.003689856,-5.22499788
20.9925,-4.003689856,-4.441248198
20.993,-4.003689856,-3.775060969
20.9935,-4.003689856,-3.208801823
20.994,-4.003689856,-2.72748155
20.9945,-4.003689856,-2.318359317
20.995,-4.003689856,-1.97060542
20.9955,-4.003689856,-1.675014607
20.996,-4.003689856,-1.423762416
20.9965,-4.003689856,-1.210198053
20.997,-4.003689856,-1.028668345
20.9975,-4.003689856,-0.874368094
20.998,-4.003689856,-0.74321288
20.9985,-4.003689856,-0.631730948
20.999,-4.003689856,-0.536971305
20.9995,-4.003689856,-0.45642561
21,-4.003689856,-0.387961768
21.0005,-4.003689856,-0.329767503
21.001,-4.003689856,-0.280302378
21.0015,-4.003689856,-0.238257021
21.002,-4.003689856,-0.202518468
21.0025,-4.003689856,-0.172140698
21.003,-4.006757818,-4.748261957
21.0035,-4.006757818,-4.036022663
21.004,-4.006757818,-3.430619264
21.0045,-4.006757818,-2.916026374
21.005,-4.006757818,-2.478622418
21.0055,-4.006757818,-2.106829055
21.006,-4.006757818,-1.790804697
21.0065,-4.006757818,-1.522183992
21.007,-4.006757818,-1.293856394
21.0075,-4.006757818,-1.099777935
21.008,-4.006757818,-0.934811244
21.0085,-4.006757818,-0.794589558
21.009,-4.006757818,-0.675401124
21.0095,-4.006757818,-0.574090955
21.01,-4.006757818,-0.487977312
21.0105,-4.006757818,-0.414780715
21.011,-4.006757818,-0.352563608
21.0115,-4.006757818,-0.299679067
21.012,-4.006757818,-0.254727207
21.0125,-4.006757818,-0.216518126
21.013,-4.006757818,-0.184040407
21.0135,-4.006757818,-0.156434346
21.014,-4.006757818,-0.132969194
21.0145,-4.006757818,-0.113023815
21.015,-4.006757818,-0.096070243
21.0155,-4.006757818,-0.081659706
21.016,-4.006757818,-0.06941075
21.0165,-4.006757818,-0.058999138
21.017,-4.006757818,-0.050149267
21.0175,-4.006757818,-0.042626877
21.018,-4.006757818,-0.036232845
21.0185,-4.006757818,-0.030797919
21.019,-4.006757818,-0.026178231
21.0195,-4.006757818,-0.022251496
21.02,-4.006757818,-0.018913772
21.0205,-4.006757818,-0.016076706
21.021,-4.006757818,-0.0136652
21.0215,-4.006757818,-0.01161542
21.022,-4.006757818,-0.009873107
21.0225,-4.006757818,-0.008392141
21.023,-4.006757818,-0.00713332
21.0235,-4.006757818,-0.006063322
21.024,-4.006757818,-0.005153824
21.0245,-4.006757818,-0.00438075
21.025,-4.006757818,-0.003723638
21.0255,-4.006757818,-0.003165092
21.026,-4.006757818,-0.002690328
21.0265,-4.006757818,-0.002286779
21.027,-4.006757818,-0.001943762
21.0275,-4.006757818,-0.001652198
21.028,-4.006757818,-0.001404368
21.0285,-4.006757818,-0.001193713
21.029,-4.006757818,-0.001014656
21.0295,-4.006757818,-0.000862458
21.03,-4.006757818,-0.000733089
21.0305,-4.006757818,-0.000623126
21.031,-4.006757818,-0.000529657
21.0315,-4.006757818,-0.000450208
21.032,-4.006757818,-0.000382677
21.0325,-4.006757818,-0.000325275
21.033,-4.006757818,-0.000276484
21.0335,-4.006757818,-0.000235012
21.034,-4.006757818,-0.00019976
21.0345,-4.006757818,-0.000169796
21.035,-4.006757818,-0.000144326
21.0355,-4.006757818,-0.000122677
21.036,-4.006757818,-0.000104276
21.0365,-4.006757818,-8.86345E-05
21.037,-4.006757818,-7.53393E-05
21.0375,-4.006757818,-6.40384E-05
21.038,-4.006757818,-5.44326E-05
21.0385,-4.006757818,-4.62678E-05
21.039,-4.006757818,-3.93276E-05
21.0395,-4.006757818,-3.34285E-05
21.04,-4.006757818,-2.84142E-05
21.0405,-4.006757818,-2.41521E-05
21.041,-4.006757818,-2.05292E-05
21.0415,-4.006757818,-1.74499E-05
21.042,-4.006757818,-1.48324E-05
21.0425,-4.006757818,-1.26075E-05
21.043,-4.006757818,-1.07164E-05
21.0435,-4.006757818,-9.10894E-06
21.044,-4.006757818,-7.7426E-06
21.0445,-4.006757818,-6.58121E-06
21.045,-4.006757818,-5.59403E-06
21.0455,-4.006757818,-4.75492E-06
21.046,-4.006757818,-4.04168E-06
21.0465,-4.006757818,-3.43543E-06
21.047,-4.006757818,-2.92012E-06
21.0475,-4.006757818,-2.4821E-06
21.048,-4.006757818,-2.10978E-06
21.0485,-4.006757818,-1.79332E-06
21.049,-4.006757818,-1.52432E-06
21.0495,-4.006757818,-1.29567E-06
21.05,-4.006757818,-1.10132E-06
21.0505,-4.006757818,-9.36122E-07
21.051,-4.006757818,-7.95704E-07
21.0515,-4.006757818,-6.76348E-07
21.052,-4.006757818,-5.74896E-07
21.0525,-4.006757818,-4.88662E-07
21.053,-4.006757818,-4.15362E-07
21.0535,-4.006757818,-3.53058E-07
21.054,-4.006757818,-3.00099E-07
21.0545,-4.006757818,-2.55084E-07
21.055,-4.006757818,-2.16822E-07
21.0555,-4.006757818,-1.84299E-07
21.056,-4.006757818,-1.56654E-07
21.0565,-4.006757818,-1.33156E-07
21.057,-4.006757818,-1.13182E-07
21.0575,-4.006757818,-9.6205E-08
21.058,-4.006757818,-8.17742E-08
21.0585,-4.003689856,4.601942294
21.059,-4.003689856,3.91165095
21.0595,-4.003689856,3.324903308
21.06,-4.003689856,2.826167811
21.0605,-4.003689856,2.40224264
21.061,-4.003689856,2.041906244
21.0615,-4.003689856,1.735620307
21.062,-4.003689856,1.475277261
21.0625,-4.003689856,1.253985672
21.063,-4.003689856,1.065887821
21.0635,-4.003689856,0.906004648
21.064,-4.003689856,0.770103951
21.0645,-4.003689856,0.654588358
21.065,-4.003689856,0.556400104
21.0655,-4.003689856,0.472940089
21.066,-4.003689856,0.401999075
21.0665,-4.003689856,0.341699214
21.067,-4.003689856,0.290444332
21.0675,-4.003689856,0.246877682
21.068,-4.003689856,0.20984603
21.0685,-4.003689856,0.178369125
21.069,-4.003689856,0.151613757
21.0695,-4.003689856,0.128871693
21.07,-4.003689856,0.109540939
21.0705,-4.003689856,0.093109798
21.071,-4.003689856,0.079143329
21.0715,-4.003689856,0.067271829
21.072,-4.003689856,0.057181055
21.0725,-4.003689856,0.048603897
21.073,-4.003689856,0.041313312
21.0735,-4.003689856,0.035116315
21.074,-4.003689856,0.029848868
21.0745,-4.003689856,0.025371538
21.075,-4.003689856,0.021565807
21.0755,-4.003689856,0.018330936
21.076,-4.000621895,4.617523659
21.0765,-4.000621895,3.92489511
21.077,-4.000621895,3.336160844
21.0775,-4.000621895,2.835736717
21.078,-4.000621895,2.41037621
21.0785,-4.000621895,2.048819778
21.079,-4.000621895,1.741496811
21.0795,-4.000621895,1.48027229
21.08,-4.000621895,1.258231446
21.0805,-4.000621895,1.069496729
21.081,-4.000621895,0.90907222
21.0815,-4.000621895,0.772711387
21.082,-4.000621895,0.656804679
21.0825,-4.000621895,0.558283977
21.083,-4.000621895,0.474541381
21.0835,-4.000621895,0.403360173
21.084,-4.000621895,0.342856147
21.0845,-4.000621895,0.291427725
21.085,-4.000621895,0.247713567
21.0855,-4.000621895,0.210556532
21.086,-4.000621895,0.178973052
21.0865,-4.000621895,0.152127094
21.087,-4.000621895,0.12930803
21.0875,-4.000621895,0.109911825
21.088,-3.997553933,4.695367415
21.0885,-3.997553933,3.991062303
21.089,-3.997553933,3.392402958
21.0895,-3.997553933,2.883542514
21.09,-3.997553933,2.451011137
21.0905,-3.997553933,2.083359466
21.091,-3.997553933,1.770855546
21.0915,-3.997553933,1.505227214
21.092,-3.997553933,1.279443132
21.0925,-3.997553933,1.087526662
21.093,-3.997553933,0.924397663
21.0935,-3.997553933,0.785738014
21.094,-3.997553933,0.667877312
21.0945,-3.997553933,0.567695715
21.095,-3.997553933,0.482541358
21.0955,-3.997553933,0.410160154
21.096,-3.997553933,0.348636131
21.0965,-3.997553933,0.296340711
21.097,-3.997553933,0.251889605
21.0975,-3.997553933,0.214106164
21.098,-3.997553933,0.181990239
21.0985,-3.994485972,4.756634067
21.099,-3.994485972,4.043138957
21.0995,-3.994485972,3.436668113
21.1,-3.994485972,2.921167896
21.1005,-3.994485972,2.482992712
21.101,-3.994485972,2.110543805
21.1015,-3.994485972,1.793962234
21.102,-3.994485972,1.524867899
21.1025,-3.994485972,1.296137714
21.103,-3.994485972,1.101717057
21.1035,-3.994485972,0.936459499
21.104,-3.994485972,0.795990574
21.1045,-3.994485972,0.676591988
21.105,-3.994485972,0.57510319
21.1055,-3.994485972,0.488837711
21.106,-3.994485972,0.415512054
21.1065,-3.994485972,0.353185246
21.107,-3.994485972,0.300207459
21.1075,-3.994485972,0.25517634
21.108,-3.994485972,0.216899889
21.1085,-3.994485972,0.184364906
21.109,-3.994485972,0.15671017
21.1095,-3.994485972,0.133203645
21.11,-3.994485972,0.113223098
21.1105,-3.994485972,0.096239633
21.111,-3.994485972,0.081803688
21.1115,-3.994485972,0.069533135
21.112,-3.99141801,4.661045528
21.1125,-3.99141801,3.961888699
21.113,-3.99141801,3.367605394
21.1135,-3.99141801,2.862464585
21.114,-3.99141801,2.433094897
21.1145,-3.99141801,2.068130663
21.115,-3.99141801,1.757911063
21.1155,-3.99141801,1.494224404
21.116,-3.99141801,1.270090743
21.1165,-3.99141801,1.079577132
21.117,-3.99141801,0.917640562
21.1175,-3.99141801,0.779994478
21.118,-3.99141801,0.662995306
21.1185,-3.99141801,0.56354601
21.119,-3.99141801,0.479014109
21.1195,-3.99141801,0.407161992
21.12,-3.99141801,0.346087693
21.1205,-3.988350049,4.896116903
21.121,-3.988350049,4.161699368
21.1215,-3.988350049,3.537444463
21.122,-3.988350049,3.006827793
21.1225,-3.988350049,2.555803624
21.123,-3.988350049,2.172433081
21.1235,-3.988350049,1.846568118
21.124,-3.988350049,1.569582901
21.1245,-3.988350049,1.334145466
21.125,-3.988350049,1.134023646
21.1255,-3.988350049,0.963920099
21.126,-3.988350049,0.819332084
21.1265,-3.988350049,0.696432271
21.127,-3.988350049,0.591967431
21.1275,-3.985282087,5.10511468
21.128,-3.985282087,4.339347478
21.1285,-3.985282087,3.688445356
21.129,-3.985282087,3.135178553
21.1295,-3.985282087,2.66490177
21.13,-3.985282087,2.265166504
21.1305,-3.985282087,1.925391529
21.131,-3.985282087,1.636582799
21.1315,-3.985282087,1.391095379
21.132,-3.985282087,1.182431073
21.1325,-3.985282087,1.005066412
21.133,-3.985282087,0.85430645
21.1335,-3.985282087,0.726160482
21.134,-3.985282087,0.61723641
21.1345,-3.985282087,0.524650949
21.135,-3.982214125,5.04789567
21.1355,-3.982214125,4.290711319
21.136,-3.982214125,3.647104622
21.1365,-3.982214125,3.100038928
21.137,-3.982214125,2.635033089
21.1375,-3.982214125,2.239778126
21.138,-3.982214125,1.903811407
21.1385,-3.982214125,1.618239696
21.139,-3.982214125,1.375503741
21.1395,-3.982214125,1.16917818
21.14,-3.982214125,0.993801453
21.1405,-3.982214125,0.844731235
21.141,-3.982214125,0.71802155
21.1415,-3.979146164,5.212260681
21.142,-3.979146164,4.430421579
21.1425,-3.979146164,3.765858342
21.143,-3.979146164,3.200979591
21.1435,-3.979146164,2.720832652
21.144,-3.979146164,2.312707754
21.1445,-3.979146164,1.965801591
21.145,-3.979146164,1.670931353
21.1455,-3.979146164,1.42029165
21.146,-3.979146164,1.207247902
21.1465,-3.979146164,1.026160717
21.147,-3.979146164,0.872236609
21.1475,-3.979146164,0.741401118
21.148,-3.979146164,0.63019095
21.1485,-3.979146164,0.535662308
21.149,-3.979146164,0.455312962
21.1495,-3.979146164,0.387016017
21.15,-3.979146164,0.328963615
21.1505,-3.979146164,0.279619073
21.151,-3.979146164,0.237676212
21.1515,-3.979146164,0.20202478
21.152,-3.979146164,0.171721063
21.1525,-3.979146164,0.145962903
21.153,-3.979146164,0.124068468
21.1535,-3.979146164,0.105458198
21.154,-3.976078202,4.691581832
21.1545,-3.976078202,3.987844557
21.155,-3.976078202,3.389667873
21.1555,-3.976078202,2.881217692
21.156,-3.976078202,2.449035039
21.1565,-3.976078202,2.081679783
21.157,-3.976078202,1.769427815
21.1575,-3.976078202,1.504013643
21.158,-3.976078202,1.278411597
21.1585,-3.976078202,1.086649857
21.159,-3.976078202,0.923652379
21.1595,-3.976078202,0.785104522
21.16,-3.976078202,0.667338843
21.1605,-3.976078202,0.567238017
21.161,-3.976078202,0.482152314
21.1615,-3.976078202,0.409829467
21.162,-3.976078202,0.348355047
21.1625,-3.976078202,0.29610179
21.163,-3.976078202,0.251686522
21.1635,-3.976078202,0.213933543
21.164,-3.976078202,0.181843512
21.1645,-3.976078202,0.154566985
21.165,-3.976078202,0.131381937
21.1655,-3.976078202,0.111674647
21.166,-3.976078202,0.09492345
21.1665,-3.976078202,0.080684932
21.167,-3.976078202,0.068582192
21.1675,-3.976078202,0.058294864
21.168,-3.976078202,0.049550634
21.1685,-3.976078202,0.042118039
21.169,-3.976078202,0.035800333
21.1695,-3.976078202,0.030430283
21.17,-3.976078202,0.025865741
21.1705,-3.976078202,0.02198588
21.171,-3.976078202,0.018687998
21.1715,-3.976078202,0.015884798
21.172,-3.976078202,0.013502078
21.1725,-3.976078202,0.011476767
21.173,-3.976078202,0.009755252
21.1735,-3.976078202,0.008291964
21.174,-3.976078202,0.007048169
21.1745,-3.976078202,0.005990944
21.175,-3.976078202,0.005092302
21.1755,-3.976078202,0.004328457
21.176,-3.976078202,0.003679188
21.1765,-3.976078202,0.00312731
21.177,-3.976078202,0.002658214
21.1775,-3.976078202,0.002259482
21.178,-3.976078202,0.001920559
21.1785,-3.976078202,0.001632475
21.179,-3.976078202,0.001387604
21.1795,-3.976078202,0.001179464
21.18,-3.976078202,0.001002544
21.1805,-3.976078202,0.000852162
21.181,-3.976078202,0.000724338
21.1815,-3.976078202,0.000615687
21.182,-3.976078202,0.000523334
21.1825,-3.976078202,0.000444834
21.183,-3.976078202,0.000378109
21.1835,-3.976078202,0.000321393
21.184,-3.976078202,0.000273184
21.1845,-3.976078202,0.000232206
21.185,-3.976078202,0.000197375
21.1855,-3.976078202,0.000167769
21.186,-3.976078202,0.000142604
21.1865,-3.976078202,0.000121213
21.187,-3.976078202,0.000103031
21.1875,-3.976078202,8.75764E-05
21.188,-3.976078202,7.444E-05
21.1885,-3.976078202,6.3274E-05
21.189,-3.976078202,5.37829E-05
21.1895,-3.976078202,4.57155E-05
21.19,-3.976078202,3.88581E-05
21.1905,-3.976078202,3.30294E-05
21.191,-3.976078202,2.8075E-05
21.1915,-3.976078202,2.38638E-05
21.192,-3.976078202,2.02842E-05
21.1925,-3.976078202,1.72416E-05
21.193,-3.976078202,1.46553E-05
21.1935,-3.976078202,1.2457E-05
21.194,-3.976078202,1.05885E-05
21.1945,-3.976078202,9.0002E-06
21.195,-3.976078202,7.65017E-06
21.1955,-3.976078202,6.50265E-06
21.196,-3.976078202,5.52725E-06
21.1965,-3.976078202,4.69816E-06
21.197,-3.976078202,3.99344E-06
21.1975,-3.976078202,3.39442E-06
21.198,-3.976078202,2.88526E-06
21.1985,-3.976078202,2.45247E-06
21.199,-3.976078202,2.0846E-06
21.1995,-3.976078202,1.77191E-06
21.2,-3.976078202,1.50612E-06
21.2005,-3.976078202,1.2802E-06
21.201,-3.976078202,1.08817E-06
21.2015,-3.976078202,9.24948E-07
21.202,-3.976078202,7.86206E-07
21.2025,-3.976078202,6.68275E-07
21.203,-3.976078202,5.68034E-07
21.2035,-3.976078202,4.82829E-07
21.204,-3.976078202,4.10404E-07
21.2045,-3.976078202,3.48844E-07
21.205,-3.976078202,2.96517E-07
21.2055,-3.976078202,2.5204E-07
21.206,-3.976078202,2.14234E-07
21.2065,-3.976078202,1.82099E-07
21.207,-3.976078202,1.54784E-07
21.2075,-3.976078202,1.31566E-07
21.208,-3.976078202,1.11831E-07
21.2085,-3.976078202,9.50566E-08
21.209,-3.976078202,8.07981E-08
21.2095,-3.976078202,6.86784E-08
21.21,-3.976078202,5.83766E-08
21.2105,-3.976078202,4.96201E-08
21.211,-3.976078202,4.21771E-08
21.2115,-3.976078202,3.58505E-08
21.212,-3.976078202,3.0473E-08
21.2125,-3.976078202,2.5902E-08
21.213,-3.976078202,2.20167E-08
21.2135,-3.976078202,1.87142E-08
21.214,-3.976078202,1.59071E-08
21.2145,-3.976078202,1.3521E-08
21.215,-3.976078202,1.14929E-08
21.2155,-3.976078202,9.76893E-09
21.216,-3.976078202,8.30359E-09
21.2165,-3.976078202,7.05805E-09
21.217,-3.976078202,5.99935E-09
21.2175,-3.976078202,5.09944E-09
21.218,-3.976078202,4.33453E-09
21.2185,-3.976078202,3.68435E-09
21.219,-3.976078202,3.1317E-09
21.2195,-3.976078202,2.66194E-09
21.22,-3.976078202,2.26265E-09
21.2205,-3.976078202,1.92325E-09
21.221,-3.976078202,1.63477E-09
21.2215,-3.976078202,1.38955E-09
21.222,-3.976078202,1.18112E-09
21.2225,-3.976078202,1.00395E-09
21.223,-3.976078202,8.53358E-10
21.2235,-3.976078202,7.25354E-10
21.224,-3.976078202,6.16551E-10
21.2245,-3.976078202,5.24068E-10
21.225,-3.976078202,4.45458E-10
21.2255,-3.976078202,3.78639E-10
21.226,-3.976078202,3.21843E-10
21.2265,-3.976078202,2.73567E-10
21.227,-3.976078202,2.32532E-10
21.2275,-3.976078202,1.97652E-10
21.228,-3.976078202,1.68004E-10
21.2285,-3.976078202,1.42804E-10
21.229,-3.976078202,1.21383E-10
21.2295,-3.976078202,1.03176E-10
21.23,-3.976078202,8.76993E-11
21.2305,-3.973010241,4.601942364
21.231,-3.973010241,3.911651009
21.2315,-3.973010241,3.324903358
21.232,-3.973010241,2.826167854
21.2325,-3.973010241,2.402242676
21.233,-3.973010241,2.041906275
21.2335,-3.973010241,1.735620333
21.234,-3.973010241,1.475277283
21.2345,-3.973010241,1.253985691
21.235,-3.973010241,1.065887837
21.2355,-3.973010241,0.906004662
21.236,-3.973010241,0.770103962
21.2365,-3.973010241,0.654588368
21.237,-3.969942279,5.158342477
21.2375,-3.969942279,4.384591105
21.238,-3.969942279,3.726902439
21.2385,-3.969942279,3.167867073
21.239,-3.969942279,2.692687012
21.2395,-3.969942279,2.288783961
21.24,-3.969942279,1.945466366
21.2405,-3.969942279,1.653646411
21.241,-3.966874317,6.007541813
21.2415,-3.966874317,5.106410541
21.242,-3.966874317,4.34044896
21.2425,-3.966874317,3.689381616
21.243,-3.966874317,3.135974374
21.2435,-3.966874317,2.665578218
21.244,-3.966874317,2.265741485
21.2445,-3.963806356,6.527822626
21.245,-3.963806356,5.548649232
21.2455,-3.963806356,4.716351847
21.246,-3.963806356,4.00889907
21.2465,-3.963806356,3.40756421
21.247,-3.960738394,7.498371942
21.2475,-3.960738394,6.373616151
21.248,-3.960738394,5.417573728
21.2485,-3.960738394,4.604937669
21.249,-3.960738394,3.914197018
21.2495,-3.957670433,7.929009829
21.25,-3.957670433,6.739658355
21.2505,-3.957670433,5.728709602
21.251,-3.957670433,4.869403161
21.2515,-3.957670433,4.138992687
21.252,-3.957670433,3.518143784
21.2525,-3.954602471,7.59236458
21.253,-3.954602471,6.453509893
21.2535,-3.954602471,5.485483409
21.254,-3.954602471,4.662660898
21.2545,-3.954602471,3.963261763
21.255,-3.954602471,3.368772499
21.2555,-3.954602471,2.863456624
21.256,-3.954602471,2.43393813
21.2565,-3.954602471,2.068847411
21.257,-3.954602471,1.758520299
21.2575,-3.95153451,6.096684618
21.258,-3.95153451,5.182181925
21.2585,-3.95153451,4.404854636
21.259,-3.95153451,3.744126441
21.2595,-3.95153451,3.182507475
21.26,-3.95153451,2.705131354
21.2605,-3.95153451,2.299361651
21.261,-3.95153451,1.954457403
21.2615,-3.95153451,1.661288793
21.262,-3.95153451,1.412095474
21.2625,-3.95153451,1.200281153
21.263,-3.95153451,1.02023898
21.2635,-3.95153451,0.867203133
21.264,-3.95153451,0.737122663
21.2645,-3.95153451,0.626554263
21.265,-3.95153451,0.532571124
21.2655,-3.95153451,0.452685455
21.266,-3.95153451,0.384782637
21.2665,-3.95153451,0.327065241
21.267,-3.95153451,0.278005455
21.2675,-3.95153451,0.236304637
21.268,-3.95153451,0.200858941
21.2685,-3.95153451,0.1707301
21.269,-3.95153451,0.145120585
21.2695,-3.95153451,0.123352497
21.27,-3.95153451,0.104849623
21.2705,-3.95153451,0.089122179
21.271,-3.95153451,0.075753852
21.2715,-3.95153451,0.064390775
21.272,-3.95153451,0.054732158
21.2725,-3.95153451,0.046522335
21.273,-3.95153451,0.039543984
21.2735,-3.95153451,0.033612387
21.274,-3.95153451,0.028570529
21.2745,-3.95153451,0.024284949
21.275,-3.95153451,0.020642207
21.2755,-3.95153451,0.017545876
21.276,-3.95153451,0.014913995
21.2765,-3.95153451,0.012676895
21.277,-3.95153451,0.010775361
21.2775,-3.95153451,0.009159057
21.278,-3.95153451,0.007785198
21.2785,-3.95153451,0.006617419
21.279,-3.95153451,0.005624806
21.2795,-3.95153451,0.004781085
21.28,-3.95153451,0.004063922
21.2805,-3.95153451,0.003454334
21.281,-3.95153451,0.002936184
21.2815,-3.95153451,0.002495756
21.282,-3.95153451,0.002121393
21.2825,-3.95153451,0.001803184
21.283,-3.95153451,0.001532706
21.2835,-3.95153451,0.0013028
21.284,-3.95153451,0.00110738
21.2845,-3.95153451,0.000941273
21.285,-3.95153451,0.000800082
21.2855,-3.95153451,0.00068007
21.286,-3.95153451,0.000578059
21.2865,-3.95153451,0.000491351
21.287,-3.95153451,0.000417648
21.2875,-3.95153451,0.000355001
21.288,-3.95153451,0.000301751
21.2885,-3.95153451,0.000256488
21.289,-3.95153451,0.000218015
21.2895,-3.95153451,0.000185313
21.29,-3.95153451,0.000157516
21.2905,-3.95153451,0.000133888
21.291,-3.95153451,0.000113805
21.2915,-3.95153451,9.67343E-05
21.292,-3.95153451,8.22242E-05
21.2925,-3.95153451,6.98906E-05
21.293,-3.95153451,5.9407E-05
21.2935,-3.95153451,5.04959E-05
21.294,-3.95153451,4.29215E-05
21.2945,-3.95153451,3.64833E-05
21.295,-3.95153451,3.10108E-05
21.2955,-3.95153451,2.63592E-05
21.296,-3.95153451,2.24053E-05
21.2965,-3.95153451,1.90445E-05
21.297,-3.95153451,1.61878E-05
21.2975,-3.948466548,4.601956123
21.298,-3.948466548,3.911662705
21.2985,-3.948466548,3.324913299
21.299,-3.948466548,2.826176304
21.2995,-3.948466548,2.402249859
21.3,-3.948466548,2.04191238
21.3005,-3.948466548,1.735625523
21.301,-3.948466548,1.475281694
21.3015,-3.948466548,1.25398944
21.302,-3.948466548,1.065891024
21.3025,-3.948466548,0.906007371
21.303,-3.948466548,0.770106265
21.3035,-3.948466548,0.654590325
21.304,-3.948466548,0.556401776
21.3045,-3.948466548,0.47294151
21.305,-3.948466548,0.402000283
21.3055,-3.948466548,0.341700241
21.306,-3.948466548,0.290445205
21.3065,-3.948466548,0.246878424
21.307,-3.948466548,0.20984666
21.3075,-3.948466548,0.178369661
21.308,-3.948466548,0.151614212
21.3085,-3.948466548,0.12887208
21.309,-3.948466548,0.109541268
21.3095,-3.948466548,0.093110078
21.31,-3.948466548,0.079143566
21.3105,-3.948466548,0.067272031
21.311,-3.948466548,0.057181227
21.3115,-3.948466548,0.048604043
21.312,-3.948466548,0.041313436
21.3125,-3.948466548,0.035116421
21.313,-3.948466548,0.029848958
21.3135,-3.948466548,0.025371614
21.314,-3.948466548,0.021565872
21.3145,-3.948466548,0.018330991
21.315,-3.948466548,0.015581342
21.3155,-3.945398586,4.615186505
21.316,-3.945398586,3.922908529
21.3165,-3.945398586,3.33447225
21.317,-3.945398586,2.834301412
21.3175,-3.945398586,2.4091562
21.318,-3.945398586,2.04778277
21.3185,-3.945398586,1.740615355
21.319,-3.945398586,1.479523052
21.3195,-3.945398586,1.257594594
21.32,-3.945398586,1.068955405
21.3205,-3.945398586,0.908612094
21.321,-3.945398586,0.77232028
21.3215,-3.945398586,0.656472238
21.322,-3.945398586,0.558001402
21.3225,-3.945398586,0.474301192
21.323,-3.945398586,0.403156013
21.3235,-3.945398586,0.342682611
21.324,-3.945398586,0.291280219
21.3245,-3.945398586,0.247588187
21.325,-3.945398586,0.210449959
21.3255,-3.945398586,0.178882465
21.326,-3.945398586,0.152050095
21.3265,-3.945398586,0.129242581
21.327,-3.945398586,0.109856194
21.3275,-3.945398586,0.093377765
21.328,-3.945398586,0.0793711
21.3285,-3.945398586,0.067465435
21.329,-3.945398586,0.05734562
21.3295,-3.945398586,0.048743777
21.33,-3.945398586,0.04143221
21.3305,-3.945398586,0.035217379
21.331,-3.945398586,0.029934772
21.3315,-3.945398586,0.025444556
21.332,-3.945398586,0.021627873
21.3325,-3.945398586,0.018383692
21.333,-3.945398586,0.015626138
21.3335,-3.945398586,0.013282217
21.334,-3.945398586,0.011289885
21.3345,-3.945398586,0.009596402
21.335,-3.945398586,0.008156942
21.3355,-3.945398586,0.0069334
21.336,-3.945398586,0.00589339
21.3365,-3.945398586,0.005009382
21.337,-3.945398586,0.004257975
21.3375,-3.945398586,0.003619278
21.338,-3.945398586,0.003076387
21.3385,-3.942330625,4.604557292
21.339,-3.942330625,3.913873698
21.3395,-3.942330625,3.326792644
21.34,-3.942330625,2.827773747
21.3405,-3.942330625,2.403607685
21.341,-3.942330625,2.043066532
21.3415,-3.942330625,1.736606552
21.342,-3.942330625,1.47611557
21.3425,-3.942330625,1.254698234
21.343,-3.942330625,1.066493499
21.3435,-3.942330625,0.906519474
21.344,-3.942330625,0.770541553
21.3445,-3.942330625,0.65496032
21.345,-3.942330625,0.556716272
21.3455,-3.942330625,0.473208831
21.346,-3.942330625,0.402227507
21.3465,-3.942330625,0.341893381
21.347,-3.942330625,0.290609373
21.3475,-3.942330625,0.247017967
21.348,-3.942330625,0.209965272
21.3485,-3.942330625,0.178470482
21.349,-3.942330625,0.151699909
21.3495,-3.942330625,0.128944923
21.35,-3.942330625,0.109603184
21.3505,-3.939262663,4.69510507
21.351,-3.939262663,3.99083931
21.3515,-3.939262663,3.392213413
21.352,-3.939262663,2.883381401
21.3525,-3.939262663,2.450874191
21.353,-3.939262663,2.083243063
21.3535,-3.939262663,1.770756603
21.354,-3.939262663,1.505143113
21.3545,-3.939262663,1.279371646
21.355,-3.939262663,1.087465899
21.3555,-3.939262663,0.924346014
21.356,-3.939262663,0.785694112
21.3565,-3.939262663,0.667839995
21.357,-3.936194702,5.16960636
21.3575,-3.936194702,4.394165406
21.358,-3.936194702,3.735040595
21.3585,-3.936194702,3.174784506
21.359,-3.936194702,2.69856683
21.3595,-3.936194702,2.293781805
21.36,-3.936194702,1.949714534
21.3605,-3.936194702,1.657257354
21.361,-3.93312674,6.010611115
21.3615,-3.93312674,5.109019448
21.362,-3.93312674,4.34266653
21.3625,-3.93312674,3.691266551
21.363,-3.93312674,3.137576568
21.3635,-3.93312674,2.666940083
21.364,-3.930058779,6.868841434
21.3645,-3.930058779,5.838515219
21.365,-3.930058779,4.962737936
21.3655,-3.930058779,4.218327246
21.366,-3.930058779,3.585578159
21.3665,-3.926990817,7.649683799
21.367,-3.926990817,6.502231229
21.3675,-3.926990817,5.526896545
21.368,-3.926990817,4.697862063
21.3685,-3.926990817,3.993182753
21.369,-3.923922855,7.996147704
21.3695,-3.923922855,6.796725548
21.37,-3.923922855,5.777216716
21.3705,-3.923922855,4.910634209
21.371,-3.920854894,8.775981441
21.3715,-3.920854894,7.459584225
21.372,-3.920854894,6.340646591
21.3725,-3.917786932,9.991491966
21.373,-3.917786932,8.492768171
21.3735,-3.917786932,7.218852946
21.374,-3.917786932,6.136025004
21.3745,-3.917786932,5.215621253
21.375,-3.914718971,9.035220429
21.3755,-3.914718971,7.679937365
21.376,-3.914718971,6.52794676
21.3765,-3.914718971,5.548754746
21.377,-3.911651009,9.318383898
21.3775,-3.911651009,7.920626313
21.378,-3.911651009,6.732532366
21.3785,-3.911651009,5.722652511
21.379,-3.911651009,4.864254634
21.3795,-3.911651009,4.134616439
21.38,-3.908583048,8.116366337
21.3805,-3.908583048,6.898911387
21.381,-3.908583048,5.864074679
21.3815,-3.908583048,4.984463477
21.382,-3.908583048,4.236793955
21.3825,-3.905515086,8.203217226
21.383,-3.905515086,6.972734642
21.3835,-3.905515086,5.926824446
21.384,-3.905515086,5.037800779
21.3845,-3.905515086,4.282130662
21.385,-3.905515086,3.639811063
21.3855,-3.902447124,7.695781767
21.386,-3.902447124,6.541414502
21.3865,-3.902447124,5.560202327
21.387,-3.902447124,4.726171978
21.3875,-3.902447124,4.017246181
21.388,-3.902447124,3.414659254
21.3885,-3.899379163,7.504402729
21.389,-3.899379163,6.37874232
21.3895,-3.899379163,5.421930972
21.39,-3.899379163,4.608641326
21.3905,-3.899379163,3.917345127
21.391,-3.899379163,3.329743358
21.3915,-3.899379163,2.830281854
21.392,-3.896311201,7.00768194
21.3925,-3.896311201,5.956529649
21.393,-3.896311201,5.063050202
21.3935,-3.896311201,4.303592671
21.394,-3.896311201,3.658053771
21.3945,-3.896311201,3.109345705
21.395,-3.896311201,2.642943849
21.3955,-3.896311201,2.246502272
21.396,-3.89324324,6.511469295
21.3965,-3.89324324,5.534748901
21.397,-3.89324324,4.704536565
21.3975,-3.89324324,3.998856081
21.398,-3.89324324,3.399027669
21.3985,-3.89324324,2.889173518
21.399,-3.89324324,2.455797491
21.3995,-3.89324324,2.087427867
21.4,-3.89324324,1.774313687
21.4005,-3.89324324,1.508166634
21.401,-3.890175278,5.883884002
21.4015,-3.890175278,5.001301402
21.402,-3.890175278,4.251106192
21.4025,-3.890175278,3.613440263
21.403,-3.890175278,3.071424224
21.4035,-3.890175278,2.61071059
21.404,-3.890175278,2.219104002
21.4045,-3.890175278,1.886238401
21.405,-3.890175278,1.603302641
21.4055,-3.890175278,1.362807245
21.406,-3.887107317,5.760328522
21.4065,-3.887107317,4.896279244
21.407,-3.887107317,4.161837357
21.4075,-3.887107317,3.537561753
21.408,-3.887107317,3.00692749
21.4085,-3.887107317,2.555888367
21.409,-3.887107317,2.172505112
21.4095,-3.884039355,6.448571709
21.41,-3.884039355,5.481285952
21.4105,-3.884039355,4.65909306
21.411,-3.884039355,3.960229101
21.4115,-3.884039355,3.366194736
21.412,-3.884039355,2.861265525
21.4125,-3.884039355,2.432075696
21.413,-3.880971393,6.669206706
21.4135,-3.880971393,5.6688257
21.414,-3.880971393,4.818501845
21.4145,-3.880971393,4.095726568
21.415,-3.880971393,3.481367583
21.4155,-3.880971393,2.959162445
21.416,-3.880971393,2.515288079
21.4165,-3.877903432,6.73993723
21.417,-3.877903432,5.728946646
21.4175,-3.877903432,4.869604649
21.418,-3.877903432,4.139163952
21.4185,-3.877903432,3.518289359
21.419,-3.877903432,2.990545955
21.4195,-3.877903432,2.541964062
21.42,-3.87483547,6.762611816
21.4205,-3.87483547,5.748220044
21.421,-3.87483547,4.885987037
21.4215,-3.87483547,4.153088982
21.422,-3.87483547,3.530125634
21.4225,-3.87483547,3.000606789
21.423,-3.871767509,7.152458134
21.4235,-3.871767509,6.079589414
21.424,-3.871767509,5.167651002
21.4245,-3.871767509,4.392503352
21.425,-3.871767509,3.733627849
21.4255,-3.871767509,3.173583672
21.426,-3.868699547,7.299488485
21.4265,-3.868699547,6.204565212
21.427,-3.868699547,5.27388043
21.4275,-3.868699547,4.482798366
21.428,-3.868699547,3.810378611
21.4285,-3.868699547,3.238821819
21.429,-3.865631585,7.35494091
21.4295,-3.865631585,6.251699773
21.43,-3.865631585,5.313944807
21.4305,-3.865631585,4.516853086
21.431,-3.865631585,3.839325123
21.4315,-3.865631585,3.263426355
21.432,-3.865631585,2.773912402
21.4325,-3.862563624,6.959767905
21.433,-3.862563624,5.915802719
21.4335,-3.862563624,5.028432311
21.434,-3.862563624,4.274167465
21.4345,-3.862563624,3.633042345
21.435,-3.862563624,3.088085993
21.4355,-3.862563624,2.624873094
21.436,-3.859495662,6.833084494
21.4365,-3.859495662,5.80812182
21.437,-3.859495662,4.936903547
21.4375,-3.859495662,4.196368015
21.438,-3.859495662,3.566912813
21.4385,-3.859495662,3.031875891
21.439,-3.859495662,2.577094507
21.4395,-3.856427701,6.792472695
21.44,-3.856427701,5.77360179
21.4405,-3.856427701,4.907561522
21.441,-3.856427701,4.171427294
21.4415,-3.856427701,3.5457132
21.442,-3.856427701,3.01385622
21.4425,-3.856427701,2.561777787
21.443,-3.856427701,2.177511119
21.4435,-3.853359739,6.452826815
21.444,-3.853359739,5.484902792
21.4445,-3.853359739,4.662167374
21.445,-3.853359739,3.962842267
21.4455,-3.853359739,3.368415927
21.446,-3.853359739,2.863153538
21.4465,-3.853359739,2.433680508
21.447,-3.853359739,2.068628431
21.4475,-3.853359739,1.758334167
21.448,-3.850291778,6.096526405
21.4485,-3.850291778,5.182047445
21.449,-3.850291778,4.404740328
21.4495,-3.850291778,3.744029279
21.45,-3.850291778,3.182424887
21.4505,-3.850291778,2.705061154
21.451,-3.850291778,2.299301981
21.4515,-3.850291778,1.954406684
21.452,-3.850291778,1.661245681
21.4525,-3.847223816,6.014001193
21.453,-3.847223816,5.111901014
21.4535,-3.847223816,4.345115862
21.454,-3.847223816,3.693348482
21.4545,-3.847223816,3.13934621
21.455,-3.847223816,2.668444279
21.4555,-3.847223816,2.268177637
21.456,-3.847223816,1.927950991
21.4565,-3.844155854,6.240700706
21.457,-3.844155854,5.3045956
21.4575,-3.844155854,4.50890626
21.458,-3.844155854,3.832570321
21.4585,-3.844155854,3.257684773
21.459,-3.844155854,2.769032057
21.4595,-3.844155854,2.353677249
21.46,-3.841087893,6.602568025
21.4605,-3.841087893,5.612182821
21.461,-3.841087893,4.770355398
21.4615,-3.841087893,4.054802088
21.462,-3.841087893,3.446581775
21.4625,-3.841087893,2.929594509
21.463,-3.841087893,2.490155332
21.4635,-3.838019931,6.718574396
21.464,-3.838019931,5.710788237
21.4645,-3.838019931,4.854170001
21.465,-3.838019931,4.126044501
21.4655,-3.838019931,3.507137826
21.466,-3.838019931,2.981067152
21.4665,-3.83495197,7.135849443
21.467,-3.83495197,6.065472026
21.4675,-3.83495197,5.155651222
21.468,-3.83495197,4.382303539
21.4685,-3.83495197,3.724958008
21.469,-3.83495197,3.166214307
21.4695,-3.83495197,2.691282161
21.47,-3.831884008,6.8895322
21.4705,-3.831884008,5.85610237
21.471,-3.831884008,4.977687015
21.4715,-3.831884008,4.231033963
21.472,-3.831884008,3.596378868
21.4725,-3.828816047,7.658864402
21.473,-3.828816047,6.510034741
21.4735,-3.828816047,5.53352953
21.474,-3.828816047,4.703500101
21.4745,-3.828816047,3.997975086
21.475,-3.825748085,8.000221186
21.4755,-3.825748085,6.800188008
21.476,-3.825748085,5.780159807
21.4765,-3.825748085,4.913135836
21.477,-3.825748085,4.176165461
21.4775,-3.822680123,8.151683005
21.478,-3.822680123,6.928930554
21.4785,-3.822680123,5.889590971
21.479,-3.822680123,5.006152326
21.4795,-3.822680123,4.255229477
21.48,-3.819612162,8.218887419
21.4805,-3.819612162,6.986054306
21.481,-3.819612162,5.93814616
21.4815,-3.819612162,5.047424236
21.482,-3.8165442,8.892252964
21.4825,-3.8165442,7.55841502
21.483,-3.8165442,6.424652767
21.4835,-3.8165442,5.460954852
21.484,-3.813476239,9.243753988
21.4845,-3.813476239,7.857190889
21.485,-3.813476239,6.678612256
21.4855,-3.813476239,5.676820418
21.486,-3.813476239,4.825297355
21.4865,-3.810408277,8.703445115
21.487,-3.810408277,7.397928348
21.4875,-3.810408277,6.288239096
21.488,-3.810408277,5.345003232
21.4885,-3.807340316,9.14519511
21.489,-3.807340316,7.773415844
21.4895,-3.807340316,6.607403467
21.49,-3.807340316,5.616292947
21.4905,-3.804272354,9.375791369
21.491,-3.804272354,7.969422663
21.4915,-3.804272354,6.774009264
21.492,-3.804272354,5.757907874
21.4925,-3.801204392,9.496164057
21.493,-3.801204392,8.071739448
21.4935,-3.801204392,6.860978531
21.494,-3.798136431,10.43377412
21.4945,-3.798136431,8.868707998
21.495,-3.798136431,7.538401798
21.4955,-3.798136431,6.407641528
21.496,-3.795068469,10.04843766
21.4965,-3.795068469,8.541172013
21.497,-3.795068469,7.259996211
21.4975,-3.795068469,6.17099678
21.498,-3.792000508,9.847289626
21.4985,-3.792000508,8.370196182
21.499,-3.792000508,7.114666755
21.4995,-3.788932546,10.64940911
21.5,-3.788932546,9.05199774
21.5005,-3.788932546,7.694198079
21.501,-3.788932546,6.540068367
21.5015,-3.785864585,10.16100048
21.502,-3.785864585,8.636850404
21.5025,-3.785864585,7.341322844
21.503,-3.782796623,10.84206678
21.5035,-3.782796623,9.215756764
21.504,-3.782796623,7.833393249
21.5045,-3.782796623,6.658384262
21.505,-3.779728661,10.26156899
21.5055,-3.779728661,8.722333638
21.506,-3.779728661,7.413983592
21.5065,-3.7766607,10.90382842
21.507,-3.7766607,9.268254155
21.5075,-3.7766607,7.878016031
21.508,-3.7766607,6.696313627
21.5085,-3.773592738,10.29380895
21.509,-3.773592738,8.749737604
21.5095,-3.773592738,7.437276964
21.51,-3.773592738,6.321685419
21.5105,-3.770524777,9.97537497
21.511,-3.770524777,8.479068724
21.5115,-3.770524777,7.207208416
21.512,-3.767456815,10.72806952
21.5125,-3.767456815,9.11885909
21.513,-3.767456815,7.751030226
21.5135,-3.767456815,6.588375692
21.514,-3.764388853,10.2020617
21.5145,-3.764388853,8.671752447
21.515,-3.764388853,7.37098958
21.5155,-3.764388853,6.265341143
21.516,-3.764388853,5.325539971
21.5165,-3.761320892,9.128651339
21.517,-3.761320892,7.759353638
21.5175,-3.761320892,6.595450593
21.518,-3.75825293,10.20807537
21.5185,-3.75825293,8.676864062
21.519,-3.75825293,7.375334453
21.5195,-3.75825293,6.269034285
21.52,-3.75825293,5.328679142
21.5205,-3.755184969,9.131319635
21.521,-3.755184969,7.761621689
21.5215,-3.755184969,6.597378436
21.522,-3.755184969,5.607771671
21.5225,-3.752117007,9.368548284
21.523,-3.752117007,7.963266041
21.5235,-3.752117007,6.768776135
21.524,-3.752117007,5.753459715
21.5245,-3.749049046,9.492383121
21.525,-3.749049046,8.068525653
21.5255,-3.749049046,6.858246805
21.526,-3.749049046,5.829509784
21.5265,-3.749049046,4.955083317
21.527,-3.745981084,8.813763183
21.5275,-3.745981084,7.491698705
21.528,-3.745981084,6.3679439
21.5285,-3.745981084,5.412752315
21.529,-3.742913122,9.202781831
21.5295,-3.742913122,7.822364556
21.53,-3.742913122,6.649009873
21.5305,-3.742913122,5.651658392
21.531,-3.742913122,4.803909633
21.5315,-3.739845161,8.685265552
21.532,-3.739845161,7.382475719
21.5325,-3.739845161,6.275104361
21.533,-3.739845161,5.333838707
21.5335,-3.736777199,9.135705265
21.534,-3.736777199,7.765349475
21.5345,-3.736777199,6.600547054
21.535,-3.736777199,5.610464996
21.5355,-3.736777199,4.768895246
21.536,-3.733709238,8.655503323
21.5365,-3.733709238,7.357177825
21.537,-3.733709238,6.253601151
21.5375,-3.733709238,5.315560978
21.538,-3.730641276,9.120169195
21.5385,-3.730641276,7.752143816
21.539,-3.730641276,6.589322244
21.5395,-3.730641276,5.600923907
21.54,-3.727573315,9.362727685
21.5405,-3.727573315,7.958318532
21.541,-3.727573315,6.764570752
21.5415,-3.727573315,5.749885139
21.542,-3.727573315,4.887402368
21.5425,-3.724505353,8.756234377
21.543,-3.724505353,7.44279922
21.5435,-3.724505353,6.326379337
21.544,-3.721437391,9.9793648
21.5445,-3.721437391,8.48246008
21.545,-3.721437391,7.210091068
21.5455,-3.721437391,6.128577408
21.546,-3.71836943,9.81123316
21.5465,-3.71836943,8.339548186
21.547,-3.71836943,7.088615958
21.5475,-3.715301468,10.62726593
21.548,-3.715301468,9.033176039
21.5485,-3.715301468,7.678199633
21.549,-3.715301468,6.526469688
21.5495,-3.712233507,10.1494416
21.55,-3.712233507,8.627025359
21.5505,-3.712233507,7.332971555
21.551,-3.709165545,10.83496819
21.5515,-3.709165545,9.209722958
21.552,-3.709165545,7.828264514
21.5525,-3.706097584,11.2559672
21.553,-3.706097584,9.56757212
21.5535,-3.706097584,8.132436302
21.554,-3.703029622,11.51451322
21.5545,-3.703029622,9.787336238
21.555,-3.703029622,8.319235802
21.5555,-3.69996166,11.6732928
21.556,-3.69996166,9.922298876
21.5565,-3.69996166,8.433954045
21.557,-3.696893699,11.7708033
21.5575,-3.696893699,10.00518281
21.558,-3.696893699,8.504405385
21.5585,-3.693825737,11.83068694
21.559,-3.693825737,10.0560839
21.5595,-3.693825737,8.547671315
21.56,-3.690757776,11.86746298
21.5605,-3.690757776,10.08734353
21.561,-3.687689814,13.17618437
21.5615,-3.687689814,11.19975671
21.562,-3.687689814,9.519793206
21.5625,-3.684621853,12.69376659
21.563,-3.684621853,10.7897016
21.5635,-3.684621853,9.17124636
21.564,-3.681553891,12.39750177
21.5645,-3.681553891,10.5378765
21.565,-3.681553891,8.957195029
21.5655,-3.678485929,12.21555814
21.566,-3.678485929,10.38322442
21.5665,-3.678485929,8.825740755
21.567,-3.675417968,12.10382201
21.5675,-3.675417968,10.2882487
21.568,-3.675417968,8.745011399
21.5685,-3.672350006,12.03520205
21.569,-3.672350006,10.22992174
21.5695,-3.672350006,8.695433483
21.57,-3.669282045,11.99306082
21.5705,-3.669282045,10.1941017
21.571,-3.669282045,8.664986445
21.5715,-3.666214083,11.96718084
21.572,-3.666214083,10.17210372
21.5725,-3.666214083,8.646288159
21.573,-3.663146121,11.9512873
21.5735,-3.663146121,10.1585942
21.574,-3.663146121,8.634805073
21.5745,-3.66007816,11.94152668
21.575,-3.66007816,10.15029767
21.5755,-3.66007816,8.627753023
21.576,-3.657010198,11.93553243
21.5765,-3.657010198,10.14520257
21.577,-3.657010198,8.623422183
21.5775,-3.653942237,11.93185122
21.578,-3.653942237,10.14207354
21.5785,-3.653942237,8.620762506
21.579,-3.653942237,7.32764813
21.5795,-3.650874275,10.83044327
21.58,-3.650874275,9.205876783
21.5805,-3.650874275,7.824995266
21.581,-3.647806314,11.25318834
21.5815,-3.647806314,9.565210089
21.582,-3.647806314,8.130428575
21.5825,-3.647806314,6.910864289
21.583,-3.644738352,10.47617701
21.5835,-3.644738352,8.904750458
21.584,-3.644738352,7.569037889
21.5845,-3.64167039,11.03562457
21.585,-3.64167039,9.380280884
21.5855,-3.64167039,7.973238751
21.586,-3.64167039,6.777252939
21.5865,-3.638602429,10.36260736
21.587,-3.638602429,8.808216257
21.5875,-3.638602429,7.486983819
21.588,-3.635534467,10.96587861
21.5885,-3.635534467,9.320996818
21.589,-3.635534467,7.922847295
21.5895,-3.635534467,6.734420201
21.59,-3.632466506,10.32619953
21.5905,-3.632466506,8.777269604
21.591,-3.632466506,7.460679164
21.5915,-3.629398544,10.94351965
21.592,-3.629398544,9.301991705
21.5925,-3.629398544,7.906692949
21.593,-3.629398544,6.720689007
21.5935,-3.626330583,10.31452802
21.594,-3.626330583,8.767348817
21.5945,-3.626330583,7.452246494
21.595,-3.623262621,10.93635188
21.5955,-3.623262621,9.295899101
21.596,-3.623262621,7.901514236
21.5965,-3.623262621,6.716287101
21.597,-3.623262621,5.708844035
21.5975,-3.620194659,9.454459794
21.598,-3.620194659,8.036290825
21.5985,-3.620194659,6.830847201
21.599,-3.620194659,5.806220121
21.5995,-3.617126698,9.537229466
21.6,-3.617126698,8.106645046
21.6005,-3.617126698,6.890648289
21.601,-3.617126698,5.857051046
21.6015,-3.614058736,9.580435753
21.602,-3.614058736,8.14337039
21.6025,-3.614058736,6.921864831
21.603,-3.614058736,5.883585107
21.6035,-3.610990775,9.602989704
21.604,-3.610990775,8.162541249
21.6045,-3.610990775,6.938160061
21.605,-3.610990775,5.897436052
21.6055,-3.607922813,9.614763008
21.606,-3.607922813,8.172548557
21.6065,-3.607922813,6.946666273
21.607,-3.607922813,5.904666332
21.6075,-3.607922813,5.018966382
21.608,-3.604854852,8.868063789
21.6085,-3.604854852,7.53785422
21.609,-3.604854852,6.407176087
21.6095,-3.604854852,5.446099674
21.61,-3.60178689,9.231127087
21.6105,-3.60178689,7.846458024
21.611,-3.60178689,6.66948932
21.6115,-3.60178689,5.669065922
21.612,-3.598718928,9.420648397
21.6125,-3.598718928,8.007551138
21.613,-3.598718928,6.806418467
21.6135,-3.598718928,5.785455697
21.614,-3.595650967,9.519579706
21.6145,-3.595650967,8.09164275
21.615,-3.595650967,6.877896338
21.6155,-3.595650967,5.846211887
21.616,-3.592583005,9.571222468
21.6165,-3.592583005,8.135539098
21.617,-3.592583005,6.915208233
21.6175,-3.589515044,10.47986936
21.618,-3.589515044,8.907888957
21.6185,-3.589515044,7.571705614
21.619,-3.589515044,6.435949772
21.6195,-3.586447082,10.07249967
21.62,-3.586447082,8.561624719
21.6205,-3.586447082,7.277381011
21.621,-3.586447082,6.18577386
21.6215,-3.583379121,9.859850144
21.622,-3.583379121,8.380872623
21.6225,-3.583379121,7.123741729
21.623,-3.583379121,6.05518047
21.6235,-3.580311159,9.748845763
21.624,-3.580311159,8.286518899
21.6245,-3.580311159,7.043541064
21.625,-3.577243197,10.58895227
21.6255,-3.577243197,9.000609428
21.626,-3.577243197,7.650518014
21.6265,-3.574175236,11.10488268
21.627,-3.574175236,9.439150274
21.6275,-3.574175236,8.023277733
21.628,-3.574175236,6.819786073
21.6285,-3.571107274,10.39876053
21.629,-3.571107274,8.838946447
21.6295,-3.571107274,7.51310448
21.63,-3.568039313,10.98808117
21.6305,-3.568039313,9.339868996
21.631,-3.568039313,7.938888646
21.6315,-3.568039313,6.748055349
21.632,-3.564971351,10.33778941
21.6325,-3.564971351,8.787120999
21.633,-3.564971351,7.469052849
21.6335,-3.561903389,10.95063729
21.634,-3.561903389,9.308041693
21.6345,-3.561903389,7.911835439
21.635,-3.561903389,6.725060123
21.6355,-3.558835428,10.31824347
21.636,-3.558835428,8.770506948
21.6365,-3.558835428,7.454930906
21.637,-3.558835428,6.33669127
21.6375,-3.558835428,5.386187579
21.638,-3.555767466,9.180201806
21.6385,-3.555767466,7.803171535
21.639,-3.555767466,6.632695805
21.6395,-3.555767466,5.637791434
21.64,-3.555767466,4.792122719
21.6405,-3.552699505,8.675246675
21.641,-3.552699505,7.373959674
21.6415,-3.552699505,6.267865723
21.642,-3.552699505,5.327685864
21.6425,-3.552699505,4.528532985
21.643,-3.552699505,3.849253037
21.6435,-3.549631543,7.873807445
21.644,-3.549631543,6.692736328
21.6445,-3.549631543,5.688825879
21.645,-3.549631543,4.835501997
21.6455,-3.549631543,4.110176698
21.646,-3.546563582,8.095592557
21.6465,-3.546563582,6.881253673
21.647,-3.546563582,5.849065622
21.6475,-3.546563582,4.971705779
21.648,-3.546563582,4.225949912
21.6485,-3.546563582,3.592057425
21.649,-3.54349562,7.655191175
21.6495,-3.54349562,6.506912499
21.65,-3.54349562,5.530875624
21.6505,-3.54349562,4.70124428
21.651,-3.54349562,3.996057638
21.6515,-3.54349562,3.396648993
21.652,-3.540427658,7.489094007
21.6525,-3.540427658,6.365729906
21.653,-3.540427658,5.41087042
21.6535,-3.540427658,4.599239857
21.654,-3.540427658,3.909353879
21.6545,-3.540427658,3.322950797
21.655,-3.537359697,7.426450541
21.6555,-3.537359697,6.31248296
21.656,-3.537359697,5.365610516
21.6565,-3.537359697,4.560768938
21.657,-3.537359697,3.876653598
21.6575,-3.537359697,3.295155558
21.658,-3.534291735,7.402824588
21.6585,-3.534291735,6.2924009
21.659,-3.534291735,5.348540765
21.6595,-3.534291735,4.54625965
21.66,-3.534291735,3.864320703
21.6605,-3.531223774,7.886614961
21.661,-3.531223774,6.703622717
21.6615,-3.531223774,5.698079309
21.662,-3.531223774,4.843367413
21.6625,-3.531223774,4.116862301
21.663,-3.528155812,8.101275319
21.6635,-3.528155812,6.886084022
21.664,-3.528155812,5.853171418
21.6645,-3.528155812,4.975195706
21.665,-3.528155812,4.22891635
21.6655,-3.525087851,8.196521261
21.666,-3.525087851,6.967043072
21.6665,-3.525087851,5.921986611
21.667,-3.525087851,5.033688619
21.6675,-3.525087851,4.278635326
21.668,-3.522019889,8.238782391
21.6685,-3.522019889,7.002965032
21.669,-3.522019889,5.952520278
21.6695,-3.522019889,5.059642236
21.67,-3.522019889,4.300695901
21.6705,-3.518951927,8.257533879
21.671,-3.518951927,7.018903797
21.6715,-3.518951927,5.966068228
21.672,-3.518951927,5.071157994
21.6725,-3.518951927,4.310484294
21.673,-3.515883966,8.265854014
21.6735,-3.515883966,7.025975912
21.674,-3.515883966,5.972079525
21.6745,-3.515883966,5.076267596
21.675,-3.515883966,4.314827457
21.6755,-3.512816004,8.269545702
21.676,-3.512816004,7.029113847
21.6765,-3.512816004,5.97474677
21.677,-3.512816004,5.078534754
21.6775,-3.512816004,4.316754541
21.678,-3.512816004,3.66924136
21.6785,-3.512816004,3.118855156
21.679,-3.509748043,7.252969246
21.6795,-3.509748043,6.165023859
21.68,-3.509748043,5.24027028
21.6805,-3.509748043,4.454229738
21.681,-3.509748043,3.786095278
21.6815,-3.509748043,3.218180986
21.682,-3.509748043,2.735453838
21.6825,-3.509748043,2.325135762
21.683,-3.509748043,1.976365398
21.6835,-3.506680081,6.281852952
21.684,-3.506680081,5.339575009
21.6845,-3.506680081,4.538638758
21.685,-3.506680081,3.857842944
21.6855,-3.506680081,3.279166502
21.686,-3.506680081,2.787291527
21.6865,-3.506680081,2.369197798
21.687,-3.506680081,2.013818128
21.6875,-3.506680081,1.711745409
21.688,-3.506680081,1.454983598
21.6885,-3.506680081,1.236736058
21.689,-3.50361212,5.653168013
21.6895,-3.50361212,4.805192811
21.69,-3.50361212,4.084413889
21.6905,-3.50361212,3.471751806
21.691,-3.50361212,2.950989035
21.6915,-3.50361212,2.50834068
21.692,-3.50361212,2.132089578
21.6925,-3.50361212,1.812276141
21.693,-3.50361212,1.54043472
21.6935,-3.50361212,1.309369512
21.694,-3.50361212,1.112964085
21.6945,-3.50361212,0.946019472
21.695,-3.50361212,0.804116552
21.6955,-3.50361212,0.683499069
21.696,-3.50361212,0.580974209
21.6965,-3.500544158,5.095770441
21.697,-3.500544158,4.331404875
21.6975,-3.500544158,3.681694144
21.698,-3.500544158,3.129440022
21.6985,-3.500544158,2.660024019
21.699,-3.500544158,2.261020416
21.6995,-3.500544158,1.921867354
21.7,-3.500544158,1.63358725
21.7005,-3.500544158,1.388549163
21.701,-3.500544158,1.180266788
21.7015,-3.500544158,1.00322677
21.702,-3.500544158,0.852742755
21.7025,-3.500544158,0.724831341
21.703,-3.500544158,0.61610664
21.7035,-3.497476196,5.125633008
21.704,-3.497476196,4.356788057
21.7045,-3.497476196,3.703269848
21.705,-3.497476196,3.147779371
21.7055,-3.497476196,2.675612465
21.706,-3.497476196,2.274270596
21.7065,-3.497476196,1.933130006
21.707,-3.497476196,1.643160505
21.7075,-3.497476196,1.396686429
21.708,-3.497476196,1.187183465
21.7085,-3.494408235,5.611048309
21.709,-3.494408235,4.769391063
21.7095,-3.494408235,4.053982403
21.71,-3.494408235,3.445885043
21.7105,-3.494408235,2.929002286
21.711,-3.494408235,2.489651943
21.7115,-3.494408235,2.116204152
21.712,-3.494408235,1.798773529
21.7125,-3.494408235,1.5289575
21.713,-3.494408235,1.299613875
21.7135,-3.491340273,5.706614157
21.714,-3.491340273,4.850622034
21.7145,-3.491340273,4.123028729
21.715,-3.491340273,3.504574419
21.7155,-3.491340273,2.978888256
21.716,-3.491340273,2.532055018
21.7165,-3.491340273,2.152246765
21.717,-3.491340273,1.82940975
21.7175,-3.491340273,1.554998288
21.718,-3.488272312,5.923690908
21.7185,-3.488272312,5.035137272
21.719,-3.488272312,4.279866681
21.7195,-3.488272312,3.637886679
21.72,-3.488272312,3.092203677
21.7205,-3.488272312,2.628373126
21.721,-3.488272312,2.234117157
21.7215,-3.488272312,1.898999583
21.722,-3.488272312,1.614149646
21.7225,-3.488272312,1.372027199
21.723,-3.48520435,5.768165483
21.7235,-3.48520435,4.90294066
21.724,-3.48520435,4.167499561
21.7245,-3.48520435,3.542374627
21.725,-3.48520435,3.011018433
21.7255,-3.48520435,2.559365668
21.726,-3.48520435,2.175460818
21.7265,-3.48520435,1.849141695
21.727,-3.48520435,1.571770441
21.7275,-3.48520435,1.336004875
21.728,-3.48520435,1.135604144
21.7285,-3.48520435,0.965263522
21.729,-3.482136389,5.422416357
21.7295,-3.482136389,4.609053904
21.73,-3.482136389,3.917695818
21.7305,-3.482136389,3.330041445
21.731,-3.482136389,2.830535229
21.7315,-3.482136389,2.405954944
21.732,-3.482136389,2.045061703
21.7325,-3.482136389,1.738302447
21.733,-3.482136389,1.47755708
21.7335,-3.482136389,1.255923518
21.734,-3.482136389,1.06753499
21.7345,-3.482136389,0.907404742
21.735,-3.482136389,0.771294031
21.7355,-3.482136389,0.655599926
21.736,-3.482136389,0.557259937
21.7365,-3.482136389,0.473670947
21.737,-3.482136389,0.402620305
21.7375,-3.482136389,0.342227259
21.738,-3.482136389,0.29089317
21.7385,-3.479068427,4.849201558
21.739,-3.479068427,4.121821324
21.7395,-3.479068427,3.503548126
21.74,-3.479068427,2.978015907
21.7405,-3.479068427,2.531313521
21.741,-3.479068427,2.151616493
21.7415,-3.479068427,1.828874019
21.742,-3.479068427,1.554542916
21.7425,-3.479068427,1.321361479
21.743,-3.479068427,1.123157257
21.7435,-3.479068427,0.954683668
21.744,-3.479068427,0.811481118
21.7445,-3.479068427,0.68975895
21.745,-3.479068427,0.586295108
21.7455,-3.479068427,0.498350842
21.746,-3.479068427,0.423598215
21.7465,-3.479068427,0.360058483
21.747,-3.479068427,0.306049711
21.7475,-3.479068427,0.260142254
21.748,-3.479068427,0.221120916
21.7485,-3.479068427,0.187952779
21.749,-3.479068427,0.159759862
21.7495,-3.476000465,4.737738246
21.75,-3.476000465,4.027077509
21.7505,-3.476000465,3.423015883
21.751,-3.476000465,2.9095635
21.7515,-3.476000465,2.473128975
21.752,-3.476000465,2.102159629
21.7525,-3.476000465,1.786835685
21.753,-3.476000465,1.518810332
21.7535,-3.476000465,1.290988782
21.754,-3.476000465,1.097340465
21.7545,-3.476000465,0.932739395
21.755,-3.476000465,0.792828486
21.7555,-3.476000465,0.673904213
21.756,-3.476000465,0.572818581
21.7565,-3.472932504,5.088838158
21.757,-3.472932504,4.325512434
21.7575,-3.472932504,3.676685569
21.758,-3.472932504,3.125182733
21.7585,-3.472932504,2.656405323
21.759,-3.472932504,2.257944525
21.7595,-3.472932504,1.919252846
21.76,-3.472932504,1.631364919
21.7605,-3.472932504,1.386660181
21.761,-3.472932504,1.178661154
21.7615,-3.472932504,1.001861981
21.762,-3.472932504,0.851582684
21.7625,-3.472932504,0.723845281
21.763,-3.472932504,0.615268489
21.7635,-3.469864542,5.124920579
21.764,-3.469864542,4.356182492
21.7645,-3.469864542,3.702755119
21.765,-3.469864542,3.147341851
21.7655,-3.469864542,2.675240573
21.766,-3.469864542,2.273954487
21.7665,-3.469864542,1.932861314
21.767,-3.469864542,1.642932117
21.7675,-3.469864542,1.396492299
21.768,-3.469864542,1.187018455
21.7685,-3.469864542,1.008965686
21.769,-3.469864542,0.857620833
21.7695,-3.469864542,0.728977708
21.77,-3.469864542,0.619631052
21.7705,-3.469864542,0.526686394
21.771,-3.466796581,5.049625799
21.7715,-3.466796581,4.292181929
21.772,-3.466796581,3.64835464
21.7725,-3.466796581,3.101101444
21.773,-3.466796581,2.635936227
21.7735,-3.466796581,2.240545793
21.774,-3.466796581,1.904463924
21.7745,-3.466796581,1.618794335
21.775,-3.466796581,1.375975185
21.7755,-3.466796581,1.169578907
21.776,-3.466796581,0.994142071
21.7765,-3.466796581,0.845020761
21.777,-3.466796581,0.718267647
21.7775,-3.466796581,0.6105275
21.778,-3.466796581,0.518948375
21.7785,-3.466796581,0.441106118
21.779,-3.466796581,0.374940201
21.7795,-3.466796581,0.318699171
21.78,-3.466796581,0.270894295
21.7805,-3.466796581,0.230260151
21.781,-3.466796581,0.195721128
21.7815,-3.466796581,0.166362959
21.782,-3.466796581,0.141408515
21.7825,-3.466796581,0.120197238
21.783,-3.466796581,0.102167652
21.7835,-3.466796581,0.086842504
21.784,-3.466796581,0.073816129
21.7845,-3.463728619,4.664686073
21.785,-3.463728619,3.964983162
21.7855,-3.463728619,3.370235688
21.786,-3.463728619,2.864700335
21.7865,-3.463728619,2.434995284
21.787,-3.463728619,2.069745992
21.7875,-3.463728619,1.759284093
21.788,-3.463728619,1.495391479
21.7885,-3.463728619,1.271082757
21.789,-3.463728619,1.080420344
21.7895,-3.463728619,0.918357292
21.79,-3.463728619,0.780603698
21.7905,-3.463728619,0.663513144
21.791,-3.463728619,0.563986172
21.7915,-3.463728619,0.479388246
21.792,-3.463728619,0.407480009
21.7925,-3.463728619,0.346358008
21.793,-3.463728619,0.294404307
21.7935,-3.463728619,0.250243661
21.794,-3.463728619,0.212707112
21.7945,-3.463728619,0.180801045
21.795,-3.463728619,0.153680888
21.7955,-3.463728619,0.130628755
21.796,-3.463728619,0.111034442
21.7965,-3.463728619,0.094379275
21.797,-3.463728619,0.080222384
21.7975,-3.463728619,0.068189026
21.798,-3.463728619,0.057960673
21.7985,-3.463728619,0.049266572
21.799,-3.463728619,0.041876586
21.7995,-3.463728619,0.035595098
21.8,-3.463728619,0.030255833
21.8005,-3.463728619,0.025717458
21.801,-3.463728619,0.02185984
21.8015,-3.463728619,0.018580864
21.802,-3.463728619,0.015793734
21.8025,-3.463728619,0.013424674
21.803,-3.463728619,0.011410973
21.8035,-3.463728619,0.009699327
21.804,-3.463728619,0.008244428
21.8045,-3.463728619,0.007007764
21.805,-3.463728619,0.005956599
21.8055,-3.463728619,0.005063109
21.806,-3.463728619,0.004303643
21.8065,-3.463728619,0.003658096
21.807,-3.463728619,0.003109382
21.8075,-3.463728619,0.002642975
21.808,-3.463728619,0.002246528
21.8085,-3.463728619,0.001909549
21.809,-3.463728619,0.001623117
21.8095,-3.463728619,0.001379649
21.81,-3.463728619,0.001172702
21.8105,-3.463728619,0.000996797
21.811,-3.463728619,0.000847277
21.8115,-3.463728619,0.000720186
21.812,-3.463728619,0.000612158
21.8125,-3.463728619,0.000520334
21.813,-3.463728619,0.000442284
21.8135,-3.463728619,0.000375941
21.814,-3.463728619,0.00031955
21.8145,-3.463728619,0.000271618
21.815,-3.463728619,0.000230875
21.8155,-3.463728619,0.000196244
21.816,-3.463728619,0.000166807
21.8165,-3.463728619,0.000141786
21.817,-3.463728619,0.000120518
21.8175,-3.463728619,0.00010244
21.818,-3.463728619,8.70744E-05
21.8185,-3.463728619,7.40132E-05
21.819,-3.463728619,6.29112E-05
21.8195,-3.463728619,5.34746E-05
21.82,-3.463728619,4.54534E-05
21.8205,-3.463728619,3.86354E-05
21.821,-3.463728619,3.28401E-05
21.8215,-3.463728619,2.79141E-05
21.822,-3.463728619,2.37269E-05
21.8225,-3.463728619,2.01679E-05
21.823,-3.463728619,1.71427E-05
21.8235,-3.463728619,1.45713E-05
21.824,-3.463728619,1.23856E-05
21.8245,-3.460660657,4.601952891
21.825,-3.460660657,3.911659958
21.8255,-3.460660657,3.324910964
21.826,-3.460660657,2.826174319
21.8265,-3.460660657,2.402248172
21.827,-3.460660657,2.041910946
21.8275,-3.460660657,1.735624304
21.828,-3.460660657,1.475280658
21.8285,-3.460660657,1.25398856
21.829,-3.460660657,1.065890276
21.8295,-3.460660657,0.906006734
21.83,-3.460660657,0.770105724
21.8305,-3.460660657,0.654589866
21.831,-3.460660657,0.556401386
21.8315,-3.460660657,0.472941178
21.832,-3.460660657,0.402000001
21.8325,-3.460660657,0.341700001
21.833,-3.460660657,0.290445001
21.8335,-3.460660657,0.246878251
21.834,-3.460660657,0.209846513
21.8345,-3.460660657,0.178369536
21.835,-3.460660657,0.151614106
21.8355,-3.460660657,0.12887199
21.836,-3.460660657,0.109541191
21.8365,-3.460660657,0.093110013
21.837,-3.460660657,0.079143511
21.8375,-3.457592696,4.669214348
21.838,-3.457592696,3.968832196
21.8385,-3.457592696,3.373507366
21.839,-3.457592696,2.867481261
21.8395,-3.457592696,2.437359072
21.84,-3.457592696,2.071755211
21.8405,-3.457592696,1.76099193
21.841,-3.457592696,1.49684314
21.8415,-3.457592696,1.272316669
21.842,-3.457592696,1.081469169
21.8425,-3.457592696,0.919248793
21.843,-3.457592696,0.781361474
21.8435,-3.457592696,0.664157253
21.844,-3.457592696,0.564533665
21.8445,-3.457592696,0.479853615
21.845,-3.457592696,0.407875573
21.8455,-3.457592696,0.346694237
21.846,-3.454524734,4.896632465
21.8465,-3.454524734,4.162137595
21.847,-3.454524734,3.537816956
21.8475,-3.454524734,3.007144413
21.848,-3.454524734,2.556072751
21.8485,-3.454524734,2.172661838
21.849,-3.454524734,1.846762562
21.8495,-3.454524734,1.569748178
21.85,-3.454524734,1.334285951
21.8505,-3.454524734,1.134143059
21.851,-3.454524734,0.9640216
21.8515,-3.454524734,0.81941836
21.852,-3.451456773,5.29844797
21.8525,-3.451456773,4.503680774
21.853,-3.451456773,3.828128658
21.8535,-3.451456773,3.253909359
21.854,-3.451456773,2.765822955
21.8545,-3.451456773,2.350949512
21.855,-3.451456773,1.998307085
21.8555,-3.451456773,1.698561022
21.856,-3.451456773,1.443776869
21.8565,-3.451456773,1.227210339
21.857,-3.448388811,5.645071152
21.8575,-3.448388811,4.798310479
21.858,-3.448388811,4.078563907
21.8585,-3.448388811,3.466779321
21.859,-3.448388811,2.946762423
21.8595,-3.448388811,2.504748059
21.86,-3.448388811,2.12903585
21.8605,-3.448388811,1.809680473
21.861,-3.44532085,6.140170766
21.8615,-3.44532085,5.219145151
21.862,-3.44532085,4.436273378
21.8625,-3.44532085,3.770832371
21.863,-3.44532085,3.205207516
21.8635,-3.44532085,2.724426388
21.864,-3.442252888,6.917704794
21.8645,-3.442252888,5.880049075
21.865,-3.442252888,4.998041714
21.8655,-3.442252888,4.248335456
21.866,-3.442252888,3.611085138
21.8665,-3.439184926,7.671364731
21.867,-3.439184926,6.520660021
21.8675,-3.439184926,5.542561018
21.868,-3.439184926,4.711176865
21.8685,-3.439184926,4.004500336
21.869,-3.436116965,8.005767649
21.8695,-3.436116965,6.804902502
21.87,-3.436116965,5.784167126
21.8705,-3.436116965,4.916542057
21.871,-3.433049003,8.781003112
21.8715,-3.433049003,7.463852646
21.872,-3.433049003,6.344274749
21.8725,-3.433049003,5.392633536
21.873,-3.429981042,9.18568087
21.8735,-3.429981042,7.807828739
21.874,-3.429981042,6.636654428
21.8745,-3.429981042,5.641156264
21.875,-3.42691308,9.396925188
21.8755,-3.42691308,7.98738641
21.876,-3.42691308,6.789278448
21.8765,-3.42691308,5.770886681
21.877,-3.423845119,9.507196043
21.8775,-3.423845119,8.081116636
21.878,-3.423845119,6.868949141
21.8785,-3.423845119,5.83860677
21.879,-3.420777157,9.564758118
21.8795,-3.420777157,8.1300444
21.88,-3.420777157,6.91053774
21.8805,-3.420777157,5.873957079
21.881,-3.420777157,4.992863517
21.8815,-3.417709195,8.845876353
21.882,-3.417709195,7.5189949
21.8825,-3.417709195,6.391145665
21.883,-3.417709195,5.432473815
21.8835,-3.417709195,4.617602743
21.884,-3.414641234,8.526904695
21.8845,-3.414641234,7.247868991
21.885,-3.414641234,6.160688642
21.8855,-3.414641234,5.236585346
21.886,-3.414641234,4.451097544
21.8865,-3.411573272,8.385375276
21.887,-3.411573272,7.127568985
21.8875,-3.411573272,6.058433637
21.888,-3.411573272,5.149668591
21.8885,-3.411573272,4.377218303
21.889,-3.411573272,3.720635557
21.8895,-3.408505311,7.764482587
21.89,-3.408505311,6.599810199
21.8905,-3.408505311,5.609838669
21.891,-3.408505311,4.768362869
21.8915,-3.408505311,4.053108439
21.892,-3.405437349,8.047084536
21.8925,-3.405437349,6.840021856
21.893,-3.405437349,5.814018578
21.8935,-3.405437349,4.941915791
21.894,-3.405437349,4.200628422
21.8945,-3.402369388,8.172476523
21.895,-3.402369388,6.946605044
21.8955,-3.402369388,5.904614288
21.896,-3.402369388,5.018922144
21.8965,-3.399301426,8.868026186
21.897,-3.399301426,7.537822258
21.8975,-3.399301426,6.40714892
21.898,-3.399301426,5.446076582
21.8985,-3.399301426,4.629165094
21.899,-3.396233464,8.536732694
21.8995,-3.396233464,7.25622279
21.9,-3.396233464,6.167789371
21.9005,-3.396233464,5.242620966
21.901,-3.393165503,9.058170184
21.9015,-3.393165503,7.699444657
21.902,-3.393165503,6.544527958
21.9025,-3.393165503,5.562848765
21.903,-3.393165503,4.72842145
21.9035,-3.390097541,8.621100596
21.904,-3.390097541,7.327935507
21.9045,-3.390097541,6.228745181
21.905,-3.390097541,5.294433404
21.9055,-3.390097541,4.500268393
21.906,-3.38702958,8.427170498
21.9065,-3.38702958,7.163094923
21.907,-3.38702958,6.088630685
21.9075,-3.38702958,5.175336082
21.908,-3.38702958,4.39903567
21.9085,-3.383961618,8.341122683
21.909,-3.383961618,7.08995428
21.9095,-3.383961618,6.026461138
21.91,-3.383961618,5.122491968
21.9105,-3.383961618,4.354118172
21.911,-3.380893656,8.30294281
21.9115,-3.380893656,7.057501389
21.912,-3.380893656,5.99887618
21.9125,-3.380893656,5.099044753
21.913,-3.377825695,8.936130404
21.9135,-3.377825695,7.595710843
21.914,-3.377825695,6.456354217
21.9145,-3.377825695,5.487901084
21.915,-3.377825695,4.664715922
21.9155,-3.374757733,8.566950897
21.916,-3.374757733,7.281908263
21.9165,-3.374757733,6.189622023
21.917,-3.374757733,5.26117872
21.9175,-3.374757733,4.472001912
21.918,-3.371689772,8.403143989
21.9185,-3.371689772,7.14267239
21.919,-3.371689772,6.071271532
21.9195,-3.371689772,5.160580802
21.92,-3.371689772,4.386493682
21.9205,-3.36862181,8.330461993
21.921,-3.36862181,7.080892694
21.9215,-3.36862181,6.01875879
21.922,-3.36862181,5.115944972
21.9225,-3.36862181,4.348553226
21.923,-3.365553849,8.298212606
21.9235,-3.365553849,7.053480715
21.924,-3.365553849,5.995458608
21.9245,-3.365553849,5.096139816
21.925,-3.362485887,8.933661208
21.9255,-3.362485887,7.593612026
21.926,-3.362485887,6.454570222
21.9265,-3.362485887,5.486384689
21.927,-3.362485887,4.663426986
21.9275,-3.359417925,8.565855302
21.928,-3.359417925,7.280977006
21.9285,-3.359417925,6.188830455
21.929,-3.359417925,5.260505887
21.9295,-3.359417925,4.471430004
21.93,-3.356349964,8.402657867
21.9305,-3.356349964,7.142259187
21.931,-3.356349964,6.070920309
21.9315,-3.356349964,5.160282263
21.932,-3.353282002,8.988182287
21.9325,-3.353282002,7.639954944
21.933,-3.353282002,6.493961702
21.9335,-3.353282002,5.519867447
21.934,-3.350214041,9.293829694
21.9345,-3.350214041,7.89975524
21.935,-3.350214041,6.714791954
21.9355,-3.350214041,5.707573161
21.936,-3.347146079,9.45337955
21.9365,-3.347146079,8.035372618
21.937,-3.347146079,6.830066725
21.9375,-3.347146079,5.805556716
21.938,-3.344078118,9.536665572
21.9385,-3.344078118,8.106165737
21.939,-3.344078118,6.890240876
21.9395,-3.344078118,5.856704745
21.94,-3.341010156,9.580141397
21.9405,-3.341010156,8.143120187
21.941,-3.341010156,6.921652159
21.9415,-3.341010156,5.883404335
21.942,-3.337942194,9.602836049
21.9425,-3.337942194,8.162410641
21.943,-3.337942194,6.938049045
21.9435,-3.337942194,5.897341688
21.944,-3.334874233,9.614682799
21.9445,-3.334874233,8.172480379
21.945,-3.334874233,6.946608322
21.9455,-3.334874233,5.904617074
21.946,-3.334874233,5.018924513
21.9465,-3.331806271,8.868028199
21.947,-3.331806271,7.53782397
21.9475,-3.331806271,6.407150374
21.948,-3.331806271,5.446077818
21.9485,-3.331806271,4.629166145
21.949,-3.32873831,8.536733587
21.9495,-3.32873831,7.256223549
21.95,-3.32873831,6.167790017
21.9505,-3.32873831,5.242621514
21.951,-3.32873831,4.456228287
21.9515,-3.325670348,8.389736408
21.952,-3.325670348,7.131275947
21.9525,-3.325670348,6.061584555
21.953,-3.325670348,5.152346871
21.9535,-3.325670348,4.379494841
21.954,-3.325670348,3.722570615
21.9545,-3.322602387,7.766127386
21.955,-3.322602387,6.601208278
21.9555,-3.322602387,5.611027036
21.956,-3.322602387,4.769372981
21.9565,-3.322602387,4.053967034
21.957,-3.319534425,8.047814342
21.9575,-3.319534425,6.840642191
21.958,-3.319534425,5.814545862
21.9585,-3.319534425,4.942363983
21.959,-3.319534425,4.201009386
21.9595,-3.319534425,3.570857978
21.96,-3.316466463,7.637171645
21.9605,-3.316466463,6.491595898
21.961,-3.316466463,5.517856513
21.9615,-3.316466463,4.690178036
21.962,-3.316466463,3.986651331
21.9625,-3.316466463,3.388653631
21.963,-3.316466463,2.880355587
21.9635,-3.313398502,7.050244612
21.964,-3.313398502,5.99270792
21.9645,-3.313398502,5.093801732
21.965,-3.313398502,4.329731472
21.9655,-3.313398502,3.680271752
21.966,-3.31033054,7.730173353
21.9665,-3.31033054,6.57064735
21.967,-3.31033054,5.585050247
21.9675,-3.31033054,4.74729271
21.968,-3.31033054,4.035198804
21.9685,-3.31033054,3.429918983
21.969,-3.307262579,7.517373499
21.9695,-3.307262579,6.389767474
21.97,-3.307262579,5.431302353
21.9705,-3.307262579,4.616607
21.971,-3.307262579,3.92411595
21.9715,-3.304194617,7.937440921
21.972,-3.304194617,6.746824783
21.9725,-3.304194617,5.734801066
21.973,-3.304194617,4.874580906
21.9735,-3.304194617,4.14339377
21.974,-3.301126656,8.123827068
21.9745,-3.301126656,6.905253008
21.975,-3.301126656,5.869465057
21.9755,-3.301126656,4.989045298
21.976,-3.298058694,8.842630867
21.9765,-3.298058694,7.516236237
21.977,-3.298058694,6.388800801
21.9775,-3.298058694,5.430480681
21.978,-3.298058694,4.615908579
21.9785,-3.294990732,8.525464656
21.979,-3.294990732,7.246644957
21.9795,-3.294990732,6.159648214
21.98,-3.294990732,5.235700982
21.9805,-3.291922771,9.052288198
21.981,-3.291922771,7.694444968
21.9815,-3.291922771,6.540278223
21.982,-3.291922771,5.55923649
21.9825,-3.291922771,4.725351016
21.983,-3.288854809,8.618490727
21.9835,-3.288854809,7.325717118
21.984,-3.288854809,6.226859551
21.9845,-3.288854809,5.292830618
21.985,-3.285786848,9.100848389
21.9855,-3.285786848,7.735721131
21.986,-3.285786848,6.575362961
21.9865,-3.285786848,5.589058517
21.987,-3.282718886,9.352642103
21.9875,-3.282718886,7.949745788
21.988,-3.282718886,6.757283919
21.9885,-3.282718886,5.743691332
21.989,-3.279650924,9.484079995
21.9895,-3.279650924,8.061467996
21.99,-3.279650924,6.852247797
21.9905,-3.279650924,5.824410627
21.991,-3.276582963,9.552691397
21.9915,-3.276582963,8.119787687
21.992,-3.276582963,6.901819534
21.9925,-3.273515001,10.46848897
21.993,-3.273515001,8.898215623
21.9935,-3.273515001,7.563483279
21.994,-3.273515001,6.428960787
21.9945,-3.27044704,10.06655903
21.995,-3.27044704,8.556575178
21.9955,-3.27044704,7.273088901
21.996,-3.27044704,6.182125566
21.9965,-3.267379078,9.856749095
21.997,-3.267379078,8.378236731
21.9975,-3.267379078,7.121501221
21.998,-3.264311117,10.6552184
21.9985,-3.264311117,9.056935641
21.999,-3.264311117,7.698395295
21.9995,-3.264311117,6.543636001
22,-3.261243155,10.16403296
22.0005,-3.261243155,8.63942802
22.001,-3.261243155,7.343513817
22.0015,-3.261243155,6.241986744
22.002,-3.258175193,9.907631096
22.0025,-3.258175193,8.421486432
22.003,-3.258175193,7.158263467
22.0035,-3.258175193,6.084523947
22.004,-3.255107232,9.773787719
22.0045,-3.255107232,8.307719561
22.005,-3.255107232,7.061561627
22.0055,-3.255107232,6.002327383
22.006,-3.25203927,9.703920639
22.0065,-3.25203927,8.248332543
22.007,-3.25203927,7.011082662
22.0075,-3.25203927,5.959420262
22.008,-3.248971309,9.667449587
22.0085,-3.248971309,8.217332149
22.009,-3.248971309,6.984732326
22.0095,-3.248971309,5.937022477
22.01,-3.245903347,9.648411469
22.0105,-3.245903347,8.201149749
22.011,-3.245903347,6.970977287
22.0115,-3.242835386,10.52727306
22.012,-3.242835386,8.948182099
22.0125,-3.242835386,7.605954784
22.013,-3.242835386,6.465061566
22.0135,-3.239767424,10.0972447
22.014,-3.239767424,8.582657991
22.0145,-3.239767424,7.295259292
22.015,-3.239767424,6.200970398
22.0155,-3.236699462,9.872767202
22.016,-3.236699462,8.391852122
22.0165,-3.236699462,7.133074304
22.017,-3.236699462,6.063113158
22.0175,-3.233631501,9.755588548
22.018,-3.233631501,8.292250266
22.0185,-3.233631501,7.048412726
22.019,-3.233631501,5.991150817
22.0195,-3.230563539,9.694420558
22.02,-3.230563539,8.240257474
22.0205,-3.230563539,7.004218853
22.021,-3.230563539,5.953586025
22.0215,-3.227495578,9.662490485
22.022,-3.227495578,8.213116912
22.0225,-3.227495578,6.981149376
22.023,-3.227495578,5.933976969
22.0235,-3.224427616,9.645822787
22.024,-3.224427616,8.198949369
22.0245,-3.224427616,6.969106964
22.025,-3.221359655,10.52568328
22.0255,-3.221359655,8.946830791
22.026,-3.221359655,7.604806172
22.0265,-3.221359655,6.464085246
22.027,-3.218291693,10.09641482
22.0275,-3.218291693,8.581952599
22.028,-3.218291693,7.29465971
22.0285,-3.218291693,6.200460753
22.029,-3.215223731,9.872334004
22.0295,-3.215223731,8.391483903
22.03,-3.215223731,7.132761318
22.0305,-3.215223731,6.06284712
22.031,-3.21215577,9.755362416
22.0315,-3.21215577,8.292058053
22.032,-3.21215577,7.048249345
22.0325,-3.209087808,10.59295431
22.033,-3.209087808,9.004011161
22.0335,-3.209087808,7.653409487
22.034,-3.206019847,11.10734043
22.0345,-3.206019847,9.441239363
22.035,-3.206019847,8.025053459
22.0355,-3.206019847,6.82129544
22.036,-3.202951885,10.40004349
22.0365,-3.202951885,8.840036965
22.037,-3.202951885,7.51403142
22.0375,-3.199883924,10.98886907
22.038,-3.199883924,9.34053871
22.0385,-3.199883924,7.939457903
22.039,-3.196815962,11.35048158
22.0395,-3.196815962,9.647909344
22.04,-3.196815962,8.200722943
22.0405,-3.193748,11.57255686
22.041,-3.193748,9.836673335
22.0415,-3.193748,8.361172335
22.042,-3.190680039,11.70893885
22.0425,-3.190680039,9.952598021
22.043,-3.190680039,8.459708318
22.0435,-3.190680039,7.19075207
22.044,-3.187612077,10.71408162
22.0445,-3.187612077,9.10696938
22.045,-3.184544116,12.34286634
22.0455,-3.184544116,10.49143639
22.046,-3.184544116,8.917720928
22.0465,-3.181476154,12.18200515
22.047,-3.181476154,10.35470438
22.0475,-3.181476154,8.801498723
22.048,-3.178408192,12.08321628
22.0485,-3.178408192,10.27073384
22.049,-3.178408192,8.730123761
22.0495,-3.175340231,12.02254756
22.05,-3.175340231,10.21916543
22.0505,-3.175340231,8.686290612
22.051,-3.172272269,11.98528938
22.0515,-3.172272269,10.18749598
22.052,-3.172272269,8.65937158
22.0525,-3.169204308,11.96240821
22.053,-3.169204308,10.16804698
22.0535,-3.166136346,13.24478229
22.054,-3.166136346,11.25806495
22.0545,-3.166136346,9.569355207
22.055,-3.163068385,12.73589429
22.0555,-3.163068385,10.82551015
22.056,-3.163068385,9.201683624
22.0565,-3.160000423,12.42337344
22.057,-3.160000423,10.55986743
22.0575,-3.156932461,13.57782968
22.058,-3.156932461,11.54115523
22.0585,-3.1538645,14.41192431
22.059,-3.1538645,12.25013566
22.0595,-3.1538645,10.41261531
22.06,-3.150796538,13.45266538
22.0605,-3.150796538,11.43476557
22.061,-3.147728577,14.3214931
22.0615,-3.147728577,12.17326913
22.062,-3.147728577,10.34727876
22.0625,-3.144660615,13.39712931
22.063,-3.144660615,11.38755992
22.0635,-3.141592654,14.28136829
22.064,-3.141592654,12.13916305
22.0645,-3.141592654,10.31828859
22.065,-3.138524692,13.37248767
22.0655,-3.138524692,11.36661452
22.066,-3.13545673,14.2635647
22.0665,-3.13545673,12.12403
22.067,-3.132388769,14.90736786
22.0675,-3.132388769,12.67126268
22.068,-3.132388769,10.77057328
22.0685,-3.129320807,13.75692965
22.069,-3.129320807,11.6933902
22.0695,-3.126252846,14.54132404
22.07,-3.126252846,12.36012543
22.0705,-3.126252846,10.50610662
22.071,-3.123184884,13.53213299
22.0715,-3.123184884,11.50231304
22.072,-3.120116923,14.37890845
22.0725,-3.120116923,12.22207218
22.073,-3.117048961,14.99070372
22.0735,-3.117048961,12.74209816
22.074,-3.113980999,15.4327258
22.0745,-3.113980999,13.11781693
22.075,-3.113980999,11.15014439
22.0755,-3.110913038,14.0795651
22.076,-3.110913038,11.96763033
22.0765,-3.107845076,14.77442814
22.077,-3.107845076,12.55826392
22.0775,-3.107845076,10.67452433
22.078,-3.104777115,13.67528805
22.0785,-3.104777115,11.62399484
22.079,-3.101709153,14.48233798
22.0795,-3.101709153,12.30998728
22.08,-3.098641192,15.06543155
22.0805,-3.098641192,12.80561682
22.081,-3.098641192,10.8847743
22.0815,-3.09557323,13.85400052
22.082,-3.09557323,11.77590044
22.0825,-3.092505268,14.61145774
22.083,-3.092505268,12.41973908
22.0835,-3.092505268,10.55677821
22.084,-3.089437307,13.57520385
22.0845,-3.089437307,11.53892327
22.085,-3.086369345,14.41002714
22.0855,-3.086369345,12.24852307
22.086,-3.086369345,10.41124461
22.0865,-3.083301384,13.45150028
22.087,-3.083301384,11.43377524
22.0875,-3.083301384,9.718708954
22.088,-3.080233422,12.86284497
22.0885,-3.080233422,10.93341823
22.089,-3.07716546,13.89534786
22.0895,-3.07716546,11.81104568
22.09,-3.07716546,10.03938883
22.0905,-3.074097499,13.13542287
22.091,-3.074097499,11.16510944
22.0915,-3.074097499,9.490343021
22.092,-3.071029537,12.66873393
22.0925,-3.071029537,10.76842384
22.093,-3.071029537,9.153160266
22.0935,-3.067961576,12.38212859
22.094,-3.067961576,10.5248093
22.0945,-3.067961576,8.946087906
22.095,-3.064893614,12.20611708
22.0955,-3.064893614,10.37519952
22.096,-3.064893614,8.818919593
22.0965,-3.061825653,12.09802402
22.097,-3.061825653,10.28332042
22.0975,-3.061825653,8.740822353
22.098,-3.058757691,12.03164136
22.0985,-3.058757691,10.22689516
22.099,-3.058757691,8.692860885
22.0995,-3.055689729,11.99087412
22.1,-3.055689729,10.192243
22.1005,-3.055689729,8.663406549
22.101,-3.052621768,11.96583793
22.1015,-3.052621768,10.17096224
22.102,-3.052621768,8.645317905
22.1025,-3.049553806,11.95046258
22.103,-3.049553806,10.1578932
22.1035,-3.049553806,8.634209216
22.104,-3.049553806,7.339077833
22.1045,-3.046485845,10.84015852
22.105,-3.046485845,9.214134744
22.1055,-3.046485845,7.832014532
22.106,-3.043417883,11.25915472
22.1065,-3.043417883,9.570281509
22.107,-3.043417883,8.134739282
22.1075,-3.040349922,11.51647075
22.108,-3.040349922,9.789000141
22.1085,-3.040349922,8.32065012
22.109,-3.040349922,7.072552602
22.1095,-3.03728196,10.61361208
22.11,-3.03728196,9.021570264
22.1105,-3.03728196,7.668334724
22.111,-3.03728196,6.518084516
22.1115,-3.034213998,10.1423142
22.112,-3.034213998,8.620967072
22.1125,-3.034213998,7.327822011
22.113,-3.031146037,10.83059107
22.1135,-3.031146037,9.206002412
22.114,-3.031146037,7.82510205
22.1145,-3.031146037,6.651336743
22.115,-3.028078075,10.25557859
22.1155,-3.028078075,8.717241806
22.116,-3.028078075,7.409655535
22.1165,-3.028078075,6.298207205
22.117,-3.025010114,9.955418488
22.1175,-3.025010114,8.462105714
22.118,-3.025010114,7.192789857
22.1185,-3.025010114,6.113871379
22.119,-3.021942152,9.798733036
22.1195,-3.021942152,8.32892308
22.12,-3.021942152,7.079584618
22.1205,-3.021942152,6.017646925
22.121,-3.021942152,5.114999887
22.1215,-3.018874191,8.949692267
22.122,-3.018874191,7.607238427
22.1225,-3.018874191,6.466152663
22.123,-3.018874191,5.496229764
22.1235,-3.015806229,9.273737663
22.124,-3.015806229,7.882677013
22.1245,-3.015806229,6.700275461
22.125,-3.015806229,5.695234142
22.1255,-3.015806229,4.840949021
22.126,-3.012738267,8.716749031
22.1265,-3.012738267,7.409236677
22.127,-3.012738267,6.297851175
22.1275,-3.012738267,5.353173499
22.128,-3.009670306,9.152139838
22.1285,-3.009670306,7.779318862
22.129,-3.009670306,6.612421033
22.1295,-3.009670306,5.620557878
22.13,-3.006602344,9.37941656
22.1305,-3.006602344,7.972504076
22.131,-3.006602344,6.776628464
22.1315,-3.006602344,5.760134195
22.132,-3.003534383,9.498056429
22.1325,-3.003534383,8.073347965
22.133,-3.003534383,6.86234577
22.1335,-3.003534383,5.832993905
22.134,-3.000466421,9.559987183
22.1345,-3.000466421,8.125989105
22.135,-3.000466421,6.907090739
22.1355,-3.000466421,5.871027128
22.136,-2.99739846,9.592315423
22.1365,-2.99739846,8.153468109
22.137,-2.99739846,6.930447893
22.1375,-2.99739846,5.890880709
22.138,-2.99739846,5.007248603
22.1385,-2.994330498,8.858103676
22.139,-2.994330498,7.529388125
22.1395,-2.994330498,6.399979906
22.14,-2.994330498,5.43998292
22.1405,-2.994330498,4.623985482
22.141,-2.991262536,8.532330023
22.1415,-2.991262536,7.25248052
22.142,-2.991262536,6.164608442
22.1425,-2.991262536,5.239917176
22.143,-2.991262536,4.453929599
22.1435,-2.988194575,8.387782523
22.144,-2.988194575,7.129615145
22.1445,-2.988194575,6.060172873
22.145,-2.988194575,5.151146942
22.1455,-2.988194575,4.378474901
22.146,-2.985126613,8.323646029
22.1465,-2.985126613,7.075099125
22.147,-2.985126613,6.013834256
22.1475,-2.985126613,5.111759118
22.148,-2.985126613,4.34499525
22.1485,-2.982058652,8.295188326
22.149,-2.982058652,7.050910077
22.1495,-2.982058652,5.993273566
22.15,-2.982058652,5.094282531
22.1505,-2.982058652,4.330140151
22.151,-2.97899069,8.282561492
22.1515,-2.97899069,7.040177268
22.152,-2.97899069,5.984150678
22.1525,-2.97899069,5.086528076
22.153,-2.97899069,4.323548865
22.1535,-2.975922728,8.276958899
22.154,-2.975922728,7.035415064
22.1545,-2.975922728,5.980102804
22.155,-2.975922728,5.083087384
22.1555,-2.975922728,4.320624276
22.156,-2.972854767,8.274472998
22.1565,-2.972854767,7.033302049
22.157,-2.972854767,5.978306741
22.1575,-2.972854767,5.08156073
22.158,-2.972854767,4.319326621
22.1585,-2.969786805,8.273369991
22.159,-2.969786805,7.032364493
22.1595,-2.969786805,5.977509819
22.16,-2.969786805,5.080883346
22.1605,-2.966718844,8.920693208
22.161,-2.966718844,7.582589226
22.1615,-2.966718844,6.445200843
22.162,-2.966718844,5.478420716
22.1625,-2.966718844,4.656657609
22.163,-2.963650882,8.560101331
22.1635,-2.963650882,7.276086131
22.164,-2.963650882,6.184673212
22.1645,-2.960582921,9.858914594
22.165,-2.960582921,8.380077405
22.1655,-2.960582921,7.123065794
22.166,-2.960582921,6.054605925
22.1665,-2.957514959,9.7483574
22.167,-2.957514959,8.28610379
22.1675,-2.957514959,7.043188221
22.168,-2.954446997,10.58865235
22.1685,-2.954446997,9.000354499
22.169,-2.954446997,7.650301324
22.1695,-2.954446997,6.502756126
22.17,-2.951379036,10.12928507
22.1705,-2.951379036,8.60989231
22.171,-2.951379036,7.318408463
22.1715,-2.951379036,6.220647194
22.172,-2.948311074,9.889492478
22.1725,-2.948311074,8.406068607
22.173,-2.948311074,7.145158316
22.1735,-2.945243113,10.67532693
22.174,-2.945243113,9.074027892
22.1745,-2.945243113,7.712923708
22.175,-2.942175151,11.15792752
22.1755,-2.942175151,9.484238388
22.176,-2.942175151,8.06160263
22.1765,-2.942175151,6.852362236
22.177,-2.93910719,10.42645026
22.1775,-2.93910719,8.862482724
22.178,-2.93910719,7.533110316
22.1785,-2.93910719,6.403143768
22.179,-2.936039228,10.04461457
22.1795,-2.936039228,8.537922382
22.18,-2.936039228,7.257234024
22.1805,-2.932971266,10.77059128
22.181,-2.932971266,9.155002592
22.1815,-2.932971266,7.781752203
22.182,-2.932971266,6.614489373
22.1825,-2.929903305,10.22425833
22.183,-2.929903305,8.690619581
22.1835,-2.929903305,7.387026644
22.184,-2.929903305,6.278972647
22.1845,-2.926835343,9.939069114
22.185,-2.926835343,8.448208747
22.1855,-2.926835343,7.180977435
22.186,-2.923767382,10.70577318
22.1865,-2.923767382,9.099907206
22.187,-2.923767382,7.734921125
22.1875,-2.923767382,6.574682956
22.188,-2.92069942,10.19042288
22.1885,-2.92069942,8.661859445
22.189,-2.92069942,7.362580528
22.1895,-2.917631459,10.86013581
22.19,-2.917631459,9.231115441
22.1905,-2.917631459,7.846448125
22.191,-2.917631459,6.669480906
22.1915,-2.914563497,10.27100113
22.192,-2.914563497,8.730350964
22.1925,-2.914563497,7.420798319
22.193,-2.911495535,10.90962093
22.1935,-2.911495535,9.273177795
22.194,-2.911495535,7.882201125
22.1945,-2.911495535,6.699870957
22.195,-2.908427574,10.29683268
22.1955,-2.908427574,8.752307775
22.196,-2.908427574,7.439461609
22.1965,-2.905359612,10.92548473
22.197,-2.905359612,9.286662022
22.1975,-2.905359612,7.893662718
22.198,-2.905359612,6.709613311
22.1985,-2.902291651,10.30511368
22.199,-2.902291651,8.759346626
22.1995,-2.902291651,7.445444632
22.2,-2.902291651,6.328627937
22.2005,-2.899223689,9.98127611
22.201,-2.899223689,8.484084694
22.2015,-2.899223689,7.21147199
22.202,-2.896155728,10.73169355
22.2025,-2.896155728,9.121939522
22.203,-2.896155728,7.753648593
22.2035,-2.896155728,6.590601304
22.204,-2.893087766,10.20395347
22.2045,-2.893087766,8.673360452
22.205,-2.893087766,7.372356384
22.2055,-2.893087766,6.266502926
22.206,-2.890019804,9.928469851
22.2065,-2.890019804,8.439199373
22.207,-2.890019804,7.173319467
22.2075,-2.886951843,10.69926391
22.208,-2.886951843,9.094374324
22.2085,-2.886951843,7.730218176
22.209,-2.886951843,6.570685449
22.2095,-2.883883881,10.187025
22.21,-2.883883881,8.658971246
22.2105,-2.883883881,7.360125559
22.211,-2.88081592,10.85804909
22.2115,-2.88081592,9.229341726
22.212,-2.88081592,7.844940467
22.2125,-2.88081592,6.668199397
22.213,-2.877747958,10.26991185
22.2135,-2.877747958,8.729425073
22.214,-2.877747958,7.420011312
22.2145,-2.874679996,10.90895198
22.215,-2.874679996,9.272609182
22.2155,-2.874679996,7.881717805
22.216,-2.871612035,11.3014025
22.2165,-2.871612035,9.606192123
22.217,-2.871612035,8.165263305
22.2175,-2.868544073,11.54241617
22.218,-2.868544073,9.811053747
22.2185,-2.868544073,8.339395685
22.219,-2.865476112,11.6904287
22.2195,-2.865476112,9.936864391
22.22,-2.865476112,8.446334733
22.2205,-2.86240815,11.78132689
22.221,-2.86240815,10.01412785
22.2215,-2.86240815,8.512008675
22.222,-2.859340189,11.83714974
22.2225,-2.859340189,10.06157728
22.223,-2.859340189,8.552340686
22.2235,-2.856272227,11.87143195
22.224,-2.856272227,10.09071715
22.2245,-2.856272227,8.577109581
22.225,-2.853204265,11.89248551
22.2255,-2.853204265,10.10861268
22.226,-2.853204265,8.592320779
22.2265,-2.850136304,11.90541503
22.227,-2.850136304,10.11960277
22.2275,-2.850136304,8.601662356
22.228,-2.847068342,11.91335537
22.2285,-2.847068342,10.12635206
22.229,-2.847068342,8.607399252
22.2295,-2.844000381,11.91823173
22.23,-2.844000381,10.13049697
22.2305,-2.844000381,8.610922424
22.231,-2.840932419,11.92122642
22.2315,-2.840932419,10.13304246
22.232,-2.840932419,8.613086091
22.2325,-2.837864458,11.92306554
22.233,-2.837864458,10.13460571
22.2335,-2.837864458,8.614414853
22.234,-2.837864458,7.322252625
22.2345,-2.834796496,10.8258571
22.235,-2.834796496,9.201978531
22.2355,-2.834796496,7.821681751
22.236,-2.831728534,11.25037185
22.2365,-2.831728534,9.562816074
22.237,-2.831728534,8.128393663
22.2375,-2.828660573,11.51107698
22.238,-2.828660573,9.784415431
22.2385,-2.828660573,8.316753116
22.239,-2.825592611,11.67118251
22.2395,-2.825592611,9.920505136
22.24,-2.825592611,8.432429365
22.2405,-2.82252465,11.76950732
22.241,-2.82252465,10.00408123
22.2415,-2.82252465,8.503469042
22.242,-2.82252465,7.227948685
22.2425,-2.819456688,10.74569875
22.243,-2.819456688,9.133843934
22.2435,-2.819456688,7.763767344
22.244,-2.816388727,11.20114461
22.2445,-2.816388727,9.520972915
22.245,-2.816388727,8.092826978
22.2455,-2.813320765,11.48084529
22.246,-2.813320765,9.758718501
22.2465,-2.813320765,8.294910726
22.247,-2.810252803,11.65261648
22.2475,-2.810252803,9.904724008
22.248,-2.810252803,8.419015407
22.2485,-2.807184842,11.75810546
22.249,-2.807184842,9.994389641
22.2495,-2.807184842,8.495231195
22.25,-2.807184842,7.220946515
22.2505,-2.80411688,10.7397469
22.251,-2.80411688,9.128784867
22.2515,-2.80411688,7.759467137
22.252,-2.801048919,11.19748943
22.2525,-2.801048919,9.517866015
22.253,-2.801048919,8.090186113
22.2535,-2.801048919,6.876658196
22.254,-2.797980957,10.44710183
22.2545,-2.797980957,8.880036556
22.255,-2.797980957,7.548031072
22.2555,-2.797980957,6.415826412
22.256,-2.794912996,10.05539481
22.2565,-2.794912996,8.547085591
22.257,-2.794912996,7.265022753
22.2575,-2.791845034,10.7772117
22.258,-2.791845034,9.160629948
22.2585,-2.791845034,7.786535456
22.259,-2.791845034,6.618555137
22.2595,-2.788777072,10.22771423
22.26,-2.788777072,8.693557096
22.2605,-2.788777072,7.389523531
22.261,-2.788777072,6.281095002
22.2615,-2.785709111,9.940873115
22.262,-2.785709111,8.449742148
22.2625,-2.785709111,7.182280826
22.263,-2.785709111,6.104938702
22.2635,-2.782641149,9.79114026
22.264,-2.782641149,8.322469221
22.2645,-2.782641149,7.074098838
22.265,-2.782641149,6.012984012
22.2655,-2.779573188,9.712978774
22.266,-2.779573188,8.256031958
22.2665,-2.779573188,7.017627164
22.267,-2.779573188,5.96498309
22.2675,-2.776505226,9.67217799
22.268,-2.776505226,8.221351291
22.2685,-2.776505226,6.988148598
22.269,-2.776505226,5.939926308
22.2695,-2.773437264,9.650879725
22.27,-2.773437264,8.203247767
22.2705,-2.773437264,6.972760602
22.271,-2.773437264,5.926846511
22.2715,-2.770369303,9.639761898
22.272,-2.770369303,8.193797614
22.2725,-2.770369303,6.964727972
22.273,-2.770369303,5.920018776
22.2735,-2.770369303,5.032015959
22.274,-2.767301341,8.879155929
22.2745,-2.767301341,7.54728254
22.275,-2.767301341,6.415190159
22.2755,-2.767301341,5.452911635
22.276,-2.767301341,4.63497489
22.2765,-2.76423338,8.54167102
22.277,-2.76423338,7.260420367
22.2775,-2.76423338,6.171357312
22.278,-2.76423338,5.245653715
22.2785,-2.761165418,9.060748022
22.279,-2.761165418,7.701635818
22.2795,-2.761165418,6.546390446
22.28,-2.761165418,5.564431879
22.2805,-2.758097457,9.331709461
22.281,-2.758097457,7.931953041
22.2815,-2.758097457,6.742160085
22.282,-2.758097457,5.730836072
22.2825,-2.758097457,4.871210662
22.283,-2.755029495,8.742471426
22.2835,-2.755029495,7.431100712
22.284,-2.755029495,6.316435605
22.2845,-2.755029495,5.368970265
22.285,-2.751961533,9.165567088
22.2855,-2.751961533,7.790732025
22.286,-2.751961533,6.622122221
22.2865,-2.751961533,5.628803888
22.287,-2.748893572,9.386425669
22.2875,-2.748893572,7.978461818
22.288,-2.748893572,6.781692546
22.2885,-2.748893572,5.764438664
22.289,-2.74582561,9.501715228
22.2895,-2.74582561,8.076457944
22.29,-2.74582561,6.864989252
22.2905,-2.742757649,10.43718323
22.291,-2.742757649,8.871605744
22.2915,-2.742757649,7.540864882
22.292,-2.739689687,11.01167751
22.2925,-2.739689687,9.359925886
22.293,-2.739689687,7.955937004
22.2935,-2.739689687,6.762546453
22.294,-2.736621726,10.35010685
22.2945,-2.736621726,8.797590821
22.295,-2.736621726,7.477952198
22.2955,-2.733553764,10.95820173
22.296,-2.733553764,9.314471472
22.2965,-2.733553764,7.917300751
22.297,-2.733553764,6.729705639
22.2975,-2.730485802,10.32219216
22.298,-2.730485802,8.773863333
22.2985,-2.730485802,7.457783833
22.299,-2.727417841,10.94105862
22.2995,-2.727417841,9.299899829
22.3,-2.727417841,7.904914854
22.3005,-2.727417841,6.719177626
22.301,-2.724349879,10.31324335
22.3015,-2.724349879,8.766256844
22.302,-2.724349879,7.451318317
22.3025,-2.721281918,10.93556293
22.303,-2.721281918,9.295228493
22.3035,-2.721281918,7.900944219
22.304,-2.721281918,6.715802586
22.3045,-2.718213956,10.31037456
22.305,-2.718213956,8.763818378
22.3055,-2.718213956,7.449245621
22.306,-2.718213956,6.331858778
22.3065,-2.715145995,9.984022325
22.307,-2.715145995,8.486418976
22.3075,-2.715145995,7.21345613
22.308,-2.712078033,10.73338007
22.3085,-2.712078033,9.123373063
22.309,-2.712078033,7.754867103
22.3095,-2.712078033,6.591637038
22.31,-2.709010071,10.20483385
22.3105,-2.709010071,8.674108769
22.311,-2.709010071,7.372992454
22.3115,-2.70594211,10.86898595
22.312,-2.70594211,9.238638057
22.3125,-2.70594211,7.852842348
22.313,-2.702874148,11.27685836
22.3135,-2.702874148,9.585329606
22.314,-2.702874148,8.147530165
22.3145,-2.699806187,11.527343
22.315,-2.699806187,9.798241553
22.3155,-2.699806187,8.32850532
22.316,-2.696738225,11.68117189
22.3165,-2.696738225,9.928996103
22.317,-2.696738225,8.439646688
22.3175,-2.693670264,11.77564205
22.318,-2.693670264,10.00929574
22.3185,-2.693670264,8.50790138
22.319,-2.690602302,11.83365854
22.3195,-2.690602302,10.05860976
22.32,-2.690602302,8.549818293
22.3205,-2.68753434,11.86928791
22.321,-2.68753434,10.08889473
22.3215,-2.684466379,13.17750288
22.322,-2.684466379,11.20087745
22.3225,-2.684466379,9.520745831
22.323,-2.681398417,12.69457632
22.3235,-2.681398417,10.79038987
22.324,-2.678330456,13.77377375
22.3245,-2.678330456,11.70770769
22.325,-2.678330456,9.951551538
22.3255,-2.675262494,13.06076117
22.326,-2.675262494,11.101647
22.3265,-2.672194532,14.03834231
22.327,-2.672194532,11.93259096
22.3275,-2.672194532,10.14270232
22.328,-2.669126571,13.22323933
22.3285,-2.669126571,11.23975343
22.329,-2.666058609,14.15573278
22.3295,-2.666058609,12.03237287
22.33,-2.662990648,14.8294593
22.3305,-2.662990648,12.6050404
22.331,-2.662990648,10.71428434
22.3315,-2.659922686,13.70908406
22.332,-2.659922686,11.65272145
22.3325,-2.656854725,14.50675559
22.333,-2.656854725,12.33074225
22.3335,-2.656854725,10.48113092
22.334,-2.653786763,13.51090364
22.3345,-2.653786763,11.4842681
22.335,-2.650718801,14.36357025
22.3355,-2.650718801,12.20903471
22.336,-2.650718801,10.3776795
22.3365,-2.64765084,13.42296994
22.337,-2.64765084,11.40952445
22.3375,-2.644582878,14.30003815
22.338,-2.644582878,12.15503242
22.3385,-2.644582878,10.33177756
22.339,-2.644582878,8.782010926
22.3395,-2.641514917,12.06665165
22.34,-2.641514917,10.2566539
22.3405,-2.638446955,13.32009818
22.341,-2.638446955,11.32208345
22.3415,-2.638446955,9.623770936
22.342,-2.635378994,12.78214766
22.3425,-2.635378994,10.86482551
22.343,-2.635378994,9.235101684
22.3435,-2.632311032,12.45177879
22.344,-2.632311032,10.58401198
22.3445,-2.632311032,8.996410179
22.345,-2.62924307,12.24889102
22.3455,-2.62924307,10.41155736
22.346,-2.626175109,13.45176612
22.3465,-2.626175109,11.4340012
22.347,-2.626175109,9.718901024
22.3475,-2.623107147,12.86300823
22.348,-2.623107147,10.933557
22.3485,-2.623107147,9.293523449
22.349,-2.620039186,12.5014373
22.3495,-2.620039186,10.6262217
22.35,-2.620039186,9.032288446
22.3505,-2.616971224,12.27938754
22.351,-2.616971224,10.43747941
22.3515,-2.616971224,8.8718575
22.352,-2.613903263,12.14302124
22.3525,-2.613903263,10.32156805
22.353,-2.613903263,8.773332845
22.3535,-2.610835301,12.05927528
22.354,-2.610835301,10.25038399
22.3545,-2.607767339,13.31476875
22.355,-2.607767339,11.31755344
22.3555,-2.607767339,9.619920425
22.356,-2.604699378,12.77887473
22.3565,-2.604699378,10.86204352
22.357,-2.604699378,9.232736989
22.3575,-2.601631416,12.4497688
22.358,-2.601631416,10.58230348
22.3585,-2.601631416,8.994957961
22.359,-2.598563455,12.24765663
22.3595,-2.598563455,10.41050814
22.36,-2.598563455,8.848931916
22.3605,-2.595495493,12.12353449
22.361,-2.595495493,10.30500432
22.3615,-2.592427532,13.36119603
22.362,-2.592427532,11.35701663
22.3625,-2.592427532,9.653464135
22.363,-2.58935957,12.80738688
22.3635,-2.58935957,10.88627885
22.364,-2.586291608,13.85527938
22.3645,-2.586291608,11.77698748
22.365,-2.586291608,10.01043935
22.3655,-2.583223647,13.11081581
22.366,-2.583223647,11.14419344
22.3665,-2.580155685,14.07450679
22.367,-2.580155685,11.96333077
22.3675,-2.577087724,14.77077352
22.368,-2.577087724,12.55515749
22.3685,-2.574019762,15.27382623
22.369,-2.574019762,12.9827523
22.3695,-2.574019762,11.03533945
22.37,-2.5709518,13.9819809
22.3705,-2.5709518,11.88468376
22.371,-2.567883839,14.70392356
22.3715,-2.567883839,12.49833503
22.372,-2.564815877,15.22552714
22.3725,-2.564815877,12.94169807
22.373,-2.561747916,15.60238572
22.3735,-2.561747916,13.26202786
22.374,-2.558679954,15.87466605
22.3745,-2.558679954,13.49346614
22.375,-2.555611993,16.07138858
22.3755,-2.555611993,13.6606803
22.376,-2.555611993,11.61157825
22.3765,-2.552544031,14.47178388
22.377,-2.552544031,12.3010163
22.3775,-2.549476069,15.05780621
22.378,-2.549476069,12.79913528
22.3785,-2.546408108,15.48120735
22.379,-2.543340146,17.76096861
22.3795,-2.543340146,15.09682332
22.38,-2.543340146,12.83229982
22.3805,-2.540272185,15.50939721
22.381,-2.537204223,17.78493
22.3815,-2.537204223,15.1171905
22.382,-2.537204223,12.84961192
22.3825,-2.534136262,15.5241125
22.383,-2.534136262,13.19549562
22.3835,-2.5310683,15.81811364
22.384,-2.528000338,18.04733896
22.3845,-2.528000338,15.34023812
22.385,-2.524932377,17.64114476
22.3855,-2.524932377,14.99497305
22.386,-2.521864415,17.34766945
22.3865,-2.521864415,14.74551904
22.387,-2.518796454,17.13563354
22.3875,-2.518796454,14.56528851
22.388,-2.515728492,16.9824376
22.3885,-2.515728492,14.43507196
22.389,-2.512660531,16.87175353
22.3895,-2.509592569,18.94293286
22.39,-2.509592569,16.10149293
22.3905,-2.506524607,18.28821136
22.391,-2.506524607,15.54497965
22.3915,-2.503456646,17.81517507
22.392,-2.503456646,15.14289881
22.3925,-2.500388684,17.47340635
22.393,-2.497320723,19.45433776
22.3935,-2.497320723,16.5361871
22.394,-2.494252761,18.6577014
22.3945,-2.494252761,15.85904619
22.395,-2.4911848,18.08213162
22.3955,-2.488116838,19.97175424
22.396,-2.488116838,16.97599111
22.3965,-2.485048876,19.0315348
22.397,-2.485048876,16.17680458
22.3975,-2.481980915,18.35222626
22.398,-2.478912953,20.20133468
22.3985,-2.478912953,17.17113448
22.399,-2.475844992,19.19740667
22.3995,-2.47277703,20.91973804
22.4,-2.47277703,17.78177733
22.4005,-2.469709068,19.71645309
22.401,-2.469709068,16.75898513
22.4015,-2.466641107,18.84707972
22.402,-2.463573145,20.62196013
22.4025,-2.463573145,17.52866611
22.403,-2.460505184,19.50130856
22.4035,-2.457437222,21.17805464
22.404,-2.457437222,18.00134644
22.4045,-2.454369261,19.90308684
22.405,-2.451301299,21.51956618
22.4055,-2.451301299,18.29163125
22.406,-2.448233337,20.14982893
22.4065,-2.445165376,21.72929695
22.407,-2.445165376,18.46990241
22.4075,-2.442097414,20.30135941
22.408,-2.439029453,21.85809786
22.4085,-2.439029453,18.57938318
22.409,-2.435961491,20.39441807
22.4095,-2.435961491,17.33525536
22.41,-2.43289353,19.33690942
22.4105,-2.429825568,21.03831537
22.411,-2.426757606,22.48451043
22.4115,-2.426757606,19.11183386
22.412,-2.423689645,20.84700115
22.4125,-2.420621683,22.32189334
22.413,-2.420621683,18.97360934
22.4135,-2.417553722,20.7295103
22.414,-2.41448576,22.22202612
22.4145,-2.41448576,18.8887222
22.415,-2.411417799,20.65735624
22.4155,-2.408349837,22.16069516
22.416,-2.405281875,23.43853325
22.4165,-2.405281875,19.92275326
22.417,-2.402213914,21.53628264
22.4175,-2.399145952,22.90778261
22.418,-2.399145952,19.47161522
22.4185,-2.396077991,21.1528153
22.419,-2.393010029,22.58183537
22.4195,-2.393010029,19.19456006
22.42,-2.389942068,20.91731842
22.4205,-2.386874106,22.38166302
22.421,-2.383806144,23.62635593
22.4215,-2.383806144,20.08240254
22.422,-2.380738183,21.67198452
22.4225,-2.377670221,23.02312921
22.423,-2.37460226,24.17160219
22.4235,-2.37460226,20.54586186
22.424,-2.371534298,22.06592495
22.4245,-2.368466336,23.35797857
22.425,-2.365398375,24.45622415
22.4255,-2.362330413,25.38973289
22.426,-2.362330413,21.58127295
22.4265,-2.359262452,22.94602438
22.427,-2.35619449,24.10606308
22.4275,-2.353126529,25.09209598
22.428,-2.353126529,21.32828159
22.4285,-2.350058567,22.73098171
22.429,-2.346990605,23.92327682
22.4295,-2.343922644,24.93672766
22.43,-2.340854682,25.79816087
22.4305,-2.337786721,26.53037911
22.431,-2.334718759,27.1527646
22.4315,-2.334718759,23.07984991
22.432,-2.331650798,24.21981479
22.4325,-2.328582836,25.18878494
22.433,-2.325514874,26.01240956
22.4335,-2.322446913,26.71249049
22.434,-2.319378951,27.30755928
22.4345,-2.319378951,23.21142539
22.435,-2.31631099,24.33165394
22.4355,-2.313243028,25.28384821
22.436,-2.310175067,26.09321335
22.4365,-2.307107105,26.78117371
22.437,-2.304039143,27.36594002
22.4375,-2.304039143,23.26104901
22.438,-2.300971182,24.37383402
22.4385,-2.29790322,25.31970128
22.439,-2.294835259,26.12368846
22.4395,-2.291767297,26.80707755
22.44,-2.288699336,27.38795828
22.4405,-2.285631374,27.8817069
22.441,-2.282563412,28.30139323
22.4415,-2.279495451,28.65812661
22.442,-2.276427489,28.96134998
22.4425,-2.276427489,24.61714749
22.443,-2.273359528,25.52651773
22.4435,-2.270291566,26.29948243
22.444,-2.267223604,26.95650243
22.4445,-2.264155643,27.51496943
22.445,-2.261087681,27.98966638
22.4455,-2.25801972,28.39315879
22.446,-2.254951758,28.73612733
22.4465,-2.251883797,29.0276506
22.447,-2.248815835,29.27544537
22.4475,-2.245747873,29.48607093
22.448,-2.242679912,29.66510265
22.4485,-2.242679912,25.21533725
22.449,-2.23961195,26.03497903
22.4495,-2.236543989,26.73167454
22.45,-2.233476027,27.32386572
22.4505,-2.230408066,27.82722823
22.451,-2.227340104,28.25508636
22.4515,-2.227340104,24.0168234
22.452,-2.224272142,25.01624226
22.4525,-2.221204181,25.86574828
22.453,-2.218136219,26.5878284
22.4535,-2.215068258,27.20159651
22.454,-2.215068258,23.12135703
22.4545,-2.212000296,24.25509584
22.455,-2.208932335,25.21877383
22.4555,-2.205864373,26.03790012
22.456,-2.202796411,26.73415746
22.4565,-2.19972845,27.32597621
22.457,-2.19972845,23.22707978
22.4575,-2.196660488,24.34496017
22.458,-2.193592527,25.29515851
22.4585,-2.190524565,26.1028271
22.459,-2.187456604,26.7893454
22.4595,-2.187456604,22.77094359
22.46,-2.184388642,23.95724441
22.4605,-2.18132068,24.96560011
22.461,-2.178252719,25.82270246
22.4615,-2.178252719,21.94929709
22.462,-2.175184757,23.25884489
22.4625,-2.172116796,24.37196052
22.463,-2.169048834,25.31810881
22.4635,-2.169048834,21.52039249
22.464,-2.165980872,22.89427598
22.4645,-2.162912911,24.06207694
22.465,-2.159844949,25.05470777
22.4655,-2.159844949,21.2965016
22.466,-2.156776988,22.70396872
22.4665,-2.153709026,23.90031578
22.467,-2.153709026,20.31526841
22.4675,-2.150641065,21.86992051
22.468,-2.147573103,23.1913748
22.4685,-2.147573103,19.71266858
22.469,-2.144505141,21.35771066
22.4695,-2.14143718,22.75599642
22.47,-2.14143718,19.34259696
22.4705,-2.138369218,21.04314978
22.471,-2.135301257,22.48861968
22.4715,-2.135301257,19.11532672
22.472,-2.132233295,20.84997008
22.4725,-2.132233295,17.72247457
22.473,-2.129165334,19.66604575
22.4735,-2.126097372,21.31808125
22.474,-2.126097372,18.12036906
22.4745,-2.12302941,20.00425607
22.475,-2.12302941,17.00361766
22.4755,-2.119961449,19.05501737
22.476,-2.116893487,20.79870713
22.4765,-2.116893487,17.67890106
22.477,-2.113825526,19.62900826
22.4775,-2.110757564,21.28659939
22.478,-2.110757564,18.09360948
22.4785,-2.107689603,19.98151042
22.479,-2.107689603,16.98428386
22.4795,-2.104621641,19.03858364
22.48,-2.104621641,16.1827961
22.4805,-2.101553679,18.35731905
22.481,-2.101553679,15.60372119
22.4815,-2.098485718,17.86510537
22.482,-2.098485718,15.18533957
22.4825,-2.095417756,17.509481
22.483,-2.092349795,19.48500121
22.4835,-2.092349795,16.56225103
22.484,-2.089281833,18.67985574
22.4845,-2.089281833,15.87787738
22.485,-2.086213872,18.09813813
22.4855,-2.086213872,15.38341741
22.486,-2.08314591,17.67784717
22.4865,-2.08314591,15.02617009
22.487,-2.080077948,17.37418694
22.4875,-2.080077948,14.7680589
22.488,-2.077009987,17.15479243
22.4885,-2.077009987,14.58157356
22.489,-2.077009987,12.39433753
22.4895,-2.073942025,15.13712926
22.49,-2.073942025,12.86655987
22.4905,-2.070874064,15.53851826
22.491,-2.070874064,13.20774052
22.4915,-2.067806102,15.8285218
22.492,-2.067806102,13.45424353
22.4925,-2.06473814,16.03804937
22.493,-2.06473814,13.63234196
22.4935,-2.06473814,11.58749067
22.494,-2.061670179,14.45130943
22.4945,-2.061670179,12.28361302
22.495,-2.058602217,15.04301343
22.4955,-2.058602217,12.78656141
22.496,-2.058602217,10.8685772
22.4965,-2.055534256,13.84023298
22.497,-2.055534256,11.76419804
22.4975,-2.052466294,14.6015107
22.498,-2.052466294,12.41128409
22.4985,-2.052466294,10.54959148
22.499,-2.052466294,8.967152756
22.4995,-2.049398333,12.22402221
22.5,-2.049398333,10.39041888
22.5005,-2.049398333,8.831856044
22.501,-2.046330371,12.10902
22.5015,-2.046330371,10.292667
22.502,-2.046330371,8.748766951
22.5025,-2.043262409,12.03839427
22.503,-2.043262409,10.23263513
22.5035,-2.043262409,8.697739861
22.504,-2.043262409,7.393078882
22.5045,-2.043262409,6.28411705
22.505,-2.040194448,9.943441856
22.5055,-2.040194448,8.451925578
22.506,-2.040194448,7.184136741
22.5065,-2.040194448,6.10651623
22.507,-2.040194448,5.190538795
22.5075,-2.037126486,9.01390034
22.508,-2.037126486,7.661815289
22.5085,-2.037126486,6.512542995
22.509,-2.037126486,5.535661546
22.5095,-2.037126486,4.705312314
22.51,-2.037126486,3.999515467
22.5105,-2.037126486,3.399588147
22.511,-2.037126486,2.889649925
22.5115,-2.037126486,2.456202436
22.512,-2.034058525,6.689714434
22.5125,-2.034058525,5.686257269
22.513,-2.034058525,4.833318679
22.5135,-2.034058525,4.108320877
22.514,-2.034058525,3.492072745
22.5145,-2.034058525,2.968261834
22.515,-2.034058525,2.523022559
22.5155,-2.034058525,2.144569175
22.516,-2.034058525,1.822883799
22.5165,-2.034058525,1.549451229
22.517,-2.034058525,1.317033544
22.5175,-2.034058525,1.119478513
22.518,-2.034058525,0.951556736
22.5185,-2.034058525,0.808823226
22.519,-2.034058525,0.687499742
22.5195,-2.034058525,0.58437478
22.52,-2.034058525,0.496718563
22.5205,-2.034058525,0.422210779
22.521,-2.034058525,0.358879162
22.5215,-2.034058525,0.305047288
22.522,-2.034058525,0.259290195
22.5225,-2.034058525,0.220396665
22.523,-2.034058525,0.187337166
22.5235,-2.034058525,0.159236591
22.524,-2.034058525,0.135351102
22.5245,-2.034058525,0.115048437
22.525,-2.034058525,0.097791171
22.5255,-2.034058525,0.083122496
22.526,-2.034058525,0.070654121
22.5265,-2.034058525,0.060056003
22.527,-2.034058525,0.051047603
22.5275,-2.034058525,0.043390462
22.528,-2.034058525,0.036881893
22.5285,-2.034058525,0.031349609
22.529,-2.034058525,0.026647168
22.5295,-2.034058525,0.022650092
22.53,-2.034058525,0.019252579
22.5305,-2.034058525,0.016364692
22.531,-2.034058525,0.013909988
22.5315,-2.034058525,0.01182349
22.532,-2.034058525,0.010049966
22.5325,-2.034058525,0.008542471
22.533,-2.034058525,0.007261101
22.5335,-2.034058525,0.006171936
22.534,-2.034058525,0.005246145
22.5345,-2.034058525,0.004459223
22.535,-2.034058525,0.00379034
22.5355,-2.034058525,0.003221789
22.536,-2.034058525,0.002738521
22.5365,-2.034058525,0.002327743
22.537,-2.034058525,0.001978581
22.5375,-2.034058525,0.001681794
22.538,-2.034058525,0.001429525
22.5385,-2.034058525,0.001215096
22.539,-2.034058525,0.001032832
22.5395,-2.034058525,0.000877907
22.54,-2.034058525,0.000746221
22.5405,-2.034058525,0.000634288
22.541,-2.034058525,0.000539145
22.5415,-2.034058525,0.000458273
22.542,-2.034058525,0.000389532
22.5425,-2.034058525,0.000331102
22.543,-2.034058525,0.000281437
22.5435,-2.034058525,0.000239221
22.544,-2.034058525,0.000203338
22.5445,-2.034058525,0.000172837
22.545,-2.034058525,0.000146912
22.5455,-2.034058525,0.000124875
22.546,-2.034058525,0.000106144
22.5465,-2.034058525,9.02222E-05
22.547,-2.034058525,7.66889E-05
22.5475,-2.034058525,6.51855E-05
22.548,-2.034058525,5.54077E-05
22.5485,-2.034058525,4.70966E-05
22.549,-2.034058525,4.00321E-05
22.5495,-2.034058525,3.40273E-05
22.55,-2.034058525,2.89232E-05
22.5505,-2.034058525,2.45847E-05
22.551,-2.034058525,2.0897E-05
22.5515,-2.034058525,1.77624E-05
22.552,-2.034058525,1.50981E-05
22.5525,-2.030990563,4.601955197
22.553,-2.030990563,3.911661917
22.5535,-2.030990563,3.32491263
22.554,-2.030990563,2.826175735
22.5545,-2.030990563,2.402249375
22.555,-2.030990563,2.041911969
22.5555,-2.030990563,1.735625173
22.556,-2.030990563,1.475281397
22.5565,-2.030990563,1.253989188
22.557,-2.030990563,1.06589081
22.5575,-2.030990563,0.906007188
22.558,-2.030990563,0.77010611
22.5585,-2.030990563,0.654590193
22.559,-2.030990563,0.556401664
22.5595,-2.030990563,0.472941415
22.56,-2.030990563,0.402000203
22.5605,-2.030990563,0.341700172
22.561,-2.030990563,0.290445146
22.5615,-2.027922602,4.848820738
22.562,-2.027922602,4.121497627
22.5625,-2.027922602,3.503272983
22.563,-2.027922602,2.977782036
22.5635,-2.027922602,2.53111473
22.564,-2.027922602,2.151447521
22.5645,-2.027922602,1.828730393
22.565,-2.027922602,1.554420834
22.5655,-2.027922602,1.321257709
22.566,-2.027922602,1.123069052
22.5665,-2.027922602,0.954608695
22.567,-2.027922602,0.81141739
22.5675,-2.027922602,0.689704782
22.568,-2.027922602,0.586249065
22.5685,-2.027922602,0.498311705
22.569,-2.027922602,0.423564949
22.5695,-2.027922602,0.360030207
22.57,-2.02485464,4.907968039
22.5705,-2.02485464,4.171772833
22.571,-2.02485464,3.546006908
22.5715,-2.02485464,3.014105872
22.572,-2.02485464,2.561989991
22.5725,-2.02485464,2.177691493
22.573,-2.02485464,1.851037769
22.5735,-2.02485464,1.573382103
22.574,-2.02485464,1.337374788
22.5745,-2.02485464,1.13676857
22.575,-2.02485464,0.966253284
22.5755,-2.02485464,0.821315292
22.576,-2.02485464,0.698117998
22.5765,-2.02485464,0.593400298
22.577,-2.02485464,0.504390253
22.5775,-2.02485464,0.428731715
22.578,-2.02485464,0.364421958
22.5785,-2.02485464,0.309758664
22.579,-2.02485464,0.263294865
22.5795,-2.02485464,0.223800635
22.58,-2.02485464,0.19023054
22.5805,-2.02485464,0.161695959
22.581,-2.02485464,0.137441565
22.5815,-2.02485464,0.11682533
22.582,-2.02485464,0.099301531
22.5825,-2.02485464,0.084406301
22.583,-2.02485464,0.071745356
22.5835,-2.02485464,0.060983553
22.584,-2.02485464,0.05183602
22.5845,-2.02485464,0.044060617
22.585,-2.02485464,0.037451524
22.5855,-2.02485464,0.031833796
22.586,-2.02485464,0.027058726
22.5865,-2.02485464,0.022999917
22.587,-2.02485464,0.01954993
22.5875,-2.02485464,0.01661744
22.588,-2.021786678,4.616067188
22.5885,-2.021786678,3.92365711
22.589,-2.021786678,3.335108543
22.5895,-2.021786678,2.834842262
22.59,-2.021786678,2.409615922
22.5905,-2.021786678,2.048173534
22.591,-2.021786678,1.740947504
22.5915,-2.021786678,1.479805378
22.592,-2.021786678,1.257834572
22.5925,-2.021786678,1.069159386
22.593,-2.021786678,0.908785478
22.5935,-2.021786678,0.772467656
22.594,-2.021786678,0.656597508
22.5945,-2.021786678,0.558107882
22.595,-2.021786678,0.474391699
22.5955,-2.021786678,0.403232945
22.596,-2.021786678,0.342748003
22.5965,-2.021786678,0.291335802
22.597,-2.021786678,0.247635432
22.5975,-2.021786678,0.210490117
22.598,-2.021786678,0.1789166
22.5985,-2.021786678,0.15207911
22.599,-2.021786678,0.129267243
22.5995,-2.021786678,0.109877157
22.6,-2.021786678,0.093395583
22.6005,-2.021786678,0.079386246
22.601,-2.021786678,0.067478309
22.6015,-2.021786678,0.057356563
22.602,-2.021786678,0.048753078
22.6025,-2.021786678,0.041440116
22.603,-2.021786678,0.035224099
22.6035,-2.021786678,0.029940484
22.604,-2.021786678,0.025449412
22.6045,-2.021786678,0.021632
22.605,-2.018718717,4.620329563
22.6055,-2.018718717,3.927280129
22.606,-2.018718717,3.33818811
22.6065,-2.018718717,2.837459893
22.607,-2.018718717,2.411840909
22.6075,-2.018718717,2.050064773
22.608,-2.018718717,1.742555057
22.6085,-2.018718717,1.481171798
22.609,-2.018718717,1.258996029
22.6095,-2.018718717,1.070146624
22.61,-2.018718717,0.909624631
22.6105,-2.018718717,0.773180936
22.611,-2.018718717,0.657203796
22.6115,-2.018718717,0.558623226
22.612,-2.018718717,0.474829742
22.6125,-2.018718717,0.403605281
22.613,-2.018718717,0.343064489
22.6135,-2.015650755,4.893547179
22.614,-2.015650755,4.159515102
22.6145,-2.015650755,3.535587837
22.615,-2.015650755,3.005249661
22.6155,-2.015650755,2.554462212
22.616,-2.015650755,2.17129288
22.6165,-2.015650755,1.845598948
22.617,-2.015650755,1.568759106
22.6175,-2.015650755,1.33344524
22.618,-2.012582794,5.735370818
22.6185,-2.012582794,4.875065195
22.619,-2.012582794,4.143805416
22.6195,-2.012582794,3.522234603
22.62,-2.012582794,2.993899413
22.6205,-2.012582794,2.544814501
22.621,-2.012582794,2.163092326
22.6215,-2.009514832,6.440570841
22.622,-2.009514832,5.474485215
22.6225,-2.009514832,4.653312432
22.623,-2.009514832,3.955315568
22.6235,-2.009514832,3.362018232
22.624,-2.009514832,2.857715498
22.6245,-2.006446871,7.031000537
22.625,-2.006446871,5.976350456
22.6255,-2.006446871,5.079897888
22.626,-2.006446871,4.317913205
22.6265,-2.006446871,3.670226224
22.627,-2.003378909,7.721634654
22.6275,-2.003378909,6.563389456
22.628,-2.003378909,5.578881037
22.6285,-2.000310947,9.343991245
22.629,-2.000310947,7.942392559
22.6295,-2.000310947,6.751033675
22.63,-2.000310947,5.738378624
22.6305,-1.997242986,9.479564194
22.631,-1.997242986,8.057629565
22.6315,-1.997242986,6.84898513
22.632,-1.994175024,10.42357972
22.6325,-1.994175024,8.860042766
22.633,-1.994175024,7.531036351
22.6335,-1.991107063,11.00332326
22.634,-1.991107063,9.352824772
22.6345,-1.991107063,7.949901057
22.635,-1.988039101,11.35935826
22.6355,-1.988039101,9.655454523
22.636,-1.98497114,12.80907871
22.6365,-1.98497114,10.8877169
22.637,-1.98497114,9.254559366
22.6375,-1.981903178,12.46831783
22.638,-1.981903178,10.59807015
22.6385,-1.978835216,13.61030199
22.639,-1.978835216,11.56875669
22.6395,-1.978835216,9.833443189
22.64,-1.975767255,12.96036907
22.6405,-1.975767255,11.01631371
22.641,-1.975767255,9.363866656
22.6415,-1.972699293,12.56122902
22.642,-1.972699293,10.67704467
22.6425,-1.972699293,9.075487968
22.643,-1.969631332,12.31610714
22.6435,-1.969631332,10.46869107
22.644,-1.969631332,8.898387406
22.6445,-1.96656337,12.16557166
22.645,-1.96656337,10.34073591
22.6455,-1.96656337,8.789625524
22.646,-1.963495408,12.07312406
22.6465,-1.963495408,10.26215545
22.647,-1.960427447,13.3247745
22.6475,-1.960427447,11.32605832
22.648,-1.960427447,9.627149573
22.6485,-1.957359485,12.7850195
22.649,-1.957359485,10.86726658
22.6495,-1.957359485,9.23717659
22.65,-1.954291524,12.45354246
22.6505,-1.954291524,10.5855111
22.651,-1.954291524,8.997684431
22.6515,-1.951223562,12.24997413
22.652,-1.951223562,10.41247801
22.6525,-1.948155601,13.45254867
22.653,-1.948155601,11.43466637
22.6535,-1.948155601,9.719466416
22.654,-1.945087639,12.86348882
22.6545,-1.945087639,10.93396549
22.655,-1.942019677,13.89581303
22.6555,-1.942019677,11.81144108
22.656,-1.942019677,10.03972492
22.6565,-1.938951716,13.13570854
22.657,-1.938951716,11.16535226
22.6575,-1.935883754,14.09249179
22.658,-1.935883754,11.97861802
22.6585,-1.932815793,14.78376768
22.659,-1.932815793,12.56620253
22.6595,-1.929747831,15.28321451
22.66,-1.929747831,12.99073234
22.6605,-1.929747831,11.04212248
22.661,-1.92667987,13.98774648
22.6615,-1.92667987,11.8895845
22.662,-1.923611908,14.70808919
22.6625,-1.923611908,12.50187581
22.663,-1.920543946,15.22853681
22.6635,-1.920543946,12.94425628
22.664,-1.917475985,15.60456021
22.6645,-1.917475985,13.26387617
22.665,-1.914408023,15.87623711
22.6655,-1.911340062,18.09674391
22.666,-1.911340062,15.38223232
22.6665,-1.9082721,17.67683984
22.667,-1.9082721,15.02531386
22.6675,-1.905204139,17.37345915
22.668,-1.902136177,19.36938264
22.6685,-1.902136177,16.46397524
22.669,-1.899068215,18.59632132
22.6695,-1.899068215,15.80687312
22.67,-1.896000254,18.03778452
22.6705,-1.892932292,19.9340592
22.671,-1.892932292,16.94395032
22.6715,-1.889864331,19.00430014
22.672,-1.886796369,20.75559748
22.6725,-1.886796369,17.64225786
22.673,-1.883728408,19.59786154
22.6735,-1.880660446,21.26012468
22.674,-1.880660446,18.07110597
22.6745,-1.877592484,19.96238244
22.675,-1.874524523,21.56996744
22.6755,-1.871456561,22.93641469
22.676,-1.871456561,19.49595248
22.6765,-1.8683886,21.17350198
22.677,-1.865320638,22.59941904
22.6775,-1.865320638,19.20950619
22.678,-1.862252676,20.93002262
22.6785,-1.859184715,22.39246159
22.679,-1.856116753,23.63553472
22.6795,-1.856116753,20.09020451
22.68,-1.853048792,21.6786162
22.6805,-1.84998083,23.02876613
22.681,-1.84998083,19.57445121
22.6815,-1.846912869,21.24022589
22.682,-1.843844907,22.65613437
22.6825,-1.840776945,23.85965658
22.683,-1.840776945,20.28070809
22.6835,-1.837708984,21.84054424
22.684,-1.834641022,23.16640497
22.6845,-1.831573061,24.29338659
22.685,-1.831573061,20.6493786
22.6855,-1.828505099,22.15391417
22.686,-1.825437138,23.43276941
22.6865,-1.822369176,24.51979636
22.687,-1.822369176,20.84182691
22.6875,-1.819301214,22.31749524
22.688,-1.816233253,23.57181331
22.6885,-1.813165291,24.63798368
22.689,-1.81009733,25.54422849
22.6895,-1.81009733,21.71259422
22.69,-1.807029368,23.05764745
22.6905,-1.803961407,24.2009427
22.691,-1.800893445,25.17274365
22.6915,-1.797825483,25.99877447
22.692,-1.797825483,22.0989583
22.6925,-1.794757522,23.38605692
22.693,-1.79168956,24.48009074
22.6935,-1.788621599,25.4100195
22.694,-1.785553637,26.20045894
22.6945,-1.785553637,22.2703901
22.695,-1.782485676,23.53177394
22.6955,-1.779417714,24.60395022
22.696,-1.776349752,25.51530005
22.6965,-1.773281791,26.2899474
22.697,-1.770213829,26.94839766
22.6975,-1.770213829,22.90613801
22.698,-1.767145868,24.07215967
22.6985,-1.764077906,25.06327808
22.699,-1.761009944,25.90572874
22.6995,-1.757941983,26.62181179
22.7,-1.757941983,22.62854002
22.7005,-1.754874021,23.83620138
22.701,-1.75180606,24.86271354
22.7015,-1.748738098,25.73524887
22.702,-1.745670137,26.4769039
22.7025,-1.742602175,27.10731068
22.703,-1.742602175,23.04121408
22.7035,-1.739534213,24.18697433
22.704,-1.736466252,25.16087055
22.7045,-1.73339829,25.98868233
22.705,-1.730330329,26.69232234
22.7055,-1.727262367,27.29041635
22.706,-1.727262367,23.1968539
22.7065,-1.724194406,24.31926818
22.707,-1.721126444,25.27332032
22.7075,-1.718058482,26.08426463
22.708,-1.714990521,26.7735673
22.7085,-1.711922559,27.35947457
22.709,-1.708854598,27.85749575
22.7095,-1.708854598,23.67887139
22.71,-1.705786636,24.72898304
22.7105,-1.702718675,25.62157795
22.711,-1.699650713,26.38028362
22.7115,-1.696582751,27.02518344
22.712,-1.69351479,27.57334829
22.7125,-1.69351479,23.43734605
22.713,-1.690446828,24.5236865
22.7135,-1.687378867,25.44707589
22.714,-1.684310905,26.23195687
22.7145,-1.681242944,26.8991057
22.715,-1.681242944,22.86423985
22.7155,-1.678174982,24.03654623
22.716,-1.67510702,25.03300666
22.7165,-1.672039059,25.87999803
22.717,-1.668971097,26.59994069
22.7175,-1.668971097,22.60994958
22.718,-1.665903136,23.82039951
22.7185,-1.662835174,24.84928195
22.719,-1.659767212,25.72383202
22.7195,-1.656699251,26.46719958
22.72,-1.656699251,22.49711964
22.7205,-1.653631289,23.72449406
22.721,-1.650563328,24.76776231
22.7215,-1.647495366,25.65454033
22.722,-1.647495366,21.80635928
22.7225,-1.644427405,23.13734775
22.723,-1.641359443,24.26868795
22.7235,-1.641359443,20.62838476
22.724,-1.638291481,22.13606941
22.7245,-1.63522352,23.41760136
22.725,-1.632155558,24.50690352
22.7255,-1.632155558,20.83086799
22.726,-1.629087597,22.30818016
22.7265,-1.629087597,18.96195313
22.727,-1.626019635,20.71960253
22.7275,-1.626019635,17.61166215
22.728,-1.622951674,19.57185519
22.7285,-1.622951674,16.63607691
22.729,-1.619883712,18.74260774
22.7295,-1.619883712,15.93121658
22.73,-1.61681575,18.14347645
22.7305,-1.61681575,15.42195499
22.731,-1.613747789,17.7106041
22.7315,-1.613747789,15.05401349
22.732,-1.613747789,12.79591146
22.7325,-1.610679827,15.47846711
22.733,-1.610679827,13.15669704
22.7335,-1.607611866,15.78513485
22.734,-1.604543904,18.01930699
22.7345,-1.604543904,15.31641094
22.735,-1.601475943,17.62089166
22.7355,-1.598407981,19.57970028
22.736,-1.598407981,16.64274523
22.7365,-1.595340019,18.74827581
22.737,-1.595340019,15.93603444
22.7375,-1.592272058,18.14757164
22.738,-1.589204096,20.02737826
22.7385,-1.589204096,17.02327152
22.739,-1.586136135,19.07172315
22.7395,-1.583068173,20.81290704
22.74,-1.583068173,17.69097099
22.7405,-1.580000212,19.6392677
22.741,-1.57693225,21.29531991
22.7415,-1.573864288,22.70296429
22.742,-1.573864288,19.29751965
22.7425,-1.570796327,21.00483406
22.743,-1.567728365,22.45605132
22.7435,-1.567728365,19.08764362
22.744,-1.564660404,20.82643944
22.7445,-1.561592442,22.30441589
22.745,-1.561592442,18.9587535
22.7455,-1.55852448,20.71688284
22.746,-1.55852448,17.60935042
22.7465,-1.555456519,19.56989022
22.747,-1.552388557,21.23634905
22.7475,-1.552388557,18.05089669
22.748,-1.549320596,19.94520455
22.7485,-1.549320596,16.95342387
22.749,-1.546252634,19.01235265
22.7495,-1.543184673,20.76244212
22.75,-1.543184673,17.6480758
22.7505,-1.540116711,19.60280679
22.751,-1.540116711,16.66238577
22.7515,-1.537048749,18.76497027
22.752,-1.533980788,20.55216709
22.7525,-1.533980788,17.46934203
22.753,-1.533980788,14.84894073
22.7535,-1.530912826,17.22354198
22.754,-1.527844865,19.24195305
22.7545,-1.527844865,16.35566009
22.755,-1.524776903,18.50425344
22.7555,-1.524776903,15.72861542
22.756,-1.521708942,17.97126547
22.7565,-1.521708942,15.27557565
22.757,-1.51864098,17.58618167
22.7575,-1.51864098,14.94825442
22.758,-1.515573018,17.30795862
22.7585,-1.515573018,14.71176483
22.759,-1.512505057,17.10694247
22.7595,-1.512505057,14.5409011
22.76,-1.509437095,16.9617083
22.7605,-1.509437095,14.41745205
22.761,-1.509437095,12.25483424
22.7615,-1.506369134,15.01855147
22.762,-1.506369134,12.76576875
22.7625,-1.503301172,15.4528458
22.763,-1.503301172,13.13491893
22.7635,-1.500233211,15.76662346
22.764,-1.500233211,13.40162994
22.7645,-1.497165249,15.99332781
22.765,-1.497165249,13.59432864
22.7655,-1.494097287,16.15712171
22.766,-1.494097287,13.73355345
22.7665,-1.491029326,16.2754628
22.767,-1.491029326,13.83414338
22.7675,-1.487961364,16.36096423
22.768,-1.487961364,13.9068196
22.7685,-1.484893403,16.42273902
22.769,-1.484893403,13.95932817
22.7695,-1.484893403,11.86542894
22.77,-1.481825441,14.68755697
22.7705,-1.481825441,12.48442342
22.771,-1.47875748,15.21370227
22.7715,-1.47875748,12.93164693
22.772,-1.47875748,10.99189989
22.7725,-1.475689518,13.94505727
22.773,-1.475689518,11.85329868
22.7735,-1.472621556,14.67724624
22.774,-1.472621556,12.47565931
22.7745,-1.472621556,10.60431041
22.775,-1.469553595,13.61560621
22.7755,-1.469553595,11.57326528
22.776,-1.469553595,9.837275488
22.7765,-1.466485633,12.96362653
22.777,-1.466485633,11.01908255
22.7775,-1.463417672,13.96816253
22.778,-1.463417672,11.87293815
22.7785,-1.463417672,10.09199743
22.779,-1.46034971,13.18014018
22.7795,-1.46034971,11.20311915
22.78,-1.46034971,9.522651278
22.7805,-1.457281748,12.69619595
22.781,-1.457281748,10.79176656
22.7815,-1.457281748,9.173001574
22.782,-1.454213787,12.3989937
22.7825,-1.454213787,10.53914465
22.783,-1.454213787,8.958272949
22.7835,-1.451145825,12.21647437
22.784,-1.451145825,10.38400322
22.7845,-1.451145825,8.826402733
22.785,-1.448077864,12.10438469
22.7855,-1.448077864,10.28872698
22.786,-1.448077864,8.745417936
22.7865,-1.445009902,12.03554761
22.787,-1.445009902,10.23021547
22.7875,-1.445009902,8.695683148
22.788,-1.441941941,11.99327304
22.7885,-1.441941941,10.19428208
22.789,-1.441941941,8.665139771
22.7895,-1.438873979,11.96731117
22.79,-1.438873979,10.17221449
22.7905,-1.438873979,8.64638232
22.791,-1.435806017,11.95136734
22.7915,-1.435806017,10.15866223
22.792,-1.435806017,8.6348629
22.7925,-1.432738056,11.94157583
22.793,-1.432738056,10.15033945
22.7935,-1.432738056,8.627788536
22.794,-1.429670094,11.93556262
22.7945,-1.429670094,10.14522823
22.795,-1.429670094,8.623443992
22.7955,-1.429670094,7.329927394
22.796,-1.429670094,6.230438285
22.7965,-1.426602133,9.897814906
22.797,-1.426602133,8.41314267
22.7975,-1.426602133,7.151171269
22.798,-1.426602133,6.078495579
22.7985,-1.426602133,5.166721242
22.799,-1.426602133,4.391713056
22.7995,-1.426602133,3.732956097
22.8,-1.426602133,3.173012683
22.8005,-1.426602133,2.69706078
22.801,-1.426602133,2.292501663
22.8015,-1.426602133,1.948626414
22.802,-1.426602133,1.656332452
22.8025,-1.426602133,1.407882584
22.803,-1.426602133,1.196700196
22.8035,-1.426602133,1.017195167
22.804,-1.426602133,0.864615892
22.8045,-1.426602133,0.734923508
22.805,-1.426602133,0.624684982
22.8055,-1.426602133,0.530982235
22.806,-1.426602133,0.451334899
22.8065,-1.426602133,0.383634664
22.807,-1.426602133,0.326089465
22.8075,-1.426602133,0.277176045
22.808,-1.426602133,0.235599638
22.8085,-1.426602133,0.200259693
22.809,-1.426602133,0.170220739
22.8095,-1.426602133,0.144687628
22.81,-1.426602133,0.122984484
22.8105,-1.426602133,0.104536811
22.811,-1.426602133,0.088856289
22.8115,-1.426602133,0.075527846
22.812,-1.426602133,0.064198669
22.8125,-1.426602133,0.054568869
22.813,-1.426602133,0.046383538
22.8135,-1.426602133,0.039426008
22.814,-1.426602133,0.033512107
22.8145,-1.426602133,0.028485291
22.815,-1.426602133,0.024212497
22.8155,-1.426602133,0.020580622
22.816,-1.426602133,0.017493529
22.8165,-1.426602133,0.0148695
22.817,-1.426602133,0.012639075
22.8175,-1.426602133,0.010743214
22.818,-1.426602133,0.009131732
22.8185,-1.426602133,0.007761972
22.819,-1.426602133,0.006597676
22.8195,-1.426602133,0.005608025
22.82,-1.426602133,0.004766821
22.8205,-1.426602133,0.004051798
22.821,-1.426602133,0.003444028
22.8215,-1.426602133,0.002927424
22.822,-1.426602133,0.00248831
22.8225,-1.426602133,0.002115064
22.823,-1.426602133,0.001797804
22.8235,-1.426602133,0.001528134
22.824,-1.426602133,0.001298914
22.8245,-1.426602133,0.001104077
22.825,-1.426602133,0.000938465
22.8255,-1.426602133,0.000797695
22.826,-1.426602133,0.000678041
22.8265,-1.426602133,0.000576335
22.827,-1.426602133,0.000489885
22.8275,-1.426602133,0.000416402
22.828,-1.426602133,0.000353942
22.8285,-1.426602133,0.00030085
22.829,-1.426602133,0.000255723
22.8295,-1.426602133,0.000217364
22.83,-1.426602133,0.00018476
22.8305,-1.426602133,0.000157046
22.831,-1.426602133,0.000133489
22.8315,-1.426602133,0.000113466
22.832,-1.426602133,9.64457E-05
22.8325,-1.426602133,8.19789E-05
22.833,-1.426602133,6.9682E-05
22.8335,-1.426602133,5.92297E-05
22.834,-1.426602133,5.03453E-05
22.8345,-1.426602133,4.27935E-05
22.835,-1.423534171,4.601978738
22.8355,-1.423534171,3.911681927
22.836,-1.423534171,3.324929638
22.8365,-1.423534171,2.826190193
22.837,-1.423534171,2.402261664
22.8375,-1.423534171,2.041922414
22.838,-1.423534171,1.735634052
22.8385,-1.423534171,1.475288944
22.839,-1.423534171,1.253995603
22.8395,-1.423534171,1.065896262
22.84,-1.423534171,0.906011823
22.8405,-1.423534171,0.770110049
22.841,-1.423534171,0.654593542
22.8415,-1.423534171,0.556404511
22.842,-1.423534171,0.472943834
22.8425,-1.423534171,0.402002259
22.843,-1.423534171,0.34170192
22.8435,-1.423534171,0.290446632
22.844,-1.423534171,0.246879637
22.8445,-1.423534171,0.209847692
22.845,-1.423534171,0.178370538
22.8455,-1.423534171,0.151614957
22.846,-1.423534171,0.128872714
22.8465,-1.423534171,0.109541807
22.847,-1.423534171,0.093110536
22.8475,-1.423534171,0.079143955
22.848,-1.423534171,0.067272362
22.8485,-1.423534171,0.057181508
22.849,-1.423534171,0.048604282
22.8495,-1.423534171,0.041313639
22.85,-1.423534171,0.035116593
22.8505,-1.423534171,0.029849104
22.851,-1.423534171,0.025371739
22.8515,-1.42046621,4.623508342
22.852,-1.42046621,3.92998209
22.8525,-1.42046621,3.340484777
22.853,-1.42046621,2.83941206
22.8535,-1.42046621,2.413500251
22.854,-1.42046621,2.051475214
22.8545,-1.42046621,1.743753932
22.855,-1.42046621,1.482190842
22.8555,-1.42046621,1.259862216
22.856,-1.42046621,1.070882883
22.8565,-1.42046621,0.910250451
22.857,-1.42046621,0.773712883
22.8575,-1.42046621,0.657655951
22.858,-1.42046621,0.559007558
22.8585,-1.42046621,0.475156424
22.859,-1.42046621,0.403882961
22.8595,-1.42046621,0.343300517
22.86,-1.42046621,0.291805439
22.8605,-1.42046621,0.248034623
22.861,-1.42046621,0.21082943
22.8615,-1.42046621,0.179205015
22.862,-1.42046621,0.152324263
22.8625,-1.42046621,0.129475624
22.863,-1.42046621,0.11005428
22.8635,-1.42046621,0.093546138
22.864,-1.42046621,0.079514217
22.8645,-1.42046621,0.067587085
22.865,-1.42046621,0.057449022
22.8655,-1.417398248,4.650774032
22.866,-1.417398248,3.953157928
22.8665,-1.417398248,3.360184238
22.867,-1.417398248,2.856156603
22.8675,-1.417398248,2.427733112
22.868,-1.417398248,2.063573145
22.8685,-1.417398248,1.754037174
22.869,-1.417398248,1.490931598
22.8695,-1.417398248,1.267291858
22.87,-1.417398248,1.077198079
22.8705,-1.417398248,0.915618367
22.871,-1.417398248,0.778275612
22.8715,-1.417398248,0.66153427
22.872,-1.417398248,0.56230413
22.8725,-1.417398248,0.47795851
22.873,-1.414330286,5.008207097
22.8735,-1.414330286,4.256976033
22.874,-1.414330286,3.618429628
22.8745,-1.414330286,3.075665184
22.875,-1.414330286,2.614315406
22.8755,-1.414330286,2.222168095
22.876,-1.411262325,6.490785245
22.8765,-1.411262325,5.517167458
22.877,-1.411262325,4.689592339
22.8775,-1.411262325,3.986153488
22.878,-1.411262325,3.388230465
22.8785,-1.411262325,2.879995895
22.879,-1.408194363,7.049938875
22.8795,-1.408194363,5.992448043
22.88,-1.408194363,5.093580837
22.8805,-1.408194363,4.329543711
22.881,-1.405126402,8.282054518
22.8815,-1.405126402,7.039746341
22.882,-1.405126402,5.98378439
22.8825,-1.40205844,9.688159095
22.883,-1.40205844,8.234935231
22.8835,-1.40205844,6.999694946
22.884,-1.398990479,10.55168307
22.8845,-1.398990479,8.968930608
22.885,-1.398990479,7.623591016
22.8855,-1.395922517,11.08199473
22.886,-1.395922517,9.419695518
22.8865,-1.395922517,8.006741191
22.887,-1.392854555,11.40767238
22.8875,-1.392854555,9.696521519
22.888,-1.389786594,12.84398566
22.8885,-1.389786594,10.91738781
22.889,-1.386718632,13.881722
22.8895,-1.383650671,16.40140606
22.89,-1.383650671,13.94119515
22.8905,-1.380582709,16.45195824
22.891,-1.377514748,18.58610687
22.8915,-1.377514748,15.79819084
22.892,-1.374446786,18.03040458
22.8925,-1.371378824,19.92778626
22.893,-1.371378824,16.93861832
22.8935,-1.368310863,18.99976793
22.894,-1.365242901,20.75174511
22.8945,-1.36217494,22.2409257
22.895,-1.359106978,23.50672921
22.8955,-1.359106978,19.98071983
22.896,-1.356039016,21.58555422
22.8965,-1.352971055,22.94966345
22.897,-1.349903093,24.1091563
22.8975,-1.346835132,25.09472522
22.898,-1.34376717,25.9324588
22.8985,-1.34376717,22.04258998
22.899,-1.340699209,23.33814384
22.8995,-1.337631247,24.43936463
22.9,-1.334563285,25.3754023
22.9005,-1.331495324,26.17103432
22.901,-1.328427362,26.84732153
22.9015,-1.328427362,22.8202233
22.902,-1.325359401,23.99913217
22.9025,-1.322291439,25.00120471
22.903,-1.319223478,25.85296637
22.9035,-1.316155516,26.57696378
22.904,-1.316155516,22.59041921
22.9045,-1.313087554,23.80379869
22.905,-1.310019593,24.83517125
22.9055,-1.306951631,25.71183793
22.906,-1.30388367,26.4570046
22.9065,-1.300815708,27.09039628
22.907,-1.300815708,23.02683683
22.9075,-1.297747747,24.17475367
22.908,-1.294679785,25.15048299
22.9085,-1.291611823,25.9798529
22.909,-1.288543862,26.68481733
22.9095,-1.288543862,22.68209473
22.91,-1.2854759,23.88172288
22.9105,-1.282407939,24.90140682
22.911,-1.279339977,25.76813816
22.9115,-1.276272016,26.5048598
22.912,-1.273204054,27.13107319
22.9125,-1.273204054,23.06141221
22.913,-1.270136092,24.20414274
22.9135,-1.267068131,25.1754637
22.914,-1.264000169,26.00108651
22.9145,-1.260932208,26.70286589
22.915,-1.257864246,27.29937837
22.9155,-1.254796284,27.80641398
22.916,-1.254796284,23.63545188
22.9165,-1.251728323,24.69207646
22.917,-1.248660361,25.59020736
22.9175,-1.2455924,26.35361862
22.918,-1.242524438,27.00251819
22.9185,-1.242524438,22.95214046
22.919,-1.239456477,24.11126176
22.9195,-1.236388515,25.09651486
22.92,-1.233320553,25.93397999
22.9205,-1.230252592,26.64582536
22.921,-1.22718463,27.25089392
22.9215,-1.224116669,27.76520219
22.922,-1.224116669,23.60042186
22.9225,-1.221048707,24.66230095
22.923,-1.217980746,25.56489817
22.9235,-1.214912784,26.33210581
22.924,-1.211844822,26.9842323
22.9245,-1.211844822,22.93659746
22.925,-1.208776861,24.0980502
22.9255,-1.205708899,25.08528503
22.926,-1.202640938,25.92443464
22.9265,-1.199572976,26.63771181
22.927,-1.196505015,27.2439974
22.9275,-1.196505015,23.15739779
22.928,-1.193437053,24.28573049
22.9285,-1.190369091,25.24481328
22.929,-1.18730113,26.06003365
22.9295,-1.18730113,22.1510286
22.93,-1.184233168,23.43031668
22.9305,-1.181165207,24.51771154
22.931,-1.178097245,25.44199717
22.9315,-1.175029284,26.22763996
22.932,-1.175029284,22.29349396
22.9325,-1.171961322,23.55141223
22.933,-1.16889336,24.62064276
22.9335,-1.165825399,25.52948871
22.934,-1.165825399,21.7000654
22.9345,-1.162757437,23.04699796
22.935,-1.159689476,24.19189063
22.9355,-1.156621514,25.1650494
22.936,-1.156621514,21.39029199
22.9365,-1.153553552,22.78369055
22.937,-1.150485591,23.96807933
22.9375,-1.147417629,24.9748098
22.938,-1.147417629,21.22858833
22.9385,-1.144349668,22.64624244
22.939,-1.141281706,23.85124844
22.9395,-1.141281706,20.27356117
22.94,-1.138213745,21.83446936
22.9405,-1.135145783,23.16124132
22.941,-1.132077821,24.28899749
22.9415,-1.132077821,20.64564786
22.942,-1.12900986,22.15074305
22.9425,-1.12900986,18.82813159
22.943,-1.125941898,20.60585422
22.9435,-1.122873937,22.11691845
22.944,-1.122873937,18.79938068
22.9445,-1.119805975,20.58141594
22.945,-1.116738014,22.09614591
22.9455,-1.116738014,18.78172403
22.946,-1.113670052,20.56640779
22.9465,-1.113670052,17.48144662
22.947,-1.11060209,19.46117199
22.9475,-1.11060209,16.54199619
22.948,-1.107534129,18.66263913
22.9485,-1.107534129,15.86324326
22.949,-1.104466167,18.08569913
22.9495,-1.104466167,15.37284426
22.95,-1.101398206,17.66885999
22.9505,-1.101398206,15.01853099
22.951,-1.098330244,17.3676937
22.9515,-1.098330244,14.76253965
22.952,-1.095262283,17.15010106
22.9525,-1.095262283,14.57758591
22.953,-1.092194321,16.99289038
22.9535,-1.092194321,14.44395683
22.954,-1.092194321,12.2773633
22.9545,-1.089126359,15.03770117
22.955,-1.089126359,12.78204599
22.9555,-1.086058398,15.46668146
22.956,-1.086058398,13.14667924
22.9565,-1.082990436,15.77661972
22.957,-1.082990436,13.41012676
22.9575,-1.082990436,11.39860775
22.958,-1.079922475,14.29075895
22.9585,-1.079922475,12.14714511
22.959,-1.076854513,14.9270157
22.9595,-1.076854513,12.68796335
22.96,-1.076854513,10.78476885
22.9605,-1.073786552,13.76899588
22.961,-1.073786552,11.7036465
22.9615,-1.073786552,9.948099525
22.962,-1.07071859,13.05782696
22.9625,-1.07071859,11.09915292
22.963,-1.07071859,9.434279979
22.9635,-1.067650628,12.62108035
22.964,-1.067650628,10.72791829
22.9645,-1.067650628,9.11873055
22.965,-1.067650628,7.750920967
22.9655,-1.064582667,11.19022519
22.966,-1.064582667,9.511691408
22.9665,-1.064582667,8.084937697
22.967,-1.064582667,6.872197042
22.9675,-1.061514705,10.44330985
22.968,-1.061514705,8.876813372
22.9685,-1.061514705,7.545291366
22.969,-1.061514705,6.413497661
22.9695,-1.061514705,5.451473012
22.97,-1.058446744,9.235694424
22.9705,-1.058446744,7.85034026
22.971,-1.058446744,6.672789221
22.9715,-1.058446744,5.671870838
22.972,-1.058446744,4.821090212
22.9725,-1.055378782,8.699869044
22.973,-1.055378782,7.394888688
22.9735,-1.055378782,6.285655384
22.974,-1.055378782,5.342807077
22.9745,-1.055378782,4.541386015
22.975,-1.055378782,3.860178113
22.9755,-1.055378782,3.281151396
22.976,-1.055378782,2.788978687
22.9765,-1.055378782,2.370631884
22.977,-1.05231082,6.616979465
22.9775,-1.05231082,5.624432545
22.978,-1.05231082,4.780767663
22.9785,-1.05231082,4.063652514
22.979,-1.05231082,3.454104637
22.9795,-1.05231082,2.935988941
22.98,-1.05231082,2.4955906
22.9805,-1.05231082,2.12125201
22.981,-1.05231082,1.803064209
22.9815,-1.05231082,1.532604577
22.982,-1.05231082,1.302713891
22.9825,-1.05231082,1.107306807
22.983,-1.05231082,0.941210786
22.9835,-1.05231082,0.800029168
22.984,-1.05231082,0.680024793
22.9845,-1.05231082,0.578021074
22.985,-1.05231082,0.491317913
22.9855,-1.05231082,0.417620226
22.986,-1.05231082,0.354977192
22.9865,-1.05231082,0.301730613
22.987,-1.05231082,0.256471021
22.9875,-1.05231082,0.218000368
22.988,-1.05231082,0.185300313
22.9885,-1.05231082,0.157505266
22.989,-1.05231082,0.133879476
22.9895,-1.05231082,0.113797555
22.99,-1.05231082,0.096727921
22.9905,-1.05231082,0.082218733
22.991,-1.05231082,0.069885923
22.9915,-1.05231082,0.059403035
22.992,-1.05231082,0.05049258
22.9925,-1.05231082,0.042918693
22.993,-1.05231082,0.036480889
22.9935,-1.05231082,0.031008755
22.994,-1.05231082,0.026357442
22.9945,-1.05231082,0.022403826
22.995,-1.05231082,0.019043252
22.9955,-1.05231082,0.016186764
22.996,-1.05231082,0.01375875
22.9965,-1.05231082,0.011694937
22.997,-1.05231082,0.009940697
22.9975,-1.05231082,0.008449592
22.998,-1.05231082,0.007182153
22.9985,-1.05231082,0.00610483
22.999,-1.05231082,0.005189106
22.9995,-1.05231082,0.00441074
23,-1.05231082,0.003749129
23.0005,-1.05231082,0.00318676
23.001,-1.05231082,0.002708746
23.0015,-1.05231082,0.002302434
23.002,-1.05231082,0.001957069
23.0025,-1.05231082,0.001663508
23.003,-1.05231082,0.001413982
23.0035,-1.05231082,0.001201885
23.004,-1.05231082,0.001021602
23.0045,-1.05231082,0.000868362
23.005,-1.05231082,0.000738108
23.0055,-1.05231082,0.000627391
23.006,-1.05231082,0.000533283
23.0065,-1.05231082,0.00045329
23.007,-1.05231082,0.000385297
23.0075,-1.05231082,0.000327502
23.008,-1.05231082,0.000278377
23.0085,-1.05231082,0.00023662
23.009,-1.05231082,0.000201127
23.0095,-1.05231082,0.000170958
23.01,-1.05231082,0.000145314
23.0105,-1.05231082,0.000123517
23.011,-1.05231082,0.00010499
23.0115,-1.05231082,8.92413E-05
23.012,-1.05231082,7.58551E-05
23.0125,-1.05231082,6.44768E-05
23.013,-1.05231082,5.48053E-05
23.0135,-1.05231082,4.65845E-05
23.014,-1.05231082,3.95968E-05
23.0145,-1.05231082,3.36573E-05
23.015,-1.05231082,2.86087E-05
23.0155,-1.05231082,2.43174E-05
23.016,-1.05231082,2.06698E-05
23.0165,-1.05231082,1.75693E-05
23.017,-1.05231082,1.49339E-05
23.0175,-1.05231082,1.26938E-05
23.018,-1.05231082,1.07898E-05
23.0185,-1.05231082,9.17129E-06
23.019,-1.05231082,7.7956E-06
23.0195,-1.05231082,6.62626E-06
23.02,-1.05231082,5.63232E-06
23.0205,-1.05231082,4.78747E-06
23.021,-1.05231082,4.06935E-06
23.0215,-1.05231082,3.45895E-06
23.022,-1.05231082,2.94011E-06
23.0225,-1.05231082,2.49909E-06
23.023,-1.05231082,2.12423E-06
23.0235,-1.05231082,1.80559E-06
23.024,-1.05231082,1.53475E-06
23.0245,-1.05231082,1.30454E-06
23.025,-1.05231082,1.10886E-06
23.0255,-1.05231082,9.42531E-07
23.026,-1.05231082,8.01151E-07
23.0265,-1.05231082,6.80979E-07
23.027,-1.05231082,5.78832E-07
23.0275,-1.05231082,4.92007E-07
23.028,-1.05231082,4.18206E-07
23.0285,-1.05231082,3.55475E-07
23.029,-1.05231082,3.02154E-07
23.0295,-1.05231082,2.56831E-07
23.03,-1.05231082,2.18306E-07
23.0305,-1.05231082,1.8556E-07
23.031,-1.05231082,1.57726E-07
23.0315,-1.05231082,1.34067E-07
23.032,-1.05231082,1.13957E-07
23.0325,-1.05231082,9.68636E-08
23.033,-1.05231082,8.2334E-08
23.0335,-1.05231082,6.99839E-08
23.034,-1.05231082,5.94863E-08
23.0345,-1.05231082,5.05634E-08
23.035,-1.05231082,4.29789E-08
23.0355,-1.05231082,3.65321E-08
23.036,-1.05231082,3.10522E-08
23.0365,-1.05231082,2.63944E-08
23.037,-1.05231082,2.24352E-08
23.0375,-1.05231082,1.907E-08
23.038,-1.05231082,1.62095E-08
23.0385,-1.05231082,1.3778E-08
23.039,-1.05231082,1.17113E-08
23.0395,-1.05231082,9.95464E-09
23.04,-1.05231082,8.46144E-09
23.0405,-1.05231082,7.19223E-09
23.041,-1.05231082,6.11339E-09
23.0415,-1.05231082,5.19638E-09
23.042,-1.05231082,4.41693E-09
23.0425,-1.05231082,3.75439E-09
23.043,-1.05231082,3.19123E-09
23.0435,-1.05231082,2.71254E-09
23.044,-1.05231082,2.30566E-09
23.0445,-1.05231082,1.95981E-09
23.045,-1.05231082,1.66584E-09
23.0455,-1.05231082,1.41597E-09
23.046,-1.05231082,1.20357E-09
23.0465,-1.05231082,1.02303E-09
23.047,-1.05231082,8.6958E-10
23.0475,-1.05231082,7.39143E-10
23.048,-1.05231082,6.28271E-10
23.0485,-1.05231082,5.34031E-10
23.049,-1.05231082,4.53926E-10
23.0495,-1.05231082,3.85837E-10
23.05,-1.05231082,3.27962E-10
23.0505,-1.05231082,2.78767E-10
23.051,-1.05231082,2.36952E-10
23.0515,-1.05231082,2.01409E-10
23.052,-1.05231082,1.71198E-10
23.0525,-1.049242859,4.601942364
23.053,-1.049242859,3.911651009
23.0535,-1.049242859,3.324903358
23.054,-1.049242859,2.826167854
23.0545,-1.049242859,2.402242676
23.055,-1.049242859,2.041906275
23.0555,-1.049242859,1.735620333
23.056,-1.049242859,1.475277283
23.0565,-1.049242859,1.253985691
23.057,-1.049242859,1.065887837
23.0575,-1.049242859,0.906004662
23.058,-1.049242859,0.770103962
23.0585,-1.049242859,0.654588368
23.059,-1.049242859,0.556400113
23.0595,-1.049242859,0.472940096
23.06,-1.049242859,0.401999082
23.0605,-1.049242859,0.341699219
23.061,-1.049242859,0.290444336
23.0615,-1.049242859,0.246877686
23.062,-1.049242859,0.209846033
23.0625,-1.046174897,4.780311492
23.063,-1.046174897,4.063264768
23.0635,-1.046174897,3.453775053
23.064,-1.046174897,2.935708795
23.0645,-1.046174897,2.495352476
23.065,-1.046174897,2.121049604
23.0655,-1.046174897,1.802892164
23.066,-1.043106936,6.134400703
23.0665,-1.043106936,5.214240597
23.067,-1.043106936,4.432104508
23.0675,-1.043106936,3.767288832
23.068,-1.043106936,3.202195507
23.0685,-1.043106936,2.721866181
23.069,-1.040038974,6.915528617
23.0695,-1.040038974,5.878199325
23.07,-1.040038974,4.996469426
23.0705,-1.040038974,4.246999012
23.071,-1.040038974,3.60994916
23.0715,-1.036971013,7.67039915
23.072,-1.036971013,6.519839277
23.0725,-1.036971013,5.541863386
23.073,-1.036971013,4.710583878
23.0735,-1.033903051,8.60593866
23.074,-1.033903051,7.315047861
23.0745,-1.033903051,6.217790682
23.075,-1.030835089,9.887064443
23.0755,-1.030835089,8.404004777
23.076,-1.030835089,7.14340406
23.0765,-1.027767128,10.67383581
23.077,-1.027767128,9.072760443
23.0775,-1.024699166,12.31378874
23.078,-1.024699166,10.46672043
23.0785,-1.024699166,8.896712365
23.079,-1.021631205,12.16414787
23.0795,-1.021631205,10.33952569
23.08,-1.018563243,13.3905392
23.0805,-1.018563243,11.38195832
23.081,-1.015495282,14.27660694
23.0815,-1.015495282,12.1351159
23.082,-1.015495282,10.31484851
23.0825,-1.01242732,13.3695636
23.083,-1.01242732,11.36412906
23.0835,-1.009359358,14.26145206
23.084,-1.009359358,12.12223425
23.0845,-1.006291397,14.90584148
23.085,-1.006291397,12.66996526
23.0855,-1.003223435,15.37141283
23.086,-1.003223435,13.06570091
23.0865,-1.000155474,15.70778814
23.087,-1.000155474,13.35161992
23.0875,-1.000155474,11.34887693
23.088,-0.997087512,14.24848775
23.0885,-0.997087512,12.11121459
23.089,-0.997087512,10.2945324
23.0895,-0.994019551,13.3522949
23.09,-0.994019551,11.34945067
23.0905,-0.994019551,9.647033069
23.091,-0.990951589,12.80192047
23.0915,-0.990951589,10.8816324
23.092,-0.990951589,9.249387541
23.0925,-0.987883627,12.46392177
23.093,-0.987883627,10.59433351
23.0935,-0.987883627,9.005183481
23.094,-0.984815666,12.25634832
23.0945,-0.984815666,10.41789607
23.095,-0.984815666,8.855211663
23.0955,-0.984815666,7.526929914
23.096,-0.981747704,10.99983279
23.0965,-0.981747704,9.349857872
23.097,-0.981747704,7.947379191
23.0975,-0.978679743,11.35721468
23.098,-0.978679743,9.653632475
23.0985,-0.978679743,8.205587603
23.099,-0.978679743,6.974749463
23.0995,-0.978679743,5.928537043
23.1,-0.975611781,9.641198851
23.1005,-0.975611781,8.195019023
23.101,-0.975611781,6.96576617
23.1015,-0.97254382,10.52284361
23.102,-0.97254382,8.944417067
23.1025,-0.97254382,7.602754507
23.103,-0.97254382,6.462341331
23.1035,-0.97254382,5.492990131
23.104,-0.969475858,9.270983975
23.1045,-0.969475858,7.880336379
23.105,-0.969475858,6.698285922
23.1055,-0.969475858,5.693543034
23.106,-0.966407896,9.441453942
23.1065,-0.966407896,8.025235851
23.107,-0.966407896,6.821450473
23.1075,-0.966407896,5.798232902
23.108,-0.966407896,4.928497967
23.1085,-0.963339935,8.791165636
23.109,-0.963339935,7.47249079
23.1095,-0.963339935,6.351617172
23.11,-0.963339935,5.398874596
23.1105,-0.963339935,4.589043407
23.111,-0.960271973,8.502629259
23.1115,-0.960271973,7.22723487
23.112,-0.960271973,6.14314964
23.1125,-0.960271973,5.221677194
23.113,-0.960271973,4.438425615
23.1135,-0.957204012,8.374604136
23.114,-0.957204012,7.118413516
23.1145,-0.957204012,6.050651488
23.115,-0.957204012,5.143053765
23.1155,-0.957204012,4.3715957
23.116,-0.95413605,8.317798709
23.1165,-0.95413605,7.070128903
23.117,-0.95413605,6.009609567
23.1175,-0.95413605,5.108168132
23.118,-0.95413605,4.341942912
23.1185,-0.95413605,3.690651475
23.119,-0.951068088,7.738996118
23.1195,-0.951068088,6.5781467
23.12,-0.951068088,5.591424695
23.1205,-0.951068088,4.752710991
23.121,-0.951068088,4.039804342
23.1215,-0.948000127,8.035776055
23.122,-0.948000127,6.830409646
23.1225,-0.948000127,5.805848199
23.123,-0.948000127,4.934970969
23.1235,-0.948000127,4.194725324
23.124,-0.948000127,3.565516525
23.1245,-0.948000127,3.030689047
23.125,-0.944932165,7.178028053
23.1255,-0.944932165,6.101323845
23.126,-0.944932165,5.186125269
23.1265,-0.944932165,4.408206478
23.127,-0.944932165,3.746975506
23.1275,-0.944932165,3.184929181
23.128,-0.944932165,2.707189803
23.1285,-0.941864204,6.903053697
23.129,-0.941864204,5.867595642
23.1295,-0.941864204,4.987456296
23.13,-0.941864204,4.239337851
23.1305,-0.941864204,3.603437174
23.131,-0.941864204,3.062921598
23.1315,-0.941864204,2.603483358
23.132,-0.938796242,6.814903218
23.1325,-0.938796242,5.792667735
23.133,-0.938796242,4.923767575
23.1335,-0.938796242,4.185202439
23.134,-0.938796242,3.557422073
23.1345,-0.938796242,3.023808762
23.135,-0.938796242,2.570237448
23.1355,-0.938796242,2.184701831
23.136,-0.938796242,1.856996556
23.1365,-0.935728281,6.180389436
23.137,-0.935728281,5.253331021
23.1375,-0.935728281,4.465331368
23.138,-0.935728281,3.795531663
23.1385,-0.935728281,3.226201913
23.139,-0.935728281,2.742271626
23.1395,-0.935728281,2.330930882
23.14,-0.935728281,1.98129125
23.1405,-0.935728281,1.684097562
23.141,-0.932660319,6.033425292
23.1415,-0.932660319,5.128411498
23.142,-0.932660319,4.359149773
23.1425,-0.932660319,3.705277307
23.143,-0.932660319,3.149485711
23.1435,-0.932660319,2.677062855
23.144,-0.932660319,2.275503426
23.1445,-0.932660319,1.934177912
23.145,-0.932660319,1.644051226
23.1455,-0.932660319,1.397443542
23.146,-0.929592357,5.789769374
23.1465,-0.929592357,4.921303968
23.147,-0.929592357,4.183108373
23.1475,-0.929592357,3.555642117
23.148,-0.929592357,3.022295799
23.1485,-0.929592357,2.568951429
23.149,-0.929592357,2.183608715
23.1495,-0.929592357,1.856067408
23.15,-0.929592357,1.577657297
23.1505,-0.929592357,1.341008702
23.151,-0.929592357,1.139857397
23.1515,-0.929592357,0.968878787
23.152,-0.929592357,0.823546969
23.1525,-0.929592357,0.700014924
23.153,-0.929592357,0.595012685
23.1535,-0.926524396,5.107703146
23.154,-0.926524396,4.341547674
23.1545,-0.926524396,3.690315523
23.155,-0.926524396,3.136768195
23.1555,-0.926524396,2.666252965
23.156,-0.926524396,2.266315021
23.1565,-0.926524396,1.926367768
23.157,-0.926524396,1.637412602
23.1575,-0.926524396,1.391800712
23.158,-0.926524396,1.183030605
23.1585,-0.926524396,1.005576014
23.159,-0.926524396,0.854739612
23.1595,-0.926524396,0.72652867
23.16,-0.926524396,0.61754937
23.1605,-0.926524396,0.524916964
23.161,-0.926524396,0.44617942
23.1615,-0.926524396,0.379252507
23.162,-0.926524396,0.322364631
23.1625,-0.923456434,4.8759523
23.163,-0.923456434,4.144559455
23.1635,-0.923456434,3.522875537
23.164,-0.923456434,2.994444206
23.1645,-0.923456434,2.545277575
23.165,-0.923456434,2.163485939
23.1655,-0.923456434,1.838963048
23.166,-0.923456434,1.563118591
23.1665,-0.923456434,1.328650802
23.167,-0.923456434,1.129353182
23.1675,-0.923456434,0.959950205
23.168,-0.923456434,0.815957674
23.1685,-0.923456434,0.693564023
23.169,-0.923456434,0.589529419
23.1695,-0.923456434,0.501100006
23.17,-0.923456434,0.425935006
23.1705,-0.923456434,0.362044755
23.171,-0.923456434,0.307738041
23.1715,-0.923456434,0.261577335
23.172,-0.923456434,0.222340735
23.1725,-0.923456434,0.188989625
23.173,-0.923456434,0.160641181
23.1735,-0.920388473,4.738487368
23.174,-0.920388473,4.027714262
23.1745,-0.920388473,3.423557123
23.175,-0.920388473,2.910023555
23.1755,-0.920388473,2.473520021
23.176,-0.920388473,2.102492018
23.1765,-0.920388473,1.787118215
23.177,-0.920388473,1.519050483
23.1775,-0.920388473,1.291192911
23.178,-0.920388473,1.097513974
23.1785,-0.920388473,0.932886878
23.179,-0.920388473,0.792953846
23.1795,-0.920388473,0.674010769
23.18,-0.920388473,0.572909154
23.1805,-0.920388473,0.486972781
23.181,-0.920388473,0.413926864
23.1815,-0.920388473,0.351837834
23.182,-0.920388473,0.299062159
23.1825,-0.920388473,0.254202835
23.183,-0.920388473,0.21607241
23.1835,-0.920388473,0.183661548
23.184,-0.920388473,0.156112316
23.1845,-0.917320511,4.734637832
23.185,-0.917320511,4.024442158
23.1855,-0.917320511,3.420775834
23.186,-0.917320511,2.907659459
23.1865,-0.917320511,2.47151054
23.187,-0.917320511,2.100783959
23.1875,-0.917320511,1.785666365
23.188,-0.917320511,1.51781641
23.1885,-0.917320511,1.290143949
23.189,-0.917320511,1.096622356
23.1895,-0.91425255,5.534071367
23.19,-0.91425255,4.703960662
23.1905,-0.91425255,3.998366562
23.191,-0.91425255,3.398611578
23.1915,-0.91425255,2.888819841
23.192,-0.91425255,2.455496865
23.1925,-0.91425255,2.087172335
23.193,-0.911184588,6.376038849
23.1935,-0.911184588,5.419633021
23.194,-0.911184588,4.606688068
23.1945,-0.911184588,3.915684858
23.195,-0.911184588,3.328332129
23.1955,-0.908116626,7.431024674
23.196,-0.908116626,6.316370973
23.1965,-0.908116626,5.368915327
23.197,-0.905048665,9.165520391
23.1975,-0.905048665,7.790692333
23.198,-0.905048665,6.622088483
23.1985,-0.901980703,10.23071757
23.199,-0.901980703,8.696109938
23.1995,-0.901980703,7.391693447
23.2,-0.898912742,10.88488179
23.2005,-0.898912742,9.252149525
23.201,-0.89584478,12.46626946
23.2015,-0.89584478,10.59632904
23.202,-0.892776819,13.60882205
23.2025,-0.892776819,11.56749874
23.203,-0.889708857,14.43431629
23.2035,-0.886640895,16.87111121
23.204,-0.886640895,14.34044453
23.2045,-0.883572934,16.79132022
23.205,-0.883572934,14.27262218
23.2055,-0.880504972,16.73367122
23.206,-0.880504972,14.22362054
23.2065,-0.877437011,16.69201982
23.207,-0.874369049,18.79015921
23.2075,-0.874369049,15.97163533
23.208,-0.871301088,18.17783239
23.2085,-0.871301088,15.45115753
23.209,-0.868233126,17.73542627
23.2095,-0.868233126,15.07511233
23.21,-0.865165164,17.41578784
23.2105,-0.865165164,14.80341967
23.211,-0.862097203,17.18484908
23.2115,-0.862097203,14.60712172
23.212,-0.859029241,17.01799582
23.2125,-0.859029241,14.46529645
23.213,-0.85596128,16.89744435
23.2135,-0.85596128,14.36282769
23.214,-0.852893318,16.8103459
23.2145,-0.852893318,14.28879402
23.215,-0.849825356,16.74741728
23.2155,-0.849825356,14.23530469
23.216,-0.846757395,16.70195135
23.2165,-0.846757395,14.19665865
23.217,-0.843689433,16.66910221
23.2175,-0.843689433,14.16873688
23.218,-0.840621472,16.64536871
23.2185,-0.840621472,14.14856341
23.219,-0.83755351,16.62822126
23.2195,-0.83755351,14.13398807
23.22,-0.834485549,16.61583222
23.2205,-0.834485549,14.12345739
23.221,-0.831417587,16.60688114
23.2215,-0.828349625,18.71779134
23.222,-0.828349625,15.91012264
23.2225,-0.825281664,18.1255466
23.223,-0.825281664,15.40671461
23.2235,-0.822213702,17.69764979
23.224,-0.822213702,15.04300232
23.2245,-0.819145741,17.38849433
23.225,-0.819145741,14.78022018
23.2255,-0.819145741,12.56318716
23.226,-0.816077779,15.28065145
23.2265,-0.816077779,12.98855373
23.227,-0.813009818,15.64221303
23.2275,-0.813009818,13.29588108
23.228,-0.809941856,15.90344128
23.2285,-0.809941856,13.51792509
23.229,-0.806873894,16.09217869
23.2295,-0.806873894,13.67835189
23.23,-0.806873894,11.6265991
23.2305,-0.803805933,14.4845516
23.231,-0.803805933,12.31186886
23.2315,-0.800737971,15.0670309
23.232,-0.800737971,12.80697626
23.2325,-0.79767001,15.48787219
23.233,-0.79767001,13.16469136
23.2335,-0.79767001,11.18998765
23.234,-0.794602048,14.11343187
23.2345,-0.794602048,11.99641709
23.235,-0.791534087,14.79889689
23.2355,-0.791534087,12.57906236
23.236,-0.791534087,10.692203
23.2365,-0.788466125,13.69031492
23.237,-0.788466125,11.63676768
23.2375,-0.785398163,14.49319489
23.238,-0.785398163,12.31921566
23.2385,-0.785398163,10.47133331
23.239,-0.782330202,13.50257568
23.2395,-0.782330202,11.47718932
23.24,-0.782330202,9.755610926
23.2405,-0.77926224,12.89421165
23.241,-0.77926224,10.9600799
23.2415,-0.77926224,9.316067917
23.242,-0.776194279,12.52060009
23.2425,-0.776194279,10.64251008
23.243,-0.776194279,9.046133568
23.2435,-0.773126317,12.2911559
23.244,-0.773126317,10.44748251
23.2445,-0.773126317,8.880360135
23.245,-0.770058356,12.15024848
23.2455,-0.770058356,10.32771121
23.246,-0.770058356,8.778554526
23.2465,-0.766990394,12.06371371
23.247,-0.766990394,10.25415665
23.2475,-0.766990394,8.716033156
23.248,-0.763922432,12.01057055
23.2485,-0.763922432,10.20898496
23.249,-0.763922432,8.67763722
23.2495,-0.763922432,7.375991637
23.25,-0.760854471,10.87153525
23.2505,-0.760854471,9.240804967
23.251,-0.760854471,7.854684222
23.2515,-0.760854471,6.676481588
23.252,-0.757786509,10.27695171
23.2525,-0.757786509,8.735408957
23.253,-0.757786509,7.425097613
23.2535,-0.757786509,6.311332971
23.254,-0.754718548,9.966575389
23.2545,-0.754718548,8.471589081
23.255,-0.754718548,7.200850719
23.2555,-0.754718548,6.120723111
23.256,-0.754718548,5.202614644
23.2565,-0.751650586,9.024164811
23.257,-0.751650586,7.67054009
23.2575,-0.751650586,6.519959076
23.258,-0.751650586,5.541965215
23.2585,-0.751650586,4.710670433
23.259,-0.748582624,8.606012231
23.2595,-0.748582624,7.315110397
23.26,-0.748582624,6.217843837
23.2605,-0.748582624,5.285167262
23.261,-0.748582624,4.492392172
23.2615,-0.748582624,3.818533346
23.262,-0.745514663,7.847695708
23.2625,-0.745514663,6.670541352
23.263,-0.745514663,5.669960149
23.2635,-0.745514663,4.819466127
23.264,-0.745514663,4.096546208
23.2645,-0.745514663,3.482064277
23.265,-0.742446701,7.561696999
23.2655,-0.742446701,6.427442449
23.266,-0.742446701,5.463326082
23.2665,-0.742446701,4.643827169
23.267,-0.742446701,3.947253094
23.2675,-0.742446701,3.35516513
23.268,-0.73937874,7.453832724
23.2685,-0.73937874,6.335757815
23.269,-0.73937874,5.385394143
23.2695,-0.73937874,4.577585022
23.27,-0.73937874,3.890947268
23.2705,-0.73937874,3.307305178
23.271,-0.73937874,2.811209401
23.2715,-0.736310778,6.991470355
23.272,-0.736310778,5.942749802
23.2725,-0.736310778,5.051337331
23.273,-0.736310778,4.293636732
23.2735,-0.736310778,3.649591222
23.274,-0.736310778,3.102152539
23.2745,-0.736310778,2.636829658
23.275,-0.733242817,6.843247573
23.2755,-0.733242817,5.816760437
23.276,-0.733242817,4.944246371
23.2765,-0.733242817,4.202609416
23.277,-0.733242817,3.572218003
23.2775,-0.733242817,3.036385303
23.278,-0.733242817,2.580927507
23.2785,-0.733242817,2.193788381
23.279,-0.730174855,6.466662488
23.2795,-0.730174855,5.496663115
23.28,-0.730174855,4.672163647
23.2805,-0.730174855,3.9713391
23.281,-0.730174855,3.375638235
23.2815,-0.730174855,2.8692925
23.282,-0.730174855,2.438898625
23.2825,-0.730174855,2.073063831
23.283,-0.730174855,1.762104257
23.2835,-0.727106893,6.099730982
23.284,-0.727106893,5.184771334
23.2845,-0.727106893,4.407055634
23.285,-0.727106893,3.745997289
23.2855,-0.727106893,3.184097696
23.286,-0.727106893,2.706483041
23.2865,-0.727106893,2.300510585
23.287,-0.724038932,6.557376361
23.2875,-0.724038932,5.573769907
23.288,-0.724038932,4.737704421
23.2885,-0.724038932,4.027048758
23.289,-0.724038932,3.422991444
23.2895,-0.724038932,2.909542727
23.29,-0.72097097,7.075053682
23.2905,-0.72097097,6.01379563
23.291,-0.72097097,5.111726285
23.2915,-0.72097097,4.344967342
23.292,-0.72097097,3.693222241
23.2925,-0.72097097,3.139238905
23.293,-0.717903009,7.270295433
23.2935,-0.717903009,6.179751118
23.294,-0.717903009,5.25278845
23.2945,-0.717903009,4.464870183
23.295,-0.717903009,3.795139655
23.2955,-0.717903009,3.225868707
23.296,-0.714835047,7.343930765
23.2965,-0.714835047,6.24234115
23.297,-0.714835047,5.305989977
23.2975,-0.714835047,4.510091481
23.298,-0.714835047,3.833577759
23.2985,-0.711767086,7.860483459
23.299,-0.711767086,6.68141094
23.2995,-0.711767086,5.679199299
23.3,-0.711767086,4.827319404
23.3005,-0.711767086,4.103221493
23.301,-0.711767086,3.487738269
23.3015,-0.708699124,7.566519893
23.302,-0.708699124,6.431541909
23.3025,-0.708699124,5.466810622
23.303,-0.708699124,4.646789029
23.3035,-0.708699124,3.949770675
23.304,-0.708699124,3.357305073
23.3045,-0.705631162,7.455651676
23.305,-0.705631162,6.337303925
23.3055,-0.705631162,5.386708336
23.306,-0.705631162,4.578702086
23.3065,-0.705631162,3.891896773
23.307,-0.705631162,3.308112257
23.3075,-0.702563201,7.413837782
23.308,-0.702563201,6.301762115
23.3085,-0.702563201,5.356497797
23.309,-0.702563201,4.553023128
23.3095,-0.702563201,3.870069659
23.31,-0.702563201,3.28955921
23.3105,-0.702563201,2.796125328
23.311,-0.699495239,6.978648893
23.3115,-0.699495239,5.931851559
23.312,-0.699495239,5.042073825
23.3125,-0.699495239,4.285762751
23.313,-0.699495239,3.642898339
23.3135,-0.699495239,3.096463588
23.314,-0.699495239,2.63199405
23.3145,-0.699495239,2.237194942
23.315,-0.699495239,1.901615701
23.3155,-0.696427278,6.218315709
23.316,-0.696427278,5.285568353
23.3165,-0.696427278,4.4927331
23.317,-0.696427278,3.818823135
23.3175,-0.696427278,3.245999665
23.318,-0.696427278,2.759099715
23.3185,-0.696427278,2.345234758
23.319,-0.696427278,1.993449544
23.3195,-0.696427278,1.694432113
23.32,-0.696427278,1.440267296
23.3205,-0.696427278,1.224227201
23.321,-0.693359316,5.642535485
23.3215,-0.693359316,4.796155162
23.322,-0.693359316,4.076731888
23.3225,-0.693359316,3.465222105
23.323,-0.693359316,2.945438789
23.3235,-0.693359316,2.503622971
23.324,-0.693359316,2.128079525
23.3245,-0.693359316,1.808867596
23.325,-0.693359316,1.537537457
23.3255,-0.693359316,1.306906838
23.326,-0.693359316,1.110870813
23.3265,-0.693359316,0.944240191
23.327,-0.690291355,5.404546526
23.3275,-0.690291355,4.593864547
23.328,-0.690291355,3.904784865
23.3285,-0.690291355,3.319067135
23.329,-0.690291355,2.821207065
23.3295,-0.690291355,2.398026005
23.33,-0.690291355,2.038322104
23.3305,-0.690291355,1.732573789
23.331,-0.690291355,1.47268772
23.3315,-0.690291355,1.251784562
23.332,-0.690291355,1.064016878
23.3325,-0.690291355,0.904414346
23.333,-0.690291355,0.768752194
23.3335,-0.690291355,0.653439365
23.334,-0.687223393,5.157365824
23.3345,-0.687223393,4.38376095
23.335,-0.687223393,3.726196808
23.3355,-0.687223393,3.167267287
23.336,-0.687223393,2.692177194
23.3365,-0.687223393,2.288350615
23.337,-0.687223393,1.945098022
23.3375,-0.687223393,1.653333319
23.338,-0.687223393,1.405333321
23.3385,-0.687223393,1.194533323
23.339,-0.687223393,1.015353325
23.3395,-0.687223393,0.863050326
23.34,-0.687223393,0.733592777
23.3405,-0.687223393,0.62355386
23.341,-0.687223393,0.530020781
23.3415,-0.687223393,0.450517664
23.342,-0.684155431,4.984882378
23.3425,-0.684155431,4.237150021
23.343,-0.684155431,3.601577518
23.3435,-0.684155431,3.061340891
23.344,-0.684155431,2.602139757
23.3445,-0.684155431,2.211818793
23.345,-0.684155431,1.880045974
23.3455,-0.684155431,1.598039078
23.346,-0.684155431,1.358333216
23.3465,-0.684155431,1.154583234
23.347,-0.684155431,0.981395749
23.3475,-0.684155431,0.834186387
23.348,-0.684155431,0.709058429
23.3485,-0.684155431,0.602699664
23.349,-0.684155431,0.512294715
23.3495,-0.684155431,0.435450507
23.35,-0.684155431,0.370132931
23.3505,-0.684155431,0.314612992
23.351,-0.684155431,0.267421043
23.3515,-0.684155431,0.227307886
23.352,-0.684155431,0.193211703
23.3525,-0.684155431,0.164229948
23.353,-0.68108747,4.741537819
23.3535,-0.68108747,4.030307147
23.354,-0.68108747,3.425761075
23.3545,-0.68108747,2.911896913
23.355,-0.68108747,2.475112376
23.3555,-0.68108747,2.10384552
23.356,-0.68108747,1.788268692
23.3565,-0.68108747,1.520028388
23.357,-0.68108747,1.29202413
23.3575,-0.68108747,1.09822051
23.358,-0.68108747,0.933487434
23.3585,-0.68108747,0.793464319
23.359,-0.68108747,0.674444671
23.3595,-0.68108747,0.57327797
23.36,-0.68108747,0.487286275
23.3605,-0.68108747,0.414193334
23.361,-0.68108747,0.352064334
23.3615,-0.68108747,0.299254683
23.362,-0.68108747,0.254366481
23.3625,-0.68108747,0.216211509
23.363,-0.68108747,0.183779783
23.3635,-0.68108747,0.156212815
23.364,-0.68108747,0.132780893
23.3645,-0.68108747,0.112863759
23.365,-0.68108747,0.095934195
23.3655,-0.68108747,0.081544066
23.366,-0.68108747,0.069312456
23.3665,-0.68108747,0.058915588
23.367,-0.68108747,0.050078249
23.3675,-0.68108747,0.042566512
23.368,-0.68108747,0.036181535
23.3685,-0.68108747,0.030754305
23.369,-0.68108747,0.026141159
23.3695,-0.68108747,0.022219985
23.37,-0.68108747,0.018886988
23.3705,-0.68108747,0.016053939
23.371,-0.68108747,0.013645848
23.3715,-0.68108747,0.011598971
23.372,-0.68108747,0.009859126
23.3725,-0.68108747,0.008380257
23.373,-0.68108747,0.007123218
23.3735,-0.68108747,0.006054735
23.374,-0.68108747,0.005146525
23.3745,-0.678019508,4.60631691
23.375,-0.678019508,3.915369374
23.3755,-0.678019508,3.328063967
23.376,-0.678019508,2.828854372
23.3765,-0.678019508,2.404526217
23.377,-0.678019508,2.043847284
23.3775,-0.678019508,1.737270191
23.378,-0.678019508,1.476679663
23.3785,-0.678019508,1.255177713
23.379,-0.678019508,1.066901056
23.3795,-0.678019508,0.906865898
23.38,-0.678019508,0.770836013
23.3805,-0.678019508,0.655210611
23.381,-0.678019508,0.55692902
23.3815,-0.678019508,0.473389667
23.382,-0.678019508,0.402381217
23.3825,-0.678019508,0.342024034
23.383,-0.678019508,0.290720429
23.3835,-0.678019508,0.247112365
23.384,-0.678019508,0.21004551
23.3845,-0.678019508,0.178538683
23.385,-0.678019508,0.151757881
23.3855,-0.678019508,0.128994199
23.386,-0.678019508,0.109645069
23.3865,-0.678019508,0.093198309
23.387,-0.678019508,0.079218562
23.3875,-0.678019508,0.067335778
23.388,-0.678019508,0.057235411
23.3885,-0.678019508,0.0486501
23.389,-0.678019508,0.041352585
23.3895,-0.678019508,0.035149697
23.39,-0.678019508,0.029877242
23.3905,-0.678019508,0.025395656
23.391,-0.678019508,0.021586308
23.3915,-0.678019508,0.018348361
23.392,-0.678019508,0.015596107
23.3925,-0.678019508,0.013256691
23.393,-0.678019508,0.011268188
23.3935,-0.678019508,0.009577959
23.394,-0.678019508,0.008141265
23.3945,-0.678019508,0.006920076
23.395,-0.678019508,0.005882064
23.3955,-0.678019508,0.004999755
23.396,-0.678019508,0.004249791
23.3965,-0.678019508,0.003612323
23.397,-0.678019508,0.003070474
23.3975,-0.678019508,0.002609903
23.398,-0.678019508,0.002218418
23.3985,-0.678019508,0.001885655
23.399,-0.674951547,4.60354517
23.3995,-0.674951547,3.913013395
23.4,-0.674951547,3.326061386
23.4005,-0.674951547,2.827152178
23.401,-0.674951547,2.403079351
23.4015,-0.674951547,2.042617448
23.402,-0.674951547,1.736224831
23.4025,-0.674951547,1.475791107
23.403,-0.674951547,1.254422441
23.4035,-0.674951547,1.066259074
23.404,-0.674951547,0.906320213
23.4045,-0.674951547,0.770372181
23.405,-0.671883585,5.256758718
23.4055,-0.671883585,4.46824491
23.406,-0.671883585,3.798008174
23.4065,-0.671883585,3.228306948
23.407,-0.671883585,2.744060905
23.4075,-0.671883585,2.33245177
23.408,-0.668815624,6.584526368
23.4085,-0.668815624,5.596847413
23.409,-0.668815624,4.757320301
23.4095,-0.668815624,4.043722256
23.41,-0.668815624,3.437163917
23.4105,-0.665747662,7.523531693
23.411,-0.665747662,6.395001939
23.4115,-0.665747662,5.435751648
23.412,-0.665747662,4.620388901
23.4125,-0.6626797,8.52927293
23.413,-0.6626797,7.24988199
23.4135,-0.6626797,6.162399692
23.414,-0.659611739,9.839982102
23.4145,-0.659611739,8.363984786
23.415,-0.659611739,7.109387068
23.4155,-0.656543777,10.64492137
23.416,-0.656543777,9.048183166
23.4165,-0.656543777,7.690955691
23.417,-0.653475816,11.1392547
23.4175,-0.653475816,9.468366496
23.418,-0.650407854,12.65005389
23.4185,-0.650407854,10.7525458
23.419,-0.650407854,9.139663932
23.4195,-0.647339892,12.37065671
23.42,-0.647339892,10.5150582
23.4205,-0.644271931,13.53974183
23.421,-0.644271931,11.50878056
23.4215,-0.644271931,9.782463475
23.422,-0.641203969,12.91703632
23.4225,-0.641203969,10.97948087
23.423,-0.638136008,13.9345011
23.4235,-0.638136008,11.84432594
23.424,-0.638136008,10.06767705
23.4245,-0.635068046,13.15946785
23.425,-0.635068046,11.18554768
23.4255,-0.635068046,9.507715524
23.426,-0.632000085,12.68350056
23.4265,-0.632000085,10.78097548
23.427,-0.632000085,9.163829154
23.4275,-0.628932123,12.39119714
23.428,-0.628932123,10.53251757
23.4285,-0.628932123,8.952639937
23.429,-0.625864161,12.21168631
23.4295,-0.625864161,10.37993336
23.43,-0.625864161,8.822943359
23.4305,-0.6227962,12.10144422
23.431,-0.6227962,10.28622759
23.4315,-0.6227962,8.743293448
23.432,-0.619728238,12.03374179
23.4325,-0.619728238,10.22868053
23.433,-0.619728238,8.694378447
23.4335,-0.619728238,7.39022168
23.434,-0.619728238,6.281688428
23.4345,-0.616660277,9.941377527
23.435,-0.616660277,8.450170898
23.4355,-0.616660277,7.182645263
23.436,-0.616660277,6.105248474
23.4365,-0.613592315,9.791403566
23.437,-0.613592315,8.322693031
23.4375,-0.613592315,7.074289077
23.438,-0.613592315,6.013145715
23.4385,-0.613592315,5.111173858
23.439,-0.610524354,8.946440143
23.4395,-0.610524354,7.604474121
23.44,-0.610524354,6.463803003
23.4405,-0.610524354,5.494232553
23.441,-0.610524354,4.67009767
23.4415,-0.607456392,8.571525383
23.442,-0.607456392,7.285796576
23.4425,-0.607456392,6.192927089
23.443,-0.607456392,5.263988026
23.4435,-0.60438843,9.076332186
23.444,-0.60438843,7.714882358
23.4445,-0.60438843,6.557650004
23.445,-0.601320469,10.17594487
23.4455,-0.601320469,8.649553137
23.446,-0.601320469,7.352120167
23.4465,-0.601320469,6.249302142
23.447,-0.598252507,9.913849184
23.4475,-0.598252507,8.426771806
23.448,-0.598252507,7.162756035
23.4485,-0.598252507,6.08834263
23.449,-0.595184546,9.777033599
23.4495,-0.595184546,8.310478559
23.45,-0.595184546,7.063906775
23.4505,-0.592116584,10.60626312
23.451,-0.592116584,9.015323654
23.4515,-0.592116584,7.663025106
23.452,-0.592116584,6.51357134
23.4525,-0.589048623,10.138478
23.453,-0.589048623,8.617706302
23.4535,-0.589048623,7.325050357
23.454,-0.585980661,10.82823517
23.4545,-0.585980661,9.203999892
23.455,-0.585980661,7.823399908
23.4555,-0.585980661,6.649889922
23.456,-0.582912699,10.2543488
23.4565,-0.582912699,8.716196478
23.457,-0.582912699,7.408767006
23.4575,-0.582912699,6.297451955
23.458,-0.579844738,9.954776526
23.4585,-0.579844738,8.461560047
23.459,-0.579844738,7.19232604
23.4595,-0.579844738,6.113477134
23.46,-0.576776776,9.798397927
23.4605,-0.576776776,8.328638238
23.461,-0.576776776,7.079342503
23.4615,-0.576776776,6.017441127
23.462,-0.576776776,5.114824958
23.4625,-0.573708815,8.949543578
23.463,-0.573708815,7.607112041
23.4635,-0.573708815,6.466045235
23.464,-0.573708815,5.49613845
23.4645,-0.573708815,4.671717682
23.465,-0.573708815,3.97096003
23.4655,-0.570640853,7.977258389
23.466,-0.570640853,6.780669631
23.4665,-0.570640853,5.763569186
23.467,-0.570640853,4.899033808
23.4675,-0.570640853,4.164178737
23.468,-0.567572892,8.14149429
23.4685,-0.567572892,6.920270147
23.469,-0.567572892,5.882229625
23.4695,-0.567572892,4.999895181
23.47,-0.567572892,4.249910904
23.4705,-0.567572892,3.612424268
23.471,-0.567572892,3.070560628
23.4715,-0.56450493,7.211918897
23.472,-0.56450493,6.130131063
23.4725,-0.56450493,5.210611403
23.473,-0.56450493,4.429019693
23.4735,-0.56450493,3.764666739
23.474,-0.56450493,3.199966728
23.4745,-0.561436968,7.321914083
23.475,-0.561436968,6.22362697
23.4755,-0.561436968,5.290082925
23.476,-0.561436968,4.496570486
23.4765,-0.561436968,3.822084913
23.477,-0.561436968,3.248772176
23.4775,-0.561436968,2.76145635
23.478,-0.561436968,2.347237897
23.4785,-0.561436968,1.995152213
23.479,-0.558369007,6.297821744
23.4795,-0.558369007,5.353148483
23.48,-0.558369007,4.55017621
23.4805,-0.558369007,3.867649779
23.481,-0.558369007,3.287502312
23.4815,-0.558369007,2.794376965
23.482,-0.558369007,2.37522042
23.4825,-0.558369007,2.018937357
23.483,-0.555301045,6.318039117
23.4835,-0.555301045,5.37033325
23.484,-0.555301045,4.564783262
23.4845,-0.555301045,3.880065773
23.485,-0.555301045,3.298055907
23.4855,-0.555301045,2.803347521
23.486,-0.555301045,2.382845393
23.4865,-0.555301045,2.025418584
23.487,-0.555301045,1.721605796
23.4875,-0.555301045,1.463364927
23.488,-0.552233084,5.845802551
23.4885,-0.552233084,4.968932169
23.489,-0.552233084,4.223592343
23.4895,-0.552233084,3.590053492
23.49,-0.552233084,3.051545468
23.4905,-0.552233084,2.593813648
23.491,-0.552233084,2.204741601
23.4915,-0.552233084,1.874030361
23.492,-0.552233084,1.592925807
23.4925,-0.552233084,1.353986936
23.493,-0.552233084,1.150888895
23.4935,-0.552233084,0.978255561
23.494,-0.552233084,0.831517227
23.4945,-0.549165122,5.308732006
23.495,-0.549165122,4.512422205
23.4955,-0.549165122,3.835558875
23.496,-0.549165122,3.260225043
23.4965,-0.549165122,2.771191287
23.497,-0.549165122,2.355512594
23.4975,-0.549165122,2.002185705
23.498,-0.549165122,1.701857849
23.4985,-0.549165122,1.446579172
23.499,-0.549165122,1.229592296
23.4995,-0.549165122,1.045153452
23.5,-0.549165122,0.888380434
23.5005,-0.549165122,0.755123369
23.501,-0.549165122,0.641854863
23.5015,-0.549165122,0.545576634
23.502,-0.549165122,0.463740139
23.5025,-0.549165122,0.394179118
23.503,-0.54609716,4.936994614
23.5035,-0.54609716,4.196445422
23.504,-0.54609716,3.566978609
23.5045,-0.54609716,3.031931817
23.505,-0.54609716,2.577142045
23.5055,-0.54609716,2.190570738
23.506,-0.54609716,1.861985127
23.5065,-0.54609716,1.582687358
23.507,-0.54609716,1.345284254
23.5075,-0.54609716,1.143491616
23.508,-0.54609716,0.971967874
23.5085,-0.54609716,0.826172693
23.509,-0.54609716,0.702246789
23.5095,-0.54609716,0.596909771
23.51,-0.54609716,0.507373305
23.5105,-0.54609716,0.431267309
23.511,-0.54609716,0.366577213
23.5115,-0.54609716,0.311590631
23.512,-0.54609716,0.264852036
23.5125,-0.54609716,0.225124231
23.513,-0.54609716,0.191355596
23.5135,-0.54609716,0.162652257
23.514,-0.54609716,0.138254418
23.5145,-0.54609716,0.117516256
23.515,-0.54609716,0.099888817
23.5155,-0.54609716,0.084905495
23.516,-0.54609716,0.07216967
23.5165,-0.54609716,0.06134422
23.517,-0.54609716,0.052142587
23.5175,-0.54609716,0.044321199
23.518,-0.54609716,0.037673019
23.5185,-0.54609716,0.032022066
23.519,-0.54609716,0.027218756
23.5195,-0.54609716,0.023135943
23.52,-0.543029199,4.621607915
23.5205,-0.543029199,3.928366728
23.521,-0.543029199,3.339111719
23.5215,-0.543029199,2.838244961
23.522,-0.543029199,2.412508217
23.5225,-0.543029199,2.050631984
23.523,-0.543029199,1.743037187
23.5235,-0.543029199,1.481581609
23.524,-0.543029199,1.259344367
23.5245,-0.543029199,1.070442712
23.525,-0.543029199,0.909876305
23.5255,-0.543029199,0.77339486
23.526,-0.543029199,0.657385631
23.5265,-0.543029199,0.558777786
23.527,-0.543029199,0.474961118
23.5275,-0.543029199,0.40371695
23.528,-0.543029199,0.343159408
23.5285,-0.543029199,0.291685497
23.529,-0.543029199,0.247932672
23.5295,-0.543029199,0.210742771
23.53,-0.543029199,0.179131356
23.5305,-0.543029199,0.152261652
23.531,-0.543029199,0.129422404
23.5315,-0.543029199,0.110009044
23.532,-0.543029199,0.093507687
23.5325,-0.543029199,0.079481534
23.533,-0.543029199,0.067559304
23.5335,-0.543029199,0.057425408
23.534,-0.543029199,0.048811597
23.5345,-0.543029199,0.041489858
23.535,-0.543029199,0.035266379
23.5355,-0.543029199,0.029976422
23.536,-0.543029199,0.025479959
23.5365,-0.543029199,0.021657965
23.537,-0.543029199,0.01840927
23.5375,-0.543029199,0.01564788
23.538,-0.543029199,0.013300698
23.5385,-0.543029199,0.011305593
23.539,-0.543029199,0.009609754
23.5395,-0.543029199,0.008168291
23.54,-0.543029199,0.006943047
23.5405,-0.543029199,0.00590159
23.541,-0.539961237,4.606958715
23.5415,-0.539961237,3.915914908
23.542,-0.539961237,3.328527672
23.5425,-0.539961237,2.829248521
23.543,-0.539961237,2.404861243
23.5435,-0.539961237,2.044132056
23.544,-0.539961237,1.737512248
23.5445,-0.539961237,1.476885411
23.545,-0.539961237,1.255352599
23.5455,-0.539961237,1.067049709
23.546,-0.539961237,0.906992253
23.5465,-0.539961237,0.770943415
23.547,-0.539961237,0.655301903
23.5475,-0.539961237,0.557006617
23.548,-0.539961237,0.473455625
23.5485,-0.536893276,5.004379645
23.549,-0.536893276,4.253722698
23.5495,-0.536893276,3.615664293
23.55,-0.536893276,3.073314649
23.5505,-0.536893276,2.612317452
23.551,-0.536893276,2.220469834
23.5515,-0.536893276,1.887399359
23.552,-0.536893276,1.604289455
23.5525,-0.536893276,1.363646037
23.553,-0.536893276,1.159099131
23.5535,-0.533825314,5.587176625
23.554,-0.533825314,4.749100132
23.5545,-0.533825314,4.036735112
23.555,-0.533825314,3.431224845
23.5555,-0.533825314,2.916541118
23.556,-0.533825314,2.479059951
23.5565,-0.533825314,2.107200958
23.557,-0.533825314,1.791120814
23.5575,-0.533825314,1.522452692
23.558,-0.530757353,5.896027152
23.5585,-0.530757353,5.011623079
23.559,-0.530757353,4.259879617
23.5595,-0.530757353,3.620897675
23.56,-0.530757353,3.077763023
23.5605,-0.530757353,2.61609857
23.561,-0.530757353,2.223683784
23.5615,-0.527689391,6.49207358
23.562,-0.527689391,5.518262543
23.5625,-0.527689391,4.690523162
23.563,-0.527689391,3.986944688
23.5635,-0.527689391,3.388902984
23.564,-0.527689391,2.880567537
23.5645,-0.527689391,2.448482406
23.565,-0.527689391,2.081210045
23.5655,-0.524621429,6.370970902
23.566,-0.524621429,5.415325267
23.5665,-0.524621429,4.603026477
23.567,-0.524621429,3.912572505
23.5675,-0.524621429,3.32568663
23.568,-0.524621429,2.826833635
23.5685,-0.521553468,7.004750953
23.569,-0.521553468,5.95403831
23.5695,-0.521553468,5.060932564
23.57,-0.521553468,4.301792679
23.5705,-0.521553468,3.656523777
23.571,-0.521553468,3.108045211
23.5715,-0.518485506,7.243780793
23.572,-0.518485506,6.157213674
23.5725,-0.518485506,5.233631623
23.573,-0.518485506,4.448586879
23.5735,-0.518485506,3.781298847
23.574,-0.518485506,3.21410402
23.5745,-0.515417545,7.333930781
23.575,-0.515417545,6.233841164
23.5755,-0.515417545,5.298764989
23.576,-0.515417545,4.503950241
23.5765,-0.515417545,3.828357705
23.577,-0.515417545,3.254104049
23.5775,-0.512349583,7.367930805
23.578,-0.512349583,6.262741185
23.5785,-0.512349583,5.323330007
23.579,-0.512349583,4.524830506
23.5795,-0.512349583,3.84610593
23.58,-0.512349583,3.26919004
23.5805,-0.509281622,7.380753898
23.581,-0.509281622,6.273640813
23.5815,-0.509281622,5.332594691
23.582,-0.509281622,4.532705488
23.5825,-0.509281622,3.852799664
23.583,-0.509281622,3.274879715
23.5835,-0.50621366,7.385590121
23.584,-0.50621366,6.277751603
23.5845,-0.50621366,5.336088863
23.585,-0.50621366,4.535675533
23.5855,-0.50621366,3.855324203
23.586,-0.50621366,3.277025573
23.5865,-0.503145698,7.3874141
23.587,-0.503145698,6.279301985
23.5875,-0.503145698,5.337406688
23.588,-0.503145698,4.536795684
23.5885,-0.503145698,3.856276332
23.589,-0.503145698,3.277834882
23.5895,-0.503145698,2.78615965
23.59,-0.500077737,6.970178066
23.5905,-0.500077737,5.924651356
23.591,-0.500077737,5.035953653
23.5915,-0.500077737,4.280560605
23.592,-0.500077737,3.638476514
23.5925,-0.500077737,3.092705037
23.593,-0.500077737,2.628799281
23.5935,-0.500077737,2.234479389
23.594,-0.497009775,6.501249844
23.5945,-0.497009775,5.526062368
23.595,-0.497009775,4.697153013
23.5955,-0.497009775,3.992580061
23.596,-0.497009775,3.393693052
23.5965,-0.497009775,2.884639094
23.597,-0.497009775,2.45194323
23.5975,-0.497009775,2.084151745
23.598,-0.493941814,6.373471347
23.5985,-0.493941814,5.417450645
23.599,-0.493941814,4.604833048
23.5995,-0.493941814,3.914108091
23.6,-0.493941814,3.326991877
23.6005,-0.493941814,2.827943096
23.601,-0.493941814,2.403751631
23.6015,-0.493941814,2.043188887
23.602,-0.493941814,1.736710554
23.6025,-0.490873852,6.078146334
23.603,-0.490873852,5.166424384
23.6035,-0.490873852,4.391460727
23.604,-0.490873852,3.732741618
23.6045,-0.490873852,3.172830375
23.605,-0.490873852,2.696905819
23.6055,-0.490873852,2.292369946
23.606,-0.490873852,1.948514454
23.6065,-0.490873852,1.656237286
23.607,-0.490873852,1.407801693
23.6075,-0.490873852,1.196631439
23.608,-0.487805891,5.619079087
23.6085,-0.487805891,4.776217224
23.609,-0.487805891,4.05978464
23.6095,-0.487805891,3.450816944
23.61,-0.487805891,2.933194403
23.6105,-0.487805891,2.493215242
23.611,-0.487805891,2.119232956
23.6115,-0.487805891,1.801348012
23.612,-0.487805891,1.531145811
23.6125,-0.487805891,1.301473939
23.613,-0.487805891,1.106252848
23.6135,-0.487805891,0.940314921
23.614,-0.487805891,0.799267683
23.6145,-0.484737929,5.281319894
23.615,-0.484737929,4.48912191
23.6155,-0.484737929,3.815753623
23.616,-0.484737929,3.24339058
23.6165,-0.484737929,2.756881993
23.617,-0.484737929,2.343349694
23.6175,-0.484737929,1.99184724
23.618,-0.484737929,1.693070154
23.6185,-0.484737929,1.439109631
23.619,-0.484737929,1.223243186
23.6195,-0.484737929,1.039756708
23.62,-0.484737929,0.883793202
23.6205,-0.484737929,0.751224222
23.621,-0.484737929,0.638540588
23.6215,-0.484737929,0.5427595
23.622,-0.481669967,5.063287939
23.6225,-0.481669967,4.303794748
23.623,-0.481669967,3.658225536
23.6235,-0.481669967,3.109491705
23.624,-0.481669967,2.64306795
23.6245,-0.481669967,2.246607757
23.625,-0.481669967,1.909616594
23.6255,-0.481669967,1.623174105
23.626,-0.481669967,1.379697989
23.6265,-0.481669967,1.172743291
23.627,-0.481669967,0.996831797
23.6275,-0.481669967,0.847307027
23.628,-0.481669967,0.720210973
23.6285,-0.481669967,0.612179327
23.629,-0.481669967,0.520352428
23.6295,-0.478602006,5.044241928
23.63,-0.478602006,4.287605638
23.6305,-0.478602006,3.644464793
23.631,-0.478602006,3.097795074
23.6315,-0.478602006,2.633125813
23.632,-0.478602006,2.238156941
23.6325,-0.478602006,1.9024334
23.633,-0.478602006,1.61706839
23.6335,-0.478602006,1.374508131
23.634,-0.478602006,1.168331912
23.6345,-0.478602006,0.993082125
23.635,-0.478602006,0.844119806
23.6355,-0.478602006,0.717501835
23.636,-0.478602006,0.60987656
23.6365,-0.475534044,5.12033744
23.637,-0.475534044,4.352286824
23.6375,-0.475534044,3.6994438
23.638,-0.475534044,3.14452723
23.6385,-0.475534044,2.672848146
23.639,-0.475534044,2.271920924
23.6395,-0.475534044,1.931132785
23.64,-0.475534044,1.641462867
23.6405,-0.475534044,1.395243437
23.641,-0.475534044,1.185956922
23.6415,-0.475534044,1.008063383
23.642,-0.475534044,0.856853876
23.6425,-0.475534044,0.728325795
23.643,-0.472466083,5.221019289
23.6435,-0.472466083,4.437866396
23.644,-0.472466083,3.772186436
23.6445,-0.472466083,3.206358471
23.645,-0.472466083,2.7254047
23.6455,-0.472466083,2.316593995
23.646,-0.472466083,1.969104896
23.6465,-0.472466083,1.673739162
23.647,-0.472466083,1.422678287
23.6475,-0.472466083,1.209276544
23.648,-0.472466083,1.027885063
23.6485,-0.472466083,0.873702303
23.649,-0.472466083,0.742646958
23.6495,-0.472466083,0.631249914
23.65,-0.472466083,0.536562427
23.6505,-0.469398121,5.058020427
23.651,-0.469398121,4.299317363
23.6515,-0.469398121,3.654419758
23.652,-0.469398121,3.106256794
23.6525,-0.469398121,2.640318275
23.653,-0.469398121,2.244270534
23.6535,-0.469398121,1.907629954
23.654,-0.469398121,1.621485461
23.6545,-0.469398121,1.378262642
23.655,-0.469398121,1.171523245
23.6555,-0.469398121,0.995794759
23.656,-0.469398121,0.846425545
23.6565,-0.46633016,5.321404077
23.657,-0.46633016,4.523193465
23.6575,-0.46633016,3.844714445
23.658,-0.46633016,3.268007279
23.6585,-0.46633016,2.777806187
23.659,-0.46633016,2.361135259
23.6595,-0.46633016,2.00696497
23.66,-0.46633016,1.705920224
23.6605,-0.46633016,1.450032191
23.661,-0.46633016,1.232527362
23.6615,-0.46633016,1.047648258
23.662,-0.46633016,0.890501019
23.6625,-0.463262198,5.35886823
23.663,-0.463262198,4.555037995
23.6635,-0.463262198,3.871782296
23.664,-0.463262198,3.291014952
23.6645,-0.463262198,2.797362709
23.665,-0.463262198,2.377758303
23.6655,-0.463262198,2.021094557
23.666,-0.463262198,1.717930374
23.6665,-0.463262198,1.460240818
23.667,-0.463262198,1.241204695
23.6675,-0.460194236,5.656966354
23.668,-0.460194236,4.808421401
23.6685,-0.460194236,4.087158191
23.669,-0.460194236,3.474084462
23.6695,-0.460194236,2.952971793
23.67,-0.460194236,2.510026024
23.6705,-0.460194236,2.13352212
23.671,-0.460194236,1.813493802
23.6715,-0.460194236,1.541469732
23.672,-0.457126275,5.912191636
23.6725,-0.457126275,5.025362891
23.673,-0.457126275,4.271558457
23.6735,-0.457126275,3.630824688
23.674,-0.457126275,3.086200985
23.6745,-0.457126275,2.623270837
23.675,-0.457126275,2.229780212
23.6755,-0.457126275,1.89531318
23.676,-0.454058313,6.212958567
23.6765,-0.454058313,5.281014782
23.677,-0.454058313,4.488862564
23.6775,-0.454058313,3.81553318
23.678,-0.454058313,3.243203203
23.6785,-0.454058313,2.756722722
23.679,-0.454058313,2.343214314
23.6795,-0.450990352,6.593674531
23.68,-0.450990352,5.604623351
23.6805,-0.450990352,4.763929848
23.681,-0.450990352,4.049340371
23.6815,-0.450990352,3.441939315
23.682,-0.450990352,2.925648418
23.6825,-0.450990352,2.486801155
23.683,-0.44792239,6.715723346
23.6835,-0.44792239,5.708364844
23.684,-0.44792239,4.852110117
23.6845,-0.44792239,4.1242936
23.685,-0.44792239,3.50564956
23.6855,-0.44792239,2.979802126
23.686,-0.444854428,7.134774171
23.6865,-0.444854428,6.064558045
23.687,-0.444854428,5.154874338
23.6875,-0.444854428,4.381643188
23.688,-0.444854428,3.724396709
23.6885,-0.441786467,7.767679567
23.689,-0.441786467,6.602527632
23.6895,-0.441786467,5.612148487
23.69,-0.441786467,4.770326214
23.6905,-0.441786467,4.054777282
23.691,-0.438718505,8.048503053
23.6915,-0.438718505,6.841227595
23.692,-0.438718505,5.815043456
23.6925,-0.438718505,4.942786938
23.693,-0.438718505,4.201368897
23.6935,-0.438718505,3.571163562
23.694,-0.435650544,7.637431392
23.6945,-0.435650544,6.491816683
23.695,-0.435650544,5.51804418
23.6955,-0.435650544,4.690337553
23.696,-0.435650544,3.98678692
23.6965,-0.432582582,7.990711246
23.697,-0.432582582,6.792104559
23.6975,-0.432582582,5.773288875
23.698,-0.432582582,4.907295544
23.6985,-0.432582582,4.171201212
23.699,-0.432582582,3.545521031
23.6995,-0.429514621,7.61563524
23.7,-0.429514621,6.473289954
23.7005,-0.429514621,5.502296461
23.701,-0.429514621,4.676951992
23.7015,-0.429514621,3.975409193
23.702,-0.429514621,3.379097814
23.7025,-0.429514621,2.872233142
23.703,-0.429514621,2.441398171
23.7035,-0.426446659,6.677130809
23.704,-0.426446659,5.675561187
23.7045,-0.426446659,4.824227009
23.705,-0.426446659,4.100592958
23.7055,-0.426446659,3.485504014
23.706,-0.426446659,2.962678412
23.7065,-0.426446659,2.51827665
23.707,-0.423378697,6.742477516
23.7075,-0.423378697,5.731105889
23.708,-0.423378697,4.871440006
23.7085,-0.423378697,4.140724005
23.709,-0.423378697,3.519615404
23.7095,-0.423378697,2.991673093
23.71,-0.423378697,2.542922129
23.7105,-0.423378697,2.16148381
23.711,-0.423378697,1.837261238
23.7115,-0.420310736,6.163614416
23.712,-0.420310736,5.239072254
23.7125,-0.420310736,4.453211416
23.713,-0.420310736,3.785229703
23.7135,-0.420310736,3.217445248
23.714,-0.420310736,2.734828461
23.7145,-0.420310736,2.324604192
23.715,-0.420310736,1.975913563
23.7155,-0.420310736,1.679526528
23.716,-0.417242774,6.029539913
23.7165,-0.417242774,5.125108926
23.717,-0.417242774,4.356342587
23.7175,-0.417242774,3.702891199
23.718,-0.417242774,3.147457519
23.7185,-0.417242774,2.675338891
23.719,-0.417242774,2.274038058
23.7195,-0.417242774,1.932932349
23.72,-0.417242774,1.642992497
23.7205,-0.417242774,1.396543622
23.721,-0.417242774,1.187062079
23.7215,-0.414174813,5.610945131
23.722,-0.414174813,4.769303361
23.7225,-0.414174813,4.053907857
23.723,-0.414174813,3.445821678
23.7235,-0.414174813,2.928948427
23.724,-0.414174813,2.489606163
23.7245,-0.414174813,2.116165238
23.725,-0.414174813,1.798740452
23.7255,-0.414174813,1.528929385
23.726,-0.414174813,1.299589977
23.7265,-0.414174813,1.10465148
23.727,-0.411106851,5.540896122
23.7275,-0.411106851,4.709761704
23.728,-0.411106851,4.003297448
23.7285,-0.411106851,3.402802831
23.729,-0.411106851,2.892382406
23.7295,-0.411106851,2.458525045
23.73,-0.411106851,2.089746289
23.7305,-0.411106851,1.776284345
23.731,-0.411106851,1.509841693
23.7315,-0.411106851,1.283365439
23.732,-0.411106851,1.090860624
23.7325,-0.40803889,5.529173894
23.733,-0.40803889,4.69979781
23.7335,-0.40803889,3.994828138
23.734,-0.40803889,3.395603917
23.7345,-0.40803889,2.88626333
23.735,-0.40803889,2.45332383
23.7355,-0.40803889,2.085325256
23.736,-0.40803889,1.772526467
23.7365,-0.404970928,6.108589861
23.737,-0.404970928,5.192301382
23.7375,-0.404970928,4.413456175
23.738,-0.404970928,3.751437748
23.7385,-0.404970928,3.188722086
23.739,-0.404970928,2.710413773
23.7395,-0.404970928,2.303851707
23.74,-0.404970928,1.958273951
23.7405,-0.404970928,1.664532858
23.741,-0.404970928,1.41485293
23.7415,-0.404970928,1.20262499
23.742,-0.401902966,5.624173605
23.7425,-0.401902966,4.780547565
23.743,-0.401902966,4.06346543
23.7435,-0.401902966,3.453945615
23.744,-0.401902966,2.935853773
23.7445,-0.401902966,2.495475707
23.745,-0.401902966,2.121154351
23.7455,-0.401902966,1.802981198
23.746,-0.401902966,1.532534019
23.7465,-0.398835005,5.904596279
23.747,-0.398835005,5.018906838
23.7475,-0.398835005,4.266070812
23.748,-0.398835005,3.62616019
23.7485,-0.398835005,3.082236162
23.749,-0.398835005,2.619900737
23.7495,-0.398835005,2.226915627
23.75,-0.398835005,1.892878283
23.7505,-0.398835005,1.60894654
23.751,-0.398835005,1.367604559
23.7515,-0.398835005,1.162463875
23.752,-0.398835005,0.988094294
23.7525,-0.398835005,0.83988015
23.753,-0.395767043,5.315840491
23.7535,-0.395767043,4.518464417
23.754,-0.395767043,3.840694755
23.7545,-0.395767043,3.264590542
23.755,-0.395767043,2.77490196
23.7555,-0.395767043,2.358666666
23.756,-0.395767043,2.004866666
23.7565,-0.395767043,1.704136666
23.757,-0.395767043,1.448516166
23.7575,-0.395767043,1.231238741
23.758,-0.395767043,1.04655293
23.7585,-0.395767043,0.889569991
23.759,-0.392699082,5.358076856
23.7595,-0.392699082,4.554365327
23.76,-0.392699082,3.871210528
23.7605,-0.392699082,3.290528949
23.761,-0.392699082,2.796949607
23.7615,-0.392699082,2.377407166
23.762,-0.392699082,2.020796091
23.7625,-0.392699082,1.717676677
23.763,-0.392699082,1.460025176
23.7635,-0.392699082,1.241021399
23.764,-0.392699082,1.054868189
23.7645,-0.392699082,0.896637961
23.765,-0.38963112,5.36408463
23.7655,-0.38963112,4.559471936
23.766,-0.38963112,3.875551146
23.7665,-0.38963112,3.294218474
23.767,-0.38963112,2.800085703
23.7675,-0.38963112,2.380072847
23.768,-0.38963112,2.02306192
23.7685,-0.38963112,1.719602632
23.769,-0.38963112,1.461662237
23.7695,-0.38963112,1.242412902
23.77,-0.38963112,1.056050966
23.7705,-0.38963112,0.897643321
23.771,-0.386563159,5.364939187
23.7715,-0.386563159,4.560198309
23.772,-0.386563159,3.876168563
23.7725,-0.386563159,3.294743278
23.773,-0.386563159,2.800531786
23.7735,-0.386563159,2.380452018
23.774,-0.386563159,2.023384216
23.7745,-0.386563159,1.719876583
23.775,-0.386563159,1.461895096
23.7755,-0.386563159,1.242610831
23.776,-0.383495197,5.65816157
23.7765,-0.383495197,4.809437335
23.777,-0.383495197,4.088021735
23.7775,-0.383495197,3.474818474
23.778,-0.383495197,2.953595703
23.7785,-0.383495197,2.510556348
23.779,-0.383495197,2.133972896
23.7795,-0.383495197,1.813876961
23.78,-0.383495197,1.541795417
23.7805,-0.383495197,1.310526105
23.781,-0.380427235,5.715889552
23.7815,-0.380427235,4.85850612
23.782,-0.380427235,4.129730202
23.7825,-0.380427235,3.510270671
23.783,-0.380427235,2.983730071
23.7835,-0.380427235,2.53617056
23.784,-0.380427235,2.155744976
23.7845,-0.380427235,1.83238323
23.785,-0.380427235,1.557525745
23.7855,-0.380427235,1.323896883
23.786,-0.380427235,1.125312351
23.7865,-0.377359274,5.558457862
23.787,-0.377359274,4.724689183
23.7875,-0.377359274,4.015985805
23.788,-0.377359274,3.413587934
23.7885,-0.377359274,2.901549744
23.789,-0.377359274,2.466317283
23.7895,-0.377359274,2.09636969
23.79,-0.377359274,1.781914237
23.7905,-0.377359274,1.514627101
23.791,-0.377359274,1.287433036
23.7915,-0.377359274,1.094318081
23.792,-0.374291312,5.532112732
23.7925,-0.374291312,4.702295822
23.793,-0.374291312,3.996951449
23.7935,-0.374291312,3.397408732
23.794,-0.374291312,2.887797422
23.7945,-0.374291312,2.454627809
23.795,-0.374291312,2.086433637
23.7955,-0.374291312,1.773468592
23.796,-0.374291312,1.507448303
23.7965,-0.371223351,5.883273421
23.797,-0.371223351,5.000782408
23.7975,-0.371223351,4.250665047
23.798,-0.371223351,3.61306529
23.7985,-0.371223351,3.071105496
23.799,-0.371223351,2.610439672
23.7995,-0.371223351,2.218873721
23.8,-0.371223351,1.886042663
23.8005,-0.371223351,1.603136263
23.801,-0.371223351,1.362665824
23.8015,-0.368155389,5.760208314
23.802,-0.368155389,4.896177067
23.8025,-0.368155389,4.161750507
23.803,-0.368155389,3.537487931
23.8035,-0.368155389,3.006864741
23.804,-0.368155389,2.55583503
23.8045,-0.368155389,2.172459776
23.805,-0.368155389,1.846590809
23.8055,-0.365087428,6.171544551
23.806,-0.365087428,5.245812869
23.8065,-0.365087428,4.458940938
23.807,-0.365087428,3.790099798
23.8075,-0.365087428,3.221584828
23.808,-0.365087428,2.738347104
23.8085,-0.365087428,2.327595038
23.809,-0.362019466,6.580398146
23.8095,-0.362019466,5.593338424
23.81,-0.362019466,4.754337661
23.8105,-0.362019466,4.041187012
23.811,-0.362019466,3.43500896
23.8115,-0.362019466,2.919757616
23.812,-0.362019466,2.481793973
23.8125,-0.358951504,6.711467241
23.813,-0.358951504,5.704747155
23.8135,-0.358951504,4.849035082
23.814,-0.358951504,4.121679819
23.8145,-0.358951504,3.503427847
23.815,-0.358951504,2.97791367
23.8155,-0.358951504,2.531226619
23.816,-0.355883543,6.75348499
23.8165,-0.355883543,5.740462241
23.817,-0.355883543,4.879392905
23.8175,-0.355883543,4.147483969
23.818,-0.355883543,3.525361374
23.8185,-0.355883543,2.996557168
23.819,-0.355883543,2.547073593
23.8195,-0.352815581,6.766954917
23.82,-0.352815581,5.75191168
23.8205,-0.352815581,4.889124928
23.821,-0.352815581,4.155756189
23.8215,-0.352815581,3.53239276
23.822,-0.352815581,3.002533846
23.8225,-0.352815581,2.552153769
23.823,-0.34974762,6.771273068
23.8235,-0.34974762,5.755582107
23.824,-0.34974762,4.892244791
23.8245,-0.34974762,4.158408073
23.825,-0.34974762,3.534646862
23.8255,-0.34974762,3.004449832
23.826,-0.346679658,7.155724721
23.8265,-0.346679658,6.082366013
23.827,-0.346679658,5.170011111
23.8275,-0.346679658,4.394509444
23.828,-0.346679658,3.735333028
23.8285,-0.346679658,3.175033074
23.829,-0.346679658,2.698778113
23.8295,-0.343611696,6.895903759
23.83,-0.343611696,5.861518195
23.8305,-0.343611696,4.982290466
23.831,-0.343611696,4.234946896
23.8315,-0.343611696,3.599704862
23.832,-0.343611696,3.059749133
23.8325,-0.343611696,2.600786763
23.833,-0.340543735,6.812611112
23.8335,-0.340543735,5.790719445
23.834,-0.340543735,4.922111528
23.8345,-0.340543735,4.183794799
23.835,-0.340543735,3.556225579
23.8355,-0.340543735,3.022791742
23.836,-0.337475773,7.171315345
23.8365,-0.337475773,6.095618043
23.837,-0.337475773,5.181275337
23.8375,-0.337475773,4.404084036
23.838,-0.337475773,3.743471431
23.8385,-0.337475773,3.181950716
23.839,-0.337475773,2.704658109
23.8395,-0.334407812,6.900901756
23.84,-0.334407812,5.865766493
23.8405,-0.334407812,4.985901519
23.841,-0.334407812,4.238016291
23.8415,-0.334407812,3.602313847
23.842,-0.334407812,3.06196677
23.8425,-0.334407812,2.602671755
23.843,-0.33133985,6.814213355
23.8435,-0.33133985,5.792081352
23.844,-0.33133985,4.923269149
23.8445,-0.33133985,4.184778777
23.845,-0.33133985,3.55706196
23.8455,-0.33133985,3.023502666
23.846,-0.33133985,2.569977266
23.8465,-0.328271889,6.78642304
23.847,-0.328271889,5.768459584
23.8475,-0.328271889,4.903190646
23.848,-0.328271889,4.167712049
23.8485,-0.328271889,3.542555242
23.849,-0.328271889,3.011171956
23.8495,-0.328271889,2.559496162
23.85,-0.328271889,2.175571738
23.8505,-0.328271889,1.849235977
23.851,-0.325203927,6.173792944
23.8515,-0.325203927,5.247724003
23.852,-0.325203927,4.460565402
23.8525,-0.325203927,3.791480592
23.853,-0.325203927,3.222758503
23.8535,-0.325203927,2.739344728
23.854,-0.325203927,2.328443019
23.8545,-0.325203927,1.979176566
23.855,-0.322135965,6.284242445
23.8555,-0.322135965,5.341606078
23.856,-0.322135965,4.540365166
23.8565,-0.322135965,3.859310391
23.857,-0.322135965,3.280413833
23.8575,-0.322135965,2.788351758
23.858,-0.322135965,2.370098994
23.8585,-0.322135965,2.014584145
23.859,-0.322135965,1.712396523
23.8595,-0.319068004,6.057479408
23.86,-0.319068004,5.148857497
23.8605,-0.319068004,4.376528873
23.861,-0.319068004,3.720049542
23.8615,-0.319068004,3.16204211
23.862,-0.319068004,2.687735794
23.8625,-0.319068004,2.284575425
23.863,-0.319068004,1.941889111
23.8635,-0.319068004,1.650605744
23.864,-0.319068004,1.403014883
23.8645,-0.316000042,5.794505014
23.865,-0.316000042,4.925329262
23.8655,-0.316000042,4.186529873
23.866,-0.316000042,3.558550392
23.8665,-0.316000042,3.024767833
23.867,-0.316000042,2.571052658
23.8675,-0.316000042,2.185394759
23.868,-0.316000042,1.857585545
23.8685,-0.316000042,1.578947714
23.869,-0.316000042,1.342105557
23.8695,-0.316000042,1.140789723
23.87,-0.316000042,0.969671265
23.8705,-0.312932081,5.426162939
23.871,-0.312932081,4.612238498
23.8715,-0.312932081,3.920402723
23.872,-0.312932081,3.332342315
23.8725,-0.312932081,2.832490967
23.873,-0.312932081,2.407617322
23.8735,-0.312932081,2.046474724
23.874,-0.312932081,1.739503515
23.8745,-0.312932081,1.478577988
23.875,-0.312932081,1.25679129
23.8755,-0.312932081,1.068272596
23.876,-0.312932081,0.908031707
23.8765,-0.312932081,0.771826951
23.877,-0.312932081,0.656052908
23.8775,-0.309864119,5.159587336
23.878,-0.309864119,4.385649235
23.8785,-0.309864119,3.72780185
23.879,-0.309864119,3.168631573
23.8795,-0.309864119,2.693336837
23.88,-0.309864119,2.289336311
23.8805,-0.309864119,1.945935864
23.881,-0.309864119,1.654045485
23.8815,-0.309864119,1.405938662
23.882,-0.309864119,1.195047863
23.8825,-0.309864119,1.015790683
23.883,-0.309864119,0.863422081
23.8835,-0.309864119,0.733908769
23.884,-0.309864119,0.623822453
23.8845,-0.309864119,0.530249085
23.885,-0.309864119,0.450711723
23.8855,-0.309864119,0.383104964
23.886,-0.309864119,0.32563922
23.8865,-0.306796158,4.8787357
23.887,-0.306796158,4.146925345
23.8875,-0.306796158,3.524886543
23.888,-0.306796158,2.996153562
23.8885,-0.306796158,2.546730528
23.889,-0.306796158,2.164720949
23.8895,-0.306796158,1.840012806
23.89,-0.306796158,1.564010885
23.8905,-0.306796158,1.329409252
23.891,-0.306796158,1.129997865
23.8915,-0.306796158,0.960498185
23.892,-0.306796158,0.816423457
23.8925,-0.306796158,0.693959939
23.893,-0.306796158,0.589865948
23.8935,-0.306796158,0.501386056
23.894,-0.306796158,0.426178147
23.8945,-0.306796158,0.362251425
23.895,-0.306796158,0.307913711
23.8955,-0.306796158,0.261726655
23.896,-0.306796158,0.222467657
23.8965,-0.306796158,0.189097508
23.897,-0.303728196,4.762675245
23.8975,-0.303728196,4.048273959
23.898,-0.303728196,3.441032865
23.8985,-0.303728196,2.924877935
23.899,-0.303728196,2.486146245
23.8995,-0.303728196,2.113224308
23.9,-0.303728196,1.796240662
23.9005,-0.303728196,1.526804563
23.901,-0.303728196,1.297783878
23.9015,-0.303728196,1.103116296
23.902,-0.303728196,0.937648852
23.9025,-0.303728196,0.797001524
23.903,-0.303728196,0.677451296
23.9035,-0.303728196,0.575833601
23.904,-0.303728196,0.489458561
23.9045,-0.303728196,0.416039777
23.905,-0.303728196,0.35363381
23.9055,-0.303728196,0.300588739
23.906,-0.303728196,0.255500428
23.9065,-0.303728196,0.217175364
23.907,-0.300660234,4.786541423
23.9075,-0.300660234,4.068560209
23.908,-0.300660234,3.458276178
23.9085,-0.300660234,2.939534751
23.909,-0.300660234,2.498604539
23.9095,-0.300660234,2.123813858
23.91,-0.300660234,1.805241779
23.9105,-0.300660234,1.534455512
23.911,-0.300660234,1.304287185
23.9115,-0.300660234,1.108644108
23.912,-0.300660234,0.942347491
23.9125,-0.300660234,0.800995368
23.913,-0.300660234,0.680846063
23.9135,-0.300660234,0.578719153
23.914,-0.300660234,0.49191128
23.9145,-0.300660234,0.418124588
23.915,-0.297592273,4.957348264
23.9155,-0.297592273,4.213746024
23.916,-0.297592273,3.58168412
23.9165,-0.297592273,3.044431502
23.917,-0.297592273,2.587766777
23.9175,-0.297592273,2.19960176
23.918,-0.297592273,1.869661496
23.9185,-0.297592273,1.589212272
23.919,-0.297592273,1.350830431
23.9195,-0.297592273,1.148205866
23.92,-0.297592273,0.975974987
23.9205,-0.297592273,0.829578739
23.921,-0.297592273,0.705141928
23.9215,-0.297592273,0.599370639
23.922,-0.297592273,0.509465043
23.9225,-0.297592273,0.433045286
23.923,-0.297592273,0.368088493
23.9235,-0.294524311,4.914817583
23.924,-0.294524311,4.177594946
23.9245,-0.294524311,3.550955704
23.925,-0.294524311,3.018312348
23.9255,-0.294524311,2.565565496
23.926,-0.294524311,2.180730672
23.9265,-0.294524311,1.853621071
23.927,-0.294524311,1.57557791
23.9275,-0.294524311,1.339241224
23.928,-0.294524311,1.13835504
23.9285,-0.294524311,0.967601784
23.929,-0.294524311,0.822461516
23.9295,-0.294524311,0.699092289
23.93,-0.294524311,0.594228446
23.9305,-0.294524311,0.505094179
23.931,-0.29145635,5.031272416
23.9315,-0.29145635,4.276581553
23.932,-0.29145635,3.63509432
23.9325,-0.29145635,3.089830172
23.933,-0.29145635,2.626355646
23.9335,-0.29145635,2.232402299
23.934,-0.29145635,1.897541955
23.9345,-0.29145635,1.612910661
23.935,-0.29145635,1.370974062
23.9355,-0.29145635,1.165327953
23.936,-0.29145635,0.99052876
23.9365,-0.29145635,0.841949446
23.937,-0.288388388,5.317599393
23.9375,-0.288388388,4.519959484
23.938,-0.288388388,3.841965561
23.9385,-0.288388388,3.265670727
23.939,-0.288388388,2.775820118
23.9395,-0.288388388,2.3594471
23.94,-0.288388388,2.005530035
23.9405,-0.288388388,1.70470053
23.941,-0.288388388,1.44899545
23.9415,-0.288388388,1.231646133
23.942,-0.288388388,1.046899213
23.9425,-0.288388388,0.889864331
23.943,-0.285320427,5.358327045
23.9435,-0.285320427,4.554577988
23.944,-0.285320427,3.87139129
23.9445,-0.285320427,3.290682597
23.945,-0.285320427,2.797080207
23.9455,-0.285320427,2.377518176
23.946,-0.285320427,2.02089045
23.9465,-0.285320427,1.717756882
23.947,-0.285320427,1.46009335
23.9475,-0.282252465,5.843021711
23.948,-0.282252465,4.966568454
23.9485,-0.282252465,4.221583186
23.949,-0.282252465,3.588345708
23.9495,-0.282252465,3.050093852
23.95,-0.282252465,2.592579774
23.9505,-0.282252465,2.203692808
23.951,-0.282252465,1.873138887
23.9515,-0.282252465,1.592168054
23.952,-0.279184503,5.955285209
23.9525,-0.279184503,5.061992428
23.953,-0.279184503,4.302693564
23.9535,-0.279184503,3.657289529
23.954,-0.279184503,3.1086961
23.9545,-0.279184503,2.642391685
23.955,-0.279184503,2.246032932
23.9555,-0.279184503,1.909127992
23.956,-0.279184503,1.622758793
23.9565,-0.276116542,5.981287338
23.957,-0.276116542,5.084094237
23.9575,-0.276116542,4.321480102
23.958,-0.276116542,3.673258087
23.9585,-0.276116542,3.122269374
23.959,-0.276116542,2.653928968
23.9595,-0.276116542,2.255839622
23.96,-0.276116542,1.917463679
23.9605,-0.276116542,1.629844127
23.961,-0.276116542,1.385367508
23.9615,-0.276116542,1.177562382
23.962,-0.27304858,5.602870388
23.9625,-0.27304858,4.76243983
23.963,-0.27304858,4.048073856
23.9635,-0.27304858,3.440862777
23.964,-0.27304858,2.924733361
23.9645,-0.27304858,2.486023357
23.965,-0.27304858,2.113119853
23.9655,-0.27304858,1.796151875
23.966,-0.27304858,1.526729094
23.9665,-0.27304858,1.29771973
23.967,-0.27304858,1.10306177
23.9675,-0.27304858,0.937602505
23.968,-0.27304858,0.796962129
23.9685,-0.269980619,5.279360173
23.969,-0.269980619,4.487456147
23.9695,-0.269980619,3.814337725
23.97,-0.269980619,3.242187066
23.9705,-0.269980619,2.755859006
23.971,-0.269980619,2.342480156
23.9715,-0.269980619,1.991108132
23.972,-0.269980619,1.692441912
23.9725,-0.269980619,1.438575626
23.973,-0.269980619,1.222789282
23.9735,-0.269980619,1.039370889
23.974,-0.269980619,0.883465256
23.9745,-0.269980619,0.750945468
23.975,-0.269980619,0.638303647
23.9755,-0.269980619,0.5425581
23.976,-0.269980619,0.461174385
23.9765,-0.269980619,0.391998228
23.977,-0.269980619,0.333198493
23.9775,-0.269980619,0.283218719
23.978,-0.269980619,0.240735911
23.9785,-0.269980619,0.204625525
23.979,-0.269980619,0.173931696
23.9795,-0.269980619,0.147841942
23.98,-0.269980619,0.12566565
23.9805,-0.266912657,4.708758166
23.981,-0.266912657,4.002444442
23.9815,-0.266912657,3.402077775
23.982,-0.266912657,2.891766109
23.9825,-0.266912657,2.458001193
23.983,-0.266912657,2.089301014
23.9835,-0.266912657,1.775905862
23.984,-0.266912657,1.509519982
23.9845,-0.266912657,1.283091985
23.985,-0.266912657,1.090628187
23.9855,-0.266912657,0.927033959
23.986,-0.266912657,0.787978865
23.9865,-0.266912657,0.669782036
23.987,-0.266912657,0.56931473
23.9875,-0.266912657,0.483917521
23.988,-0.266912657,0.411329893
23.9885,-0.266912657,0.349630409
23.989,-0.266912657,0.297185847
23.9895,-0.266912657,0.25260797
23.99,-0.266912657,0.214716775
23.9905,-0.266912657,0.182509259
23.991,-0.266912657,0.15513287
23.9915,-0.266912657,0.131862939
23.992,-0.266912657,0.112083498
23.9925,-0.266912657,0.095270974
23.993,-0.266912657,0.080980328
23.9935,-0.266912657,0.068833278
23.994,-0.266912657,0.058508287
23.9945,-0.266912657,0.049732044
23.995,-0.266912657,0.042272237
23.9955,-0.266912657,0.035931402
23.996,-0.266912657,0.030541691
23.9965,-0.266912657,0.025960438
23.997,-0.266912657,0.022066372
23.9975,-0.266912657,0.018756416
23.998,-0.266912657,0.015942954
23.9985,-0.266912657,0.013551511
23.999,-0.266912657,0.011518784
23.9995,-0.266912657,0.009790966
24,-0.266912657,0.008322322
24.0005,-0.266912657,0.007073973
24.001,-0.266912657,0.006012877
24.0015,-0.266912657,0.005110946
24.002,-0.266912657,0.004344304
24.0025,-0.266912657,0.003692658
24.003,-0.266912657,0.00313876
24.0035,-0.266912657,0.002667946
24.004,-0.266912657,0.002267754
24.0045,-0.266912657,0.001927591
24.005,-0.266912657,0.001638452
24.0055,-0.266912657,0.001392684
24.006,-0.266912657,0.001183782
24.0065,-0.266912657,0.001006214
24.007,-0.266912657,0.000855282
24.0075,-0.266912657,0.00072699
24.008,-0.266912657,0.000617941
24.0085,-0.266912657,0.00052525
24.009,-0.266912657,0.000446463
24.0095,-0.266912657,0.000379493
24.01,-0.266912657,0.000322569
24.0105,-0.266912657,0.000274184
24.011,-0.266912657,0.000233056
24.0115,-0.266912657,0.000198098
24.012,-0.266912657,0.000168383
24.0125,-0.266912657,0.000143126
24.013,-0.266912657,0.000121657
24.0135,-0.266912657,0.000103408
24.014,-0.266912657,8.78971E-05
24.0145,-0.266912657,7.47125E-05
24.015,-0.266912657,6.35056E-05
24.0155,-0.266912657,5.39798E-05
24.016,-0.266912657,4.58828E-05
24.0165,-0.266912657,3.90004E-05
24.017,-0.266912657,3.31503E-05
24.0175,-0.266912657,2.81778E-05
24.018,-0.266912657,2.39511E-05
24.0185,-0.266912657,2.03585E-05
24.019,-0.266912657,1.73047E-05
24.0195,-0.266912657,1.4709E-05
24.02,-0.266912657,1.25026E-05
24.0205,-0.266912657,1.06272E-05
24.021,-0.266912657,9.03315E-06
24.0215,-0.266912657,7.67818E-06
24.022,-0.266912657,6.52645E-06
24.0225,-0.266912657,5.54749E-06
24.023,-0.266912657,4.71536E-06
24.0235,-0.266912657,4.00806E-06
24.024,-0.266912657,3.40685E-06
24.0245,-0.266912657,2.89582E-06
24.025,-0.266912657,2.46145E-06
24.0255,-0.266912657,2.09223E-06
24.026,-0.266912657,1.7784E-06
24.0265,-0.266912657,1.51164E-06
24.027,-0.266912657,1.28489E-06
24.0275,-0.266912657,1.09216E-06
24.028,-0.266912657,9.28334E-07
24.0285,-0.266912657,7.89084E-07
24.029,-0.266912657,6.70721E-07
24.0295,-0.266912657,5.70113E-07
24.03,-0.266912657,4.84596E-07
24.0305,-0.266912657,4.11907E-07
24.031,-0.266912657,3.50121E-07
24.0315,-0.266912657,2.97603E-07
24.032,-0.266912657,2.52962E-07
24.0325,-0.266912657,2.15018E-07
24.033,-0.266912657,1.82765E-07
24.0335,-0.266912657,1.5535E-07
24.034,-0.266912657,1.32048E-07
24.0345,-0.266912657,1.12241E-07
24.035,-0.266912657,9.54046E-08
24.0355,-0.266912657,8.10939E-08
24.036,-0.266912657,6.89298E-08
24.0365,-0.266912657,5.85903E-08
24.037,-0.266912657,4.98018E-08
24.0375,-0.266912657,4.23315E-08
24.038,-0.266912657,3.59818E-08
24.0385,-0.266912657,3.05845E-08
24.039,-0.266912657,2.59968E-08
24.0395,-0.266912657,2.20973E-08
24.04,-0.266912657,1.87827E-08
24.0405,-0.266912657,1.59653E-08
24.041,-0.266912657,1.35705E-08
24.0415,-0.266912657,1.15349E-08
24.042,-0.266912657,9.8047E-09
24.0425,-0.266912657,8.33399E-09
24.043,-0.266912657,7.08389E-09
24.0435,-0.266912657,6.02131E-09
24.044,-0.266912657,5.11811E-09
24.0445,-0.266912657,4.3504E-09
24.045,-0.266912657,3.69784E-09
24.0455,-0.266912657,3.14316E-09
24.046,-0.266912657,2.67169E-09
24.0465,-0.266912657,2.27093E-09
24.047,-0.263844696,4.601942366
24.0475,-0.263844696,3.911651011
24.048,-0.263844696,3.324903359
24.0485,-0.263844696,2.826167855
24.049,-0.263844696,2.402242677
24.0495,-0.263844696,2.041906275
24.05,-0.263844696,1.735620334
24.0505,-0.263844696,1.475277284
24.051,-0.263844696,1.253985691
24.0515,-0.263844696,1.065887838
24.052,-0.263844696,0.906004662
24.0525,-0.263844696,0.770103963
24.053,-0.263844696,0.654588368
24.0535,-0.263844696,0.556400113
24.054,-0.263844696,0.472940096
24.0545,-0.263844696,0.401999082
24.055,-0.263844696,0.341699219
24.0555,-0.263844696,0.290444337
24.056,-0.263844696,0.246877686
24.0565,-0.263844696,0.209846033
24.057,-0.263844696,0.178369128
24.0575,-0.263844696,0.151613759
24.058,-0.263844696,0.128871695
24.0585,-0.263844696,0.109540941
24.059,-0.263844696,0.0931098
24.0595,-0.263844696,0.07914333
24.06,-0.263844696,0.06727183
24.0605,-0.263844696,0.057181056
24.061,-0.263844696,0.048603897
24.0615,-0.263844696,0.041313313
24.062,-0.263844696,0.035116316
24.0625,-0.263844696,0.029848868
24.063,-0.260776734,4.627313902
24.0635,-0.260776734,3.933216817
24.064,-0.260776734,3.343234294
24.0645,-0.260776734,2.84174915
24.065,-0.260776734,2.415486777
24.0655,-0.260776734,2.053163761
24.066,-0.260776734,1.745189197
24.0665,-0.260776734,1.483410817
24.067,-0.260776734,1.260899195
24.0675,-0.260776734,1.071764315
24.068,-0.260776734,0.910999668
24.0685,-0.260776734,0.774349718
24.069,-0.260776734,0.65819726
24.0695,-0.260776734,0.559467671
24.07,-0.260776734,0.475547521
24.0705,-0.257708772,5.006157756
24.071,-0.257708772,4.255234093
24.0715,-0.257708772,3.616948979
24.072,-0.257708772,3.074406632
24.0725,-0.257708772,2.613245637
24.073,-0.257708772,2.221258792
24.0735,-0.257708772,1.888069973
24.074,-0.257708772,1.604859477
24.0745,-0.257708772,1.364130555
24.075,-0.257708772,1.159510972
24.0755,-0.254640811,5.58752669
24.076,-0.254640811,4.749397686
24.0765,-0.254640811,4.036988033
24.077,-0.254640811,3.431439828
24.0775,-0.254640811,2.916723854
24.078,-0.254640811,2.479215276
24.0785,-0.254640811,2.107332985
24.079,-0.254640811,1.791233037
24.0795,-0.254640811,1.522548081
24.08,-0.254640811,1.294165869
24.0805,-0.251572849,5.701983352
24.081,-0.251572849,4.84668585
24.0815,-0.251572849,4.119682972
24.082,-0.251572849,3.501730526
24.0825,-0.251572849,2.976470947
24.083,-0.251572849,2.530000305
24.0835,-0.251572849,2.150500259
24.084,-0.251572849,1.827925221
24.0845,-0.251572849,1.553736437
24.085,-0.248504888,5.922618336
24.0855,-0.248504888,5.034225585
24.086,-0.248504888,4.279091747
24.0865,-0.248504888,3.637227985
24.087,-0.248504888,3.091643788
24.0875,-0.248504888,2.627897219
24.088,-0.248504888,2.233712636
24.0885,-0.245436926,6.500598105
24.089,-0.245436926,5.525508389
24.0895,-0.245436926,4.696682131
24.09,-0.245436926,3.992179811
24.0905,-0.245436926,3.393352839
24.091,-0.245436926,2.884349913
24.0915,-0.245436926,2.451697426
24.092,-0.245436926,2.083942812
24.0925,-0.242368964,6.373293754
24.093,-0.242368964,5.417299691
24.0935,-0.242368964,4.604704737
24.094,-0.242368964,3.913999027
24.0945,-0.242368964,3.326899173
24.095,-0.242368964,2.827864297
24.0955,-0.242368964,2.403684652
24.096,-0.239301003,6.645074318
24.0965,-0.239301003,5.64831317
24.097,-0.239301003,4.801066195
24.0975,-0.239301003,4.080906266
24.098,-0.239301003,3.468770326
24.0985,-0.239301003,2.948454777
24.099,-0.239301003,2.50618656
24.0995,-0.239301003,2.130258576
24.1,-0.236233041,6.412662154
24.1005,-0.236233041,5.450762831
24.101,-0.236233041,4.633148406
24.1015,-0.236233041,3.938176145
24.102,-0.236233041,3.347449723
24.1025,-0.236233041,2.845332265
24.103,-0.236233041,2.418532425
24.1035,-0.236233041,2.055752561
24.104,-0.23316508,6.349332041
24.1045,-0.23316508,5.396932235
24.105,-0.23316508,4.587392399
24.1055,-0.23316508,3.89928354
24.106,-0.23316508,3.314391009
24.1065,-0.23316508,2.817232357
24.107,-0.23316508,2.394647504
24.1075,-0.23316508,2.035450378
24.108,-0.23316508,1.730132821
24.1085,-0.23316508,1.470612898
24.109,-0.230097118,5.851963327
24.1095,-0.230097118,4.974168828
24.11,-0.230097118,4.228043504
24.1105,-0.230097118,3.593836978
24.111,-0.230097118,3.054761432
24.1115,-0.230097118,2.596547217
24.112,-0.230097118,2.207065134
24.1125,-0.230097118,1.876005364
24.113,-0.230097118,1.59460456
24.1135,-0.230097118,1.355413876
24.114,-0.230097118,1.152101794
24.1145,-0.230097118,0.979286525
24.115,-0.230097118,0.832393546
24.1155,-0.230097118,0.707534514
24.116,-0.230097118,0.601404337
24.1165,-0.227029157,5.11313605
24.117,-0.227029157,4.346165643
24.1175,-0.227029157,3.694240796
24.118,-0.227029157,3.140104677
24.1185,-0.227029157,2.669088975
24.119,-0.227029157,2.268725629
24.1195,-0.227029157,1.928416785
24.12,-0.227029157,1.639154267
24.1205,-0.227029157,1.393281127
24.121,-0.227029157,1.184288958
24.1215,-0.227029157,1.006645614
24.122,-0.227029157,0.855648772
24.1225,-0.227029157,0.727301456
24.123,-0.227029157,0.618206238
24.1235,-0.227029157,0.525475302
24.124,-0.227029157,0.446654007
24.1245,-0.227029157,0.379655906
24.125,-0.227029157,0.32270752
24.1255,-0.227029157,0.274301392
24.126,-0.227029157,0.233156183
24.1265,-0.227029157,0.198182756
24.127,-0.227029157,0.168455342
24.1275,-0.227029157,0.143187041
24.128,-0.227029157,0.121708985
24.1285,-0.227029157,0.103452637
24.129,-0.227029157,0.087934742
24.1295,-0.227029157,0.07474453
24.13,-0.223961195,4.665475214
24.1305,-0.223961195,3.965653932
24.131,-0.223961195,3.370805842
24.1315,-0.223961195,2.865184966
24.132,-0.223961195,2.435407221
24.1325,-0.223961195,2.070096138
24.133,-0.223961195,1.759581717
24.1335,-0.223961195,1.49564446
24.134,-0.223961195,1.271297791
24.1345,-0.223961195,1.080603122
24.135,-0.223961195,0.918512654
24.1355,-0.223961195,0.780735756
24.136,-0.223961195,0.663625392
24.1365,-0.223961195,0.564081584
24.137,-0.223961195,0.479469346
24.1375,-0.223961195,0.407548944
24.138,-0.223961195,0.346416602
24.1385,-0.223961195,0.294454112
24.139,-0.223961195,0.250285995
24.1395,-0.223961195,0.212743096
24.14,-0.223961195,0.180831632
24.1405,-0.223961195,0.153706887
24.141,-0.223961195,0.130650854
24.1415,-0.223961195,0.111053226
24.142,-0.223961195,0.094395242
24.1425,-0.223961195,0.080235956
24.143,-0.223961195,0.068200562
24.1435,-0.223961195,0.057970478
24.144,-0.223961195,0.049274906
24.1445,-0.223961195,0.04188367
24.145,-0.223961195,0.03560112
24.1455,-0.223961195,0.030260952
24.146,-0.223961195,0.025721809
24.1465,-0.223961195,0.021863538
24.147,-0.223961195,0.018584007
24.1475,-0.223961195,0.015796406
24.148,-0.223961195,0.013426945
24.1485,-0.223961195,0.011412903
24.149,-0.223961195,0.009700968
24.1495,-0.223961195,0.008245823
24.15,-0.223961195,0.007008949
24.1505,-0.223961195,0.005957607
24.151,-0.223961195,0.005063966
24.1515,-0.223961195,0.004304371
24.152,-0.223961195,0.003658715
24.1525,-0.223961195,0.003109908
24.153,-0.223961195,0.002643422
24.1535,-0.223961195,0.002246909
24.154,-0.223961195,0.001909872
24.1545,-0.223961195,0.001623391
24.155,-0.223961195,0.001379883
24.1555,-0.223961195,0.0011729
24.156,-0.223961195,0.000996965
24.1565,-0.223961195,0.00084742
24.157,-0.223961195,0.000720307
24.1575,-0.223961195,0.000612261
24.158,-0.223961195,0.000520422
24.1585,-0.223961195,0.000442359
24.159,-0.223961195,0.000376005
24.1595,-0.223961195,0.000319604
24.16,-0.223961195,0.000271664
24.1605,-0.223961195,0.000230914
24.161,-0.223961195,0.000196277
24.1615,-0.223961195,0.000166835
24.162,-0.223961195,0.00014181
24.1625,-0.223961195,0.000120539
24.163,-0.223961195,0.000102458
24.1635,-0.223961195,8.70891E-05
24.164,-0.223961195,7.40258E-05
24.1645,-0.223961195,6.29219E-05
24.165,-0.223961195,5.34836E-05
24.1655,-0.223961195,4.54611E-05
24.166,-0.223961195,3.86419E-05
24.1665,-0.223961195,3.28456E-05
24.167,-0.223961195,2.79188E-05
24.1675,-0.223961195,2.3731E-05
24.168,-0.223961195,2.01713E-05
24.1685,-0.223961195,1.71456E-05
24.169,-0.223961195,1.45738E-05
24.1695,-0.223961195,1.23877E-05
24.17,-0.223961195,1.05296E-05
24.1705,-0.223961195,8.95012E-06
24.171,-0.223961195,7.6076E-06
24.1715,-0.223961195,6.46646E-06
24.172,-0.223961195,5.49649E-06
24.1725,-0.223961195,4.67202E-06
24.173,-0.223961195,3.97122E-06
24.1735,-0.223961195,3.37553E-06
24.174,-0.223961195,2.8692E-06
24.1745,-0.223961195,2.43882E-06
24.175,-0.223961195,2.073E-06
24.1755,-0.223961195,1.76205E-06
24.176,-0.223961195,1.49774E-06
24.1765,-0.223961195,1.27308E-06
24.177,-0.223961195,1.08212E-06
24.1775,-0.223961195,9.19801E-07
24.178,-0.223961195,7.81831E-07
24.1785,-0.223961195,6.64556E-07
24.179,-0.223961195,5.64873E-07
24.1795,-0.223961195,4.80142E-07
24.18,-0.223961195,4.08121E-07
24.1805,-0.223961195,3.46902E-07
24.181,-0.223961195,2.94867E-07
24.1815,-0.223961195,2.50637E-07
24.182,-0.223961195,2.13041E-07
24.1825,-0.223961195,1.81085E-07
24.183,-0.223961195,1.53922E-07
24.1835,-0.223961195,1.30834E-07
24.184,-0.223961195,1.11209E-07
24.1845,-0.223961195,9.45276E-08
24.185,-0.223961195,8.03485E-08
24.1855,-0.223961195,6.82962E-08
24.186,-0.223961195,5.80518E-08
24.1865,-0.223961195,4.9344E-08
24.187,-0.223961195,4.19424E-08
24.1875,-0.223961195,3.56511E-08
24.188,-0.223961195,3.03034E-08
24.1885,-0.223961195,2.57579E-08
24.189,-0.223961195,2.18942E-08
24.1895,-0.223961195,1.86101E-08
24.19,-0.223961195,1.58186E-08
24.1905,-0.223961195,1.34458E-08
24.191,-0.223961195,1.14289E-08
24.1915,-0.223961195,9.71457E-09
24.192,-0.223961195,8.25739E-09
24.1925,-0.223961195,7.01878E-09
24.193,-0.223961195,5.96596E-09
24.1935,-0.223961195,5.07107E-09
24.194,-0.223961195,4.31041E-09
24.1945,-0.223961195,3.66385E-09
24.195,-0.223961195,3.11427E-09
24.1955,-0.223961195,2.64713E-09
24.196,-0.223961195,2.25006E-09
24.1965,-0.223961195,1.91255E-09
24.197,-0.223961195,1.62567E-09
24.1975,-0.223961195,1.38182E-09
24.198,-0.223961195,1.17455E-09
24.1985,-0.223961195,9.98364E-10
24.199,-0.223961195,8.48609E-10
24.1995,-0.223961195,7.21318E-10
24.2,-0.223961195,6.1312E-10
24.2005,-0.223961195,5.21152E-10
24.201,-0.223961195,4.42979E-10
24.2015,-0.223961195,3.76532E-10
24.202,-0.223961195,3.20052E-10
24.2025,-0.223961195,2.72045E-10
24.203,-0.223961195,2.31238E-10
24.2035,-0.223961195,1.96552E-10
24.204,-0.223961195,1.67069E-10
24.2045,-0.223961195,1.42009E-10
24.205,-0.223961195,1.20708E-10
24.2055,-0.223961195,1.02601E-10
24.206,-0.223961195,8.72113E-11
24.2065,-0.223961195,7.41296E-11
24.207,-0.223961195,6.30101E-11
24.2075,-0.223961195,5.35586E-11
24.208,-0.223961195,4.55248E-11
24.2085,-0.223961195,3.86961E-11
24.209,-0.223961195,3.28917E-11
24.2095,-0.223961195,2.79579E-11
24.21,-0.223961195,2.37642E-11
24.2105,-0.223961195,2.01996E-11
24.211,-0.223961195,1.71697E-11
24.2115,-0.223961195,1.45942E-11
24.212,-0.223961195,1.24051E-11
24.2125,-0.223961195,1.05443E-11
24.213,-0.223961195,8.96267E-12
24.2135,-0.223961195,7.61827E-12
24.214,-0.223961195,6.47553E-12
24.2145,-0.223961195,5.5042E-12
24.215,-0.223961195,4.67857E-12
24.2155,-0.223961195,3.97679E-12
24.216,-0.223961195,3.38027E-12
24.2165,-0.223961195,2.87323E-12
24.217,-0.223961195,2.44224E-12
24.2175,-0.223961195,2.07591E-12
24.218,-0.223961195,1.76452E-12
24.2185,-0.223961195,1.49984E-12
24.219,-0.223961195,1.27487E-12
24.2195,-0.223961195,1.08364E-12
24.22,-0.223961195,9.21091E-13
24.2205,-0.223961195,7.82927E-13
24.221,-0.223961195,6.65488E-13
24.2215,-0.223961195,5.65665E-13
24.222,-0.223961195,4.80815E-13
24.2225,-0.223961195,4.08693E-13
24.223,-0.223961195,3.47389E-13
24.2235,-0.223961195,2.95281E-13
24.224,-0.223961195,2.50989E-13
24.2245,-0.223961195,2.1334E-13
24.225,-0.223961195,1.81339E-13
24.2255,-0.223961195,1.54138E-13
24.226,-0.223961195,1.31018E-13
24.2265,-0.223961195,1.11365E-13
24.227,-0.223961195,9.46602E-14
24.2275,-0.223961195,8.04612E-14
24.228,-0.223961195,6.8392E-14
24.2285,-0.223961195,5.81332E-14
24.229,-0.223961195,4.94132E-14
24.2295,-0.223961195,4.20012E-14
24.23,-0.220893233,4.601942364
24.2305,-0.220893233,3.911651009
24.231,-0.220893233,3.324903358
24.2315,-0.220893233,2.826167854
24.232,-0.220893233,2.402242676
24.2325,-0.220893233,2.041906275
24.233,-0.220893233,1.735620333
24.2335,-0.220893233,1.475277283
24.234,-0.220893233,1.253985691
24.2345,-0.220893233,1.065887837
24.235,-0.220893233,0.906004662
24.2355,-0.220893233,0.770103962
24.236,-0.220893233,0.654588368
24.2365,-0.220893233,0.556400113
24.237,-0.220893233,0.472940096
24.2375,-0.220893233,0.401999082
24.238,-0.220893233,0.341699219
24.2385,-0.220893233,0.290444336
24.239,-0.220893233,0.246877686
24.2395,-0.220893233,0.209846033
24.24,-0.217825272,4.780311492
24.2405,-0.217825272,4.063264768
24.241,-0.217825272,3.453775053
24.2415,-0.217825272,2.935708795
24.242,-0.217825272,2.495352476
24.2425,-0.217825272,2.121049604
24.243,-0.217825272,1.802892164
24.2435,-0.217825272,1.532458339
24.244,-0.217825272,1.302589588
24.2445,-0.217825272,1.10720115
24.245,-0.217825272,0.941120978
24.2455,-0.217825272,0.799952831
24.246,-0.217825272,0.679959906
24.2465,-0.217825272,0.57796592
24.247,-0.21475731,5.093213396
24.2475,-0.21475731,4.329231387
24.248,-0.21475731,3.679846679
24.2485,-0.21475731,3.127869677
24.249,-0.21475731,2.658689225
24.2495,-0.21475731,2.259885841
24.25,-0.21475731,1.920902965
24.2505,-0.21475731,1.63276752
24.251,-0.211689349,5.989794756
24.2515,-0.211689349,5.091325543
24.252,-0.211689349,4.327626711
24.2525,-0.211689349,3.678482705
24.253,-0.211689349,3.126710299
24.2535,-0.211689349,2.657703754
24.254,-0.211689349,2.259048191
24.2545,-0.208621387,6.522133326
24.255,-0.208621387,5.543813327
24.2555,-0.208621387,4.712241328
24.256,-0.208621387,4.005405129
24.2565,-0.208621387,3.404594359
24.257,-0.208621387,2.893905206
24.2575,-0.208621387,2.459819425
24.258,-0.205553426,6.692788875
24.2585,-0.205553426,5.688870543
24.259,-0.205553426,4.835539962
24.2595,-0.205553426,4.110208968
24.26,-0.205553426,3.493677623
24.2605,-0.205553426,2.969625979
24.261,-0.202485464,7.126124446
24.2615,-0.202485464,6.057205779
24.262,-0.202485464,5.148624912
24.2625,-0.202485464,4.376331175
24.263,-0.202485464,3.719881499
24.2635,-0.199417502,7.763841638
24.264,-0.199417502,6.599265392
24.2645,-0.199417502,5.609375583
24.265,-0.199417502,4.767969246
24.2655,-0.199417502,4.052773859
24.266,-0.199417502,3.44485778
24.2665,-0.196349541,7.530071477
24.267,-0.196349541,6.400560755
24.2675,-0.196349541,5.440476642
24.268,-0.196349541,4.624405146
24.2685,-0.196349541,3.930744374
24.269,-0.196349541,3.341132718
24.2695,-0.193281579,7.441905174
24.27,-0.193281579,6.325619398
24.2705,-0.193281579,5.376776488
24.271,-0.193281579,4.570260015
24.2715,-0.193281579,3.884721013
24.272,-0.193281579,3.302012861
24.2725,-0.193281579,2.806710932
24.273,-0.193281579,2.385704292
24.2735,-0.190213618,6.629791012
24.274,-0.190213618,5.63532236
24.2745,-0.190213618,4.790024006
24.275,-0.190213618,4.071520405
24.2755,-0.190213618,3.460792344
24.276,-0.190213618,2.941673493
24.2765,-0.190213618,2.500422469
24.277,-0.190213618,2.125359098
24.2775,-0.187145656,6.408497597
24.278,-0.187145656,5.447222958
24.2785,-0.187145656,4.630139514
24.279,-0.187145656,3.935618587
24.2795,-0.187145656,3.345275799
24.28,-0.187145656,2.843484429
24.2805,-0.187145656,2.416961765
24.281,-0.187145656,2.0544175
24.2815,-0.187145656,1.746254875
24.282,-0.187145656,1.484316644
24.2825,-0.187145656,1.261669147
24.283,-0.187145656,1.072418775
24.2835,-0.187145656,0.911555959
24.284,-0.187145656,0.774822565
24.2845,-0.184077695,5.260541544
24.285,-0.184077695,4.471460312
24.2855,-0.184077695,3.800741265
24.286,-0.184077695,3.230630076
24.2865,-0.184077695,2.746035564
24.287,-0.184077695,2.33413023
24.2875,-0.184077695,1.984010695
24.288,-0.184077695,1.686409091
24.2885,-0.184077695,1.433447727
24.289,-0.184077695,1.218430568
24.2895,-0.184077695,1.035665983
24.29,-0.184077695,0.880316086
24.2905,-0.184077695,0.748268673
24.291,-0.184077695,0.636028372
24.2915,-0.184077695,0.540624116
24.292,-0.184077695,0.459530499
24.2925,-0.184077695,0.390600924
24.293,-0.184077695,0.332010785
24.2935,-0.184077695,0.282209167
24.294,-0.184077695,0.239877792
24.2945,-0.184077695,0.203896123
24.295,-0.184077695,0.173311705
24.2955,-0.184077695,0.147314949
24.296,-0.184077695,0.125217707
24.2965,-0.184077695,0.106435051
24.297,-0.184077695,0.090469793
24.2975,-0.184077695,0.076899324
24.298,-0.184077695,0.065364426
24.2985,-0.184077695,0.055559762
24.299,-0.184077695,0.047225797
24.2995,-0.184077695,0.040141928
24.3,-0.184077695,0.034120639
24.3005,-0.184077695,0.029002543
24.301,-0.184077695,0.024652161
24.3015,-0.184077695,0.020954337
24.302,-0.184077695,0.017811187
24.3025,-0.184077695,0.015139509
24.303,-0.184077695,0.012868582
24.3035,-0.184077695,0.010938295
24.304,-0.184077695,0.009297551
24.3045,-0.184077695,0.007902918
24.305,-0.184077695,0.00671748
24.3055,-0.184077695,0.005709858
24.306,-0.184077695,0.00485338
24.3065,-0.184077695,0.004125373
24.307,-0.184077695,0.003506567
24.3075,-0.184077695,0.002980582
24.308,-0.184077695,0.002533494
24.3085,-0.184077695,0.00215347
24.309,-0.184077695,0.00183045
24.3095,-0.184077695,0.001555882
24.31,-0.184077695,0.0013225
24.3105,-0.184077695,0.001124125
24.311,-0.184077695,0.000955506
24.3115,-0.184077695,0.00081218
24.312,-0.184077695,0.000690353
24.3125,-0.184077695,0.0005868
24.313,-0.184077695,0.00049878
24.3135,-0.184077695,0.000423963
24.314,-0.184077695,0.000360369
24.3145,-0.184077695,0.000306313
24.315,-0.184077695,0.000260366
24.3155,-0.184077695,0.000221311
24.316,-0.184077695,0.000188115
24.3165,-0.184077695,0.000159898
24.317,-0.184077695,0.000135913
24.3175,-0.184077695,0.000115526
24.318,-0.184077695,9.81971E-05
24.3185,-0.184077695,8.34675E-05
24.319,-0.184077695,7.09474E-05
24.3195,-0.184077695,6.03053E-05
24.32,-0.184077695,5.12595E-05
24.3205,-0.184077695,4.35706E-05
24.321,-0.184077695,3.7035E-05
24.3215,-0.184077695,3.14797E-05
24.322,-0.184077695,2.67578E-05
24.3225,-0.184077695,2.27441E-05
24.323,-0.184077695,1.93325E-05
24.3235,-0.184077695,1.64326E-05
24.324,-0.184077695,1.39677E-05
24.3245,-0.184077695,1.18726E-05
24.325,-0.184077695,1.00917E-05
24.3255,-0.184077695,8.57793E-06
24.326,-0.184077695,7.29124E-06
24.3265,-0.184077695,6.19755E-06
24.327,-0.184077695,5.26792E-06
24.3275,-0.184077695,4.47773E-06
24.328,-0.184077695,3.80607E-06
24.3285,-0.184077695,3.23516E-06
24.329,-0.184077695,2.74989E-06
24.3295,-0.184077695,2.3374E-06
24.33,-0.184077695,1.98679E-06
24.3305,-0.184077695,1.68877E-06
24.331,-0.184077695,1.43546E-06
24.3315,-0.184077695,1.22014E-06
24.332,-0.184077695,1.03712E-06
24.3325,-0.184077695,8.81551E-07
24.333,-0.184077695,7.49318E-07
24.3335,-0.184077695,6.3692E-07
24.334,-0.184077695,5.41382E-07
24.3345,-0.184077695,4.60175E-07
24.335,-0.184077695,3.91149E-07
24.3355,-0.184077695,3.32476E-07
24.336,-0.184077695,2.82605E-07
24.3365,-0.184077695,2.40214E-07
24.337,-0.184077695,2.04182E-07
24.3375,-0.184077695,1.73555E-07
24.338,-0.184077695,1.47522E-07
24.3385,-0.184077695,1.25393E-07
24.339,-0.184077695,1.06584E-07
24.3395,-0.184077695,9.05967E-08
24.34,-0.184077695,7.70072E-08
24.3405,-0.184077695,6.54561E-08
24.341,-0.184077695,5.56377E-08
24.3415,-0.184077695,4.7292E-08
24.342,-0.184077695,4.01982E-08
24.3425,-0.184077695,3.41685E-08
24.343,-0.184077695,2.90432E-08
24.3435,-0.184077695,2.46867E-08
24.344,-0.184077695,2.09837E-08
24.3445,-0.184077695,1.78362E-08
24.345,-0.184077695,1.51607E-08
24.3455,-0.184077695,1.28866E-08
24.346,-0.184077695,1.09536E-08
24.3465,-0.184077695,9.31059E-09
24.347,-0.184077695,7.914E-09
24.3475,-0.184077695,6.7269E-09
24.348,-0.184077695,5.71787E-09
24.3485,-0.184077695,4.86019E-09
24.349,-0.184077695,4.13116E-09
24.3495,-0.184077695,3.51148E-09
24.35,-0.184077695,2.98476E-09
24.3505,-0.184077695,2.53705E-09
24.351,-0.184077695,2.15649E-09
24.3515,-0.184077695,1.83302E-09
24.352,-0.184077695,1.55806E-09
24.3525,-0.184077695,1.32435E-09
24.353,-0.184077695,1.1257E-09
24.3535,-0.184077695,9.56846E-10
24.354,-0.184077695,8.13319E-10
24.3545,-0.184077695,6.91321E-10
24.355,-0.184077695,5.87623E-10
24.3555,-0.184077695,4.9948E-10
24.356,-0.184077695,4.24558E-10
24.3565,-0.184077695,3.60874E-10
24.357,-0.184077695,3.06743E-10
24.3575,-0.184077695,2.60732E-10
24.358,-0.184077695,2.21622E-10
24.3585,-0.184077695,1.88379E-10
24.359,-0.184077695,1.60122E-10
24.3595,-0.184077695,1.36104E-10
24.36,-0.184077695,1.15688E-10
24.3605,-0.184077695,9.83348E-11
24.361,-0.184077695,8.35846E-11
24.3615,-0.184077695,7.10469E-11
24.362,-0.184077695,6.03898E-11
24.3625,-0.184077695,5.13314E-11
24.363,-0.184077695,4.36317E-11
24.3635,-0.184077695,3.70869E-11
24.364,-0.184077695,3.15239E-11
24.3645,-0.184077695,2.67953E-11
24.365,-0.184077695,2.2776E-11
24.3655,-0.184077695,1.93596E-11
24.366,-0.184077695,1.64557E-11
24.3665,-0.184077695,1.39873E-11
24.367,-0.184077695,1.18892E-11
24.3675,-0.184077695,1.01058E-11
24.368,-0.184077695,8.58996E-12
24.3685,-0.184077695,7.30146E-12
24.369,-0.184077695,6.20624E-12
24.3695,-0.184077695,5.27531E-12
24.37,-0.184077695,4.48401E-12
24.3705,-0.184077695,3.81141E-12
24.371,-0.184077695,3.2397E-12
24.3715,-0.184077695,2.75374E-12
24.372,-0.184077695,2.34068E-12
24.3725,-0.184077695,1.98958E-12
24.373,-0.184077695,1.69114E-12
24.3735,-0.184077695,1.43747E-12
24.374,-0.184077695,1.22185E-12
24.3745,-0.184077695,1.03857E-12
24.375,-0.184077695,8.82787E-13
24.3755,-0.184077695,7.50369E-13
24.376,-0.184077695,6.37814E-13
24.3765,-0.184077695,5.42142E-13
24.377,-0.184077695,4.6082E-13
24.3775,-0.184077695,3.91697E-13
24.378,-0.184077695,3.32943E-13
24.3785,-0.184077695,2.83001E-13
24.379,-0.184077695,2.40551E-13
24.3795,-0.184077695,2.04468E-13
24.38,-0.184077695,1.73798E-13
24.3805,-0.184077695,1.47728E-13
24.381,-0.184077695,1.25569E-13
24.3815,-0.184077695,1.06734E-13
24.382,-0.184077695,9.07237E-14
24.3825,-0.184077695,7.71152E-14
24.383,-0.184077695,6.55479E-14
24.3835,-0.184077695,5.57157E-14
24.384,-0.184077695,4.73584E-14
24.3845,-0.184077695,4.02546E-14
24.385,-0.184077695,3.42164E-14
24.3855,-0.184077695,2.9084E-14
24.386,-0.184077695,2.47214E-14
24.3865,-0.184077695,2.10132E-14
24.387,-0.184077695,1.78612E-14
24.3875,-0.184077695,1.5182E-14
24.388,-0.184077695,1.29047E-14
24.3885,-0.184077695,1.0969E-14
24.389,-0.184077695,9.32365E-15
24.3895,-0.184077695,7.9251E-15
24.39,-0.184077695,6.73634E-15
24.3905,-0.184077695,5.72589E-15
24.391,-0.184077695,4.867E-15
24.3915,-0.184077695,4.13695E-15
24.392,-0.184077695,3.51641E-15
24.3925,-0.184077695,2.98895E-15
24.393,-0.184077695,2.54061E-15
24.3935,-0.184077695,2.15952E-15
24.394,-0.184077695,1.83559E-15
24.3945,-0.184077695,1.56025E-15
24.395,-0.184077695,1.32621E-15
24.3955,-0.184077695,1.12728E-15
24.396,-0.184077695,9.58188E-16
24.3965,-0.184077695,8.1446E-16
24.397,-0.184077695,6.92291E-16
24.3975,-0.184077695,5.88447E-16
24.398,-0.184077695,5.0018E-16
24.3985,-0.184077695,4.25153E-16
24.399,-0.184077695,3.6138E-16
24.3995,-0.184077695,3.07173E-16
24.4,-0.184077695,2.61097E-16
24.4005,-0.184077695,2.21933E-16
24.401,-0.184077695,1.88643E-16
24.4015,-0.184077695,1.60346E-16
24.402,-0.184077695,1.36294E-16
24.4025,-0.184077695,1.1585E-16
24.403,-0.184077695,9.84727E-17
24.4035,-0.184077695,8.37018E-17
24.404,-0.184077695,7.11465E-17
24.4045,-0.184077695,6.04745E-17
24.405,-0.184077695,5.14034E-17
24.4055,-0.184077695,4.36929E-17
24.406,-0.184077695,3.71389E-17
24.4065,-0.184077695,3.15681E-17
24.407,-0.184077695,2.68329E-17
24.4075,-0.184077695,2.28079E-17
24.408,-0.184077695,1.93868E-17
24.4085,-0.184077695,1.64787E-17
24.409,-0.184077695,1.40069E-17
24.4095,-0.184077695,1.19059E-17
24.41,-0.184077695,1.012E-17
24.4105,-0.184077695,8.60201E-18
24.411,-0.184077695,7.3117E-18
24.4115,-0.184077695,6.21495E-18
24.412,-0.184077695,5.28271E-18
24.4125,-0.184077695,4.4903E-18
24.413,-0.184077695,3.81676E-18
24.4135,-0.184077695,3.24424E-18
24.414,-0.184077695,2.75761E-18
24.4145,-0.184077695,2.34397E-18
24.415,-0.184077695,1.99237E-18
24.4155,-0.184077695,1.69351E-18
24.416,-0.184077695,1.43949E-18
24.4165,-0.184077695,1.22356E-18
24.417,-0.184077695,1.04003E-18
24.4175,-0.184077695,8.84025E-19
24.418,-0.184077695,7.51422E-19
24.4185,-0.184077695,6.38708E-19
24.419,-0.184077695,5.42902E-19
24.4195,-0.184077695,4.61467E-19
24.42,-0.184077695,3.92247E-19
24.4205,-0.184077695,3.3341E-19
24.421,-0.184077695,2.83398E-19
24.4215,-0.184077695,2.40889E-19
24.422,-0.184077695,2.04755E-19
24.4225,-0.184077695,1.74042E-19
24.423,-0.184077695,1.47936E-19
24.4235,-0.184077695,1.25745E-19
24.424,-0.184077695,1.06884E-19
24.4245,-0.184077695,9.0851E-20
24.425,-0.184077695,7.72233E-20
24.4255,-0.184077695,6.56398E-20
24.426,-0.184077695,5.57939E-20
24.4265,-0.184077695,4.74248E-20
24.427,-0.184077695,4.03111E-20
24.4275,-0.184077695,3.42644E-20
24.428,-0.184077695,2.91247E-20
24.4285,-0.184077695,2.4756E-20
24.429,-0.184077695,2.10426E-20
24.4295,-0.184077695,1.78862E-20
24.43,-0.184077695,1.52033E-20
24.4305,-0.184077695,1.29228E-20
24.431,-0.184077695,1.09844E-20
24.4315,-0.184077695,9.33673E-21
24.432,-0.184077695,7.93622E-21
24.4325,-0.184077695,6.74578E-21
24.433,-0.184077695,5.73392E-21
24.4335,-0.184077695,4.87383E-21
24.434,-0.184077695,4.14275E-21
24.4345,-0.184077695,3.52134E-21
24.435,-0.184077695,2.99314E-21
24.4355,-0.184077695,2.54417E-21
24.436,-0.184077695,2.16254E-21
24.4365,-0.184077695,1.83816E-21
24.437,-0.184077695,1.56244E-21
24.4375,-0.184077695,1.32807E-21
24.438,-0.184077695,1.12886E-21
24.4385,-0.184077695,9.59532E-22
24.439,-0.187145656,-4.601942364
24.4395,-0.187145656,-3.911651009
24.44,-0.187145656,-3.324903358
24.4405,-0.187145656,-2.826167854
24.441,-0.187145656,-2.402242676
24.4415,-0.187145656,-2.041906275
24.442,-0.187145656,-1.735620333
24.4425,-0.187145656,-1.475277283
24.443,-0.187145656,-1.253985691
24.4435,-0.187145656,-1.065887837
24.444,-0.187145656,-0.906004662
24.4445,-0.187145656,-0.770103962
24.445,-0.187145656,-0.654588368
24.4455,-0.187145656,-0.556400113
24.446,-0.187145656,-0.472940096
24.4465,-0.187145656,-0.401999082
24.447,-0.187145656,-0.341699219
24.4475,-0.187145656,-0.290444336
24.448,-0.187145656,-0.246877686
24.4485,-0.187145656,-0.209846033
24.449,-0.187145656,-0.178369128
24.4495,-0.187145656,-0.151613759
24.45,-0.187145656,-0.128871695
24.4505,-0.187145656,-0.109540941
24.451,-0.187145656,-0.0931098
24.4515,-0.187145656,-0.07914333
24.452,-0.187145656,-0.06727183
24.4525,-0.187145656,-0.057181056
24.453,-0.187145656,-0.048603897
24.4535,-0.187145656,-0.041313313
24.454,-0.187145656,-0.035116316
24.4545,-0.187145656,-0.029848868
24.455,-0.187145656,-0.025371538
24.4555,-0.187145656,-0.021565807
24.456,-0.187145656,-0.018330936
24.4565,-0.187145656,-0.015581296
24.457,-0.187145656,-0.013244102
24.4575,-0.187145656,-0.011257486
24.458,-0.187145656,-0.009568863
24.4585,-0.187145656,-0.008133534
24.459,-0.187145656,-0.006913504
24.4595,-0.187145656,-0.005876478
24.46,-0.187145656,-0.004995006
24.4605,-0.187145656,-0.004245755
24.461,-0.187145656,-0.003608892
24.4615,-0.187145656,-0.003067558
24.462,-0.190213618,-4.604549788
24.4625,-0.190213618,-3.91386732
24.463,-0.190213618,-3.326787222
24.4635,-0.190213618,-2.827769139
24.464,-0.190213618,-2.403603768
24.4645,-0.190213618,-2.043063203
24.465,-0.190213618,-1.736603722
24.4655,-0.190213618,-1.476113164
24.466,-0.190213618,-1.254696189
24.4665,-0.190213618,-1.066491761
24.467,-0.190213618,-0.906517997
24.4675,-0.190213618,-0.770540297
24.468,-0.190213618,-0.654959253
24.4685,-0.190213618,-0.556715365
24.469,-0.190213618,-0.47320806
24.4695,-0.190213618,-0.402226851
24.47,-0.190213618,-0.341892823
24.4705,-0.190213618,-0.2906089
24.471,-0.190213618,-0.247017565
24.4715,-0.190213618,-0.20996493
24.472,-0.190213618,-0.178470191
24.4725,-0.190213618,-0.151699662
24.473,-0.190213618,-0.128944713
24.4735,-0.190213618,-0.109603006
24.474,-0.190213618,-0.093162555
24.4745,-0.190213618,-0.079188172
24.475,-0.190213618,-0.067309946
24.4755,-0.190213618,-0.057213454
24.476,-0.190213618,-0.048631436
24.4765,-0.190213618,-0.041336721
24.477,-0.190213618,-0.035136212
24.4775,-0.190213618,-0.029865781
24.478,-0.190213618,-0.025385914
24.4785,-0.190213618,-0.021578026
24.479,-0.190213618,-0.018341323
24.4795,-0.190213618,-0.015590124
24.48,-0.190213618,-0.013251606
24.4805,-0.190213618,-0.011263865
24.481,-0.190213618,-0.009574285
24.4815,-0.190213618,-0.008138142
24.482,-0.190213618,-0.006917421
24.4825,-0.190213618,-0.005879808
24.483,-0.190213618,-0.004997837
24.4835,-0.190213618,-0.004248161
24.484,-0.190213618,-0.003610937
24.4845,-0.190213618,-0.003069296
24.485,-0.190213618,-0.002608902
24.4855,-0.190213618,-0.002217567
24.486,-0.190213618,-0.001884932
24.4865,-0.190213618,-0.001602192
24.487,-0.190213618,-0.001361863
24.4875,-0.190213618,-0.001157584
24.488,-0.190213618,-0.000983946
24.4885,-0.190213618,-0.000836354
24.489,-0.190213618,-0.000710901
24.4895,-0.190213618,-0.000604266
24.49,-0.190213618,-0.000513626
24.4905,-0.190213618,-0.000436582
24.491,-0.190213618,-0.000371095
24.4915,-0.190213618,-0.000315431
24.492,-0.190213618,-0.000268116
24.4925,-0.190213618,-0.000227899
24.493,-0.190213618,-0.000193714
24.4935,-0.190213618,-0.000164657
24.494,-0.190213618,-0.000139958
24.4945,-0.190213618,-0.000118964
24.495,-0.190213618,-0.00010112
24.4955,-0.190213618,-8.59518E-05
24.496,-0.190213618,-7.30591E-05
24.4965,-0.190213618,-6.21002E-05
24.497,-0.190213618,-5.27852E-05
24.4975,-0.190213618,-4.48674E-05
24.498,-0.190213618,-3.81373E-05
24.4985,-0.190213618,-3.24167E-05
24.499,-0.190213618,-2.75542E-05
24.4995,-0.190213618,-2.34211E-05
24.5,-0.190213618,-1.99079E-05
24.5005,-0.190213618,-1.69217E-05
24.501,-0.190213618,-1.43835E-05
24.5015,-0.190213618,-1.22259E-05
24.502,-0.190213618,-1.03921E-05
24.5025,-0.190213618,-8.83324E-06
24.503,-0.190213618,-7.50826E-06
24.5035,-0.190213618,-6.38202E-06
24.504,-0.190213618,-5.42472E-06
24.5045,-0.190213618,-4.61101E-06
24.505,-0.190213618,-3.91936E-06
24.5055,-0.190213618,-3.33145E-06
24.506,-0.190213618,-2.83174E-06
24.5065,-0.190213618,-2.40697E-06
24.507,-0.190213618,-2.04593E-06
24.5075,-0.190213618,-1.73904E-06
24.508,-0.190213618,-1.47818E-06
24.5085,-0.190213618,-1.25646E-06
24.509,-0.190213618,-1.06799E-06
24.5095,-0.190213618,-9.07789E-07
24.51,-0.190213618,-7.71621E-07
24.5105,-0.190213618,-6.55878E-07
24.511,-0.190213618,-5.57496E-07
24.5115,-0.190213618,-4.73872E-07
24.512,-0.190213618,-4.02791E-07
24.5125,-0.190213618,-3.42372E-07
24.513,-0.190213618,-2.91016E-07
24.5135,-0.190213618,-2.47364E-07
24.514,-0.190213618,-2.10259E-07
24.5145,-0.190213618,-1.78721E-07
24.515,-0.190213618,-1.51912E-07
24.5155,-0.190213618,-1.29126E-07
24.516,-0.190213618,-1.09757E-07
24.5165,-0.190213618,-9.32932E-08
24.517,-0.190213618,-7.92992E-08
24.5175,-0.190213618,-6.74044E-08
24.518,-0.190213618,-5.72937E-08
24.5185,-0.190213618,-4.86996E-08
24.519,-0.190213618,-4.13947E-08
24.5195,-0.190213618,-3.51855E-08
24.52,-0.190213618,-2.99077E-08
24.5205,-0.190213618,-2.54215E-08
24.521,-0.190213618,-2.16083E-08
24.5215,-0.190213618,-1.8367E-08
24.522,-0.190213618,-1.5612E-08
24.5225,-0.190213618,-1.32702E-08
24.523,-0.190213618,-1.12797E-08
24.5235,-0.190213618,-9.58771E-09
24.524,-0.190213618,-8.14956E-09
24.5245,-0.190213618,-6.92712E-09
24.525,-0.190213618,-5.88805E-09
24.5255,-0.190213618,-5.00485E-09
24.526,-0.190213618,-4.25412E-09
24.5265,-0.190213618,-3.616E-09
24.527,-0.190213618,-3.0736E-09
24.5275,-0.190213618,-2.61256E-09
24.528,-0.190213618,-2.22068E-09
24.5285,-0.190213618,-1.88758E-09
24.529,-0.190213618,-1.60444E-09
24.5295,-0.190213618,-1.36377E-09
24.53,-0.190213618,-1.15921E-09
24.5305,-0.190213618,-9.85326E-10
24.531,-0.190213618,-8.37527E-10
24.5315,-0.190213618,-7.11898E-10
24.532,-0.190213618,-6.05113E-10
24.5325,-0.190213618,-5.14346E-10
24.533,-0.190213618,-4.37194E-10
24.5335,-0.190213618,-3.71615E-10
24.534,-0.190213618,-3.15873E-10
24.5345,-0.190213618,-2.68492E-10
24.535,-0.193281579,-4.601942364
24.5355,-0.193281579,-3.911651009
24.536,-0.193281579,-3.324903358
24.5365,-0.193281579,-2.826167854
24.537,-0.193281579,-2.402242676
24.5375,-0.193281579,-2.041906275
24.538,-0.193281579,-1.735620333
24.5385,-0.193281579,-1.475277283
24.539,-0.193281579,-1.253985691
24.5395,-0.193281579,-1.065887837
24.54,-0.193281579,-0.906004662
24.5405,-0.193281579,-0.770103962
24.541,-0.193281579,-0.654588368
24.5415,-0.193281579,-0.556400113
24.542,-0.193281579,-0.472940096
24.5425,-0.193281579,-0.401999082
24.543,-0.193281579,-0.341699219
24.5435,-0.193281579,-0.290444336
24.544,-0.193281579,-0.246877686
24.5445,-0.193281579,-0.209846033
24.545,-0.193281579,-0.178369128
24.5455,-0.193281579,-0.151613759
24.546,-0.193281579,-0.128871695
24.5465,-0.193281579,-0.109540941
24.547,-0.193281579,-0.0931098
24.5475,-0.193281579,-0.07914333
24.548,-0.193281579,-0.06727183
24.5485,-0.193281579,-0.057181056
24.549,-0.193281579,-0.048603897
24.5495,-0.193281579,-0.041313313
24.55,-0.193281579,-0.035116316
24.5505,-0.193281579,-0.029848868
24.551,-0.193281579,-0.025371538
24.5515,-0.193281579,-0.021565807
24.552,-0.193281579,-0.018330936
24.5525,-0.193281579,-0.015581296
24.553,-0.193281579,-0.013244102
24.5535,-0.193281579,-0.011257486
24.554,-0.193281579,-0.009568863
24.5545,-0.193281579,-0.008133534
24.555,-0.193281579,-0.006913504
24.5555,-0.193281579,-0.005876478
24.556,-0.193281579,-0.004995006
24.5565,-0.193281579,-0.004245755
24.557,-0.193281579,-0.003608892
24.5575,-0.193281579,-0.003067558
24.558,-0.193281579,-0.002607425
24.5585,-0.193281579,-0.002216311
24.559,-0.193281579,-0.001883864
24.5595,-0.193281579,-0.001601285
24.56,-0.193281579,-0.001361092
24.5605,-0.193281579,-0.001156928
24.561,-0.193281579,-0.000983389
24.5615,-0.193281579,-0.000835881
24.562,-0.193281579,-0.000710498
24.5625,-0.193281579,-0.000603924
24.563,-0.193281579,-0.000513335
24.5635,-0.193281579,-0.000436335
24.564,-0.193281579,-0.000370885
24.5645,-0.193281579,-0.000315252
24.565,-0.193281579,-0.000267964
24.5655,-0.193281579,-0.00022777
24.566,-0.193281579,-0.000193604
24.5665,-0.193281579,-0.000164563
24.567,-0.193281579,-0.000139879
24.5675,-0.193281579,-0.000118897
24.568,-0.193281579,-0.000101063
24.5685,-0.193281579,-8.59032E-05
24.569,-0.193281579,-7.30177E-05
24.5695,-0.193281579,-6.2065E-05
24.57,-0.193281579,-5.27553E-05
24.5705,-0.193281579,-4.4842E-05
24.571,-0.193281579,-3.81157E-05
24.5715,-0.193281579,-3.23983E-05
24.572,-0.193281579,-2.75386E-05
24.5725,-0.193281579,-2.34078E-05
24.573,-0.193281579,-1.98966E-05
24.5735,-0.193281579,-1.69121E-05
24.574,-0.193281579,-1.43753E-05
24.5745,-0.193281579,-1.2219E-05
24.575,-0.193281579,-1.03862E-05
24.5755,-0.193281579,-8.82824E-06
24.576,-0.193281579,-7.504E-06
24.5765,-0.193281579,-6.3784E-06
24.577,-0.193281579,-5.42164E-06
24.5775,-0.193281579,-4.6084E-06
24.578,-0.193281579,-3.91714E-06
24.5785,-0.193281579,-3.32957E-06
24.579,-0.193281579,-2.83013E-06
24.5795,-0.193281579,-2.40561E-06
24.58,-0.193281579,-2.04477E-06
24.5805,-0.193281579,-1.73805E-06
24.581,-0.193281579,-1.47735E-06
24.5815,-0.193281579,-1.25574E-06
24.582,-0.193281579,-1.06738E-06
24.5825,-0.193281579,-9.07275E-07
24.583,-0.193281579,-7.71184E-07
24.5835,-0.193281579,-6.55506E-07
24.584,-0.193281579,-5.5718E-07
24.5845,-0.193281579,-4.73603E-07
24.585,-0.193281579,-4.02563E-07
24.5855,-0.193281579,-3.42178E-07
24.586,-0.193281579,-2.90852E-07
24.5865,-0.193281579,-2.47224E-07
24.587,-0.193281579,-2.1014E-07
24.5875,-0.193281579,-1.78619E-07
24.588,-0.193281579,-1.51826E-07
24.5885,-0.193281579,-1.29052E-07
24.589,-0.193281579,-1.09695E-07
24.5895,-0.193281579,-9.32404E-08
24.59,-0.193281579,-7.92543E-08
24.5905,-0.193281579,-6.73662E-08
24.591,-0.193281579,-5.72613E-08
24.5915,-0.193281579,-4.86721E-08
24.592,-0.193281579,-4.13713E-08
24.5925,-0.193281579,-3.51656E-08
24.593,-0.193281579,-2.98907E-08
24.5935,-0.193281579,-2.54071E-08
24.594,-0.193281579,-2.15961E-08
24.5945,-0.193281579,-1.83566E-08
24.595,-0.193281579,-1.56031E-08
24.5955,-0.193281579,-1.32627E-08
24.596,-0.193281579,-1.12733E-08
24.5965,-0.193281579,-9.58228E-09
24.597,-0.193281579,-8.14494E-09
24.5975,-0.193281579,-6.9232E-09
24.598,-0.193281579,-5.88472E-09
24.5985,-0.193281579,-5.00201E-09
24.599,-0.193281579,-4.25171E-09
24.5995,-0.193281579,-3.61395E-09
24.6,-0.193281579,-3.07186E-09
24.6005,-0.193281579,-2.61108E-09
24.601,-0.193281579,-2.21942E-09
24.6015,-0.193281579,-1.88651E-09
24.602,-0.193281579,-1.60353E-09
24.6025,-0.193281579,-1.363E-09
24.603,-0.193281579,-1.15855E-09
24.6035,-0.193281579,-9.84768E-10
24.604,-0.193281579,-8.37053E-10
24.6045,-0.193281579,-7.11495E-10
24.605,-0.193281579,-6.04771E-10
24.6055,-0.193281579,-5.14055E-10
24.606,-0.193281579,-4.36947E-10
24.6065,-0.193281579,-3.71405E-10
24.607,-0.193281579,-3.15694E-10
24.6075,-0.193281579,-2.6834E-10
24.608,-0.193281579,-2.28089E-10
24.6085,-0.193281579,-1.93876E-10
24.609,-0.193281579,-1.64794E-10
24.6095,-0.193281579,-1.40075E-10
24.61,-0.193281579,-1.19064E-10
24.6105,-0.193281579,-1.01204E-10
24.611,-0.193281579,-8.60237E-11
24.6115,-0.193281579,-7.31201E-11
24.612,-0.193281579,-6.21521E-11
24.6125,-0.193281579,-5.28293E-11
24.613,-0.193281579,-4.49049E-11
24.6135,-0.193281579,-3.81692E-11
24.614,-0.193281579,-3.24438E-11
24.6145,-0.193281579,-2.75772E-11
24.615,-0.193281579,-2.34406E-11
24.6155,-0.193281579,-1.99245E-11
24.616,-0.193281579,-1.69359E-11
24.6165,-0.193281579,-1.43955E-11
24.617,-0.193281579,-1.22362E-11
24.6175,-0.193281579,-1.04007E-11
24.618,-0.193281579,-8.84062E-12
24.6185,-0.193281579,-7.51453E-12
24.619,-0.193281579,-6.38735E-12
24.6195,-0.193281579,-5.42925E-12
24.62,-0.193281579,-4.61486E-12
24.6205,-0.193281579,-3.92263E-12
24.621,-0.193281579,-3.33424E-12
24.6215,-0.193281579,-2.8341E-12
24.622,-0.193281579,-2.40899E-12
24.6225,-0.193281579,-2.04764E-12
24.623,-0.193281579,-1.74049E-12
24.6235,-0.193281579,-1.47942E-12
24.624,-0.193281579,-1.25751E-12
24.6245,-0.193281579,-1.06888E-12
24.625,-0.193281579,-9.08548E-13
24.6255,-0.193281579,-7.72266E-13
24.626,-0.193281579,-6.56426E-13
24.6265,-0.193281579,-5.57962E-13
24.627,-0.193281579,-4.74268E-13
24.6275,-0.193281579,-4.03128E-13
24.628,-0.193281579,-3.42658E-13
24.6285,-0.193281579,-2.9126E-13
24.629,-0.193281579,-2.47571E-13
24.6295,-0.193281579,-2.10435E-13
24.63,-0.193281579,-1.7887E-13
24.6305,-0.193281579,-1.52039E-13
24.631,-0.193281579,-1.29233E-13
24.6315,-0.193281579,-1.09848E-13
24.632,-0.193281579,-9.33712E-14
24.6325,-0.193281579,-7.93655E-14
24.633,-0.193281579,-6.74607E-14
24.6335,-0.193281579,-5.73416E-14
24.634,-0.193281579,-4.87403E-14
24.6345,-0.193281579,-4.14293E-14
24.635,-0.193281579,-3.52149E-14
24.6355,-0.193281579,-2.99327E-14
24.636,-0.193281579,-2.54428E-14
24.6365,-0.193281579,-2.16263E-14
24.637,-0.193281579,-1.83824E-14
24.6375,-0.193281579,-1.5625E-14
24.638,-0.193281579,-1.32813E-14
24.6385,-0.193281579,-1.12891E-14
24.639,-0.193281579,-9.59572E-15
24.6395,-0.193281579,-8.15636E-15
24.64,-0.193281579,-6.93291E-15
24.6405,-0.193281579,-5.89297E-15
24.641,-0.193281579,-5.00903E-15
24.6415,-0.193281579,-4.25767E-15
24.642,-0.193281579,-3.61902E-15
24.6425,-0.193281579,-3.07617E-15
24.643,-0.193281579,-2.61474E-15
24.6435,-0.193281579,-2.22253E-15
24.644,-0.193281579,-1.88915E-15
24.6445,-0.193281579,-1.60578E-15
24.645,-0.193281579,-1.36491E-15
24.6455,-0.193281579,-1.16018E-15
24.646,-0.193281579,-9.86149E-16
24.6465,-0.193281579,-8.38227E-16
24.647,-0.193281579,-7.12493E-16
24.6475,-0.193281579,-6.05619E-16
24.648,-0.193281579,-5.14776E-16
24.6485,-0.193281579,-4.3756E-16
24.649,-0.193281579,-3.71926E-16
24.6495,-0.193281579,-3.16137E-16
24.65,-0.193281579,-2.68716E-16
24.6505,-0.193281579,-2.28409E-16
24.651,-0.193281579,-1.94148E-16
24.6515,-0.193281579,-1.65025E-16
24.652,-0.193281579,-1.40272E-16
24.6525,-0.193281579,-1.19231E-16
24.653,-0.193281579,-1.01346E-16
24.6535,-0.193281579,-8.61443E-17
24.654,-0.193281579,-7.32227E-17
24.6545,-0.193281579,-6.22393E-17
24.655,-0.193281579,-5.29034E-17
24.6555,-0.193281579,-4.49679E-17
24.656,-0.193281579,-3.82227E-17
24.6565,-0.193281579,-3.24893E-17
24.657,-0.193281579,-2.76159E-17
24.6575,-0.193281579,-2.34735E-17
24.658,-0.193281579,-1.99525E-17
24.6585,-0.193281579,-1.69596E-17
24.659,-0.193281579,-1.44157E-17
24.6595,-0.193281579,-1.22533E-17
24.66,-0.193281579,-1.04153E-17
24.6605,-0.193281579,-8.85302E-18
24.661,-0.193281579,-7.52507E-18
24.6615,-0.193281579,-6.39631E-18
24.662,-0.193281579,-5.43686E-18
24.6625,-0.193281579,-4.62133E-18
24.663,-0.193281579,-3.92813E-18
24.6635,-0.193281579,-3.33891E-18
24.664,-0.193281579,-2.83808E-18
24.6645,-0.193281579,-2.41236E-18
24.665,-0.193281579,-2.05051E-18
24.6655,-0.193281579,-1.74293E-18
24.666,-0.193281579,-1.48149E-18
24.6665,-0.193281579,-1.25927E-18
24.667,-0.193281579,-1.07038E-18
24.6675,-0.193281579,-9.09822E-19
24.668,-0.193281579,-7.73349E-19
24.6685,-0.193281579,-6.57346E-19
24.669,-0.193281579,-5.58745E-19
24.6695,-0.193281579,-4.74933E-19
24.67,-0.193281579,-4.03693E-19
24.6705,-0.193281579,-3.43139E-19
24.671,-0.193281579,-2.91668E-19
24.6715,-0.193281579,-2.47918E-19
24.672,-0.193281579,-2.1073E-19
24.6725,-0.193281579,-1.79121E-19
24.673,-0.193281579,-1.52253E-19
24.6735,-0.193281579,-1.29415E-19
24.674,-0.193281579,-1.10002E-19
24.6745,-0.193281579,-9.35021E-20
24.675,-0.193281579,-7.94768E-20
24.6755,-0.193281579,-6.75553E-20
24.676,-0.193281579,-5.7422E-20
24.6765,-0.193281579,-4.88087E-20
24.677,-0.193281579,-4.14874E-20
24.6775,-0.193281579,-3.52643E-20
24.678,-0.193281579,-2.99746E-20
24.6785,-0.193281579,-2.54784E-20
24.679,-0.193281579,-2.16567E-20
24.6795,-0.193281579,-1.84082E-20
24.68,-0.193281579,-1.56469E-20
24.6805,-0.193281579,-1.32999E-20
24.681,-0.193281579,-1.13049E-20
24.6815,-0.193281579,-9.60918E-21
24.682,-0.193281579,-8.1678E-21
24.6825,-0.193281579,-6.94263E-21
24.683,-0.193281579,-5.90124E-21
24.6835,-0.193281579,-5.01605E-21
24.684,-0.193281579,-4.26365E-21
24.6845,-0.193281579,-3.6241E-21
24.685,-0.193281579,-3.08048E-21
24.6855,-0.193281579,-2.61841E-21
24.686,-0.193281579,-2.22565E-21
24.6865,-0.193281579,-1.8918E-21
24.687,-0.193281579,-1.60803E-21
24.6875,-0.193281579,-1.36683E-21
24.688,-0.193281579,-1.1618E-21
24.6885,-0.193281579,-9.87532E-22
24.689,-0.193281579,-8.39403E-22
24.6895,-0.193281579,-7.13492E-22
24.69,-0.193281579,-6.06468E-22
24.6905,-0.193281579,-5.15498E-22
24.691,-0.193281579,-4.38173E-22
24.6915,-0.193281579,-3.72447E-22
24.692,-0.193281579,-3.1658E-22
24.6925,-0.193281579,-2.69093E-22
24.693,-0.193281579,-2.28729E-22
24.6935,-0.193281579,-1.9442E-22
24.694,-0.193281579,-1.65257E-22
24.6945,-0.193281579,-1.40468E-22
24.695,-0.193281579,-1.19398E-22
24.6955,-0.193281579,-1.01488E-22
24.696,-0.193281579,-8.62651E-23
24.6965,-0.193281579,-7.33254E-23
24.697,-0.193281579,-6.23266E-23
24.6975,-0.193281579,-5.29776E-23
24.698,-0.193281579,-4.50309E-23
24.6985,-0.193281579,-3.82763E-23
24.699,-0.193281579,-3.25349E-23
24.6995,-0.193281579,-2.76546E-23
24.7,-0.193281579,-2.35064E-23
24.7005,-0.193281579,-1.99805E-23
24.701,-0.193281579,-1.69834E-23
24.7015,-0.193281579,-1.44359E-23
24.702,-0.193281579,-1.22705E-23
24.7025,-0.193281579,-1.04299E-23
24.703,-0.193281579,-8.86544E-24
24.7035,-0.193281579,-7.53562E-24
24.704,-0.193281579,-6.40528E-24
24.7045,-0.193281579,-5.44449E-24
24.705,-0.193281579,-4.62781E-24
24.7055,-0.193281579,-3.93364E-24
24.706,-0.193281579,-3.3436E-24
24.7065,-0.193281579,-2.84206E-24
24.707,-0.193281579,-2.41575E-24
24.7075,-0.193281579,-2.05339E-24
24.708,-0.193281579,-1.74538E-24
24.7085,-0.193281579,-1.48357E-24
24.709,-0.193281579,-1.26104E-24
24.7095,-0.193281579,-1.07188E-24
24.71,-0.193281579,-9.11098E-25
24.7105,-0.193281579,-7.74433E-25
24.711,-0.193281579,-6.58268E-25
24.7115,-0.193281579,-5.59528E-25
24.712,-0.193281579,-4.75599E-25
24.7125,-0.193281579,-4.04259E-25
24.713,-0.193281579,-3.4362E-25
24.7135,-0.193281579,-2.92077E-25
24.714,-0.193281579,-2.48266E-25
24.7145,-0.193281579,-2.11026E-25
24.715,-0.193281579,-1.79372E-25
24.7155,-0.193281579,-1.52466E-25
24.716,-0.193281579,-1.29596E-25
24.7165,-0.193281579,-1.10157E-25
24.717,-0.193281579,-9.36333E-26
24.7175,-0.193281579,-7.95883E-26
24.718,-0.193281579,-6.765E-26
24.7185,-0.193281579,-5.75025E-26
24.719,-0.193281579,-4.88771E-26
24.7195,-0.193281579,-4.15456E-26
24.72,-0.193281579,-3.53137E-26
24.7205,-0.193281579,-3.00167E-26
24.721,-0.193281579,-2.55142E-26
24.7215,-0.193281579,-2.1687E-26
24.722,-0.193281579,-1.8434E-26
24.7225,-0.193281579,-1.56689E-26
24.723,-0.193281579,-1.33186E-26
24.7235,-0.193281579,-1.13208E-26
24.724,-0.193281579,-9.62266E-27
24.7245,-0.193281579,-8.17926E-27
24.725,-0.193281579,-6.95237E-27
24.7255,-0.193281579,-5.90952E-27
24.726,-0.193281579,-5.02309E-27
24.7265,-0.193281579,-4.26962E-27
24.727,-0.193281579,-3.62918E-27
24.7275,-0.193281579,-3.0848E-27
24.728,-0.193281579,-2.62208E-27
24.7285,-0.193281579,-2.22877E-27
24.729,-0.193281579,-1.89446E-27
24.7295,-0.193281579,-1.61029E-27
24.73,-0.193281579,-1.36874E-27
24.7305,-0.193281579,-1.16343E-27
24.731,-0.193281579,-9.88917E-28
24.7315,-0.193281579,-8.4058E-28
24.732,-0.193281579,-7.14493E-28
24.7325,-0.193281579,-6.07319E-28
24.733,-0.193281579,-5.16221E-28
24.7335,-0.193281579,-4.38788E-28
24.734,-0.193281579,-3.7297E-28
24.7345,-0.193281579,-3.17024E-28
24.735,-0.193281579,-2.69471E-28
24.7355,-0.193281579,-2.2905E-28
24.736,-0.193281579,-1.94693E-28
24.7365,-0.193281579,-1.65489E-28
24.737,-0.193281579,-1.40665E-28
24.7375,-0.193281579,-1.19566E-28
24.738,-0.193281579,-1.01631E-28
24.7385,-0.193281579,-8.63861E-29
24.739,-0.193281579,-7.34282E-29
24.7395,-0.193281579,-6.2414E-29
24.74,-0.193281579,-5.30519E-29
24.7405,-0.193281579,-4.50941E-29
24.741,-0.193281579,-3.833E-29
24.7415,-0.193281579,-3.25805E-29
24.742,-0.193281579,-2.76934E-29
24.7425,-0.193281579,-2.35394E-29
24.743,-0.193281579,-2.00085E-29
24.7435,-0.193281579,-1.70072E-29
24.744,-0.193281579,-1.44561E-29
24.7445,-0.193281579,-1.22877E-29
24.745,-0.193281579,-1.04446E-29
24.7455,-0.193281579,-8.87787E-30
24.746,-0.193281579,-7.54619E-30
24.7465,-0.193281579,-6.41426E-30
24.747,-0.193281579,-5.45212E-30
24.7475,-0.193281579,-4.6343E-30
24.748,-0.193281579,-3.93916E-30
24.7485,-0.193281579,-3.34829E-30
24.749,-0.193281579,-2.84604E-30
24.7495,-0.193281579,-2.41914E-30
24.75,-0.193281579,-2.05627E-30
24.7505,-0.193281579,-1.74783E-30
24.751,-0.193281579,-1.48565E-30
24.7515,-0.193281579,-1.2628E-30
24.752,-0.193281579,-1.07338E-30
24.7525,-0.193281579,-9.12376E-31
24.753,-0.193281579,-7.7552E-31
24.7535,-0.193281579,-6.59192E-31
24.754,-0.193281579,-5.60313E-31
24.7545,-0.193281579,-4.76266E-31
24.755,-0.193281579,-4.04826E-31
24.7555,-0.193281579,-3.44102E-31
24.756,-0.193281579,-2.92487E-31
24.7565,-0.193281579,-2.48614E-31
24.757,-0.193281579,-2.11322E-31
24.7575,-0.193281579,-1.79623E-31
24.758,-0.193281579,-1.5268E-31
24.7585,-0.193281579,-1.29778E-31
24.759,-0.193281579,-1.10311E-31
24.7595,-0.193281579,-9.37646E-32
24.76,-0.193281579,-7.96999E-32
24.7605,-0.193281579,-6.77449E-32
24.761,-0.193281579,-5.75832E-32
24.7615,-0.193281579,-4.89457E-32
24.762,-0.193281579,-4.16038E-32
24.7625,-0.193281579,-3.53633E-32
24.763,-0.193281579,-3.00588E-32
24.7635,-0.193281579,-2.555E-32
24.764,-0.193281579,-2.17175E-32
24.7645,-0.193281579,-1.84598E-32
24.765,-0.193281579,-1.56909E-32
24.7655,-0.193281579,-1.33372E-32
24.766,-0.193281579,-1.13367E-32
24.7665,-0.193281579,-9.63616E-33
24.767,-0.193281579,-8.19073E-33
24.7675,-0.193281579,-6.96212E-33
24.768,-0.193281579,-5.9178E-33
24.7685,-0.193281579,-5.03013E-33
24.769,-0.193281579,-4.27561E-33
24.7695,-0.193281579,-3.63427E-33
24.77,-0.193281579,-3.08913E-33
24.7705,-0.193281579,-2.62576E-33
24.771,-0.193281579,-2.2319E-33
24.7715,-0.193281579,-1.89711E-33
24.772,-0.193281579,-1.61255E-33
24.7725,-0.193281579,-1.37066E-33
24.773,-0.193281579,-1.16506E-33
24.7735,-0.193281579,-9.90304E-34
24.774,-0.193281579,-8.41759E-34
24.7745,-0.193281579,-7.15495E-34
24.775,-0.193281579,-6.08171E-34
24.7755,-0.193281579,-5.16945E-34
24.776,-0.193281579,-4.39403E-34
24.7765,-0.193281579,-3.73493E-34
24.777,-0.193281579,-3.17469E-34
24.7775,-0.193281579,-2.69849E-34
24.778,-0.193281579,-2.29371E-34
24.7785,-0.193281579,-1.94966E-34
24.779,-0.193281579,-1.65721E-34
24.7795,-0.193281579,-1.40863E-34
24.78,-0.193281579,-1.19733E-34
24.7805,-0.193281579,-1.01773E-34
24.781,-0.193281579,-8.65073E-35
24.7815,-0.193281579,-7.35312E-35
24.782,-0.193281579,-6.25015E-35
24.7825,-0.193281579,-5.31263E-35
24.783,-0.193281579,-4.51573E-35
24.7835,-0.193281579,-3.83837E-35
24.784,-0.193281579,-3.26262E-35
24.7845,-0.193281579,-2.77322E-35
24.785,-0.193281579,-2.35724E-35
24.7855,-0.193281579,-2.00366E-35
24.786,-0.193281579,-1.70311E-35
24.7865,-0.193281579,-1.44764E-35
24.787,-0.193281579,-1.23049E-35
24.7875,-0.193281579,-1.04592E-35
24.788,-0.193281579,-8.89032E-36
24.7885,-0.193281579,-7.55678E-36
24.789,-0.193281579,-6.42326E-36
24.7895,-0.193281579,-5.45977E-36
24.79,-0.193281579,-4.6408E-36
24.7905,-0.193281579,-3.94468E-36
24.791,-0.193281579,-3.35298E-36
24.7915,-0.193281579,-2.85003E-36
24.792,-0.193281579,-2.42253E-36
24.7925,-0.193281579,-2.05915E-36
24.793,-0.193281579,-1.75028E-36
24.7935,-0.193281579,-1.48774E-36
24.794,-0.193281579,-1.26458E-36
24.7945,-0.193281579,-1.07489E-36
24.795,-0.193281579,-9.13656E-37
24.7955,-0.193281579,-7.76607E-37
24.796,-0.193281579,-6.60116E-37
24.7965,-0.193281579,-5.61099E-37
24.797,-0.193281579,-4.76934E-37
24.7975,-0.193281579,-4.05394E-37
24.798,-0.193281579,-3.44585E-37
24.7985,-0.193281579,-2.92897E-37
24.799,-0.193281579,-2.48963E-37
24.7995,-0.193281579,-2.11618E-37
24.8,-0.193281579,-1.79875E-37
24.8005,-0.193281579,-1.52894E-37
24.801,-0.193281579,-1.2996E-37
24.8015,-0.193281579,-1.10466E-37
24.802,-0.193281579,-9.38961E-38
24.8025,-0.193281579,-7.98117E-38
24.803,-0.193281579,-6.78399E-38
24.8035,-0.193281579,-5.76639E-38
24.804,-0.193281579,-4.90143E-38
24.8045,-0.193281579,-4.16622E-38
24.805,-0.193281579,-3.54129E-38
24.8055,-0.193281579,-3.01009E-38
24.806,-0.193281579,-2.55858E-38
24.8065,-0.193281579,-2.17479E-38
24.807,-0.193281579,-1.84857E-38
24.8075,-0.193281579,-1.57129E-38
24.808,-0.193281579,-1.33559E-38
24.8085,-0.193281579,-1.13526E-38
24.809,-0.193281579,-9.64967E-39
24.8095,-0.193281579,-8.20222E-39
24.81,-0.193281579,-6.97189E-39
24.8105,-0.193281579,-5.9261E-39
24.811,-0.193281579,-5.03719E-39
24.8115,-0.193281579,-4.28161E-39
24.812,-0.193281579,-3.63937E-39
24.8125,-0.193281579,-3.09346E-39
24.813,-0.193281579,-2.62944E-39
24.8135,-0.193281579,-2.23503E-39
24.814,-0.193281579,-1.89977E-39
24.8145,-0.193281579,-1.61481E-39
24.815,-0.193281579,-1.37259E-39
24.8155,-0.193281579,-1.1667E-39
24.816,-0.193281579,-9.91693E-40
24.8165,-0.193281579,-8.42939E-40
24.817,-0.193281579,-7.16498E-40
24.8175,-0.193281579,-6.09024E-40
24.818,-0.193281579,-5.1767E-40
24.8185,-0.193281579,-4.4002E-40
24.819,-0.193281579,-3.74017E-40
24.8195,-0.193281579,-3.17914E-40
24.82,-0.193281579,-2.70227E-40
24.8205,-0.193281579,-2.29693E-40
24.821,-0.193281579,-1.95239E-40
24.8215,-0.193281579,-1.65953E-40
24.822,-0.193281579,-1.4106E-40
24.8225,-0.193281579,-1.19901E-40
24.823,-0.193281579,-1.01916E-40
24.8235,-0.193281579,-8.66286E-41
24.824,-0.193281579,-7.36343E-41
24.8245,-0.193281579,-6.25892E-41
24.825,-0.193281579,-5.32008E-41
24.8255,-0.193281579,-4.52207E-41
24.826,-0.193281579,-3.84376E-41
24.8265,-0.193281579,-3.26719E-41
24.827,-0.193281579,-2.77711E-41
24.8275,-0.193281579,-2.36055E-41
24.828,-0.193281579,-2.00647E-41
24.8285,-0.193281579,-1.7055E-41
24.829,-0.193281579,-1.44967E-41
24.8295,-0.193281579,-1.23222E-41
24.83,-0.193281579,-1.04739E-41
24.8305,-0.193281579,-8.90279E-42
24.831,-0.193281579,-7.56737E-42
24.8315,-0.193281579,-6.43227E-42
24.832,-0.193281579,-5.46743E-42
24.8325,-0.193281579,-4.64731E-42
24.833,-0.193281579,-3.95022E-42
24.8335,-0.193281579,-3.35768E-42
24.834,-0.193281579,-2.85403E-42
24.8345,-0.193281579,-2.42593E-42
24.835,-0.193281579,-2.06204E-42
24.8355,-0.193281579,-1.75273E-42
24.836,-0.193281579,-1.48982E-42
24.8365,-0.193281579,-1.26635E-42
24.837,-0.193281579,-1.0764E-42
24.8375,-0.193281579,-9.14937E-43
24.838,-0.193281579,-7.77697E-43
24.8385,-0.193281579,-6.61042E-43
24.839,-0.193281579,-5.61886E-43
24.8395,-0.193281579,-4.77603E-43
24.84,-0.193281579,-4.05962E-43
24.8405,-0.193281579,-3.45068E-43
24.841,-0.193281579,-2.93308E-43
24.8415,-0.193281579,-2.49312E-43
24.842,-0.193281579,-2.11915E-43
24.8425,-0.193281579,-1.80128E-43
24.843,-0.193281579,-1.53109E-43
24.8435,-0.193281579,-1.30142E-43
24.844,-0.193281579,-1.10621E-43
24.8445,-0.193281579,-9.40278E-44
24.845,-0.193281579,-7.99236E-44
24.8455,-0.193281579,-6.79351E-44
24.846,-0.193281579,-5.77448E-44
24.8465,-0.193281579,-4.90831E-44
24.847,-0.193281579,-4.17206E-44
24.8475,-0.193281579,-3.54625E-44
24.848,-0.193281579,-3.01432E-44
24.8485,-0.193281579,-2.56217E-44
24.849,-0.193281579,-2.17784E-44
24.8495,-0.193281579,-1.85117E-44
24.85,-0.193281579,-1.57349E-44
24.8505,-0.193281579,-1.33747E-44
24.851,-0.193281579,-1.13685E-44
24.8515,-0.193281579,-9.6632E-45
24.852,-0.193281579,-8.21372E-45
24.8525,-0.193281579,-6.98166E-45
24.853,-0.193281579,-5.93442E-45
24.8535,-0.193281579,-5.04425E-45
24.854,-0.193281579,-4.28761E-45
24.8545,-0.193281579,-3.64447E-45
24.855,-0.193281579,-3.0978E-45
24.8555,-0.193281579,-2.63313E-45
24.856,-0.193281579,-2.23816E-45
24.8565,-0.193281579,-1.90244E-45
24.857,-0.193281579,-1.61707E-45
24.8575,-0.193281579,-1.37451E-45
24.858,-0.193281579,-1.16833E-45
24.8585,-0.193281579,-9.93084E-46
24.859,-0.193281579,-8.44122E-46
24.8595,-0.193281579,-7.17503E-46
24.86,-0.193281579,-6.09878E-46
24.8605,-0.193281579,-5.18396E-46
24.861,-0.193281579,-4.40637E-46
24.8615,-0.193281579,-3.74541E-46
24.862,-0.193281579,-3.1836E-46
24.8625,-0.193281579,-2.70606E-46
24.863,-0.193281579,-2.30015E-46
24.8635,-0.193281579,-1.95513E-46
24.864,-0.193281579,-1.66186E-46
24.8645,-0.193281579,-1.41258E-46
24.865,-0.193281579,-1.20069E-46
24.8655,-0.193281579,-1.02059E-46
24.866,-0.193281579,-8.67501E-47
24.8665,-0.193281579,-7.37376E-47
24.867,-0.193281579,-6.26769E-47
24.8675,-0.193281579,-5.32754E-47
24.868,-0.193281579,-4.52841E-47
24.8685,-0.193281579,-3.84915E-47
24.869,-0.193281579,-3.27178E-47
24.8695,-0.193281579,-2.78101E-47
24.87,-0.193281579,-2.36386E-47
24.8705,-0.193281579,-2.00928E-47
24.871,-0.193281579,-1.70789E-47
24.8715,-0.193281579,-1.4517E-47
24.872,-0.193281579,-1.23395E-47
24.8725,-0.193281579,-1.04886E-47
24.873,-0.193281579,-8.91528E-48
24.8735,-0.193281579,-7.57799E-48
24.874,-0.193281579,-6.44129E-48
24.8745,-0.193281579,-5.4751E-48
24.875,-0.193281579,-4.65383E-48
24.8755,-0.193281579,-3.95576E-48
24.876,-0.193281579,-3.36239E-48
24.8765,-0.193281579,-2.85803E-48
24.877,-0.193281579,-2.42933E-48
24.8775,-0.193281579,-2.06493E-48
24.878,-0.193281579,-1.75519E-48
24.8785,-0.193281579,-1.49191E-48
24.879,-0.193281579,-1.26813E-48
24.8795,-0.193281579,-1.07791E-48
24.88,-0.193281579,-9.1622E-49
24.8805,-0.193281579,-7.78787E-49
24.881,-0.193281579,-6.61969E-49
24.8815,-0.193281579,-5.62674E-49
24.882,-0.193281579,-4.78273E-49
24.8825,-0.193281579,-4.06532E-49
24.883,-0.193281579,-3.45552E-49
24.8835,-0.193281579,-2.93719E-49
24.884,-0.193281579,-2.49661E-49
24.8845,-0.193281579,-2.12212E-49
24.885,-0.193281579,-1.8038E-49
24.8855,-0.193281579,-1.53323E-49
24.886,-0.193281579,-1.30325E-49
24.8865,-0.193281579,-1.10776E-49
24.887,-0.193281579,-9.41597E-50
24.8875,-0.193281579,-8.00357E-50
24.888,-0.193281579,-6.80304E-50
24.8885,-0.193281579,-5.78258E-50
24.889,-0.193281579,-4.91519E-50
24.8895,-0.193281579,-4.17791E-50
24.89,-0.193281579,-3.55123E-50
24.8905,-0.193281579,-3.01854E-50
24.891,-0.193281579,-2.56576E-50
24.8915,-0.193281579,-2.1809E-50
24.892,-0.193281579,-1.85376E-50
24.8925,-0.193281579,-1.5757E-50
24.893,-0.193281579,-1.33934E-50
24.8935,-0.193281579,-1.13844E-50
24.894,-0.193281579,-9.67676E-51
24.8945,-0.193281579,-8.22524E-51
24.895,-0.193281579,-6.99146E-51
24.8955,-0.193281579,-5.94274E-51
24.896,-0.193281579,-5.05133E-51
24.8965,-0.193281579,-4.29363E-51
24.897,-0.193281579,-3.64958E-51
24.8975,-0.193281579,-3.10215E-51
24.898,-0.193281579,-2.63682E-51
24.8985,-0.193281579,-2.2413E-51
24.899,-0.193281579,-1.90511E-51
24.8995,-0.193281579,-1.61934E-51
24.9,-0.193281579,-1.37644E-51
24.9005,-0.193281579,-1.16997E-51
24.901,-0.193281579,-9.94477E-52
24.9015,-0.193281579,-8.45306E-52
24.902,-0.193281579,-7.1851E-52
24.9025,-0.193281579,-6.10733E-52
24.903,-0.193281579,-5.19123E-52
24.9035,-0.193281579,-4.41255E-52
24.904,-0.193281579,-3.75067E-52
24.9045,-0.193281579,-3.18807E-52
24.905,-0.193281579,-2.70986E-52
24.9055,-0.193281579,-2.30338E-52
24.906,-0.193281579,-1.95787E-52
24.9065,-0.193281579,-1.66419E-52
24.907,-0.193281579,-1.41456E-52
24.9075,-0.193281579,-1.20238E-52
24.908,-0.193281579,-1.02202E-52
24.9085,-0.193281579,-8.68718E-53
24.909,-0.193281579,-7.3841E-53
24.9095,-0.193281579,-6.27649E-53
24.91,-0.193281579,-5.33501E-53
24.9105,-0.193281579,-4.53476E-53
24.911,-0.193281579,-3.85455E-53
24.9115,-0.193281579,-3.27636E-53
24.912,-0.193281579,-2.78491E-53
24.9125,-0.193281579,-2.36717E-53
24.913,-0.193281579,-2.0121E-53
24.9135,-0.193281579,-1.71028E-53
24.914,-0.193281579,-1.45374E-53
24.9145,-0.193281579,-1.23568E-53
24.915,-0.193281579,-1.05033E-53
24.9155,-0.193281579,-8.92778E-54
24.916,-0.193281579,-7.58862E-54
24.9165,-0.193281579,-6.45032E-54
24.917,-0.193281579,-5.48277E-54
24.9175,-0.193281579,-4.66036E-54
24.918,-0.193281579,-3.9613E-54
24.9185,-0.193281579,-3.36711E-54
24.919,-0.193281579,-2.86204E-54
24.9195,-0.193281579,-2.43274E-54
24.92,-0.193281579,-2.06783E-54
24.9205,-0.193281579,-1.75765E-54
24.921,-0.193281579,-1.494E-54
24.9215,-0.193281579,-1.2699E-54
24.922,-0.193281579,-1.07942E-54
24.9225,-0.193281579,-9.17505E-55
24.923,-0.193281579,-7.7988E-55
24.9235,-0.193281579,-6.62898E-55
24.924,-0.193281579,-5.63463E-55
24.9245,-0.193281579,-4.78944E-55
24.925,-0.193281579,-4.07102E-55
24.9255,-0.193281579,-3.46037E-55
24.926,-0.193281579,-2.94131E-55
24.9265,-0.193281579,-2.50012E-55
24.927,-0.193281579,-2.1251E-55
24.9275,-0.193281579,-1.80633E-55
24.928,-0.193281579,-1.53538E-55
24.9285,-0.193281579,-1.30508E-55
24.929,-0.193281579,-1.10931E-55
24.9295,-0.193281579,-9.42917E-56
24.93,-0.193281579,-8.0148E-56
24.9305,-0.193281579,-6.81258E-56
24.931,-0.193281579,-5.79069E-56
24.9315,-0.193281579,-4.92209E-56
24.932,-0.193281579,-4.18377E-56
24.9325,-0.193281579,-3.55621E-56
24.933,-0.193281579,-3.02278E-56
24.9335,-0.193281579,-2.56936E-56
24.934,-0.193281579,-2.18396E-56
24.9345,-0.193281579,-1.85636E-56
24.935,-0.193281579,-1.57791E-56
24.9355,-0.193281579,-1.34122E-56
24.936,-0.193281579,-1.14004E-56
24.9365,-0.193281579,-9.69033E-57
24.937,-0.193281579,-8.23678E-57
24.9375,-0.193281579,-7.00126E-57
24.938,-0.193281579,-5.95107E-57
24.9385,-0.193281579,-5.05841E-57
24.939,-0.193281579,-4.29965E-57
24.9395,-0.193281579,-3.6547E-57
24.94,-0.193281579,-3.1065E-57
24.9405,-0.193281579,-2.64052E-57
24.941,-0.193281579,-2.24444E-57
24.9415,-0.193281579,-1.90778E-57
24.942,-0.193281579,-1.62161E-57
24.9425,-0.193281579,-1.37837E-57
24.943,-0.193281579,-1.17161E-57
24.9435,-0.193281579,-9.95872E-58
24.944,-0.193281579,-8.46491E-58
24.9445,-0.193281579,-7.19517E-58
24.945,-0.193281579,-6.1159E-58
24.9455,-0.193281579,-5.19851E-58
24.946,-0.193281579,-4.41874E-58
24.9465,-0.193281579,-3.75593E-58
24.947,-0.193281579,-3.19254E-58
24.9475,-0.193281579,-2.71366E-58
24.948,-0.193281579,-2.30661E-58
24.9485,-0.193281579,-1.96062E-58
24.949,-0.193281579,-1.66652E-58
24.9495,-0.193281579,-1.41655E-58
24.95,-0.193281579,-1.20406E-58
24.9505,-0.193281579,-1.02345E-58
24.951,-0.193281579,-8.69936E-59
24.9515,-0.193281579,-7.39446E-59
24.952,-0.193281579,-6.28529E-59
24.9525,-0.193281579,-5.3425E-59
24.953,-0.193281579,-4.54112E-59
24.9535,-0.193281579,-3.85995E-59
24.954,-0.193281579,-3.28096E-59
24.9545,-0.193281579,-2.78882E-59
24.955,-0.193281579,-2.37049E-59
24.9555,-0.193281579,-2.01492E-59
24.956,-0.193281579,-1.71268E-59
24.9565,-0.193281579,-1.45578E-59
24.957,-0.193281579,-1.23741E-59
24.9575,-0.193281579,-1.0518E-59
24.958,-0.193281579,-8.9403E-60
24.9585,-0.193281579,-7.59926E-60
24.959,-0.193281579,-6.45937E-60
24.9595,-0.193281579,-5.49046E-60
24.96,-0.193281579,-4.6669E-60
24.9605,-0.193281579,-3.96686E-60
24.961,-0.193281579,-3.37183E-60
24.9615,-0.193281579,-2.86606E-60
24.962,-0.193281579,-2.43615E-60
24.9625,-0.193281579,-2.07073E-60
24.963,-0.193281579,-1.76012E-60
24.9635,-0.193281579,-1.4961E-60
24.964,-0.193281579,-1.27168E-60
24.9645,-0.193281579,-1.08093E-60
24.965,-0.193281579,-9.18792E-61
24.9655,-0.193281579,-7.80973E-61
24.966,-0.193281579,-6.63827E-61
24.9665,-0.193281579,-5.64253E-61
24.967,-0.193281579,-4.79615E-61
24.9675,-0.193281579,-4.07673E-61
24.968,-0.193281579,-3.46522E-61
24.9685,-0.193281579,-2.94544E-61
24.969,-0.193281579,-2.50362E-61
24.9695,-0.193281579,-2.12808E-61
24.97,-0.193281579,-1.80887E-61
24.9705,-0.193281579,-1.53754E-61
24.971,-0.193281579,-1.30691E-61
24.9715,-0.193281579,-1.11087E-61
24.972,-0.193281579,-9.4424E-62
24.9725,-0.193281579,-8.02604E-62
24.973,-0.193281579,-6.82213E-62
24.9735,-0.193281579,-5.79881E-62
24.974,-0.193281579,-4.92899E-62
24.9745,-0.193281579,-4.18964E-62
24.975,-0.193281579,-3.5612E-62
24.9755,-0.193281579,-3.02702E-62
24.976,-0.193281579,-2.57296E-62
24.9765,-0.193281579,-2.18702E-62
24.977,-0.193281579,-1.85897E-62
24.9775,-0.193281579,-1.58012E-62
24.978,-0.193281579,-1.3431E-62
24.9785,-0.193281579,-1.14164E-62
24.979,-0.193281579,-9.70392E-63
24.9795,-0.193281579,-8.24833E-63
24.98,-0.193281579,-7.01108E-63
24.9805,-0.193281579,-5.95942E-63
24.981,-0.193281579,-5.06551E-63
24.9815,-0.193281579,-4.30568E-63
24.982,-0.193281579,-3.65983E-63
24.9825,-0.193281579,-3.11085E-63
24.983,-0.193281579,-2.64423E-63
24.9835,-0.193281579,-2.24759E-63
24.984,-0.193281579,-1.91045E-63
24.9845,-0.193281579,-1.62389E-63
24.985,-0.193281579,-1.3803E-63
24.9855,-0.193281579,-1.17326E-63
24.986,-0.193281579,-9.97269E-64
24.9865,-0.193281579,-8.47678E-64
24.987,-0.193281579,-7.20527E-64
24.9875,-0.193281579,-6.12448E-64
24.988,-0.193281579,-5.2058E-64
24.9885,-0.193281579,-4.42493E-64
24.989,-0.193281579,-3.76119E-64
24.9895,-0.193281579,-3.19701E-64
24.99,-0.193281579,-2.71746E-64
24.9905,-0.193281579,-2.30984E-64
24.991,-0.193281579,-1.96337E-64
24.9915,-0.193281579,-1.66886E-64
24.992,-0.193281579,-1.41853E-64
24.9925,-0.193281579,-1.20575E-64
24.993,-0.193281579,-1.02489E-64
24.9935,-0.193281579,-8.71156E-65
24.994,-0.193281579,-7.40483E-65
24.9945,-0.193281579,-6.2941E-65
24.995,-0.193281579,-5.34999E-65
24.9955,-0.193281579,-4.54749E-65
24.996,-0.193281579,-3.86537E-65
24.9965,-0.193281579,-3.28556E-65
24.997,-0.193281579,-2.79273E-65
24.9975,-0.193281579,-2.37382E-65
24.998,-0.193281579,-2.01775E-65
24.9985,-0.193281579,-1.71508E-65
24.999,-0.193281579,-1.45782E-65
24.9995,-0.193281579,-1.23915E-65
25,-0.193281579,-1.05328E-65
25.0005,-0.193281579,-8.95284E-66
25.001,-0.193281579,-7.60992E-66
25.0015,-0.193281579,-6.46843E-66
25.002,-0.193281579,-5.49817E-66
25.0025,-0.193281579,-4.67344E-66
25.003,-0.193281579,-3.97242E-66
25.0035,-0.193281579,-3.37656E-66
25.004,-0.193281579,-2.87008E-66
25.0045,-0.193281579,-2.43957E-66
25.005,-0.193281579,-2.07363E-66
25.0055,-0.193281579,-1.76259E-66
25.006,-0.193281579,-1.4982E-66
25.0065,-0.193281579,-1.27347E-66
25.007,-0.193281579,-1.08245E-66
25.0075,-0.193281579,-9.20081E-67
25.008,-0.193281579,-7.82069E-67
25.0085,-0.193281579,-6.64758E-67
25.009,-0.193281579,-5.65045E-67
25.0095,-0.193281579,-4.80288E-67
25.01,-0.193281579,-4.08245E-67
25.0105,-0.193281579,-3.47008E-67
25.011,-0.193281579,-2.94957E-67
25.0115,-0.193281579,-2.50713E-67
25.012,-0.193281579,-2.13106E-67
25.0125,-0.193281579,-1.8114E-67
25.013,-0.193281579,-1.53969E-67
25.0135,-0.193281579,-1.30874E-67
25.014,-0.193281579,-1.11243E-67
25.0145,-0.193281579,-9.45564E-68
25.015,-0.193281579,-8.03729E-68
25.0155,-0.193281579,-6.8317E-68
25.016,-0.193281579,-5.80694E-68
25.0165,-0.193281579,-4.9359E-68
25.017,-0.193281579,-4.19552E-68
25.0175,-0.193281579,-3.56619E-68
25.018,-0.193281579,-3.03126E-68
25.0185,-0.193281579,-2.57657E-68
25.019,-0.193281579,-2.19009E-68
25.0195,-0.193281579,-1.86157E-68
25.02,-0.193281579,-1.58234E-68
25.0205,-0.193281579,-1.34499E-68
25.021,-0.193281579,-1.14324E-68
25.0215,-0.193281579,-9.71753E-69
25.022,-0.193281579,-8.2599E-69
25.0225,-0.193281579,-7.02092E-69
25.023,-0.193281579,-5.96778E-69
25.0235,-0.193281579,-5.07261E-69
25.024,-0.193281579,-4.31172E-69
25.0245,-0.193281579,-3.66496E-69
25.025,-0.193281579,-3.11522E-69
25.0255,-0.193281579,-2.64793E-69
25.026,-0.193281579,-2.25074E-69
25.0265,-0.193281579,-1.91313E-69
25.027,-0.193281579,-1.62616E-69
25.0275,-0.193281579,-1.38224E-69
25.028,-0.193281579,-1.1749E-69
25.0285,-0.193281579,-9.98667E-70
25.029,-0.193281579,-8.48867E-70
25.0295,-0.193281579,-7.21537E-70
25.03,-0.193281579,-6.13307E-70
25.0305,-0.193281579,-5.21311E-70
25.031,-0.193281579,-4.43114E-70
25.0315,-0.193281579,-3.76647E-70
25.032,-0.193281579,-3.2015E-70
25.0325,-0.193281579,-2.72127E-70
25.033,-0.193281579,-2.31308E-70
25.0335,-0.193281579,-1.96612E-70
25.034,-0.193281579,-1.6712E-70
25.0345,-0.193281579,-1.42052E-70
25.035,-0.193281579,-1.20744E-70
25.0355,-0.193281579,-1.02633E-70
25.036,-0.193281579,-8.72378E-71
25.0365,-0.193281579,-7.41521E-71
25.037,-0.193281579,-6.30293E-71
25.0375,-0.193281579,-5.35749E-71
25.038,-0.193281579,-4.55387E-71
25.0385,-0.193281579,-3.87079E-71
25.039,-0.193281579,-3.29017E-71
25.0395,-0.193281579,-2.79664E-71
25.04,-0.193281579,-2.37715E-71
25.0405,-0.193281579,-2.02058E-71
25.041,-0.193281579,-1.71749E-71
25.0415,-0.193281579,-1.45987E-71
25.042,-0.193281579,-1.24089E-71
25.0425,-0.193281579,-1.05475E-71
25.043,-0.193281579,-8.9654E-72
25.0435,-0.193281579,-7.62059E-72
25.044,-0.193281579,-6.4775E-72
25.0445,-0.193281579,-5.50588E-72
25.045,-0.193281579,-4.68E-72
25.0455,-0.193281579,-3.978E-72
25.046,-0.193281579,-3.3813E-72
25.0465,-0.193281579,-2.8741E-72
25.047,-0.193281579,-2.44299E-72
25.0475,-0.193281579,-2.07654E-72
25.048,-0.193281579,-1.76506E-72
25.0485,-0.193281579,-1.5003E-72
25.049,-0.193281579,-1.27525E-72
25.0495,-0.193281579,-1.08397E-72
25.05,-0.193281579,-9.21371E-73
25.0505,-0.193281579,-7.83166E-73
25.051,-0.193281579,-6.65691E-73
25.0515,-0.193281579,-5.65837E-73
25.052,-0.193281579,-4.80962E-73
25.0525,-0.193281579,-4.08817E-73
25.053,-0.193281579,-3.47495E-73
25.0535,-0.193281579,-2.95371E-73
25.054,-0.193281579,-2.51065E-73
25.0545,-0.193281579,-2.13405E-73
25.055,-0.193281579,-1.81394E-73
25.0555,-0.193281579,-1.54185E-73
25.056,-0.193281579,-1.31057E-73
25.0565,-0.193281579,-1.11399E-73
25.057,-0.193281579,-9.4689E-74
25.0575,-0.193281579,-8.04857E-74
25.058,-0.193281579,-6.84128E-74
25.0585,-0.193281579,-5.81509E-74
25.059,-0.193281579,-4.94283E-74
25.0595,-0.193281579,-4.2014E-74
25.06,-0.193281579,-3.57119E-74
25.0605,-0.193281579,-3.03551E-74
25.061,-0.193281579,-2.58019E-74
25.0615,-0.193281579,-2.19316E-74
25.062,-0.193281579,-1.86418E-74
25.0625,-0.193281579,-1.58456E-74
25.063,-0.193281579,-1.34687E-74
25.0635,-0.193281579,-1.14484E-74
25.064,-0.193281579,-9.73116E-75
25.0645,-0.193281579,-8.27149E-75
25.065,-0.193281579,-7.03076E-75
25.0655,-0.193281579,-5.97615E-75
25.066,-0.193281579,-5.07973E-75
25.0665,-0.193281579,-4.31777E-75
25.067,-0.193281579,-3.6701E-75
25.0675,-0.193281579,-3.11959E-75
25.068,-0.193281579,-2.65165E-75
25.0685,-0.193281579,-2.2539E-75
25.069,-0.193281579,-1.91582E-75
25.0695,-0.193281579,-1.62844E-75
25.07,-0.193281579,-1.38418E-75
25.0705,-0.193281579,-1.17655E-75
25.071,-0.193281579,-1.00007E-75
25.0715,-0.193281579,-8.50058E-76
25.072,-0.193281579,-7.22549E-76
25.0725,-0.193281579,-6.14167E-76
25.073,-0.193281579,-5.22042E-76
25.0735,-0.193281579,-4.43735E-76
25.074,-0.193281579,-3.77175E-76
25.0745,-0.193281579,-3.20599E-76
25.075,-0.193281579,-2.72509E-76
25.0755,-0.193281579,-2.31633E-76
25.076,-0.193281579,-1.96888E-76
25.0765,-0.193281579,-1.67355E-76
25.077,-0.193281579,-1.42251E-76
25.0775,-0.193281579,-1.20914E-76
25.078,-0.193281579,-1.02777E-76
25.0785,-0.193281579,-8.73602E-77
25.079,-0.193281579,-7.42561E-77
25.0795,-0.193281579,-6.31177E-77
25.08,-0.193281579,-5.36501E-77
25.0805,-0.193281579,-4.56026E-77
25.081,-0.193281579,-3.87622E-77
25.0815,-0.193281579,-3.29478E-77
25.082,-0.193281579,-2.80057E-77
25.0825,-0.193281579,-2.38048E-77
25.083,-0.193281579,-2.02341E-77
25.0835,-0.193281579,-1.7199E-77
25.084,-0.193281579,-1.46191E-77
25.0845,-0.193281579,-1.24263E-77
25.085,-0.193281579,-1.05623E-77
25.0855,-0.193281579,-8.97797E-78
25.086,-0.193281579,-7.63128E-78
25.0865,-0.193281579,-6.48659E-78
25.087,-0.193281579,-5.5136E-78
25.0875,-0.193281579,-4.68656E-78
25.088,-0.193281579,-3.98358E-78
25.0885,-0.193281579,-3.38604E-78
25.089,-0.193281579,-2.87813E-78
25.0895,-0.193281579,-2.44641E-78
25.09,-0.193281579,-2.07945E-78
25.0905,-0.193281579,-1.76753E-78
25.091,-0.193281579,-1.5024E-78
25.0915,-0.193281579,-1.27704E-78
25.092,-0.193281579,-1.08549E-78
25.0925,-0.193281579,-9.22664E-79
25.093,-0.193281579,-7.84264E-79
25.0935,-0.193281579,-6.66624E-79
25.094,-0.193281579,-5.66631E-79
25.0945,-0.193281579,-4.81636E-79
25.095,-0.193281579,-4.09391E-79
25.0955,-0.193281579,-3.47982E-79
25.096,-0.193281579,-2.95785E-79
25.0965,-0.193281579,-2.51417E-79
25.097,-0.193281579,-2.13705E-79
25.0975,-0.193281579,-1.81649E-79
25.098,-0.193281579,-1.54402E-79
25.0985,-0.193281579,-1.31241E-79
25.099,-0.193281579,-1.11555E-79
25.0995,-0.193281579,-9.48218E-80
25.1,-0.193281579,-8.05986E-80
25.1005,-0.193281579,-6.85088E-80
25.101,-0.193281579,-5.82325E-80
25.1015,-0.193281579,-4.94976E-80
25.102,-0.193281579,-4.20729E-80
25.1025,-0.193281579,-3.5762E-80
25.103,-0.193281579,-3.03977E-80
25.1035,-0.193281579,-2.5838E-80
25.104,-0.193281579,-2.19623E-80
25.1045,-0.193281579,-1.8668E-80
25.105,-0.193281579,-1.58678E-80
25.1055,-0.193281579,-1.34876E-80
25.106,-0.193281579,-1.14645E-80
25.1065,-0.193281579,-9.74481E-81
25.107,-0.193281579,-8.28309E-81
25.1075,-0.193281579,-7.04062E-81
25.108,-0.193281579,-5.98453E-81
25.1085,-0.193281579,-5.08685E-81
25.109,-0.193281579,-4.32382E-81
25.1095,-0.193281579,-3.67525E-81
25.11,-0.193281579,-3.12396E-81
25.1105,-0.193281579,-2.65537E-81
25.111,-0.193281579,-2.25706E-81
25.1115,-0.193281579,-1.9185E-81
25.112,-0.193281579,-1.63073E-81
25.1125,-0.193281579,-1.38612E-81
25.113,-0.193281579,-1.1782E-81
25.1135,-0.193281579,-1.00147E-81
25.114,-0.193281579,-8.5125E-82
25.1145,-0.193281579,-7.23563E-82
25.115,-0.193281579,-6.15028E-82
25.1155,-0.193281579,-5.22774E-82
25.116,-0.193281579,-4.44358E-82
25.1165,-0.193281579,-3.77704E-82
25.117,-0.193281579,-3.21049E-82
25.1175,-0.193281579,-2.72891E-82
25.118,-0.193281579,-2.31958E-82
25.1185,-0.193281579,-1.97164E-82
25.119,-0.193281579,-1.67589E-82
25.1195,-0.193281579,-1.42451E-82
25.12,-0.193281579,-1.21083E-82
25.1205,-0.193281579,-1.02921E-82
25.121,-0.193281579,-8.74827E-83
25.1215,-0.193281579,-7.43603E-83
25.122,-0.193281579,-6.32062E-83
25.1225,-0.193281579,-5.37253E-83
25.123,-0.193281579,-4.56665E-83
25.1235,-0.193281579,-3.88165E-83
25.124,-0.193281579,-3.29941E-83
25.1245,-0.193281579,-2.80449E-83
25.125,-0.193281579,-2.38382E-83
25.1255,-0.193281579,-2.02625E-83
25.126,-0.193281579,-1.72231E-83
25.1265,-0.193281579,-1.46396E-83
25.127,-0.193281579,-1.24437E-83
25.1275,-0.193281579,-1.05771E-83
25.128,-0.193281579,-8.99057E-84
25.1285,-0.193281579,-7.64198E-84
25.129,-0.193281579,-6.49568E-84
25.1295,-0.193281579,-5.52133E-84
25.13,-0.193281579,-4.69313E-84
25.1305,-0.193281579,-3.98916E-84
25.131,-0.193281579,-3.39079E-84
25.1315,-0.193281579,-2.88217E-84
25.132,-0.193281579,-2.44984E-84
25.1325,-0.193281579,-2.08237E-84
25.133,-0.193281579,-1.77001E-84
25.1335,-0.193281579,-1.50451E-84
25.134,-0.193281579,-1.27883E-84
25.1345,-0.193281579,-1.08701E-84
25.135,-0.193281579,-9.23958E-85
25.1355,-0.193281579,-7.85364E-85
25.136,-0.193281579,-6.67559E-85
25.1365,-0.193281579,-5.67425E-85
25.137,-0.193281579,-4.82312E-85
25.1375,-0.193281579,-4.09965E-85
25.138,-0.193281579,-3.4847E-85
25.1385,-0.193281579,-2.962E-85
25.139,-0.193281579,-2.5177E-85
25.1395,-0.193281579,-2.14004E-85
25.14,-0.193281579,-1.81904E-85
25.1405,-0.193281579,-1.54618E-85
25.141,-0.193281579,-1.31425E-85
25.1415,-0.193281579,-1.11712E-85
25.142,-0.193281579,-9.49548E-86
25.1425,-0.193281579,-8.07116E-86
25.143,-0.193281579,-6.86049E-86
25.1435,-0.193281579,-5.83141E-86
25.144,-0.193281579,-4.9567E-86
25.1445,-0.193281579,-4.2132E-86
25.145,-0.193281579,-3.58122E-86
25.1455,-0.193281579,-3.04403E-86
25.146,-0.193281579,-2.58743E-86
25.1465,-0.193281579,-2.19931E-86
25.147,-0.193281579,-1.86942E-86
25.1475,-0.193281579,-1.589E-86
25.148,-0.193281579,-1.35065E-86
25.1485,-0.193281579,-1.14806E-86
25.149,-0.193281579,-9.75847E-87
25.1495,-0.193281579,-8.2947E-87
25.15,-0.193281579,-7.0505E-87
25.1505,-0.193281579,-5.99292E-87
25.151,-0.193281579,-5.09398E-87
25.1515,-0.193281579,-4.32989E-87
25.152,-0.193281579,-3.6804E-87
25.1525,-0.193281579,-3.12834E-87
25.153,-0.193281579,-2.65909E-87
25.1535,-0.193281579,-2.26023E-87
25.154,-0.193281579,-1.92119E-87
25.1545,-0.193281579,-1.63301E-87
25.155,-0.193281579,-1.38806E-87
25.1555,-0.193281579,-1.17985E-87
25.156,-0.193281579,-1.00288E-87
25.1565,-0.193281579,-8.52444E-88
25.157,-0.193281579,-7.24577E-88
25.1575,-0.193281579,-6.15891E-88
25.158,-0.193281579,-5.23507E-88
25.1585,-0.193281579,-4.44981E-88
25.159,-0.193281579,-3.78234E-88
25.1595,-0.193281579,-3.21499E-88
25.16,-0.193281579,-2.73274E-88
25.1605,-0.193281579,-2.32283E-88
25.161,-0.193281579,-1.9744E-88
25.1615,-0.193281579,-1.67824E-88
25.162,-0.193281579,-1.42651E-88
25.1625,-0.193281579,-1.21253E-88
25.163,-0.193281579,-1.03065E-88
25.1635,-0.193281579,-8.76054E-89
25.164,-0.193281579,-7.44646E-89
25.1645,-0.193281579,-6.32949E-89
25.165,-0.193281579,-5.38007E-89
25.1655,-0.193281579,-4.57306E-89
25.166,-0.193281579,-3.8871E-89
25.1665,-0.193281579,-3.30403E-89
25.167,-0.193281579,-2.80843E-89
25.1675,-0.193281579,-2.38716E-89
25.168,-0.193281579,-2.02909E-89
25.1685,-0.193281579,-1.72473E-89
25.169,-0.193281579,-1.46602E-89
25.1695,-0.193281579,-1.24611E-89
25.17,-0.193281579,-1.0592E-89
25.1705,-0.193281579,-9.00318E-90
25.171,-0.193281579,-7.6527E-90
25.1715,-0.193281579,-6.50479E-90
25.172,-0.193281579,-5.52908E-90
25.1725,-0.193281579,-4.69971E-90
25.173,-0.193281579,-3.99476E-90
25.1735,-0.193281579,-3.39554E-90
25.174,-0.193281579,-2.88621E-90
25.1745,-0.193281579,-2.45328E-90
25.175,-0.193281579,-2.08529E-90
25.1755,-0.193281579,-1.77249E-90
25.176,-0.193281579,-1.50662E-90
25.1765,-0.193281579,-1.28063E-90
25.177,-0.193281579,-1.08853E-90
25.1775,-0.193281579,-9.25253E-91
25.178,-0.193281579,-7.86465E-91
25.1785,-0.193281579,-6.68496E-91
25.179,-0.193281579,-5.68221E-91
25.1795,-0.193281579,-4.82988E-91
25.18,-0.193281579,-4.1054E-91
25.1805,-0.193281579,-3.48959E-91
25.181,-0.193281579,-2.96615E-91
25.1815,-0.193281579,-2.52123E-91
25.182,-0.193281579,-2.14304E-91
25.1825,-0.193281579,-1.82159E-91
25.183,-0.193281579,-1.54835E-91
25.1835,-0.193281579,-1.3161E-91
25.184,-0.193281579,-1.11868E-91
25.1845,-0.193281579,-9.5088E-92
25.185,-0.193281579,-8.08248E-92
25.1855,-0.193281579,-6.87011E-92
25.186,-0.193281579,-5.83959E-92
25.1865,-0.193281579,-4.96365E-92
25.187,-0.193281579,-4.2191E-92
25.1875,-0.193281579,-3.58624E-92
25.188,-0.193281579,-3.0483E-92
25.1885,-0.193281579,-2.59106E-92
25.189,-0.193281579,-2.2024E-92
25.1895,-0.193281579,-1.87204E-92
25.19,-0.193281579,-1.59123E-92
25.1905,-0.193281579,-1.35255E-92
25.191,-0.193281579,-1.14967E-92
25.1915,-0.193281579,-9.77216E-93
25.192,-0.193281579,-8.30634E-93
25.1925,-0.193281579,-7.06039E-93
25.193,-0.193281579,-6.00133E-93
25.1935,-0.193281579,-5.10113E-93
25.194,-0.193281579,-4.33596E-93
25.1945,-0.193281579,-3.68557E-93
25.195,-0.193281579,-3.13273E-93
25.1955,-0.193281579,-2.66282E-93
25.196,-0.193281579,-2.2634E-93
25.1965,-0.193281579,-1.92389E-93
25.197,-0.193281579,-1.63531E-93
25.1975,-0.193281579,-1.39001E-93
25.198,-0.193281579,-1.18151E-93
25.1985,-0.193281579,-1.00428E-93
25.199,-0.193281579,-8.5364E-94
25.1995,-0.193281579,-7.25594E-94
25.2,-0.193281579,-6.16755E-94
25.2005,-0.193281579,-5.24241E-94
25.201,-0.193281579,-4.45605E-94
25.2015,-0.193281579,-3.78764E-94
25.202,-0.193281579,-3.2195E-94
25.2025,-0.193281579,-2.73657E-94
25.203,-0.193281579,-2.32609E-94
25.2035,-0.193281579,-1.97717E-94
25.204,-0.193281579,-1.6806E-94
25.2045,-0.193281579,-1.42851E-94
25.205,-0.193281579,-1.21423E-94
25.2055,-0.193281579,-1.0321E-94
25.206,-0.193281579,-8.77283E-95
25.2065,-0.193281579,-7.4569E-95
25.207,-0.193281579,-6.33837E-95
25.2075,-0.193281579,-5.38761E-95
25.208,-0.193281579,-4.57947E-95
25.2085,-0.193281579,-3.89255E-95
25.209,-0.193281579,-3.30867E-95
25.2095,-0.193281579,-2.81237E-95
25.21,-0.193281579,-2.39051E-95
25.2105,-0.193281579,-2.03194E-95
25.211,-0.193281579,-1.72714E-95
25.2115,-0.193281579,-1.46807E-95
25.212,-0.193281579,-1.24786E-95
25.2125,-0.193281579,-1.06068E-95
25.213,-0.193281579,-9.0158E-96
25.2135,-0.193281579,-7.66343E-96
25.214,-0.193281579,-6.51392E-96
25.2145,-0.193281579,-5.53683E-96
25.215,-0.193281579,-4.70631E-96
25.2155,-0.193281579,-4.00036E-96
25.216,-0.193281579,-3.40031E-96
25.2165,-0.193281579,-2.89026E-96
25.217,-0.193281579,-2.45672E-96
25.2175,-0.193281579,-2.08821E-96
25.218,-0.193281579,-1.77498E-96
25.2185,-0.193281579,-1.50873E-96
25.219,-0.193281579,-1.28242E-96
25.2195,-0.193281579,-1.09006E-96
25.22,-0.193281579,-9.26551E-97
25.2205,-0.193281579,-7.87568E-97
25.221,-0.193281579,-6.69433E-97
25.2215,-0.193281579,-5.69018E-97
25.222,-0.193281579,-4.83665E-97
25.2225,-0.193281579,-4.11116E-97
25.223,-0.193281579,-3.49448E-97
25.2235,-0.193281579,-2.97031E-97
25.224,-0.193281579,-2.52476E-97
25.2245,-0.193281579,-2.14605E-97
25.225,-0.193281579,-1.82414E-97
25.2255,-0.193281579,-1.55052E-97
25.226,-0.193281579,-1.31794E-97
25.2265,-0.193281579,-1.12025E-97
25.227,-0.193281579,-9.52214E-98
25.2275,-0.193281579,-8.09382E-98
25.228,-0.193281579,-6.87974E-98
25.2285,-0.193281579,-5.84778E-98
25.229,-0.193281579,-4.97061E-98
25.2295,-0.193281579,-4.22502E-98
25.23,-0.193281579,-3.59127E-98
25.2305,-0.193281579,-3.05258E-98
25.231,-0.193281579,-2.59469E-98
25.2315,-0.193281579,-2.20549E-98
25.232,-0.193281579,-1.87466E-98
25.2325,-0.193281579,-1.59347E-98
25.233,-0.193281579,-1.35445E-98
25.2335,-0.193281579,-1.15128E-98
25.234,-0.193281579,-9.7859E-99
25.2345,-0.193281579,-8.318E-99
25.235,-0.193281579,-7.0703E-99
25.2355,-0.193281579,-6.0097E-99
25.236,-0.193281579,-5.1083E-99
25.2365,-0.193281579,-4.342E-99
25.237,-0.193281579,-3.6907E-99
25.2375,-0.193281579,-3.1371E-99
25.238,-0.193281579,-2.6666E-99
25.2385,-0.193281579,-2.2666E-99
25.239,-0.193281579,-1.9266E-99
25.2395,-0.193281579,-1.6376E-99
25.24,-0.193281579,-1.392E-99
25.2405,-0.193281579,-1.1832E-99
25.241,-0.193281579,-1.0057E-99
25.2415,-0.193281579,-8.5484E-100
25.242,-0.193281579,-7.2661E-100
25.2425,-0.193281579,-6.1762E-100
25.243,-0.193281579,-5.2498E-100
25.2435,-0.193281579,-4.4623E-100
25.244,-0.193281579,-3.793E-100
25.2445,-0.193281579,-3.224E-100
25.245,-0.193281579,-2.7404E-100
25.2455,-0.193281579,-2.3293E-100
25.246,-0.193281579,-1.9799E-100
25.2465,-0.193281579,-1.683E-100
25.247,-0.193281579,-1.4305E-100
25.2475,-0.193281579,-1.2159E-100
25.248,-0.193281579,-1.0335E-100
25.2485,-0.193281579,-8.7851E-101
25.249,-0.193281579,-7.4674E-101
25.2495,-0.193281579,-6.3473E-101
25.25,-0.193281579,-5.3952E-101
25.2505,-0.193281579,-4.5859E-101
25.251,-0.193281579,-3.898E-101
25.2515,-0.193281579,-3.3133E-101
25.252,-0.193281579,-2.8163E-101
25.2525,-0.193281579,-2.3939E-101
25.253,-0.193281579,-2.0348E-101
25.2535,-0.193281579,-1.7296E-101
25.254,-0.193281579,-1.4701E-101
25.2545,-0.193281579,-1.2496E-101
25.255,-0.193281579,-1.0622E-101
25.2555,-0.193281579,-9.0284E-102
25.256,-0.193281579,-7.6742E-102
25.2565,-0.193281579,-6.5231E-102
25.257,-0.193281579,-5.5446E-102
25.2575,-0.193281579,-4.7129E-102
25.258,-0.193281579,-4.006E-102
25.2585,-0.193281579,-3.4051E-102
25.259,-0.193281579,-2.8943E-102
25.2595,-0.193281579,-2.4602E-102
25.26,-0.193281579,-2.0911E-102
25.2605,-0.193281579,-1.7775E-102
25.261,-0.193281579,-1.5108E-102
25.2615,-0.193281579,-1.2842E-102
25.262,-0.193281579,-1.0916E-102
25.2625,-0.193281579,-9.2785E-103
25.263,-0.193281579,-7.8867E-103
25.2635,-0.193281579,-6.7037E-103
25.264,-0.193281579,-5.6982E-103
25.2645,-0.193281579,-4.8434E-103
25.265,-0.193281579,-4.1169E-103
25.2655,-0.193281579,-3.4994E-103
25.266,-0.193281579,-2.9745E-103
25.2665,-0.193281579,-2.5283E-103
25.267,-0.193281579,-2.1491E-103
25.2675,-0.193281579,-1.8267E-103
25.268,-0.193281579,-1.5527E-103
25.2685,-0.193281579,-1.3198E-103
25.269,-0.193281579,-1.1218E-103
25.2695,-0.193281579,-9.5355E-104
25.27,-0.193281579,-8.1052E-104
25.2705,-0.193281579,-6.8894E-104
25.271,-0.193281579,-5.856E-104
25.2715,-0.193281579,-4.9776E-104
25.272,-0.193281579,-4.2309E-104
25.2725,-0.193281579,-3.5963E-104
25.273,-0.193281579,-3.0569E-104
25.2735,-0.193281579,-2.5983E-104
25.274,-0.193281579,-2.2086E-104
25.2745,-0.193281579,-1.8773E-104
25.275,-0.193281579,-1.5957E-104
25.2755,-0.193281579,-1.3563E-104
25.276,-0.193281579,-1.1529E-104
25.2765,-0.193281579,-9.7996E-105
25.277,-0.193281579,-8.3297E-105
25.2775,-0.193281579,-7.0802E-105
25.278,-0.193281579,-6.0182E-105
25.2785,-0.193281579,-5.1154E-105
25.279,-0.193281579,-4.3481E-105
25.2795,-0.193281579,-3.6959E-105
25.28,-0.193281579,-3.1415E-105
25.2805,-0.193281579,-2.6703E-105
25.281,-0.193281579,-2.2698E-105
25.2815,-0.193281579,-1.9293E-105
25.282,-0.193281579,-1.6399E-105
25.2825,-0.193281579,-1.3939E-105
25.283,-0.193281579,-1.1848E-105
25.2835,-0.193281579,-1.0071E-105
25.284,-0.193281579,-8.5604E-106
25.2845,-0.193281579,-7.2763E-106
25.285,-0.193281579,-6.1849E-106
25.2855,-0.193281579,-5.2571E-106
25.286,-0.193281579,-4.4686E-106
25.2865,-0.193281579,-3.7983E-106
25.287,-0.193281579,-3.2285E-106
25.2875,-0.193281579,-2.7443E-106
25.288,-0.193281579,-2.3326E-106
25.2885,-0.193281579,-1.9827E-106
25.289,-0.193281579,-1.6853E-106
25.2895,-0.193281579,-1.4325E-106
25.29,-0.193281579,-1.2176E-106
25.2905,-0.193281579,-1.035E-106
25.291,-0.193281579,-8.7975E-107
25.2915,-0.193281579,-7.4778E-107
25.292,-0.193281579,-6.3562E-107
25.2925,-0.193281579,-5.4027E-107
25.293,-0.193281579,-4.5923E-107
25.2935,-0.193281579,-3.9035E-107
25.294,-0.193281579,-3.318E-107
25.2945,-0.193281579,-2.8203E-107
25.295,-0.193281579,-2.3972E-107
25.2955,-0.193281579,-2.0376E-107
25.296,-0.193281579,-1.732E-107
25.2965,-0.193281579,-1.4722E-107
25.297,-0.193281579,-1.2514E-107
25.2975,-0.193281579,-1.0637E-107
25.298,-0.193281579,-9.0411E-108
25.2985,-0.193281579,-7.6849E-108
25.299,-0.193281579,-6.5322E-108
25.2995,-0.193281579,-5.5524E-108
25.3,-0.193281579,-4.7195E-108
25.3005,-0.193281579,-4.0116E-108
25.301,-0.193281579,-3.4099E-108
25.3015,-0.193281579,-2.8984E-108
25.302,-0.193281579,-2.4636E-108
25.3025,-0.193281579,-2.0941E-108
25.303,-0.193281579,-1.78E-108
25.3035,-0.193281579,-1.513E-108
25.304,-0.193281579,-1.286E-108
25.3045,-0.193281579,-1.0931E-108
25.305,-0.193281579,-9.2915E-109
25.3055,-0.193281579,-7.8978E-109
25.306,-0.193281579,-6.7131E-109
25.3065,-0.193281579,-5.7062E-109
25.307,-0.193281579,-4.8502E-109
25.3075,-0.193281579,-4.1227E-109
25.308,-0.193281579,-3.5043E-109
25.3085,-0.193281579,-2.9786E-109
25.309,-0.193281579,-2.5319E-109
25.3095,-0.193281579,-2.1521E-109
25.31,-0.193281579,-1.8293E-109
25.3105,-0.193281579,-1.5549E-109
25.311,-0.193281579,-1.3216E-109
25.3115,-0.193281579,-1.1234E-109
25.312,-0.193281579,-9.5489E-110
25.3125,-0.193281579,-8.1165E-110
25.313,-0.193281579,-6.8991E-110
25.3135,-0.193281579,-5.8642E-110
25.314,-0.193281579,-4.9846E-110
25.3145,-0.193281579,-4.2369E-110
25.315,-0.193281579,-3.6013E-110
25.3155,-0.193281579,-3.0611E-110
25.316,-0.193281579,-2.602E-110
25.3165,-0.193281579,-2.2117E-110
25.317,-0.193281579,-1.8799E-110
25.3175,-0.193281579,-1.5979E-110
25.318,-0.193281579,-1.3582E-110
25.3185,-0.193281579,-1.1545E-110
25.319,-0.193281579,-9.8133E-111
25.3195,-0.193281579,-8.3413E-111
25.32,-0.193281579,-7.0901E-111
25.3205,-0.193281579,-6.0266E-111
25.321,-0.193281579,-5.1226E-111
25.3215,-0.193281579,-4.3542E-111
25.322,-0.193281579,-3.7011E-111
25.3225,-0.193281579,-3.1459E-111
25.323,-0.193281579,-2.674E-111
25.3235,-0.193281579,-2.2729E-111
25.324,-0.193281579,-1.932E-111
25.3245,-0.193281579,-1.6422E-111
25.325,-0.193281579,-1.3959E-111
25.3255,-0.193281579,-1.1865E-111
25.326,-0.193281579,-1.0085E-111
25.3265,-0.193281579,-8.5724E-112
25.327,-0.193281579,-7.2865E-112
25.3275,-0.193281579,-6.1935E-112
25.328,-0.193281579,-5.2645E-112
25.3285,-0.193281579,-4.4748E-112
25.329,-0.193281579,-3.8036E-112
25.3295,-0.193281579,-3.2331E-112
25.33,-0.193281579,-2.7481E-112
25.3305,-0.193281579,-2.3359E-112
25.331,-0.193281579,-1.9855E-112
25.3315,-0.193281579,-1.6877E-112
25.332,-0.193281579,-1.4345E-112
25.3325,-0.193281579,-1.2193E-112
25.333,-0.193281579,-1.0364E-112
25.3335,-0.193281579,-8.8098E-113
25.334,-0.193281579,-7.4883E-113
25.3345,-0.193281579,-6.3651E-113
25.335,-0.193281579,-5.4103E-113
25.3355,-0.193281579,-4.5988E-113
25.336,-0.193281579,-3.909E-113
25.3365,-0.193281579,-3.3226E-113
25.337,-0.193281579,-2.8242E-113
25.3375,-0.193281579,-2.4006E-113
25.338,-0.193281579,-2.0405E-113
25.3385,-0.193281579,-1.7344E-113
25.339,-0.193281579,-1.4743E-113
25.3395,-0.193281579,-1.2531E-113
25.34,-0.193281579,-1.0652E-113
25.3405,-0.193281579,-9.0538E-114
25.341,-0.193281579,-7.6957E-114
25.3415,-0.193281579,-6.5414E-114
25.342,-0.193281579,-5.5602E-114
25.3425,-0.193281579,-4.7261E-114
25.343,-0.193281579,-4.0172E-114
25.3435,-0.193281579,-3.4146E-114
25.344,-0.193281579,-2.9024E-114
25.3445,-0.193281579,-2.4671E-114
25.345,-0.193281579,-2.097E-114
25.3455,-0.193281579,-1.7825E-114
25.346,-0.193281579,-1.5151E-114
25.3465,-0.193281579,-1.2878E-114
25.347,-0.193281579,-1.0947E-114
25.3475,-0.193281579,-9.3046E-115
25.348,-0.193281579,-7.9089E-115
25.3485,-0.193281579,-6.7225E-115
25.349,-0.193281579,-5.7142E-115
25.3495,-0.193281579,-4.857E-115
25.35,-0.193281579,-4.1285E-115
25.3505,-0.193281579,-3.5092E-115
25.351,-0.193281579,-2.9828E-115
25.3515,-0.193281579,-2.5354E-115
25.352,-0.193281579,-2.1551E-115
25.3525,-0.193281579,-1.8318E-115
25.353,-0.193281579,-1.5571E-115
25.3535,-0.193281579,-1.3235E-115
25.354,-0.193281579,-1.125E-115
25.3545,-0.193281579,-9.5623E-116
25.355,-0.193281579,-8.1279E-116
25.3555,-0.193281579,-6.9087E-116
25.356,-0.193281579,-5.8724E-116
25.3565,-0.193281579,-4.9916E-116
25.357,-0.193281579,-4.2428E-116
25.3575,-0.193281579,-3.6064E-116
25.358,-0.193281579,-3.0654E-116
25.3585,-0.193281579,-2.6056E-116
25.359,-0.193281579,-2.2148E-116
25.3595,-0.193281579,-1.8826E-116
25.36,-0.193281579,-1.6002E-116
25.3605,-0.193281579,-1.3602E-116
25.361,-0.193281579,-1.1561E-116
25.3615,-0.193281579,-9.8271E-117
25.362,-0.193281579,-8.353E-117
25.3625,-0.193281579,-7.1001E-117
25.363,-0.193281579,-6.0351E-117
25.3635,-0.193281579,-5.1298E-117
25.364,-0.193281579,-4.3603E-117
25.3645,-0.193281579,-3.7063E-117
25.365,-0.193281579,-3.1503E-117
25.3655,-0.193281579,-2.6778E-117
25.366,-0.193281579,-2.2761E-117
25.3665,-0.193281579,-1.9347E-117
25.367,-0.193281579,-1.6445E-117
25.3675,-0.193281579,-1.3978E-117
25.368,-0.193281579,-1.1882E-117
25.3685,-0.193281579,-1.0099E-117
25.369,-0.193281579,-8.5844E-118
25.3695,-0.193281579,-7.2967E-118
25.37,-0.193281579,-6.2022E-118
25.3705,-0.193281579,-5.2719E-118
25.371,-0.193281579,-4.4811E-118
25.3715,-0.193281579,-3.8089E-118
25.372,-0.193281579,-3.2376E-118
25.3725,-0.193281579,-2.752E-118
25.373,-0.193281579,-2.3392E-118
25.3735,-0.193281579,-1.9883E-118
25.374,-0.193281579,-1.69E-118
25.3745,-0.193281579,-1.4365E-118
25.375,-0.193281579,-1.2211E-118
25.3755,-0.193281579,-1.0379E-118
25.376,-0.193281579,-8.8221E-119
25.3765,-0.193281579,-7.4988E-119
25.377,-0.193281579,-6.374E-119
25.3775,-0.193281579,-5.4179E-119
25.378,-0.193281579,-4.6052E-119
25.3785,-0.193281579,-3.9144E-119
25.379,-0.193281579,-3.3273E-119
25.3795,-0.193281579,-2.8282E-119
25.38,-0.193281579,-2.404E-119
25.3805,-0.193281579,-2.0434E-119
25.381,-0.193281579,-1.7369E-119
25.3815,-0.193281579,-1.4763E-119
25.382,-0.193281579,-1.2549E-119
25.3825,-0.193281579,-1.0666E-119
25.383,-0.193281579,-9.0665E-120
25.3835,-0.193281579,-7.7065E-120
25.384,-0.193281579,-6.5505E-120
25.3845,-0.193281579,-5.568E-120
25.385,-0.193281579,-4.7328E-120
25.3855,-0.193281579,-4.0228E-120
25.386,-0.193281579,-3.4194E-120
25.3865,-0.193281579,-2.9065E-120
25.387,-0.193281579,-2.4705E-120
25.3875,-0.193281579,-2.1E-120
25.388,-0.193281579,-1.785E-120
25.3885,-0.193281579,-1.5172E-120
25.389,-0.193281579,-1.2896E-120
25.3895,-0.193281579,-1.0962E-120
25.39,-0.193281579,-9.3176E-121
25.3905,-0.193281579,-7.92E-121
25.391,-0.193281579,-6.732E-121
25.3915,-0.193281579,-5.7222E-121
25.392,-0.193281579,-4.8638E-121
25.3925,-0.193281579,-4.1343E-121
25.393,-0.193281579,-3.5141E-121
25.3935,-0.193281579,-2.987E-121
25.394,-0.193281579,-2.539E-121
25.3945,-0.193281579,-2.1581E-121
25.395,-0.193281579,-1.8344E-121
25.3955,-0.193281579,-1.5592E-121
25.396,-0.193281579,-1.3254E-121
25.3965,-0.193281579,-1.1265E-121
25.397,-0.193281579,-9.5757E-122
25.3975,-0.193281579,-8.1393E-122
25.398,-0.193281579,-6.9184E-122
25.3985,-0.193281579,-5.8807E-122
25.399,-0.193281579,-4.9986E-122
25.3995,-0.193281579,-4.2488E-122
25.4,-0.193281579,-3.6115E-122
25.4005,-0.193281579,-3.0697E-122
25.401,-0.193281579,-2.6093E-122
25.4015,-0.193281579,-2.2179E-122
25.402,-0.193281579,-1.8852E-122
25.4025,-0.193281579,-1.6024E-122
25.403,-0.193281579,-1.3621E-122
25.4035,-0.193281579,-1.1578E-122
25.404,-0.193281579,-9.8409E-123
25.4045,-0.193281579,-8.3648E-123
25.405,-0.193281579,-7.11E-123
25.4055,-0.193281579,-6.0435E-123
25.406,-0.193281579,-5.137E-123
25.4065,-0.193281579,-4.3665E-123
25.407,-0.193281579,-3.7115E-123
25.4075,-0.193281579,-3.1548E-123
25.408,-0.193281579,-2.6815E-123
25.4085,-0.193281579,-2.2793E-123
25.409,-0.193281579,-1.9374E-123
25.4095,-0.193281579,-1.6468E-123
25.41,-0.193281579,-1.3998E-123
25.4105,-0.193281579,-1.1898E-123
25.411,-0.193281579,-1.0113E-123
25.4115,-0.193281579,-8.5964E-124
25.412,-0.193281579,-7.307E-124
25.4125,-0.193281579,-6.2109E-124
25.413,-0.193281579,-5.2793E-124
25.4135,-0.193281579,-4.4874E-124
25.414,-0.193281579,-3.8143E-124
25.4145,-0.193281579,-3.2421E-124
25.415,-0.193281579,-2.7558E-124
25.4155,-0.193281579,-2.3424E-124
25.416,-0.193281579,-1.9911E-124
25.4165,-0.193281579,-1.6924E-124
25.417,-0.193281579,-1.4386E-124
25.4175,-0.193281579,-1.2228E-124
25.418,-0.193281579,-1.0394E-124
25.4185,-0.193281579,-8.8345E-125
25.419,-0.193281579,-7.5093E-125
25.4195,-0.193281579,-6.3829E-125
25.42,-0.193281579,-5.4255E-125
25.4205,-0.193281579,-4.6117E-125
25.421,-0.193281579,-3.9199E-125
25.4215,-0.193281579,-3.3319E-125
25.422,-0.193281579,-2.8321E-125
25.4225,-0.193281579,-2.4073E-125
25.423,-0.193281579,-2.0462E-125
25.4235,-0.193281579,-1.7393E-125
25.424,-0.193281579,-1.4784E-125
25.4245,-0.193281579,-1.2566E-125
25.425,-0.193281579,-1.0681E-125
25.4255,-0.193281579,-9.0792E-126
25.426,-0.193281579,-7.7173E-126
25.4265,-0.193281579,-6.5597E-126
25.427,-0.193281579,-5.5758E-126
25.4275,-0.193281579,-4.7394E-126
25.428,-0.193281579,-4.0285E-126
25.4285,-0.193281579,-3.4242E-126
25.429,-0.193281579,-2.9106E-126
25.4295,-0.193281579,-2.474E-126
25.43,-0.193281579,-2.1029E-126
25.4305,-0.193281579,-1.7875E-126
25.431,-0.193281579,-1.5193E-126
25.4315,-0.193281579,-1.2914E-126
25.432,-0.193281579,-1.0977E-126
25.4325,-0.193281579,-9.3307E-127
25.433,-0.193281579,-7.9311E-127
25.4335,-0.193281579,-6.7414E-127
25.434,-0.193281579,-5.7302E-127
25.4345,-0.193281579,-4.8707E-127
25.435,-0.193281579,-4.1401E-127
25.4355,-0.193281579,-3.5191E-127
25.436,-0.193281579,-2.9912E-127
25.4365,-0.193281579,-2.5425E-127
25.437,-0.193281579,-2.1611E-127
25.4375,-0.193281579,-1.837E-127
25.438,-0.193281579,-1.5614E-127
25.4385,-0.193281579,-1.3272E-127
25.439,-0.193281579,-1.1281E-127
25.4395,-0.193281579,-9.5891E-128
25.44,-0.193281579,-8.1507E-128
25.4405,-0.193281579,-6.9281E-128
25.441,-0.193281579,-5.8889E-128
25.4415,-0.193281579,-5.0056E-128
25.442,-0.193281579,-4.2547E-128
25.4425,-0.193281579,-3.6165E-128
25.443,-0.193281579,-3.074E-128
25.4435,-0.193281579,-2.6129E-128
25.444,-0.193281579,-2.221E-128
25.4445,-0.193281579,-1.8878E-128
25.445,-0.193281579,-1.6047E-128
25.4455,-0.193281579,-1.364E-128
25.446,-0.193281579,-1.1594E-128
25.4465,-0.193281579,-9.8547E-129
25.447,-0.193281579,-8.3765E-129
25.4475,-0.193281579,-7.12E-129
25.448,-0.193281579,-6.052E-129
25.4485,-0.193281579,-5.1442E-129
25.449,-0.193281579,-4.3726E-129
25.4495,-0.193281579,-3.7167E-129
25.45,-0.193281579,-3.1592E-129
25.4505,-0.193281579,-2.6853E-129
25.451,-0.193281579,-2.2825E-129
25.4515,-0.193281579,-1.9401E-129
25.452,-0.193281579,-1.6491E-129
25.4525,-0.193281579,-1.4017E-129
25.453,-0.193281579,-1.1915E-129
25.4535,-0.193281579,-1.0128E-129
25.454,-0.193281579,-8.6085E-130
25.4545,-0.193281579,-7.3172E-130
25.455,-0.193281579,-6.2196E-130
25.4555,-0.193281579,-5.2867E-130
25.456,-0.193281579,-4.4937E-130
25.4565,-0.193281579,-3.8196E-130
25.457,-0.193281579,-3.2467E-130
25.4575,-0.193281579,-2.7597E-130
25.458,-0.193281579,-2.3457E-130
25.4585,-0.193281579,-1.9939E-130
25.459,-0.193281579,-1.6948E-130
25.4595,-0.193281579,-1.4406E-130
25.46,-0.193281579,-1.2245E-130
25.4605,-0.193281579,-1.0408E-130
25.461,-0.193281579,-8.8469E-131
25.4615,-0.193281579,-7.5199E-131
25.462,-0.193281579,-6.3919E-131
25.4625,-0.193281579,-5.4331E-131
25.463,-0.193281579,-4.6181E-131
25.4635,-0.193281579,-3.9254E-131
25.464,-0.193281579,-3.3366E-131
25.4645,-0.193281579,-2.8361E-131
25.465,-0.193281579,-2.4107E-131
25.4655,-0.193281579,-2.0491E-131
25.466,-0.193281579,-1.7417E-131
25.4665,-0.193281579,-1.4805E-131
25.467,-0.193281579,-1.2584E-131
25.4675,-0.193281579,-1.0696E-131
25.468,-0.193281579,-9.0919E-132
25.4685,-0.193281579,-7.7281E-132
25.469,-0.193281579,-6.5689E-132
25.4695,-0.193281579,-5.5836E-132
25.47,-0.193281579,-4.746E-132
25.4705,-0.193281579,-4.0341E-132
25.471,-0.193281579,-3.429E-132
25.4715,-0.193281579,-2.9147E-132
25.472,-0.193281579,-2.4775E-132
25.4725,-0.193281579,-2.1058E-132
25.473,-0.193281579,-1.79E-132
25.4735,-0.193281579,-1.5215E-132
25.474,-0.193281579,-1.2933E-132
25.4745,-0.193281579,-1.0993E-132
25.475,-0.193281579,-9.3438E-133
25.4755,-0.193281579,-7.9422E-133
25.476,-0.193281579,-6.7509E-133
25.4765,-0.193281579,-5.7382E-133
25.477,-0.193281579,-4.8775E-133
25.4775,-0.193281579,-4.1459E-133
25.478,-0.193281579,-3.524E-133
25.4785,-0.193281579,-2.9954E-133
25.479,-0.193281579,-2.5461E-133
25.4795,-0.193281579,-2.1642E-133
25.48,-0.193281579,-1.8395E-133
25.4805,-0.193281579,-1.5636E-133
25.481,-0.193281579,-1.3291E-133
25.4815,-0.193281579,-1.1297E-133
25.482,-0.193281579,-9.6025E-134
25.4825,-0.193281579,-8.1622E-134
25.483,-0.193281579,-6.9378E-134
25.4835,-0.193281579,-5.8972E-134
25.484,-0.193281579,-5.0126E-134
25.4845,-0.193281579,-4.2607E-134
25.485,-0.193281579,-3.6216E-134
25.4855,-0.193281579,-3.0784E-134
25.486,-0.193281579,-2.6166E-134
25.4865,-0.193281579,-2.2241E-134
25.487,-0.193281579,-1.8905E-134
25.4875,-0.193281579,-1.6069E-134
25.488,-0.193281579,-1.3659E-134
25.4885,-0.193281579,-1.161E-134
25.489,-0.193281579,-9.8685E-135
25.4895,-0.193281579,-8.3882E-135
25.49,-0.193281579,-7.13E-135
25.4905,-0.193281579,-6.0605E-135
25.491,-0.193281579,-5.1514E-135
25.4915,-0.193281579,-4.3787E-135
25.492,-0.193281579,-3.7219E-135
25.4925,-0.193281579,-3.1636E-135
25.493,-0.193281579,-2.6891E-135
25.4935,-0.193281579,-2.2857E-135
25.494,-0.193281579,-1.9429E-135
25.4945,-0.193281579,-1.6514E-135
25.495,-0.193281579,-1.4037E-135
25.4955,-0.193281579,-1.1932E-135
25.496,-0.193281579,-1.0142E-135
25.4965,-0.193281579,-8.6206E-136
25.497,-0.193281579,-7.3275E-136
25.4975,-0.193281579,-6.2284E-136
25.498,-0.193281579,-5.2941E-136
25.4985,-0.193281579,-4.5E-136
25.499,-0.193281579,-3.825E-136
25.4995,-0.193281579,-3.2512E-136
25.5,-0.193281579,-2.7636E-136
25.5005,-0.193281579,-2.349E-136
25.501,-0.193281579,-1.9967E-136
25.5015,-0.193281579,-1.6972E-136
25.502,-0.193281579,-1.4426E-136
25.5025,-0.193281579,-1.2262E-136
25.503,-0.193281579,-1.0423E-136
25.5035,-0.193281579,-8.8593E-137
25.504,-0.193281579,-7.5304E-137
25.5045,-0.193281579,-6.4009E-137
25.505,-0.193281579,-5.4407E-137
25.5055,-0.193281579,-4.6246E-137
25.506,-0.193281579,-3.9309E-137
25.5065,-0.193281579,-3.3413E-137
25.507,-0.193281579,-2.8401E-137
25.5075,-0.193281579,-2.4141E-137
25.508,-0.193281579,-2.052E-137
25.5085,-0.193281579,-1.7442E-137
25.509,-0.193281579,-1.4825E-137
25.5095,-0.193281579,-1.2602E-137
25.51,-0.193281579,-1.0711E-137
25.5105,-0.193281579,-9.1047E-138
25.511,-0.193281579,-7.739E-138
25.5115,-0.193281579,-6.5781E-138
25.512,-0.193281579,-5.5914E-138
25.5125,-0.193281579,-4.7527E-138
25.513,-0.193281579,-4.0398E-138
25.5135,-0.193281579,-3.4338E-138
25.514,-0.193281579,-2.9188E-138
25.5145,-0.193281579,-2.4809E-138
25.515,-0.193281579,-2.1088E-138
25.5155,-0.193281579,-1.7925E-138
25.516,-0.193281579,-1.5236E-138
25.5165,-0.193281579,-1.2951E-138
25.517,-0.193281579,-1.1008E-138
25.5175,-0.193281579,-9.3569E-139
25.518,-0.193281579,-7.9533E-139
25.5185,-0.193281579,-6.7603E-139
25.519,-0.193281579,-5.7463E-139
25.5195,-0.193281579,-4.8843E-139
25.52,-0.193281579,-4.1517E-139
25.5205,-0.193281579,-3.5289E-139
25.521,-0.193281579,-2.9996E-139
25.5215,-0.193281579,-2.5497E-139
25.522,-0.193281579,-2.1672E-139
25.5225,-0.193281579,-1.8421E-139
25.523,-0.193281579,-1.5658E-139
25.5235,-0.193281579,-1.3309E-139
25.524,-0.193281579,-1.1313E-139
25.5245,-0.193281579,-9.616E-140
25.525,-0.193281579,-8.1736E-140
25.5255,-0.193281579,-6.9476E-140
25.526,-0.193281579,-5.9054E-140
25.5265,-0.193281579,-5.0196E-140
25.527,-0.193281579,-4.2667E-140
25.5275,-0.193281579,-3.6267E-140
25.528,-0.193281579,-3.0827E-140
25.5285,-0.193281579,-2.6203E-140
25.529,-0.193281579,-2.2272E-140
25.5295,-0.193281579,-1.8931E-140
25.53,-0.193281579,-1.6092E-140
25.5305,-0.193281579,-1.3678E-140
25.531,-0.193281579,-1.1626E-140
25.5315,-0.193281579,-9.8823E-141
25.532,-0.193281579,-8.4E-141
25.5325,-0.193281579,-7.14E-141
25.533,-0.193281579,-6.069E-141
25.5335,-0.193281579,-5.1586E-141
25.534,-0.193281579,-4.3849E-141
25.5345,-0.193281579,-3.7271E-141
25.535,-0.193281579,-3.1681E-141
25.5355,-0.193281579,-2.6928E-141
25.536,-0.193281579,-2.2889E-141
25.5365,-0.193281579,-1.9456E-141
25.537,-0.193281579,-1.6537E-141
25.5375,-0.193281579,-1.4057E-141
25.538,-0.193281579,-1.1948E-141
25.5385,-0.193281579,-1.0156E-141
25.539,-0.193281579,-8.6326E-142
25.5395,-0.193281579,-7.3378E-142
25.54,-0.193281579,-6.2371E-142
25.5405,-0.193281579,-5.3015E-142
25.541,-0.193281579,-4.5063E-142
25.5415,-0.193281579,-3.8304E-142
25.542,-0.193281579,-3.2558E-142
25.5425,-0.193281579,-2.7674E-142
25.543,-0.193281579,-2.3523E-142
25.5435,-0.193281579,-1.9995E-142
25.544,-0.193281579,-1.6995E-142
25.5445,-0.193281579,-1.4446E-142
25.545,-0.193281579,-1.2279E-142
25.5455,-0.193281579,-1.0437E-142
25.546,-0.193281579,-8.8717E-143
25.5465,-0.193281579,-7.541E-143
25.547,-0.193281579,-6.4098E-143
25.5475,-0.193281579,-5.4484E-143
25.548,-0.193281579,-4.6311E-143
25.5485,-0.193281579,-3.9364E-143
25.549,-0.193281579,-3.346E-143
25.5495,-0.193281579,-2.8441E-143
25.55,-0.193281579,-2.4175E-143
25.5505,-0.193281579,-2.0548E-143
25.551,-0.193281579,-1.7466E-143
25.5515,-0.193281579,-1.4846E-143
25.552,-0.193281579,-1.2619E-143
25.5525,-0.193281579,-1.0726E-143
25.553,-0.193281579,-9.1175E-144
25.5535,-0.193281579,-7.7498E-144
25.554,-0.193281579,-6.5874E-144
25.5545,-0.193281579,-5.5993E-144
25.555,-0.193281579,-4.7594E-144
25.5555,-0.193281579,-4.0455E-144
25.556,-0.193281579,-3.4386E-144
25.5565,-0.193281579,-2.9228E-144
25.557,-0.193281579,-2.4844E-144
25.5575,-0.193281579,-2.1118E-144
25.558,-0.193281579,-1.795E-144
25.5585,-0.193281579,-1.5257E-144
25.559,-0.193281579,-1.2969E-144
25.5595,-0.193281579,-1.1024E-144
25.56,-0.193281579,-9.37E-145
25.5605,-0.193281579,-7.9645E-145
25.561,-0.193281579,-6.7698E-145
25.5615,-0.193281579,-5.7543E-145
25.562,-0.193281579,-4.8912E-145
25.5625,-0.193281579,-4.1575E-145
25.563,-0.193281579,-3.5339E-145
25.5635,-0.193281579,-3.0038E-145
25.564,-0.193281579,-2.5532E-145
25.5645,-0.193281579,-2.1702E-145
25.565,-0.193281579,-1.8447E-145
25.5655,-0.193281579,-1.568E-145
25.566,-0.193281579,-1.3328E-145
25.5665,-0.193281579,-1.1329E-145
25.567,-0.193281579,-9.6295E-146
25.5675,-0.193281579,-8.1851E-146
25.568,-0.193281579,-6.9573E-146
25.5685,-0.193281579,-5.9137E-146
25.569,-0.193281579,-5.0267E-146
25.5695,-0.193281579,-4.2727E-146
25.57,-0.193281579,-3.6318E-146
25.5705,-0.193281579,-3.087E-146
25.571,-0.193281579,-2.6239E-146
25.5715,-0.193281579,-2.2304E-146
25.572,-0.193281579,-1.8958E-146
25.5725,-0.193281579,-1.6114E-146
25.573,-0.193281579,-1.3697E-146
25.5735,-0.193281579,-1.1643E-146
25.574,-0.193281579,-9.8962E-147
25.5745,-0.193281579,-8.4118E-147
25.575,-0.193281579,-7.15E-147
25.5755,-0.193281579,-6.0775E-147
25.576,-0.193281579,-5.1659E-147
25.5765,-0.193281579,-4.391E-147
25.577,-0.193281579,-3.7324E-147
25.5775,-0.193281579,-3.1725E-147
25.578,-0.193281579,-2.6966E-147
25.5785,-0.193281579,-2.2921E-147
25.579,-0.193281579,-1.9483E-147
25.5795,-0.193281579,-1.6561E-147
25.58,-0.193281579,-1.4077E-147
25.5805,-0.193281579,-1.1965E-147
25.581,-0.193281579,-1.017E-147
25.5815,-0.193281579,-8.6448E-148
25.582,-0.193281579,-7.348E-148
25.5825,-0.193281579,-6.2458E-148
25.583,-0.193281579,-5.309E-148
25.5835,-0.193281579,-4.5126E-148
25.584,-0.193281579,-3.8357E-148
25.5845,-0.193281579,-3.2604E-148
25.585,-0.193281579,-2.7713E-148
25.5855,-0.193281579,-2.3556E-148
25.586,-0.193281579,-2.0023E-148
25.5865,-0.193281579,-1.7019E-148
25.587,-0.193281579,-1.4466E-148
25.5875,-0.193281579,-1.2296E-148
25.588,-0.193281579,-1.0452E-148
25.5885,-0.193281579,-8.8842E-149
25.589,-0.193281579,-7.5516E-149
25.5895,-0.193281579,-6.4188E-149
25.59,-0.193281579,-5.456E-149
25.5905,-0.193281579,-4.6376E-149
25.591,-0.193281579,-3.942E-149
25.5915,-0.193281579,-3.3507E-149
25.592,-0.193281579,-2.8481E-149
25.5925,-0.193281579,-2.4209E-149
25.593,-0.193281579,-2.0577E-149
25.5935,-0.193281579,-1.7491E-149
25.594,-0.193281579,-1.4867E-149
25.5945,-0.193281579,-1.2637E-149
25.595,-0.193281579,-1.0741E-149
25.5955,-0.193281579,-9.1302E-150
25.596,-0.193281579,-7.7607E-150
25.5965,-0.193281579,-6.5966E-150
25.597,-0.193281579,-5.6071E-150
25.5975,-0.193281579,-4.766E-150
25.598,-0.193281579,-4.0511E-150
25.5985,-0.193281579,-3.4435E-150
25.599,-0.193281579,-2.9269E-150
25.5995,-0.193281579,-2.4879E-150
25.6,-0.193281579,-2.1147E-150
25.6005,-0.193281579,-1.7975E-150
25.601,-0.193281579,-1.5279E-150
25.6015,-0.193281579,-1.2987E-150
25.602,-0.193281579,-1.1039E-150
25.6025,-0.193281579,-9.3831E-151
25.603,-0.193281579,-7.9757E-151
25.6035,-0.193281579,-6.7793E-151
25.604,-0.193281579,-5.7624E-151
25.6045,-0.193281579,-4.8981E-151
25.605,-0.193281579,-4.1633E-151
25.6055,-0.193281579,-3.5388E-151
25.606,-0.193281579,-3.008E-151
25.6065,-0.193281579,-2.5568E-151
25.607,-0.193281579,-2.1733E-151
25.6075,-0.193281579,-1.8473E-151
25.608,-0.193281579,-1.5702E-151
25.6085,-0.193281579,-1.3347E-151
25.609,-0.193281579,-1.1345E-151
25.6095,-0.193281579,-9.643E-152
25.61,-0.193281579,-8.1966E-152
25.6105,-0.193281579,-6.9671E-152
25.611,-0.193281579,-5.922E-152
25.6115,-0.193281579,-5.0337E-152
25.612,-0.193281579,-4.2787E-152
25.6125,-0.193281579,-3.6369E-152
25.613,-0.193281579,-3.0913E-152
25.6135,-0.193281579,-2.6276E-152
25.614,-0.193281579,-2.2335E-152
25.6145,-0.193281579,-1.8985E-152
25.615,-0.193281579,-1.6137E-152
25.6155,-0.193281579,-1.3716E-152
25.616,-0.193281579,-1.1659E-152
25.6165,-0.193281579,-9.9101E-153
25.617,-0.193281579,-8.4236E-153
25.6175,-0.193281579,-7.16E-153
25.618,-0.193281579,-6.086E-153
25.6185,-0.193281579,-5.1731E-153
25.619,-0.193281579,-4.3972E-153
25.6195,-0.193281579,-3.7376E-153
25.62,-0.193281579,-3.1769E-153
25.6205,-0.193281579,-2.7004E-153
25.621,-0.193281579,-2.2953E-153
25.6215,-0.193281579,-1.951E-153
25.622,-0.193281579,-1.6584E-153
25.6225,-0.193281579,-1.4096E-153
25.623,-0.193281579,-1.1982E-153
25.6235,-0.193281579,-1.0185E-153
25.624,-0.193281579,-8.6569E-154
25.6245,-0.193281579,-7.3583E-154
25.625,-0.193281579,-6.2546E-154
25.6255,-0.193281579,-5.3164E-154
25.626,-0.193281579,-4.5189E-154
25.6265,-0.193281579,-3.8411E-154
25.627,-0.193281579,-3.2649E-154
25.6275,-0.193281579,-2.7752E-154
25.628,-0.193281579,-2.3589E-154
25.6285,-0.193281579,-2.0051E-154
25.629,-0.193281579,-1.7043E-154
25.6295,-0.193281579,-1.4487E-154
25.63,-0.193281579,-1.2314E-154
25.6305,-0.193281579,-1.0467E-154
25.631,-0.193281579,-8.8966E-155
25.6315,-0.193281579,-7.5621E-155
25.632,-0.193281579,-6.4278E-155
25.6325,-0.193281579,-5.4637E-155
25.633,-0.193281579,-4.6441E-155
25.6335,-0.193281579,-3.9475E-155
25.634,-0.193281579,-3.3554E-155
25.6345,-0.193281579,-2.8521E-155
25.635,-0.193281579,-2.4243E-155
25.6355,-0.193281579,-2.0606E-155
25.636,-0.193281579,-1.7515E-155
25.6365,-0.193281579,-1.4888E-155
25.637,-0.193281579,-1.2655E-155
25.6375,-0.193281579,-1.0757E-155
25.638,-0.193281579,-9.1431E-156
25.6385,-0.193281579,-7.7716E-156
25.639,-0.193281579,-6.6059E-156
25.6395,-0.193281579,-5.615E-156
25.64,-0.193281579,-4.7727E-156
25.6405,-0.193281579,-4.0568E-156
25.641,-0.193281579,-3.4483E-156
25.6415,-0.193281579,-2.9311E-156
25.642,-0.193281579,-2.4914E-156
25.6425,-0.193281579,-2.1177E-156
25.643,-0.193281579,-1.8E-156
25.6435,-0.193281579,-1.53E-156
25.644,-0.193281579,-1.3005E-156
25.6445,-0.193281579,-1.1054E-156
25.645,-0.193281579,-9.3963E-157
25.6455,-0.193281579,-7.9868E-157
25.646,-0.193281579,-6.7888E-157
25.6465,-0.193281579,-5.7705E-157
25.647,-0.193281579,-4.9049E-157
25.6475,-0.193281579,-4.1692E-157
25.648,-0.193281579,-3.5438E-157
25.6485,-0.193281579,-3.0122E-157
25.649,-0.193281579,-2.5604E-157
25.6495,-0.193281579,-2.1763E-157
25.65,-0.193281579,-1.8499E-157
25.6505,-0.193281579,-1.5724E-157
25.651,-0.193281579,-1.3365E-157
25.6515,-0.193281579,-1.1361E-157
25.652,-0.193281579,-9.6565E-158
25.6525,-0.193281579,-8.2081E-158
25.653,-0.193281579,-6.9768E-158
25.6535,-0.193281579,-5.9303E-158
25.654,-0.193281579,-5.0408E-158
25.6545,-0.193281579,-4.2847E-158
25.655,-0.193281579,-3.642E-158
25.6555,-0.193281579,-3.0957E-158
25.656,-0.193281579,-2.6313E-158
25.6565,-0.193281579,-2.2366E-158
25.657,-0.193281579,-1.9011E-158
25.6575,-0.193281579,-1.616E-158
25.658,-0.193281579,-1.3736E-158
25.6585,-0.193281579,-1.1675E-158
25.659,-0.193281579,-9.924E-159
25.6595,-0.193281579,-8.4354E-159
25.66,-0.193281579,-7.1701E-159
25.6605,-0.193281579,-6.0946E-159
25.661,-0.193281579,-5.1804E-159
25.6615,-0.193281579,-4.4033E-159
25.662,-0.193281579,-3.7428E-159
25.6625,-0.193281579,-3.1814E-159
25.663,-0.193281579,-2.7042E-159
25.6635,-0.193281579,-2.2986E-159
25.664,-0.193281579,-1.9538E-159
25.6645,-0.193281579,-1.6607E-159
25.665,-0.193281579,-1.4116E-159
25.6655,-0.193281579,-1.1999E-159
25.666,-0.193281579,-1.0199E-159
25.6665,-0.193281579,-8.669E-160
25.667,-0.193281579,-7.3687E-160
25.6675,-0.193281579,-6.2634E-160
25.668,-0.193281579,-5.3239E-160
25.6685,-0.193281579,-4.5253E-160
25.669,-0.193281579,-3.8465E-160
25.6695,-0.193281579,-3.2695E-160
25.67,-0.193281579,-2.7791E-160
25.6705,-0.193281579,-2.3622E-160
25.671,-0.193281579,-2.0079E-160
25.6715,-0.193281579,-1.7067E-160
25.672,-0.193281579,-1.4507E-160
25.6725,-0.193281579,-1.2331E-160
25.673,-0.193281579,-1.0481E-160
25.6735,-0.193281579,-8.9091E-161
25.674,-0.193281579,-7.5728E-161
25.6745,-0.193281579,-6.4368E-161
25.675,-0.193281579,-5.4713E-161
25.6755,-0.193281579,-4.6506E-161
25.676,-0.193281579,-3.953E-161
25.6765,-0.193281579,-3.3601E-161
25.677,-0.193281579,-2.8561E-161
25.6775,-0.193281579,-2.4277E-161
25.678,-0.193281579,-2.0635E-161
25.6785,-0.193281579,-1.754E-161
25.679,-0.193281579,-1.4909E-161
25.6795,-0.193281579,-1.2672E-161
25.68,-0.193281579,-1.0772E-161
25.6805,-0.193281579,-9.1559E-162
25.681,-0.193281579,-7.7825E-162
25.6815,-0.193281579,-6.6151E-162
25.682,-0.193281579,-5.6229E-162
25.6825,-0.193281579,-4.7794E-162
25.683,-0.193281579,-4.0625E-162
25.6835,-0.193281579,-3.4531E-162
25.684,-0.193281579,-2.9352E-162
25.6845,-0.193281579,-2.4949E-162
25.685,-0.193281579,-2.1207E-162
25.6855,-0.193281579,-1.8026E-162
25.686,-0.193281579,-1.5322E-162
25.6865,-0.193281579,-1.3023E-162
25.687,-0.193281579,-1.107E-162
25.6875,-0.193281579,-9.4095E-163
25.688,-0.193281579,-7.998E-163
25.6885,-0.193281579,-6.7983E-163
25.689,-0.193281579,-5.7786E-163
25.6895,-0.193281579,-4.9118E-163
25.69,-0.193281579,-4.175E-163
25.6905,-0.193281579,-3.5488E-163
25.691,-0.193281579,-3.0165E-163
25.6915,-0.193281579,-2.564E-163
25.692,-0.193281579,-2.1794E-163
25.6925,-0.193281579,-1.8525E-163
25.693,-0.193281579,-1.5746E-163
25.6935,-0.193281579,-1.3384E-163
25.694,-0.193281579,-1.1377E-163
25.6945,-0.193281579,-9.6701E-164
25.695,-0.193281579,-8.2196E-164
25.6955,-0.193281579,-6.9866E-164
25.696,-0.193281579,-5.9386E-164
25.6965,-0.193281579,-5.0478E-164
25.697,-0.193281579,-4.2907E-164
25.6975,-0.193281579,-3.6471E-164
25.698,-0.193281579,-3.1E-164
25.6985,-0.193281579,-2.635E-164
25.699,-0.193281579,-2.2398E-164
25.6995,-0.193281579,-1.9038E-164
25.7,-0.193281579,-1.6182E-164
25.7005,-0.193281579,-1.3755E-164
25.701,-0.193281579,-1.1692E-164
25.7015,-0.193281579,-9.9379E-165
25.702,-0.193281579,-8.4472E-165
25.7025,-0.193281579,-7.1801E-165
25.703,-0.193281579,-6.1031E-165
25.7035,-0.193281579,-5.1876E-165
25.704,-0.193281579,-4.4095E-165
25.7045,-0.193281579,-3.7481E-165
25.705,-0.193281579,-3.1859E-165
25.7055,-0.193281579,-2.708E-165
25.706,-0.193281579,-2.3018E-165
25.7065,-0.193281579,-1.9565E-165
25.707,-0.193281579,-1.663E-165
25.7075,-0.193281579,-1.4136E-165
25.708,-0.193281579,-1.2015E-165
25.7085,-0.193281579,-1.0213E-165
25.709,-0.193281579,-8.6812E-166
25.7095,-0.193281579,-7.379E-166
25.71,-0.193281579,-6.2722E-166
25.7105,-0.193281579,-5.3313E-166
25.711,-0.193281579,-4.5316E-166
25.7115,-0.193281579,-3.8519E-166
25.712,-0.193281579,-3.2741E-166
25.7125,-0.193281579,-2.783E-166
25.713,-0.193281579,-2.3655E-166
25.7135,-0.193281579,-2.0107E-166
25.714,-0.193281579,-1.7091E-166
25.7145,-0.193281579,-1.4527E-166
25.715,-0.193281579,-1.2348E-166
25.7155,-0.193281579,-1.0496E-166
25.716,-0.193281579,-8.9216E-167
25.7165,-0.193281579,-7.5834E-167
25.717,-0.193281579,-6.4459E-167
25.7175,-0.193281579,-5.479E-167
25.718,-0.193281579,-4.6571E-167
25.7185,-0.193281579,-3.9586E-167
25.719,-0.193281579,-3.3648E-167
25.7195,-0.193281579,-2.8601E-167
25.72,-0.193281579,-2.4311E-167
25.7205,-0.193281579,-2.0664E-167
25.721,-0.193281579,-1.7564E-167
25.7215,-0.193281579,-1.493E-167
25.722,-0.193281579,-1.269E-167
25.7225,-0.193281579,-1.0787E-167
25.723,-0.193281579,-9.1687E-168
25.7235,-0.193281579,-7.7934E-168
25.724,-0.193281579,-6.6244E-168
25.7245,-0.193281579,-5.6307E-168
25.725,-0.193281579,-4.7861E-168
25.7255,-0.193281579,-4.0682E-168
25.726,-0.193281579,-3.458E-168
25.7265,-0.193281579,-2.9393E-168
25.727,-0.193281579,-2.4984E-168
25.7275,-0.193281579,-2.1236E-168
25.728,-0.193281579,-1.8051E-168
25.7285,-0.193281579,-1.5343E-168
25.729,-0.193281579,-1.3042E-168
25.7295,-0.193281579,-1.1085E-168
25.73,-0.193281579,-9.4227E-169
25.7305,-0.193281579,-8.0093E-169
25.731,-0.193281579,-6.8079E-169
25.7315,-0.193281579,-5.7867E-169
25.732,-0.193281579,-4.9187E-169
25.7325,-0.193281579,-4.1809E-169
25.733,-0.193281579,-3.5538E-169
25.7335,-0.193281579,-3.0207E-169
25.734,-0.193281579,-2.5676E-169
25.7345,-0.193281579,-2.1824E-169
25.735,-0.193281579,-1.8551E-169
25.7355,-0.193281579,-1.5768E-169
25.736,-0.193281579,-1.3403E-169
25.7365,-0.193281579,-1.1393E-169
25.737,-0.193281579,-9.6836E-170
25.7375,-0.193281579,-8.2311E-170
25.738,-0.193281579,-6.9964E-170
25.7385,-0.193281579,-5.947E-170
25.739,-0.193281579,-5.0549E-170
25.7395,-0.193281579,-4.2967E-170
25.74,-0.193281579,-3.6522E-170
25.7405,-0.193281579,-3.1044E-170
25.741,-0.193281579,-2.6387E-170
25.7415,-0.193281579,-2.2429E-170
25.742,-0.193281579,-1.9065E-170
25.7425,-0.193281579,-1.6205E-170
25.743,-0.193281579,-1.3774E-170
25.7435,-0.193281579,-1.1708E-170
25.744,-0.193281579,-9.9518E-171
25.7445,-0.193281579,-8.4591E-171
25.745,-0.193281579,-7.1902E-171
25.7455,-0.193281579,-6.1117E-171
25.746,-0.193281579,-5.1949E-171
25.7465,-0.193281579,-4.4157E-171
25.747,-0.193281579,-3.7533E-171
25.7475,-0.193281579,-3.1903E-171
25.748,-0.193281579,-2.7118E-171
25.7485,-0.193281579,-2.305E-171
25.749,-0.193281579,-1.9593E-171
25.7495,-0.193281579,-1.6654E-171
25.75,-0.193281579,-1.4156E-171
25.7505,-0.193281579,-1.2032E-171
25.751,-0.193281579,-1.0227E-171
25.7515,-0.193281579,-8.6934E-172
25.752,-0.193281579,-7.3894E-172
25.7525,-0.193281579,-6.2809E-172
25.753,-0.193281579,-5.3388E-172
25.7535,-0.193281579,-4.538E-172
25.754,-0.193281579,-3.8573E-172
25.7545,-0.193281579,-3.2787E-172
25.755,-0.193281579,-2.7869E-172
25.7555,-0.193281579,-2.3689E-172
25.756,-0.193281579,-2.0135E-172
25.7565,-0.193281579,-1.7115E-172
25.757,-0.193281579,-1.4548E-172
25.7575,-0.193281579,-1.2366E-172
25.758,-0.193281579,-1.0511E-172
25.7585,-0.193281579,-8.9341E-173
25.759,-0.193281579,-7.594E-173
25.7595,-0.193281579,-6.4549E-173
25.76,-0.193281579,-5.4867E-173
25.7605,-0.193281579,-4.6637E-173
25.761,-0.193281579,-3.9641E-173
25.7615,-0.193281579,-3.3695E-173
25.762,-0.193281579,-2.8641E-173
25.7625,-0.193281579,-2.4345E-173
25.763,-0.193281579,-2.0693E-173
25.7635,-0.193281579,-1.7589E-173
25.764,-0.193281579,-1.4951E-173
25.7645,-0.193281579,-1.2708E-173
25.765,-0.193281579,-1.0802E-173
25.7655,-0.193281579,-9.1816E-174
25.766,-0.193281579,-7.8043E-174
25.7665,-0.193281579,-6.6337E-174
25.767,-0.193281579,-5.6386E-174
25.7675,-0.193281579,-4.7928E-174
25.768,-0.193281579,-4.0739E-174
25.7685,-0.193281579,-3.4628E-174
25.769,-0.193281579,-2.9434E-174
25.7695,-0.193281579,-2.5019E-174
25.77,-0.193281579,-2.1266E-174
25.7705,-0.193281579,-1.8076E-174
25.771,-0.193281579,-1.5365E-174
25.7715,-0.193281579,-1.306E-174
25.772,-0.193281579,-1.1101E-174
25.7725,-0.193281579,-9.4359E-175
25.773,-0.193281579,-8.0205E-175
25.7735,-0.193281579,-6.8174E-175
25.774,-0.193281579,-5.7948E-175
25.7745,-0.193281579,-4.9256E-175
25.775,-0.193281579,-4.1867E-175
25.7755,-0.193281579,-3.5587E-175
25.776,-0.193281579,-3.0249E-175
25.7765,-0.193281579,-2.5712E-175
25.777,-0.193281579,-2.1855E-175
25.7775,-0.193281579,-1.8577E-175
25.778,-0.193281579,-1.579E-175
25.7785,-0.193281579,-1.3422E-175
25.779,-0.193281579,-1.1408E-175
25.7795,-0.193281579,-9.6972E-176
25.78,-0.193281579,-8.2426E-176
25.7805,-0.193281579,-7.0062E-176
25.781,-0.193281579,-5.9553E-176
25.7815,-0.193281579,-5.062E-176
25.782,-0.193281579,-4.3027E-176
25.7825,-0.193281579,-3.6573E-176
25.783,-0.193281579,-3.1087E-176
25.7835,-0.193281579,-2.6424E-176
25.784,-0.193281579,-2.246E-176
25.7845,-0.193281579,-1.9091E-176
25.785,-0.193281579,-1.6228E-176
25.7855,-0.193281579,-1.3793E-176
25.786,-0.193281579,-1.1724E-176
25.7865,-0.193281579,-9.9658E-177
25.787,-0.193281579,-8.4709E-177
25.7875,-0.193281579,-7.2003E-177
25.788,-0.193281579,-6.1202E-177
25.7885,-0.193281579,-5.2022E-177
25.789,-0.193281579,-4.4219E-177
25.7895,-0.193281579,-3.7586E-177
25.79,-0.193281579,-3.1948E-177
25.7905,-0.193281579,-2.7156E-177
25.791,-0.193281579,-2.3082E-177
25.7915,-0.193281579,-1.962E-177
25.792,-0.193281579,-1.6677E-177
25.7925,-0.193281579,-1.4176E-177
25.793,-0.193281579,-1.2049E-177
25.7935,-0.193281579,-1.0242E-177
25.794,-0.193281579,-8.7055E-178
25.7945,-0.193281579,-7.3997E-178
25.795,-0.193281579,-6.2898E-178
25.7955,-0.193281579,-5.3463E-178
25.796,-0.193281579,-4.5444E-178
25.7965,-0.193281579,-3.8627E-178
25.797,-0.193281579,-3.2833E-178
25.7975,-0.193281579,-2.7908E-178
25.798,-0.193281579,-2.3722E-178
25.7985,-0.193281579,-2.0164E-178
25.799,-0.193281579,-1.7139E-178
25.7995,-0.193281579,-1.4568E-178
25.8,-0.193281579,-1.2383E-178
25.8005,-0.193281579,-1.0525E-178
25.801,-0.193281579,-8.9467E-179
25.8015,-0.193281579,-7.6047E-179
25.802,-0.193281579,-6.464E-179
25.8025,-0.193281579,-5.4944E-179
25.803,-0.193281579,-4.6702E-179
25.8035,-0.193281579,-3.9697E-179
25.804,-0.193281579,-3.3742E-179
25.8045,-0.193281579,-2.8681E-179
25.805,-0.193281579,-2.4379E-179
25.8055,-0.193281579,-2.0722E-179
25.806,-0.193281579,-1.7614E-179
25.8065,-0.193281579,-1.4972E-179
25.807,-0.193281579,-1.2726E-179
25.8075,-0.193281579,-1.0817E-179
25.808,-0.193281579,-9.1945E-180
25.8085,-0.193281579,-7.8153E-180
25.809,-0.193281579,-6.643E-180
25.8095,-0.193281579,-5.6465E-180
25.81,-0.193281579,-4.7996E-180
25.8105,-0.193281579,-4.0796E-180
25.811,-0.193281579,-3.4677E-180
25.8115,-0.193281579,-2.9475E-180
25.812,-0.193281579,-2.5054E-180
25.8125,-0.193281579,-2.1296E-180
25.813,-0.193281579,-1.8102E-180
25.8135,-0.193281579,-1.5386E-180
25.814,-0.193281579,-1.3078E-180
25.8145,-0.193281579,-1.1117E-180
25.815,-0.193281579,-9.4491E-181
25.8155,-0.193281579,-8.0317E-181
25.816,-0.193281579,-6.827E-181
25.8165,-0.193281579,-5.8029E-181
25.817,-0.193281579,-4.9325E-181
25.8175,-0.193281579,-4.1926E-181
25.818,-0.193281579,-3.5637E-181
25.8185,-0.193281579,-3.0292E-181
25.819,-0.193281579,-2.5748E-181
25.8195,-0.193281579,-2.1886E-181
25.82,-0.193281579,-1.8603E-181
25.8205,-0.193281579,-1.5812E-181
25.821,-0.193281579,-1.3441E-181
25.8215,-0.193281579,-1.1424E-181
25.822,-0.193281579,-9.7108E-182
25.8225,-0.193281579,-8.2542E-182
25.823,-0.193281579,-7.0161E-182
25.8235,-0.193281579,-5.9637E-182
25.824,-0.193281579,-5.0691E-182
25.8245,-0.193281579,-4.3087E-182
25.825,-0.193281579,-3.6624E-182
25.8255,-0.193281579,-3.1131E-182
25.826,-0.193281579,-2.6461E-182
25.8265,-0.193281579,-2.2492E-182
25.827,-0.193281579,-1.9118E-182
25.8275,-0.193281579,-1.625E-182
25.828,-0.193281579,-1.3813E-182
25.8285,-0.193281579,-1.1741E-182
25.829,-0.193281579,-9.9798E-183
25.8295,-0.193281579,-8.4828E-183
25.83,-0.193281579,-7.2104E-183
25.8305,-0.193281579,-6.1288E-183
25.831,-0.193281579,-5.2095E-183
25.8315,-0.193281579,-4.4281E-183
25.832,-0.193281579,-3.7639E-183
25.8325,-0.193281579,-3.1993E-183
25.833,-0.193281579,-2.7194E-183
25.8335,-0.193281579,-2.3115E-183
25.834,-0.193281579,-1.9648E-183
25.8345,-0.193281579,-1.67E-183
25.835,-0.193281579,-1.4195E-183
25.8355,-0.193281579,-1.2066E-183
25.836,-0.193281579,-1.0256E-183
25.8365,-0.193281579,-8.7178E-184
25.837,-0.193281579,-7.4101E-184
25.8375,-0.193281579,-6.2986E-184
25.838,-0.193281579,-5.3538E-184
25.8385,-0.193281579,-4.5507E-184
25.839,-0.193281579,-3.8681E-184
25.8395,-0.193281579,-3.2879E-184
25.84,-0.193281579,-2.7947E-184
25.8405,-0.193281579,-2.3755E-184
25.841,-0.193281579,-2.0192E-184
25.8415,-0.193281579,-1.7163E-184
25.842,-0.193281579,-1.4589E-184
25.8425,-0.193281579,-1.24E-184
25.843,-0.193281579,-1.054E-184
25.8435,-0.193281579,-8.9592E-185
25.844,-0.193281579,-7.6153E-185
25.8445,-0.193281579,-6.473E-185
25.845,-0.193281579,-5.5021E-185
25.8455,-0.193281579,-4.6768E-185
25.846,-0.193281579,-3.9752E-185
25.8465,-0.193281579,-3.379E-185
25.847,-0.193281579,-2.8721E-185
25.8475,-0.193281579,-2.4413E-185
25.848,-0.193281579,-2.0751E-185
25.8485,-0.193281579,-1.7638E-185
25.849,-0.193281579,-1.4993E-185
25.8495,-0.193281579,-1.2744E-185
25.85,-0.193281579,-1.0832E-185
25.8505,-0.193281579,-9.2074E-186
25.851,-0.193281579,-7.8262E-186
25.8515,-0.193281579,-6.6523E-186
25.852,-0.193281579,-5.6545E-186
25.8525,-0.193281579,-4.8063E-186
25.853,-0.193281579,-4.0854E-186
25.8535,-0.193281579,-3.4725E-186
25.854,-0.193281579,-2.9517E-186
25.8545,-0.193281579,-2.5089E-186
25.855,-0.193281579,-2.1326E-186
25.8555,-0.193281579,-1.8127E-186
25.856,-0.193281579,-1.5408E-186
25.8565,-0.193281579,-1.3097E-186
25.857,-0.193281579,-1.1132E-186
25.8575,-0.193281579,-9.4624E-187
25.858,-0.193281579,-8.043E-187
25.8585,-0.193281579,-6.8366E-187
25.859,-0.193281579,-5.8111E-187
25.8595,-0.193281579,-4.9394E-187
25.86,-0.193281579,-4.1985E-187
25.8605,-0.193281579,-3.5687E-187
25.861,-0.193281579,-3.0334E-187
25.8615,-0.193281579,-2.5784E-187
25.862,-0.193281579,-2.1916E-187
25.8625,-0.193281579,-1.8629E-187
25.863,-0.193281579,-1.5835E-187
25.8635,-0.193281579,-1.3459E-187
25.864,-0.193281579,-1.1441E-187
25.8645,-0.193281579,-9.7244E-188
25.865,-0.193281579,-8.2658E-188
25.8655,-0.193281579,-7.0259E-188
25.866,-0.193281579,-5.972E-188
25.8665,-0.193281579,-5.0762E-188
25.867,-0.193281579,-4.3148E-188
25.8675,-0.193281579,-3.6676E-188
25.868,-0.193281579,-3.1174E-188
25.8685,-0.193281579,-2.6498E-188
25.869,-0.193281579,-2.2523E-188
25.8695,-0.193281579,-1.9145E-188
25.87,-0.193281579,-1.6273E-188
25.8705,-0.193281579,-1.3832E-188
25.871,-0.193281579,-1.1757E-188
25.8715,-0.193281579,-9.9938E-189
25.872,-0.193281579,-8.4947E-189
25.8725,-0.193281579,-7.2205E-189
25.873,-0.193281579,-6.1374E-189
25.8735,-0.193281579,-5.2168E-189
25.874,-0.193281579,-4.4343E-189
25.8745,-0.193281579,-3.7691E-189
25.875,-0.193281579,-3.2038E-189
25.8755,-0.193281579,-2.7232E-189
25.876,-0.193281579,-2.3147E-189
25.8765,-0.193281579,-1.9675E-189
25.877,-0.193281579,-1.6724E-189
25.8775,-0.193281579,-1.4215E-189
25.878,-0.193281579,-1.2083E-189
25.8785,-0.193281579,-1.0271E-189
25.879,-0.193281579,-8.73E-190
25.8795,-0.193281579,-7.4205E-190
25.88,-0.193281579,-6.3074E-190
25.8805,-0.193281579,-5.3613E-190
25.881,-0.193281579,-4.5571E-190
25.8815,-0.193281579,-3.8735E-190
25.882,-0.193281579,-3.2925E-190
25.8825,-0.193281579,-2.7986E-190
25.883,-0.193281579,-2.3788E-190
25.8835,-0.193281579,-2.022E-190
25.884,-0.193281579,-1.7187E-190
25.8845,-0.193281579,-1.4609E-190
25.885,-0.193281579,-1.2418E-190
25.8855,-0.193281579,-1.0555E-190
25.886,-0.193281579,-8.9718E-191
25.8865,-0.193281579,-7.626E-191
25.887,-0.193281579,-6.4821E-191
25.8875,-0.193281579,-5.5098E-191
25.888,-0.193281579,-4.6833E-191
25.8885,-0.193281579,-3.9808E-191
25.889,-0.193281579,-3.3837E-191
25.8895,-0.193281579,-2.8761E-191
25.89,-0.193281579,-2.4447E-191
25.8905,-0.193281579,-2.078E-191
25.891,-0.193281579,-1.7663E-191
25.8915,-0.193281579,-1.5014E-191
25.892,-0.193281579,-1.2762E-191
25.8925,-0.193281579,-1.0847E-191
25.893,-0.193281579,-9.2203E-192
25.8935,-0.193281579,-7.8372E-192
25.894,-0.193281579,-6.6616E-192
25.8945,-0.193281579,-5.6624E-192
25.895,-0.193281579,-4.813E-192
25.8955,-0.193281579,-4.0911E-192
25.896,-0.193281579,-3.4774E-192
25.8965,-0.193281579,-2.9558E-192
25.897,-0.193281579,-2.5124E-192
25.8975,-0.193281579,-2.1356E-192
25.898,-0.193281579,-1.8152E-192
25.8985,-0.193281579,-1.5429E-192
25.899,-0.193281579,-1.3115E-192
25.8995,-0.193281579,-1.1148E-192
25.9,-0.193281579,-9.4756E-193
25.9005,-0.193281579,-8.0543E-193
25.901,-0.193281579,-6.8461E-193
25.9015,-0.193281579,-5.8192E-193
25.902,-0.193281579,-4.9463E-193
25.9025,-0.193281579,-4.2044E-193
25.903,-0.193281579,-3.5737E-193
25.9035,-0.193281579,-3.0377E-193
25.904,-0.193281579,-2.582E-193
25.9045,-0.193281579,-2.1947E-193
25.905,-0.193281579,-1.8655E-193
25.9055,-0.193281579,-1.5857E-193
25.906,-0.193281579,-1.3478E-193
25.9065,-0.193281579,-1.1457E-193
25.907,-0.193281579,-9.7381E-194
25.9075,-0.193281579,-8.2774E-194
25.908,-0.193281579,-7.0358E-194
25.9085,-0.193281579,-5.9804E-194
25.909,-0.193281579,-5.0833E-194
25.9095,-0.193281579,-4.3208E-194
25.91,-0.193281579,-3.6727E-194
25.9105,-0.193281579,-3.1218E-194
25.911,-0.193281579,-2.6535E-194
25.9115,-0.193281579,-2.2555E-194
25.912,-0.193281579,-1.9172E-194
25.9125,-0.193281579,-1.6296E-194
25.913,-0.193281579,-1.3852E-194
25.9135,-0.193281579,-1.1774E-194
25.914,-0.193281579,-1.0008E-194
25.9145,-0.193281579,-8.5066E-195
25.915,-0.193281579,-7.2306E-195
25.9155,-0.193281579,-6.146E-195
25.916,-0.193281579,-5.2241E-195
25.9165,-0.193281579,-4.4405E-195
25.917,-0.193281579,-3.7744E-195
25.9175,-0.193281579,-3.2083E-195
25.918,-0.193281579,-2.727E-195
25.9185,-0.193281579,-2.318E-195
25.919,-0.193281579,-1.9703E-195
25.9195,-0.193281579,-1.6747E-195
25.92,-0.193281579,-1.4235E-195
25.9205,-0.193281579,-1.21E-195
25.921,-0.193281579,-1.0285E-195
25.9215,-0.193281579,-8.7422E-196
25.922,-0.193281579,-7.4309E-196
25.9225,-0.193281579,-6.3163E-196
25.923,-0.193281579,-5.3688E-196
25.9235,-0.193281579,-4.5635E-196
25.924,-0.193281579,-3.879E-196
25.9245,-0.193281579,-3.2971E-196
25.925,-0.193281579,-2.8026E-196
25.9255,-0.193281579,-2.3822E-196
25.926,-0.193281579,-2.0248E-196
25.9265,-0.193281579,-1.7211E-196
25.927,-0.193281579,-1.463E-196
25.9275,-0.193281579,-1.2435E-196
25.928,-0.193281579,-1.057E-196
25.9285,-0.193281579,-8.9844E-197
25.929,-0.193281579,-7.6367E-197
25.9295,-0.193281579,-6.4912E-197
25.93,-0.193281579,-5.5175E-197
25.9305,-0.193281579,-4.6899E-197
25.931,-0.193281579,-3.9864E-197
25.9315,-0.193281579,-3.3884E-197
25.932,-0.193281579,-2.8802E-197
25.9325,-0.193281579,-2.4482E-197
25.933,-0.193281579,-2.0809E-197
25.9335,-0.193281579,-1.7688E-197
25.934,-0.193281579,-1.5035E-197
25.9345,-0.193281579,-1.278E-197
25.935,-0.193281579,-1.0863E-197
25.9355,-0.193281579,-9.2332E-198
25.936,-0.193281579,-7.8482E-198
25.9365,-0.193281579,-6.671E-198
25.937,-0.193281579,-5.6703E-198
25.9375,-0.193281579,-4.8198E-198
25.938,-0.193281579,-4.0968E-198
25.9385,-0.193281579,-3.4823E-198
25.939,-0.193281579,-2.96E-198
25.9395,-0.193281579,-2.516E-198
25.94,-0.193281579,-2.1386E-198
25.9405,-0.193281579,-1.8178E-198
25.941,-0.193281579,-1.5451E-198
25.9415,-0.193281579,-1.3133E-198
25.942,-0.193281579,-1.1163E-198
25.9425,-0.193281579,-9.4889E-199
25.943,-0.193281579,-8.0656E-199
25.9435,-0.193281579,-6.8557E-199
25.944,-0.193281579,-5.8274E-199
25.9445,-0.193281579,-4.9533E-199
25.945,-0.193281579,-4.2103E-199
25.9455,-0.193281579,-3.5787E-199
25.946,-0.193281579,-3.0419E-199
25.9465,-0.193281579,-2.5856E-199
25.947,-0.193281579,-2.1978E-199
25.9475,-0.193281579,-1.8681E-199
25.948,-0.193281579,-1.5879E-199
25.9485,-0.193281579,-1.3497E-199
25.949,-0.193281579,-1.1473E-199
25.9495,-0.193281579,-9.7517E-200
25.95,-0.193281579,-8.289E-200
25.9505,-0.193281579,-7.0456E-200
25.951,-0.193281579,-5.9888E-200
25.9515,-0.193281579,-5.0905E-200
25.952,-0.193281579,-4.3269E-200
25.9525,-0.193281579,-3.6779E-200
25.953,-0.193281579,-3.1262E-200
25.9535,-0.193281579,-2.6573E-200
25.954,-0.193281579,-2.2587E-200
25.9545,-0.193281579,-1.9199E-200
25.955,-0.193281579,-1.6319E-200
25.9555,-0.193281579,-1.3871E-200
25.956,-0.193281579,-1.179E-200
25.9565,-0.193281579,-1.0022E-200
25.957,-0.193281579,-8.5186E-201
25.9575,-0.193281579,-7.2408E-201
25.958,-0.193281579,-6.1547E-201
25.9585,-0.193281579,-5.2315E-201
25.959,-0.193281579,-4.4467E-201
25.9595,-0.193281579,-3.7797E-201
25.96,-0.193281579,-3.2128E-201
25.9605,-0.193281579,-2.7309E-201
25.961,-0.193281579,-2.3212E-201
25.9615,-0.193281579,-1.973E-201
25.962,-0.193281579,-1.6771E-201
25.9625,-0.193281579,-1.4255E-201
25.963,-0.193281579,-1.2117E-201
25.9635,-0.193281579,-1.0299E-201
25.964,-0.193281579,-8.7545E-202
25.9645,-0.193281579,-7.4413E-202
25.965,-0.193281579,-6.3251E-202
25.9655,-0.193281579,-5.3764E-202
25.966,-0.193281579,-4.5699E-202
25.9665,-0.193281579,-3.8844E-202
25.967,-0.193281579,-3.3018E-202
25.9675,-0.193281579,-2.8065E-202
25.968,-0.193281579,-2.3855E-202
25.9685,-0.193281579,-2.0277E-202
25.969,-0.193281579,-1.7235E-202
25.9695,-0.193281579,-1.465E-202
25.97,-0.193281579,-1.2453E-202
25.9705,-0.193281579,-1.0585E-202
25.971,-0.193281579,-8.997E-203
25.9715,-0.193281579,-7.6474E-203
25.972,-0.193281579,-6.5003E-203
25.9725,-0.193281579,-5.5253E-203
25.973,-0.193281579,-4.6965E-203
25.9735,-0.193281579,-3.992E-203
25.974,-0.193281579,-3.3932E-203
25.9745,-0.193281579,-2.8842E-203
25.975,-0.193281579,-2.4516E-203
25.9755,-0.193281579,-2.0838E-203
25.976,-0.193281579,-1.7713E-203
25.9765,-0.193281579,-1.5056E-203
25.977,-0.193281579,-1.2797E-203
25.9775,-0.193281579,-1.0878E-203
25.978,-0.193281579,-9.2461E-204
25.9785,-0.193281579,-7.8592E-204
25.979,-0.193281579,-6.6803E-204
25.9795,-0.193281579,-5.6783E-204
25.98,-0.193281579,-4.8265E-204
25.9805,-0.193281579,-4.1026E-204
25.981,-0.193281579,-3.4872E-204
25.9815,-0.193281579,-2.9641E-204
25.982,-0.193281579,-2.5195E-204
25.9825,-0.193281579,-2.1416E-204
25.983,-0.193281579,-1.8203E-204
25.9835,-0.193281579,-1.5473E-204
25.984,-0.193281579,-1.3152E-204
25.9845,-0.193281579,-1.1179E-204
25.985,-0.193281579,-9.5022E-205
25.9855,-0.193281579,-8.0769E-205
25.986,-0.193281579,-6.8654E-205
25.9865,-0.193281579,-5.8356E-205
25.987,-0.193281579,-4.9602E-205
25.9875,-0.193281579,-4.2162E-205
25.988,-0.193281579,-3.5838E-205
25.9885,-0.193281579,-3.0462E-205
25.989,-0.193281579,-2.5893E-205
25.9895,-0.193281579,-2.2009E-205
25.99,-0.193281579,-1.8707E-205
25.9905,-0.193281579,-1.5901E-205
25.991,-0.193281579,-1.3516E-205
25.9915,-0.193281579,-1.1489E-205
25.992,-0.193281579,-9.7654E-206
25.9925,-0.193281579,-8.3006E-206
25.993,-0.193281579,-7.0555E-206
25.9935,-0.193281579,-5.9972E-206
25.994,-0.193281579,-5.0976E-206
25.9945,-0.193281579,-4.333E-206
25.995,-0.193281579,-3.683E-206
25.9955,-0.193281579,-3.1306E-206
25.996,-0.193281579,-2.661E-206
25.9965,-0.193281579,-2.2618E-206
25.997,-0.193281579,-1.9226E-206
25.9975,-0.193281579,-1.6342E-206
25.998,-0.193281579,-1.389E-206
25.9985,-0.193281579,-1.1807E-206
25.999,-0.193281579,-1.0036E-206
25.9995,-0.193281579,-8.5305E-207
26,-0.193281579,-7.2509E-207
