Time,Pos,Speed
12,-0.079767001,0
12.0005,-0.079767001,0
12.001,-0.079767001,0
12.0015,-0.079767001,0
12.002,-0.079767001,0
12.0025,-0.079767001,0
12.003,-0.079767001,0
12.0035,-0.079767001,0
12.004,-0.079767001,0
12.0045,-0.079767001,0
12.005,-0.079767001,0
12.0055,-0.079767001,0
12.006,-0.079767001,0
12.0065,-0.079767001,0
12.007,-0.079767001,0
12.0075,-0.079767001,0
12.008,-0.079767001,0
12.0085,-0.079767001,0
12.009,-0.079767001,0
12.0095,-0.079767001,0
12.01,-0.079767001,0
12.0105,-0.079767001,0
12.011,-0.079767001,0
12.0115,-0.079767001,0
12.012,-0.079767001,0
12.0125,-0.079767001,0
12.013,-0.079767001,0
12.0135,-0.079767001,0
12.014,-0.079767001,0
12.0145,-0.079767001,0
12.015,-0.079767001,0
12.0155,-0.079767001,0
12.016,-0.079767001,0
12.0165,-0.079767001,0
12.017,-0.079767001,0
12.0175,-0.079767001,0
12.018,-0.079767001,0
12.0185,-0.079767001,0
12.019,-0.079767001,0
12.0195,-0.079767001,0
12.02,-0.079767001,0
12.0205,-0.079767001,0
12.021,-0.079767001,0
12.0215,-0.079767001,0
12.022,-0.079767001,0
12.0225,-0.079767001,0
12.023,-0.079767001,0
12.0235,-0.079767001,0
12.024,-0.079767001,0
12.0245,-0.079767001,0
12.025,-0.079767001,0
12.0255,-0.079767001,0
12.026,-0.079767001,0
12.0265,-0.079767001,0
12.027,-0.079767001,0
12.0275,-0.079767001,0
12.028,-0.079767001,0
12.0285,-0.079767001,0
12.029,-0.079767001,0
12.0295,-0.079767001,0
12.03,-0.079767001,0
12.0305,-0.079767001,0
12.031,-0.079767001,0
12.0315,-0.079767001,0
12.032,-0.079767001,0
12.0325,-0.079767001,0
12.033,-0.079767001,0
12.0335,-0.079767001,0
12.034,-0.079767001,0
12.0345,-0.079767001,0
12.035,-0.079767001,0
12.0355,-0.079767001,0
12.036,-0.079767001,0
12.0365,-0.079767001,0
12.037,-0.079767001,0
12.0375,-0.079767001,0
12.038,-0.079767001,0
12.0385,-0.079767001,0
12.039,-0.079767001,0
12.0395,-0.079767001,0
12.04,-0.079767001,0
12.0405,-0.079767001,0
12.041,-0.079767001,0
12.0415,-0.079767001,0
12.042,-0.079767001,0
12.0425,-0.079767001,0
12.043,-0.079767001,0
12.0435,-0.079767001,0
12.044,-0.079767001,0
12.0445,-0.079767001,0
12.045,-0.079767001,0
12.0455,-0.079767001,0
12.046,-0.079767001,0
12.0465,-0.079767001,0
12.047,-0.079767001,0
12.0475,-0.079767001,0
12.048,-0.079767001,0
12.0485,-0.079767001,0
12.049,-0.079767001,0
12.0495,-0.079767001,0
12.05,-0.079767001,0
12.0505,-0.079767001,0
12.051,-0.079767001,0
12.0515,-0.079767001,0
12.052,-0.079767001,0
12.0525,-0.079767001,0
12.053,-0.079767001,0
12.0535,-0.079767001,0
12.054,-0.079767001,0
12.0545,-0.079767001,0
12.055,-0.079767001,0
12.0555,-0.079767001,0
12.056,-0.079767001,0
12.0565,-0.079767001,0
12.057,-0.079767001,0
12.0575,-0.079767001,0
12.058,-0.079767001,0
12.0585,-0.079767001,0
12.059,-0.079767001,0
12.0595,-0.079767001,0
12.06,-0.079767001,0
12.0605,-0.079767001,0
12.061,-0.079767001,0
12.0615,-0.079767001,0
12.062,-0.079767001,0
12.0625,-0.079767001,0
12.063,-0.079767001,0
12.0635,-0.079767001,0
12.064,-0.079767001,0
12.0645,-0.079767001,0
12.065,-0.079767001,0
12.0655,-0.079767001,0
12.066,-0.079767001,0
12.0665,-0.079767001,0
12.067,-0.079767001,0
12.0675,-0.079767001,0
12.068,-0.079767001,0
12.0685,-0.079767001,0
12.069,-0.079767001,0
12.0695,-0.079767001,0
12.07,-0.079767001,0
12.0705,-0.079767001,0
12.071,-0.079767001,0
12.0715,-0.079767001,0
12.072,-0.079767001,0
12.0725,-0.079767001,0
12.073,-0.079767001,0
12.0735,-0.079767001,0
12.074,-0.079767001,0
12.0745,-0.079767001,0
12.075,-0.079767001,0
12.0755,-0.079767001,0
12.076,-0.079767001,0
12.0765,-0.079767001,0
12.077,-0.079767001,0
12.0775,-0.079767001,0
12.078,-0.079767001,0
12.0785,-0.079767001,0
12.079,-0.079767001,0
12.0795,-0.079767001,0
12.08,-0.079767001,0
12.0805,-0.079767001,0
12.081,-0.079767001,0
12.0815,-0.079767001,0
12.082,-0.079767001,0
12.0825,-0.079767001,0
12.083,-0.079767001,0
12.0835,-0.079767001,0
12.084,-0.079767001,0
12.0845,-0.079767001,0
12.085,-0.079767001,0
12.0855,-0.079767001,0
12.086,-0.079767001,0
12.0865,-0.079767001,0
12.087,-0.079767001,0
12.0875,-0.079767001,0
12.088,-0.079767001,0
12.0885,-0.079767001,0
12.089,-0.079767001,0
12.0895,-0.079767001,0
12.09,-0.079767001,0
12.0905,-0.079767001,0
12.091,-0.079767001,0
12.0915,-0.079767001,0
12.092,-0.079767001,0
12.0925,-0.079767001,0
12.093,-0.079767001,0
12.0935,-0.079767001,0
12.094,-0.079767001,0
12.0945,-0.079767001,0
12.095,-0.079767001,0
12.0955,-0.079767001,0
12.096,-0.079767001,0
12.0965,-0.079767001,0
12.097,-0.079767001,0
12.0975,-0.079767001,0
12.098,-0.079767001,0
12.0985,-0.079767001,0
12.099,-0.079767001,0
12.0995,-0.079767001,0
12.1,-0.079767001,0
12.1005,-0.079767001,0
12.101,-0.079767001,0
12.1015,-0.079767001,0
12.102,-0.079767001,0
12.1025,-0.079767001,0
12.103,-0.079767001,0
12.1035,-0.079767001,0
12.104,-0.079767001,0
12.1045,-0.079767001,0
12.105,-0.079767001,0
12.1055,-0.079767001,0
12.106,-0.079767001,0
12.1065,-0.079767001,0
12.107,-0.079767001,0
12.1075,-0.079767001,0
12.108,-0.079767001,0
12.1085,-0.079767001,0
12.109,-0.079767001,0
12.1095,-0.079767001,0
12.11,-0.079767001,0
12.1105,-0.079767001,0
12.111,-0.079767001,0
12.1115,-0.079767001,0
12.112,-0.079767001,0
12.1125,-0.079767001,0
12.113,-0.079767001,0
12.1135,-0.079767001,0
12.114,-0.079767001,0
12.1145,-0.079767001,0
12.115,-0.079767001,0
12.1155,-0.079767001,0
12.116,-0.079767001,0
12.1165,-0.079767001,0
12.117,-0.079767001,0
12.1175,-0.079767001,0
12.118,-0.079767001,0
12.1185,-0.079767001,0
12.119,-0.079767001,0
12.1195,-0.079767001,0
12.12,-0.079767001,0
12.1205,-0.079767001,0
12.121,-0.079767001,0
12.1215,-0.079767001,0
12.122,-0.079767001,0
12.1225,-0.079767001,0
12.123,-0.079767001,0
12.1235,-0.079767001,0
12.124,-0.079767001,0
12.1245,-0.079767001,0
12.125,-0.079767001,0
12.1255,-0.079767001,0
12.126,-0.079767001,0
12.1265,-0.079767001,0
12.127,-0.079767001,0
12.1275,-0.079767001,0
12.128,-0.079767001,0
12.1285,-0.079767001,0
12.129,-0.079767001,0
12.1295,-0.079767001,0
12.13,-0.079767001,0
12.1305,-0.079767001,0
12.131,-0.079767001,0
12.1315,-0.079767001,0
12.132,-0.079767001,0
12.1325,-0.079767001,0
12.133,-0.079767001,0
12.1335,-0.079767001,0
12.134,-0.079767001,0
12.1345,-0.079767001,0
12.135,-0.079767001,0
12.1355,-0.079767001,0
12.136,-0.079767001,0
12.1365,-0.079767001,0
12.137,-0.079767001,0
12.1375,-0.079767001,0
12.138,-0.079767001,0
12.1385,-0.079767001,0
12.139,-0.079767001,0
12.1395,-0.079767001,0
12.14,-0.079767001,0
12.1405,-0.079767001,0
12.141,-0.079767001,0
12.1415,-0.079767001,0
12.142,-0.079767001,0
12.1425,-0.079767001,0
12.143,-0.079767001,0
12.1435,-0.079767001,0
12.144,-0.079767001,0
12.1445,-0.079767001,0
12.145,-0.079767001,0
12.1455,-0.079767001,0
12.146,-0.079767001,0
12.1465,-0.079767001,0
12.147,-0.079767001,0
12.1475,-0.079767001,0
12.148,-0.079767001,0
12.1485,-0.079767001,0
12.149,-0.079767001,0
12.1495,-0.079767001,0
12.15,-0.079767001,0
12.1505,-0.079767001,0
12.151,-0.079767001,0
12.1515,-0.079767001,0
12.152,-0.079767001,0
12.1525,-0.079767001,0
12.153,-0.079767001,0
12.1535,-0.079767001,0
12.154,-0.079767001,0
12.1545,-0.079767001,0
12.155,-0.079767001,0
12.1555,-0.079767001,0
12.156,-0.079767001,0
12.1565,-0.079767001,0
12.157,-0.079767001,0
12.1575,-0.079767001,0
12.158,-0.079767001,0
12.1585,-0.079767001,0
12.159,-0.079767001,0
12.1595,-0.079767001,0
12.16,-0.079767001,0
12.1605,-0.079767001,0
12.161,-0.079767001,0
12.1615,-0.079767001,0
12.162,-0.079767001,0
12.1625,-0.079767001,0
12.163,-0.079767001,0
12.1635,-0.079767001,0
12.164,-0.079767001,0
12.1645,-0.079767001,0
12.165,-0.079767001,0
12.1655,-0.079767001,0
12.166,-0.079767001,0
12.1665,-0.079767001,0
12.167,-0.079767001,0
12.1675,-0.079767001,0
12.168,-0.079767001,0
12.1685,-0.079767001,0
12.169,-0.079767001,0
12.1695,-0.079767001,0
12.17,-0.079767001,0
12.1705,-0.079767001,0
12.171,-0.079767001,0
12.1715,-0.079767001,0
12.172,-0.079767001,0
12.1725,-0.079767001,0
12.173,-0.079767001,0
12.1735,-0.079767001,0
12.174,-0.079767001,0
12.1745,-0.079767001,0
12.175,-0.079767001,0
12.1755,-0.079767001,0
12.176,-0.079767001,0
12.1765,-0.079767001,0
12.177,-0.079767001,0
12.1775,-0.079767001,0
12.178,-0.079767001,0
12.1785,-0.079767001,0
12.179,-0.079767001,0
12.1795,-0.079767001,0
12.18,-0.079767001,0
12.1805,-0.079767001,0
12.181,-0.079767001,0
12.1815,-0.079767001,0
12.182,-0.079767001,0
12.1825,-0.079767001,0
12.183,-0.079767001,0
12.1835,-0.079767001,0
12.184,-0.079767001,0
12.1845,-0.079767001,0
12.185,-0.079767001,0
12.1855,-0.079767001,0
12.186,-0.079767001,0
12.1865,-0.079767001,0
12.187,-0.079767001,0
12.1875,-0.079767001,0
12.188,-0.079767001,0
12.1885,-0.079767001,0
12.189,-0.079767001,0
12.1895,-0.079767001,0
12.19,-0.079767001,0
12.1905,-0.079767001,0
12.191,-0.079767001,0
12.1915,-0.079767001,0
12.192,-0.079767001,0
12.1925,-0.079767001,0
12.193,-0.079767001,0
12.1935,-0.079767001,0
12.194,-0.079767001,0
12.1945,-0.079767001,0
12.195,-0.079767001,0
12.1955,-0.079767001,0
12.196,-0.079767001,0
12.1965,-0.079767001,0
12.197,-0.079767001,0
12.1975,-0.079767001,0
12.198,-0.079767001,0
12.1985,-0.079767001,0
12.199,-0.079767001,0
12.1995,-0.079767001,0
12.2,-0.079767001,0
12.2005,-0.079767001,0
12.201,-0.079767001,0
12.2015,-0.079767001,0
12.202,-0.079767001,0
12.2025,-0.079767001,0
12.203,-0.079767001,0
12.2035,-0.079767001,0
12.204,-0.079767001,0
12.2045,-0.079767001,0
12.205,-0.079767001,0
12.2055,-0.079767001,0
12.206,-0.079767001,0
12.2065,-0.079767001,0
12.207,-0.079767001,0
12.2075,-0.079767001,0
12.208,-0.079767001,0
12.2085,-0.079767001,0
12.209,-0.079767001,0
12.2095,-0.079767001,0
12.21,-0.079767001,0
12.2105,-0.079767001,0
12.211,-0.079767001,0
12.2115,-0.079767001,0
12.212,-0.079767001,0
12.2125,-0.079767001,0
12.213,-0.079767001,0
12.2135,-0.079767001,0
12.214,-0.079767001,0
12.2145,-0.079767001,0
12.215,-0.079767001,0
12.2155,-0.079767001,0
12.216,-0.079767001,0
12.2165,-0.079767001,0
12.217,-0.079767001,0
12.2175,-0.079767001,0
12.218,-0.079767001,0
12.2185,-0.079767001,0
12.219,-0.079767001,0
12.2195,-0.079767001,0
12.22,-0.079767001,0
12.2205,-0.079767001,0
12.221,-0.079767001,0
12.2215,-0.079767001,0
12.222,-0.079767001,0
12.2225,-0.079767001,0
12.223,-0.079767001,0
12.2235,-0.079767001,0
12.224,-0.079767001,0
12.2245,-0.079767001,0
12.225,-0.079767001,0
12.2255,-0.079767001,0
12.226,-0.079767001,0
12.2265,-0.079767001,0
12.227,-0.079767001,0
12.2275,-0.079767001,0
12.228,-0.079767001,0
12.2285,-0.079767001,0
12.229,-0.079767001,0
12.2295,-0.079767001,0
12.23,-0.079767001,0
12.2305,-0.079767001,0
12.231,-0.079767001,0
12.2315,-0.079767001,0
12.232,-0.079767001,0
12.2325,-0.079767001,0
12.233,-0.079767001,0
12.2335,-0.079767001,0
12.234,-0.079767001,0
12.2345,-0.079767001,0
12.235,-0.079767001,0
12.2355,-0.079767001,0
12.236,-0.079767001,0
12.2365,-0.079767001,0
12.237,-0.079767001,0
12.2375,-0.079767001,0
12.238,-0.079767001,0
12.2385,-0.079767001,0
12.239,-0.079767001,0
12.2395,-0.079767001,0
12.24,-0.079767001,0
12.2405,-0.079767001,0
12.241,-0.079767001,0
12.2415,-0.079767001,0
12.242,-0.079767001,0
12.2425,-0.079767001,0
12.243,-0.079767001,0
12.2435,-0.079767001,0
12.244,-0.079767001,0
12.2445,-0.079767001,0
12.245,-0.079767001,0
12.2455,-0.079767001,0
12.246,-0.079767001,0
12.2465,-0.079767001,0
12.247,-0.079767001,0
12.2475,-0.079767001,0
12.248,-0.079767001,0
12.2485,-0.079767001,0
12.249,-0.079767001,0
12.2495,-0.079767001,0
12.25,-0.079767001,0
12.2505,-0.079767001,0
12.251,-0.079767001,0
12.2515,-0.079767001,0
12.252,-0.079767001,0
12.2525,-0.079767001,0
12.253,-0.079767001,0
12.2535,-0.079767001,0
12.254,-0.079767001,0
12.2545,-0.079767001,0
12.255,-0.079767001,0
12.2555,-0.079767001,0
12.256,-0.079767001,0
12.2565,-0.079767001,0
12.257,-0.079767001,0
12.2575,-0.079767001,0
12.258,-0.079767001,0
12.2585,-0.079767001,0
12.259,-0.079767001,0
12.2595,-0.079767001,0
12.26,-0.079767001,0
12.2605,-0.079767001,0
12.261,-0.079767001,0
12.2615,-0.079767001,0
12.262,-0.079767001,0
12.2625,-0.079767001,0
12.263,-0.079767001,0
12.2635,-0.079767001,0
12.264,-0.079767001,0
12.2645,-0.079767001,0
12.265,-0.079767001,0
12.2655,-0.079767001,0
12.266,-0.079767001,0
12.2665,-0.079767001,0
12.267,-0.079767001,0
12.2675,-0.079767001,0
12.268,-0.079767001,0
12.2685,-0.079767001,0
12.269,-0.079767001,0
12.2695,-0.079767001,0
12.27,-0.079767001,0
12.2705,-0.079767001,0
12.271,-0.079767001,0
12.2715,-0.079767001,0
12.272,-0.079767001,0
12.2725,-0.079767001,0
12.273,-0.079767001,0
12.2735,-0.079767001,0
12.274,-0.079767001,0
12.2745,-0.079767001,0
12.275,-0.079767001,0
12.2755,-0.079767001,0
12.276,-0.079767001,0
12.2765,-0.079767001,0
12.277,-0.079767001,0
12.2775,-0.079767001,0
12.278,-0.079767001,0
12.2785,-0.079767001,0
12.279,-0.079767001,0
12.2795,-0.079767001,0
12.28,-0.079767001,0
12.2805,-0.079767001,0
12.281,-0.079767001,0
12.2815,-0.079767001,0
12.282,-0.079767001,0
12.2825,-0.079767001,0
12.283,-0.079767001,0
12.2835,-0.079767001,0
12.284,-0.079767001,0
12.2845,-0.079767001,0
12.285,-0.079767001,0
12.2855,-0.079767001,0
12.286,-0.079767001,0
12.2865,-0.079767001,0
12.287,-0.079767001,0
12.2875,-0.079767001,0
12.288,-0.079767001,0
12.2885,-0.079767001,0
12.289,-0.079767001,0
12.2895,-0.079767001,0
12.29,-0.079767001,0
12.2905,-0.079767001,0
12.291,-0.079767001,0
12.2915,-0.079767001,0
12.292,-0.079767001,0
12.2925,-0.079767001,0
12.293,-0.079767001,0
12.2935,-0.079767001,0
12.294,-0.079767001,0
12.2945,-0.079767001,0
12.295,-0.079767001,0
12.2955,-0.079767001,0
12.296,-0.079767001,0
12.2965,-0.079767001,0
12.297,-0.079767001,0
12.2975,-0.079767001,0
12.298,-0.079767001,0
12.2985,-0.079767001,0
12.299,-0.079767001,0
12.2995,-0.079767001,0
12.3,-0.079767001,0
12.3005,-0.079767001,0
12.301,-0.079767001,0
12.3015,-0.079767001,0
12.302,-0.079767001,0
12.3025,-0.079767001,0
12.303,-0.079767001,0
12.3035,-0.079767001,0
12.304,-0.079767001,0
12.3045,-0.079767001,0
12.305,-0.079767001,0
12.3055,-0.079767001,0
12.306,-0.079767001,0
12.3065,-0.079767001,0
12.307,-0.079767001,0
12.3075,-0.079767001,0
12.308,-0.079767001,0
12.3085,-0.079767001,0
12.309,-0.079767001,0
12.3095,-0.079767001,0
12.31,-0.079767001,0
12.3105,-0.079767001,0
12.311,-0.079767001,0
12.3115,-0.079767001,0
12.312,-0.079767001,0
12.3125,-0.079767001,0
12.313,-0.079767001,0
12.3135,-0.079767001,0
12.314,-0.079767001,0
12.3145,-0.079767001,0
12.315,-0.079767001,0
12.3155,-0.079767001,0
12.316,-0.079767001,0
12.3165,-0.079767001,0
12.317,-0.079767001,0
12.3175,-0.079767001,0
12.318,-0.079767001,0
12.3185,-0.079767001,0
12.319,-0.079767001,0
12.3195,-0.079767001,0
12.32,-0.079767001,0
12.3205,-0.079767001,0
12.321,-0.079767001,0
12.3215,-0.079767001,0
12.322,-0.079767001,0
12.3225,-0.079767001,0
12.323,-0.079767001,0
12.3235,-0.079767001,0
12.324,-0.079767001,0
12.3245,-0.079767001,0
12.325,-0.079767001,0
12.3255,-0.079767001,0
12.326,-0.079767001,0
12.3265,-0.079767001,0
12.327,-0.079767001,0
12.3275,-0.079767001,0
12.328,-0.079767001,0
12.3285,-0.079767001,0
12.329,-0.079767001,0
12.3295,-0.079767001,0
12.33,-0.079767001,0
12.3305,-0.079767001,0
12.331,-0.079767001,0
12.3315,-0.079767001,0
12.332,-0.079767001,0
12.3325,-0.079767001,0
12.333,-0.079767001,0
12.3335,-0.079767001,0
12.334,-0.079767001,0
12.3345,-0.079767001,0
12.335,-0.079767001,0
12.3355,-0.079767001,0
12.336,-0.079767001,0
12.3365,-0.079767001,0
12.337,-0.079767001,0
12.3375,-0.079767001,0
12.338,-0.079767001,0
12.3385,-0.079767001,0
12.339,-0.079767001,0
12.3395,-0.079767001,0
12.34,-0.079767001,0
12.3405,-0.079767001,0
12.341,-0.079767001,0
12.3415,-0.079767001,0
12.342,-0.079767001,0
12.3425,-0.079767001,0
12.343,-0.079767001,0
12.3435,-0.079767001,0
12.344,-0.079767001,0
12.3445,-0.079767001,0
12.345,-0.079767001,0
12.3455,-0.079767001,0
12.346,-0.079767001,0
12.3465,-0.079767001,0
12.347,-0.079767001,0
12.3475,-0.079767001,0
12.348,-0.079767001,0
12.3485,-0.079767001,0
12.349,-0.079767001,0
12.3495,-0.079767001,0
12.35,-0.079767001,0
12.3505,-0.079767001,0
12.351,-0.079767001,0
12.3515,-0.079767001,0
12.352,-0.079767001,0
12.3525,-0.079767001,0
12.353,-0.079767001,0
12.3535,-0.079767001,0
12.354,-0.079767001,0
12.3545,-0.079767001,0
12.355,-0.079767001,0
12.3555,-0.079767001,0
12.356,-0.079767001,0
12.3565,-0.079767001,0
12.357,-0.079767001,0
12.3575,-0.079767001,0
12.358,-0.079767001,0
12.3585,-0.079767001,0
12.359,-0.079767001,0
12.3595,-0.079767001,0
12.36,-0.079767001,0
12.3605,-0.079767001,0
12.361,-0.079767001,0
12.3615,-0.079767001,0
12.362,-0.079767001,0
12.3625,-0.079767001,0
12.363,-0.079767001,0
12.3635,-0.079767001,0
12.364,-0.079767001,0
12.3645,-0.079767001,0
12.365,-0.079767001,0
12.3655,-0.079767001,0
12.366,-0.079767001,0
12.3665,-0.079767001,0
12.367,-0.079767001,0
12.3675,-0.079767001,0
12.368,-0.079767001,0
12.3685,-0.079767001,0
12.369,-0.079767001,0
12.3695,-0.079767001,0
12.37,-0.079767001,0
12.3705,-0.079767001,0
12.371,-0.079767001,0
12.3715,-0.079767001,0
12.372,-0.079767001,0
12.3725,-0.079767001,0
12.373,-0.079767001,0
12.3735,-0.079767001,0
12.374,-0.079767001,0
12.3745,-0.079767001,0
12.375,-0.079767001,0
12.3755,-0.079767001,0
12.376,-0.079767001,0
12.3765,-0.079767001,0
12.377,-0.079767001,0
12.3775,-0.079767001,0
12.378,-0.079767001,0
12.3785,-0.079767001,0
12.379,-0.079767001,0
12.3795,-0.079767001,0
12.38,-0.079767001,0
12.3805,-0.079767001,0
12.381,-0.079767001,0
12.3815,-0.079767001,0
12.382,-0.079767001,0
12.3825,-0.079767001,0
12.383,-0.079767001,0
12.3835,-0.079767001,0
12.384,-0.079767001,0
12.3845,-0.079767001,0
12.385,-0.079767001,0
12.3855,-0.079767001,0
12.386,-0.079767001,0
12.3865,-0.079767001,0
12.387,-0.079767001,0
12.3875,-0.079767001,0
12.388,-0.079767001,0
12.3885,-0.079767001,0
12.389,-0.079767001,0
12.3895,-0.079767001,0
12.39,-0.079767001,0
12.3905,-0.079767001,0
12.391,-0.079767001,0
12.3915,-0.079767001,0
12.392,-0.079767001,0
12.3925,-0.079767001,0
12.393,-0.079767001,0
12.3935,-0.079767001,0
12.394,-0.079767001,0
12.3945,-0.079767001,0
12.395,-0.079767001,0
12.3955,-0.079767001,0
12.396,-0.079767001,0
12.3965,-0.079767001,0
12.397,-0.079767001,0
12.3975,-0.079767001,0
12.398,-0.079767001,0
12.3985,-0.079767001,0
12.399,-0.079767001,0
12.3995,-0.079767001,0
12.4,-0.079767001,0
12.4005,-0.079767001,0
12.401,-0.079767001,0
12.4015,-0.079767001,0
12.402,-0.079767001,0
12.4025,-0.079767001,0
12.403,-0.079767001,0
12.4035,-0.079767001,0
12.404,-0.079767001,0
12.4045,-0.079767001,0
12.405,-0.079767001,0
12.4055,-0.079767001,0
12.406,-0.079767001,0
12.4065,-0.079767001,0
12.407,-0.079767001,0
12.4075,-0.079767001,0
12.408,-0.079767001,0
12.4085,-0.079767001,0
12.409,-0.079767001,0
12.4095,-0.079767001,0
12.41,-0.079767001,0
12.4105,-0.079767001,0
12.411,-0.079767001,0
12.4115,-0.079767001,0
12.412,-0.079767001,0
12.4125,-0.079767001,0
12.413,-0.079767001,0
12.4135,-0.079767001,0
12.414,-0.079767001,0
12.4145,-0.079767001,0
12.415,-0.079767001,0
12.4155,-0.079767001,0
12.416,-0.079767001,0
12.4165,-0.079767001,0
12.417,-0.079767001,0
12.4175,-0.079767001,0
12.418,-0.079767001,0
12.4185,-0.079767001,0
12.419,-0.079767001,0
12.4195,-0.079767001,0
12.42,-0.079767001,0
12.4205,-0.079767001,0
12.421,-0.079767001,0
12.4215,-0.079767001,0
12.422,-0.079767001,0
12.4225,-0.079767001,0
12.423,-0.079767001,0
12.4235,-0.079767001,0
12.424,-0.079767001,0
12.4245,-0.079767001,0
12.425,-0.079767001,0
12.4255,-0.079767001,0
12.426,-0.079767001,0
12.4265,-0.079767001,0
12.427,-0.079767001,0
12.4275,-0.079767001,0
12.428,-0.079767001,0
12.4285,-0.079767001,0
12.429,-0.079767001,0
12.4295,-0.079767001,0
12.43,-0.079767001,0
12.4305,-0.079767001,0
12.431,-0.079767001,0
12.4315,-0.079767001,0
12.432,-0.079767001,0
12.4325,-0.079767001,0
12.433,-0.079767001,0
12.4335,-0.079767001,0
12.434,-0.079767001,0
12.4345,-0.079767001,0
12.435,-0.079767001,0
12.4355,-0.079767001,0
12.436,-0.079767001,0
12.4365,-0.079767001,0
12.437,-0.079767001,0
12.4375,-0.079767001,0
12.438,-0.079767001,0
12.4385,-0.079767001,0
12.439,-0.079767001,0
12.4395,-0.079767001,0
12.44,-0.079767001,0
12.4405,-0.079767001,0
12.441,-0.079767001,0
12.4415,-0.079767001,0
12.442,-0.079767001,0
12.4425,-0.079767001,0
12.443,-0.079767001,0
12.4435,-0.079767001,0
12.444,-0.079767001,0
12.4445,-0.079767001,0
12.445,-0.079767001,0
12.4455,-0.079767001,0
12.446,-0.079767001,0
12.4465,-0.079767001,0
12.447,-0.079767001,0
12.4475,-0.079767001,0
12.448,-0.079767001,0
12.4485,-0.079767001,0
12.449,-0.079767001,0
12.4495,-0.079767001,0
12.45,-0.079767001,0
12.4505,-0.079767001,0
12.451,-0.079767001,0
12.4515,-0.079767001,0
12.452,-0.079767001,0
12.4525,-0.079767001,0
12.453,-0.079767001,0
12.4535,-0.079767001,0
12.454,-0.079767001,0
12.4545,-0.079767001,0
12.455,-0.079767001,0
12.4555,-0.079767001,0
12.456,-0.079767001,0
12.4565,-0.079767001,0
12.457,-0.079767001,0
12.4575,-0.079767001,0
12.458,-0.079767001,0
12.4585,-0.079767001,0
12.459,-0.079767001,0
12.4595,-0.079767001,0
12.46,-0.079767001,0
12.4605,-0.079767001,0
12.461,-0.079767001,0
12.4615,-0.079767001,0
12.462,-0.079767001,0
12.4625,-0.079767001,0
12.463,-0.079767001,0
12.4635,-0.079767001,0
12.464,-0.079767001,0
12.4645,-0.079767001,0
12.465,-0.079767001,0
12.4655,-0.079767001,0
12.466,-0.079767001,0
12.4665,-0.079767001,0
12.467,-0.079767001,0
12.4675,-0.079767001,0
12.468,-0.079767001,0
12.4685,-0.079767001,0
12.469,-0.079767001,0
12.4695,-0.079767001,0
12.47,-0.079767001,0
12.4705,-0.079767001,0
12.471,-0.079767001,0
12.4715,-0.079767001,0
12.472,-0.079767001,0
12.4725,-0.079767001,0
12.473,-0.079767001,0
12.4735,-0.079767001,0
12.474,-0.079767001,0
12.4745,-0.079767001,0
12.475,-0.079767001,0
12.4755,-0.079767001,0
12.476,-0.079767001,0
12.4765,-0.079767001,0
12.477,-0.079767001,0
12.4775,-0.079767001,0
12.478,-0.079767001,0
12.4785,-0.079767001,0
12.479,-0.079767001,0
12.4795,-0.079767001,0
12.48,-0.079767001,0
12.4805,-0.079767001,0
12.481,-0.079767001,0
12.4815,-0.079767001,0
12.482,-0.079767001,0
12.4825,-0.079767001,0
12.483,-0.079767001,0
12.4835,-0.079767001,0
12.484,-0.079767001,0
12.4845,-0.079767001,0
12.485,-0.079767001,0
12.4855,-0.079767001,0
12.486,-0.079767001,0
12.4865,-0.079767001,0
12.487,-0.079767001,0
12.4875,-0.079767001,0
12.488,-0.079767001,0
12.4885,-0.079767001,0
12.489,-0.079767001,0
12.4895,-0.079767001,0
12.49,-0.079767001,0
12.4905,-0.079767001,0
12.491,-0.079767001,0
12.4915,-0.079767001,0
12.492,-0.079767001,0
12.4925,-0.079767001,0
12.493,-0.079767001,0
12.4935,-0.079767001,0
12.494,-0.079767001,0
12.4945,-0.079767001,0
12.495,-0.079767001,0
12.4955,-0.079767001,0
12.496,-0.079767001,0
12.4965,-0.079767001,0
12.497,-0.079767001,0
12.4975,-0.079767001,0
12.498,-0.079767001,0
12.4985,-0.079767001,0
12.499,-0.079767001,0
12.4995,-0.079767001,0
12.5,-0.079767001,0
12.5005,-0.079767001,0
12.501,-0.079767001,0
12.5015,-0.079767001,0
12.502,-0.079767001,0
12.5025,-0.079767001,0
12.503,-0.079767001,0
12.5035,-0.079767001,0
12.504,-0.079767001,0
12.5045,-0.079767001,0
12.505,-0.079767001,0
12.5055,-0.079767001,0
12.506,-0.079767001,0
12.5065,-0.079767001,0
12.507,-0.079767001,0
12.5075,-0.079767001,0
12.508,-0.082834963,-4.601942364
12.5085,-0.082834963,-3.911651009
12.509,-0.082834963,-3.324903358
12.5095,-0.082834963,-2.826167854
12.51,-0.082834963,-2.402242676
12.5105,-0.082834963,-2.041906275
12.511,-0.085902924,-6.337562697
12.5115,-0.085902924,-5.386928292
12.512,-0.085902924,-4.578889049
12.5125,-0.085902924,-3.892055691
12.513,-0.085902924,-3.308247338
12.5135,-0.085902924,-2.812010237
12.514,-0.088970886,-6.992151065
12.5145,-0.088970886,-5.943328405
12.515,-0.088970886,-5.051829145
12.5155,-0.088970886,-4.294054773
12.516,-0.092038847,-8.251888921
12.5165,-0.092038847,-7.014105582
12.517,-0.092038847,-5.961989745
12.5175,-0.092038847,-5.067691283
12.518,-0.095106809,-8.909479955
12.5185,-0.095106809,-7.573057961
12.519,-0.095106809,-6.437099267
12.5195,-0.095106809,-5.471534377
12.52,-0.09817477,-9.252746584
12.5205,-0.09817477,-7.864834597
12.521,-0.09817477,-6.685109407
12.5215,-0.09817477,-5.682342996
12.522,-0.101242732,-9.43193391
12.5225,-0.101242732,-8.017143824
12.523,-0.101242732,-6.81457225
12.5235,-0.101242732,-5.792386413
12.524,-0.104310694,-9.525470814
12.5245,-0.104310694,-8.096650192
12.525,-0.104310694,-6.882152663
12.5255,-0.107378655,-10.45177213
12.526,-0.107378655,-8.884006308
12.5265,-0.107378655,-7.551405362
12.527,-0.110446617,-11.02063692
12.5275,-0.110446617,-9.367541383
12.528,-0.110446617,-7.962410176
12.5285,-0.110446617,-6.768048649
12.529,-0.113514578,-10.35478372
12.5295,-0.113514578,-8.801566158
12.53,-0.11658254,-12.0832736
12.5305,-0.11658254,-10.27078256
12.531,-0.11658254,-8.730165175
12.5315,-0.119650501,-12.02258276
12.532,-0.119650501,-10.21919535
12.5325,-0.122718463,-13.28825841
12.533,-0.122718463,-11.29501965
12.5335,-0.122718463,-9.600766701
12.534,-0.122718463,-8.160651696
12.5345,-0.125786425,-11.5384963
12.535,-0.125786425,-9.807721859
12.5355,-0.128854386,-12.93850594
12.536,-0.128854386,-10.99773005
12.5365,-0.128854386,-9.348070545
12.537,-0.131922348,-12.54780233
12.5375,-0.131922348,-10.66563198
12.538,-0.131922348,-9.065787181
12.5385,-0.134990309,-12.30786147
12.539,-0.134990309,-10.46168225
12.5395,-0.134990309,-8.89242991
12.54,-0.138058271,-12.16050779
12.5405,-0.138058271,-10.33643162
12.541,-0.141126232,-13.38790924
12.5415,-0.141126232,-11.37972285
12.542,-0.144194194,-14.27470679
12.5425,-0.144194194,-12.13350077
12.543,-0.147262156,-14.91541802
12.5435,-0.147262156,-12.67810532
12.544,-0.150330117,-15.37833188
12.5445,-0.150330117,-13.0715821
12.545,-0.153398079,-15.71278715
12.5455,-0.153398079,-13.35586908
12.546,-0.15646604,-15.95443108
12.5465,-0.159534002,-18.16320878
12.547,-0.159534002,-15.43872746
12.5475,-0.162601964,-17.72486071
12.548,-0.162601964,-15.0661316
12.5485,-0.162601964,-12.80621186
12.549,-0.165669925,-15.48722245
12.5495,-0.168737887,-17.76608144
12.55,-0.168737887,-15.10116923
12.5505,-0.171805848,-17.43793621
12.551,-0.17487381,-19.42418814
12.5515,-0.17487381,-16.51055992
12.552,-0.177941771,-18.63591829
12.5525,-0.181009733,-20.44247291
12.553,-0.181009733,-17.37610198
12.5535,-0.181009733,-14.76968668
12.554,-0.184077695,-17.15617604
12.5545,-0.187145656,-19.184692
12.555,-0.187145656,-16.3069882
12.5555,-0.190213618,-18.46288233
12.556,-0.193281579,-20.29539235
12.5565,-0.196349541,-21.85302586
12.557,-0.196349541,-18.57507198
12.5575,-0.199417502,-20.39075355
12.558,-0.199417502,-17.33214051
12.5585,-0.202485464,-19.3342618
12.559,-0.205553426,-21.03606489
12.5595,-0.208621387,-22.48259752
12.56,-0.208621387,-19.1102079
12.5605,-0.211689349,-20.84561907
12.561,-0.21475731,-22.32071858
12.5615,-0.217825272,-23.57455315
12.562,-0.220893233,-24.64031254
12.5625,-0.223961195,-25.54620803
12.563,-0.227029157,-26.31621919
12.5635,-0.227029157,-22.36878631
12.564,-0.230097118,-23.61541073
12.5645,-0.23316508,-24.67504148
12.565,-0.236233041,-25.57572762
12.5655,-0.239301003,-26.34131084
12.566,-0.242368964,-26.99205658
12.5665,-0.245436926,-27.54519046
12.567,-0.248504888,-28.01535425
12.5675,-0.251572849,-28.41499348
12.568,-0.251572849,-24.15274446
12.5685,-0.254640811,-25.13177515
12.569,-0.260776734,-30.56589361
12.5695,-0.263844696,-30.58295193
12.57,-0.266912657,-30.5974515
12.5705,-0.269980619,-30.60977614
12.571,-0.27304858,-30.62025208
12.5715,-0.276116542,-30.62915663
12.572,-0.282252465,-35.23866787
12.5725,-0.285320427,-34.55481005
12.573,-0.288388388,-33.97353091
12.5735,-0.288388388,-28.87750127
12.574,-0.294524311,-33.74976081
12.5745,-0.297592273,-33.28923905
12.575,-0.300660234,-32.89779556
12.5755,-0.306796158,-37.16701095
12.576,-0.309864119,-36.19390167
12.5765,-0.312932081,-35.36675878
12.577,-0.319068004,-39.26562969
12.5775,-0.322135965,-37.9777276
12.578,-0.328271889,-41.48495319
12.5785,-0.328271889,-35.26221021
12.579,-0.33133985,-34.57482104
12.5795,-0.337475773,-38.59248261
12.58,-0.340543735,-37.40555259
12.5805,-0.346679658,-40.99860443
12.581,-0.34974762,-39.45075613
12.5815,-0.355883543,-42.73702743
12.582,-0.358951504,-40.92841568
12.5825,-0.365087428,-43.99303806
12.583,-0.371223351,-46.59796708
12.5835,-0.371223351,-39.60827201
12.584,-0.374291312,-38.26897358
12.5845,-0.380427235,-41.73251227
12.585,-0.386563159,-44.67652015
12.5855,-0.38963112,-42.57698449
12.586,-0.395767043,-45.39432155
12.5865,-0.401902966,-47.78905804
12.587,-0.40803889,-49.82458406
12.5875,-0.411106851,-46.95283882
12.588,-0.417242774,-49.11379772
12.5885,-0.417242774,-41.74672806
12.589,-0.423378697,-44.68860358
12.5895,-0.429514621,-47.18919777
12.59,-0.435650544,-49.31470283
12.5905,-0.441786467,-51.12138214
12.591,-0.44792239,-52.65705954
12.5915,-0.454058313,-53.96238534
12.592,-0.460194236,-55.07191227
12.5925,-0.46633016,-56.01501015
12.593,-0.46633016,-47.61275863
12.5935,-0.472466083,-49.67472956
12.594,-0.478602006,-51.42740486
12.5945,-0.484737929,-52.91717885
12.595,-0.490873852,-54.18348675
12.5955,-0.497009775,-55.25984847
12.596,-0.503145698,-56.17475593
12.5965,-0.509281622,-56.95242726
12.597,-0.515417545,-57.6134479
12.5975,-0.524621429,-62.77725781
12.598,-0.530757353,-62.56455386
12.5985,-0.530757353,-53.17987078
12.599,-0.536893276,-54.40677489
12.5995,-0.54609716,-60.05158575
12.6,-0.552233084,-60.24773262
12.6005,-0.558369007,-60.41445745
12.601,-0.567572892,-65.15811592
12.6015,-0.567572892,-55.38439854
12.602,-0.573708815,-56.28062348
12.6025,-0.579844738,-57.04241469
12.603,-0.589048623,-62.29187958
12.6035,-0.595184546,-62.15198237
12.604,-0.60438843,-66.6350121
12.6045,-0.610524354,-65.84364501
12.605,-0.619728238,-69.77292535
12.6055,-0.625864161,-68.51087128
12.606,-0.635068046,-72.04006768
12.6065,-0.641203969,-70.43794225
12.607,-0.650407854,-73.67807801
12.6075,-0.656543777,-71.83025103
12.608,-0.665747662,-74.86154047
12.6085,-0.665747662,-63.6323094
12.609,-0.674951547,-67.89329008
12.6095,-0.684155431,-71.51512366
12.61,-0.690291355,-69.99173984
12.6105,-0.699495239,-73.29880595
12.611,-0.708699124,-76.10981215
12.6115,-0.714835047,-73.89722506
12.612,-0.724038932,-76.61846839
12.6125,-0.733242817,-78.93152522
12.613,-0.742446701,-80.89762353
12.6135,-0.751650586,-82.56880709
12.614,-0.751650586,-70.18348603
12.6145,-0.757786509,-68.85984785
12.615,-0.766990394,-72.33669776
12.6155,-0.776194279,-75.29202019
12.616,-0.785398163,-77.80404425
12.6165,-0.794602048,-79.93926471
12.617,-0.803805933,-81.75420209
12.6175,-0.813009818,-83.29689887
12.618,-0.822213702,-84.60819113
12.6185,-0.822213702,-71.91696246
12.619,-0.831417587,-74.93524518
12.6195,-0.840621472,-77.5007855
12.62,-0.849825356,-79.68149476
12.6205,-0.859029241,-81.53509764
12.621,-0.868233126,-83.11066008
12.6215,-0.877437011,-84.44988816
12.622,-0.886640895,-85.58823203
12.6225,-0.89584478,-86.55582432
12.623,-0.908116626,-91.98022012
12.6235,-0.908116626,-78.1831871
12.624,-0.917320511,-80.26153613
12.6245,-0.926524396,-82.0281328
12.625,-0.935728281,-83.52973997
12.6255,-0.944932165,-84.80610607
12.626,-0.95413605,-85.89101725
12.6265,-0.963339935,-86.81319175
12.627,-0.97254382,-87.59704008
12.6275,-0.981747704,-88.26331116
12.628,-0.981747704,-75.02381449
12.6285,-0.994019551,-82.17801177
12.629,-1.003223435,-83.65713709
12.6295,-1.01242732,-84.91439362
12.63,-1.021631205,-85.98306167
12.6305,-1.021631205,-73.08560242
12.631,-1.030835089,-75.92858915
12.6315,-1.043106936,-82.94707023
12.632,-1.05231082,-84.31083679
12.6325,-1.061514705,-85.47003836
12.633,-1.073786552,-91.05730206
12.6335,-1.082990436,-91.20453384
12.634,-1.092194321,-91.32968086
12.6345,-1.104466167,-96.03799818
12.635,-1.113670052,-95.43812555
12.6355,-1.125941898,-99.53017617
12.636,-1.135145783,-98.40647683
12.6365,-1.135145783,-83.64550531
12.637,-1.144349668,-84.9045066
12.6375,-1.156621514,-90.57660007
12.638,-1.165825399,-90.79593715
12.6385,-1.175029284,-90.98237367
12.639,-1.18730113,-95.74278707
12.6395,-1.196505015,-95.1871961
12.64,-1.208776861,-99.31688614
12.6405,-1.217980746,-98.22518031
12.641,-1.230252592,-101.8991727
12.6415,-1.230252592,-86.61429681
12.642,-1.239456477,-87.42797938
12.6425,-1.251728323,-92.72155193
12.643,-1.264000169,-97.22108859
12.6435,-1.273204054,-96.4437524
12.644,-1.2854759,-100.384959
12.6445,-1.294679785,-99.13304223
12.645,-1.306951631,-102.6708554
12.6455,-1.319223478,-105.6779965
12.646,-1.328427362,-103.6321241
12.6465,-1.328427362,-88.0873055
12.647,-1.340699209,-93.28197913
12.6475,-1.352971055,-97.69745172
12.648,-1.36217494,-96.84866105
12.6485,-1.374446786,-100.7291313
12.649,-1.386718632,-104.0275311
12.6495,-1.395922517,-102.2292285
12.65,-1.408194363,-105.3026137
12.6505,-1.42046621,-107.9149911
12.651,-1.429670094,-105.5335695
12.6515,-1.429670094,-89.7035341
12.652,-1.441941941,-94.65577344
12.6525,-1.454213787,-98.86517688
12.653,-1.466485633,-102.4431698
12.6535,-1.47875748,-105.4844638
12.654,-1.487961364,-103.4676213
12.6545,-1.500233211,-106.3552476
12.655,-1.512505057,-108.8097299
12.6555,-1.524776903,-110.8960399
12.656,-1.533980788,-108.067461
12.6565,-1.533980788,-91.85734182
12.657,-1.546252634,-96.48651001
12.6575,-1.55852448,-100.421303
12.658,-1.570796327,-103.765877
12.6585,-1.580000212,-102.0068225
12.659,-1.592272058,-105.1135686
12.6595,-1.604543904,-107.7543028
12.66,-1.61681575,-109.9989268
12.6605,-1.629087597,-111.9068572
12.661,-1.629087597,-95.12082865
12.6615,-1.641359443,-99.26047381
12.662,-1.653631289,-102.7791722
12.6625,-1.665903136,-105.7700658
12.663,-1.678174982,-108.3123254
12.6635,-1.690446828,-110.473246
12.664,-1.702718675,-112.3100286
12.6645,-1.714990521,-113.8712938
12.665,-1.727262367,-115.1983691
12.6655,-1.739534213,-116.3263832
12.666,-1.739534213,-98.87742575
12.6665,-1.75180606,-102.4535813
12.667,-1.764077906,-105.4933136
12.6675,-1.776349752,-108.077086
12.668,-1.788621599,-110.2732926
12.6685,-1.803961407,-116.7420105
12.669,-1.816233253,-117.6384784
12.6695,-1.828505099,-118.4004761
12.67,-1.840776945,-119.0481741
12.6705,-1.853048792,-119.5987175
12.671,-1.853048792,-101.6589098
12.6715,-1.8683886,-109.4197852
12.672,-1.880660446,-111.4145869
12.6725,-1.892932292,-113.1101683
12.673,-1.905204139,-114.5514125
12.6735,-1.920543946,-120.3784124
12.674,-1.932815793,-120.72942
12.6745,-1.945087639,-121.0277765
12.675,-1.957359485,-121.2813795
12.6755,-1.969631332,-121.496942
12.676,-1.969631332,-103.2724007
12.6765,-1.98497114,-110.7912524
12.677,-1.997242986,-112.580334
12.6775,-2.009514832,-114.1010534
12.678,-2.021786678,-115.3936648
12.6785,-2.034058525,-116.4923845
12.679,-2.046330371,-117.4262963
12.6795,-2.061670179,-122.8220637
12.68,-2.073942025,-122.8065236
12.6805,-2.086213872,-122.7933145
12.681,-2.086213872,-104.3743173
12.6815,-2.098485718,-107.1259392
12.682,-2.110757564,-109.4648178
12.6825,-2.12302941,-111.4528646
12.683,-2.12302941,-94.73493487
12.6835,-2.135301257,-98.93246409
12.684,-2.147573103,-102.5003639
12.6845,-2.159844949,-105.5330788
12.685,-2.175184757,-112.7128288
12.6855,-2.184388642,-109.6117316
12.686,-2.19972845,-116.1796837
12.6865,-2.212000296,-117.1605006
12.687,-2.224272142,-117.9941949
12.6875,-2.236543989,-118.7028351
12.688,-2.248815835,-119.3051793
12.6885,-2.261087681,-119.8171719
12.689,-2.273359528,-120.2523656
12.6895,-2.285631374,-120.6222802
12.69,-2.300971182,-125.53865
12.6905,-2.300971182,-106.7078525
12.691,-2.313243028,-109.1094441
12.6915,-2.322446913,-106.5488545
12.692,-2.334718759,-108.9742958
12.6925,-2.346990605,-111.0359209
12.693,-2.359262452,-112.7883022
12.6935,-2.371534298,-114.2778263
12.694,-2.383806144,-115.5439218
12.6945,-2.396077991,-116.620103
12.695,-2.408349837,-117.534857
12.6955,-2.408349837,-99.90462847
12.696,-2.420621683,-103.3267037
12.6965,-2.429825568,-101.6335252
12.697,-2.442097414,-104.7962659
12.6975,-2.454369261,-107.4845954
12.698,-2.466641107,-109.7696756
12.6985,-2.478912953,-111.7119937
12.699,-2.4911848,-113.3629641
12.6995,-2.503456646,-114.7662889
12.7,-2.515728492,-115.9591151
12.7005,-2.524932377,-112.3710749
12.701,-2.524932377,-95.51541365
12.7015,-2.537204223,-99.59587106
12.702,-2.549476069,-103.0642599
12.7025,-2.561747916,-106.0123903
12.703,-2.574019762,-108.5183012
12.7035,-2.586291608,-110.6483255
12.704,-2.598563455,-112.4588461
12.7045,-2.607767339,-109.3958463
12.705,-2.620039186,-111.3942388
12.7055,-2.620039186,-94.68510299
12.706,-2.632311032,-98.890107
12.7065,-2.644582878,-102.4643604
12.707,-2.656854725,-105.5024758
12.7075,-2.669126571,-108.0848739
12.708,-2.681398417,-110.2799123
12.7085,-2.693670264,-112.1456949
12.709,-2.702874148,-109.1296677
12.7095,-2.715145995,-111.167987
12.71,-2.715145995,-94.49278897
12.7105,-2.727417841,-98.72664008
12.711,-2.739689687,-102.3254135
12.7115,-2.751961533,-105.3843709
12.712,-2.761165418,-103.3825424
12.7125,-2.773437264,-106.2829305
12.713,-2.785709111,-108.7482604
12.7135,-2.794912996,-106.2418484
12.714,-2.807184842,-108.7133406
12.7145,-2.819456688,-110.814109
12.715,-2.819456688,-94.19199262
12.7155,-2.828660573,-93.86902082
12.716,-2.840932419,-98.19643715
12.7165,-2.853204265,-101.874741
12.717,-2.865476112,-105.0012993
12.7175,-2.874679996,-103.0569315
12.718,-2.886951843,-106.0061612
12.7185,-2.899223689,-108.5130065
12.719,-2.911495535,-110.643825
12.7195,-2.92069942,-107.8530783
12.72,-2.932971266,-110.082886
12.7205,-2.945243113,-111.9782226
12.721,-2.957514959,-113.5892587
12.7215,-2.966718844,-110.3566969
12.722,-2.97899069,-112.2109619
12.7225,-2.991262536,-113.787087
12.723,-3.003534383,-115.1267934
12.7235,-3.015806229,-116.2655439
12.724,-3.028078075,-117.2334817
12.7245,-3.040349922,-118.0562289
12.725,-3.052621768,-118.7555641
12.7255,-3.064893614,-119.3499989
12.726,-3.07716546,-119.8552685
12.7265,-3.089437307,-120.2847477
12.727,-3.098641192,-116.0478626
12.7275,-3.110913038,-117.0484527
12.728,-3.123184884,-117.8989542
12.7285,-3.13545673,-118.6218806
12.729,-3.147728577,-119.2363679
12.7295,-3.160000423,-119.7586822
12.73,-3.172272269,-120.2026493
12.7305,-3.181476154,-115.978079
12.731,-3.193748,-116.9891366
12.7315,-3.206019847,-117.8485356
12.732,-3.218291693,-118.5790247
12.7325,-3.230563539,-119.1999404
12.733,-3.242835386,-119.7277188
12.7335,-3.25203927,-115.5743881
12.734,-3.264311117,-116.6459993
12.7345,-3.276582963,-117.5568689
12.735,-3.288854809,-118.331108
12.7355,-3.298058694,-114.3872689
12.736,-3.31033054,-115.636948
12.7365,-3.31033054,-98.29140582
12.737,-3.322602387,-101.9554644
12.7375,-3.331806271,-100.4679718
12.738,-3.344078118,-103.8055455
12.7385,-3.353282002,-102.0405408
12.739,-3.365553849,-105.1422291
12.7395,-3.374757733,-103.1767218
12.74,-3.38702958,-106.107983
12.7405,-3.399301426,-108.599555
12.741,-3.408505311,-106.1154489
12.7415,-3.408505311,-90.19813153
12.742,-3.420777157,-95.07618125
12.7425,-3.429981042,-94.62058116
12.743,-3.439184926,-94.23332107
12.7435,-3.451456773,-98.50609237
12.744,-3.460660657,-97.5360056
12.7445,-3.469864542,-96.71143185
12.745,-3.479068427,-96.01054417
12.7455,-3.488272312,-95.41478963
12.746,-3.500544158,-99.51034064
12.7465,-3.500544158,-84.58378955
12.747,-3.509748043,-85.70204821
12.7475,-3.518951927,-86.65256807
12.748,-3.528155812,-87.46050995
12.7485,-3.534291735,-83.54531818
12.749,-3.54349562,-84.81934755
12.7495,-3.552699505,-85.9022725
12.75,-3.561903389,-86.82275872
12.7505,-3.571107274,-87.605172
12.751,-3.577243197,-83.66828093
12.7515,-3.586447082,-84.92386588
12.752,-3.586447082,-72.185286
12.7525,-3.595650967,-75.16332019
12.753,-3.60178689,-73.09270689
12.7535,-3.610990775,-75.93462795
12.754,-3.617126698,-73.74831848
12.7545,-3.626330583,-76.4918978
12.755,-3.632466506,-74.22199786
12.7555,-3.64167039,-76.89452527
12.756,-3.647806314,-74.56423121
12.7565,-3.657010198,-77.18542362
12.757,-3.657010198,-65.60761007
12.7575,-3.663146121,-64.97035329
12.758,-3.672350006,-69.03062739
12.7585,-3.678485929,-67.87991801
12.759,-3.684621853,-66.90181503
12.7595,-3.693825737,-70.67236987
12.76,-3.69996166,-69.27539912
12.7605,-3.706097584,-68.08797398
12.761,-3.712233507,-67.07866261
12.7615,-3.712233507,-57.01686322
12.762,-3.71836943,-57.66821846
12.7625,-3.724505353,-58.22187042
12.763,-3.730641276,-58.69247458
12.7635,-3.736777199,-59.09248812
12.764,-3.742913122,-59.43249963
12.7645,-3.752117007,-64.32345178
12.765,-3.75825293,-63.87881874
12.7655,-3.764388853,-63.50088066
12.766,-3.770524777,-63.17963328
12.7665,-3.770524777,-53.70268829
12.767,-3.7766607,-54.85116978
12.7675,-3.782796623,-55.82737904
12.768,-3.785864585,-52.05521454
12.7685,-3.792000508,-53.45081709
12.769,-3.798136431,-54.63707925
12.7695,-3.804272354,-55.64540209
12.77,-3.810408277,-56.50247651
12.7705,-3.8165442,-57.23098976
12.771,-3.819612162,-53.24828366
12.7715,-3.819612162,-45.26104111
12.772,-3.825748085,-47.67576967
12.7725,-3.831884008,-49.72828895
12.773,-3.83495197,-46.87098797
12.7735,-3.841087893,-49.0442245
12.774,-3.844155854,-46.28953319
12.7745,-3.850291778,-48.54998794
12.775,-3.853359739,-45.86943211
12.7755,-3.856427701,-43.59095966
12.776,-3.862563624,-46.25620044
12.7765,-3.862563624,-39.31777037
12.777,-3.865631585,-38.02204718
12.7775,-3.871767509,-41.52262483
12.778,-3.87483547,-39.89617347
12.7785,-3.877903432,-38.51368981
12.779,-3.880971393,-37.3385787
12.7795,-3.887107317,-40.94167663
12.78,-3.890175278,-39.4023675
12.7805,-3.89324324,-38.09395473
12.781,-3.896311201,-36.98180389
12.7815,-3.896311201,-31.43453331
12.782,-3.899379163,-31.32129567
12.7825,-3.902447124,-31.22504369
12.783,-3.905515086,-31.1432295
12.7835,-3.908583048,-31.07368744
12.784,-3.911651009,-31.01457668
12.7845,-3.914718971,-30.96433255
12.785,-3.917786932,-30.92162503
12.7855,-3.917786932,-26.28338127
12.786,-3.917786932,-22.34087408
12.7865,-3.920854894,-23.59168533
12.787,-3.923922855,-24.6548749
12.7875,-3.926990817,-25.55858603
12.788,-3.930058779,-26.32674049
12.7885,-3.930058779,-22.37772941
12.789,-3.93312674,-23.62301236
12.7895,-3.936194702,-24.68150287
12.79,-3.936194702,-20.97927744
12.7905,-3.936194702,-17.83238583
12.791,-3.939262663,-19.75947032
12.7915,-3.942330625,-21.39749213
12.792,-3.942330625,-18.18786831
12.7925,-3.942330625,-15.45968807
12.793,-3.945398586,-17.74267722
12.7935,-3.945398586,-15.08127564
12.794,-3.948466548,-17.42102665
12.7945,-3.948466548,-14.80787266
12.795,-3.948466548,-12.58669176
12.7955,-3.948466548,-10.69868799
12.796,-3.95153451,-13.69582716
12.7965,-3.95153451,-11.64145308
12.797,-3.95153451,-9.895235122
12.7975,-3.954602471,-13.01289222
12.798,-3.954602471,-11.06095838
12.7985,-3.954602471,-9.401814627
12.799,-3.954602471,-7.991542433
12.7995,-3.954602471,-6.792811068
12.8,-3.954602471,-5.773889408
12.8005,-3.954602471,-4.907805997
12.801,-3.954602471,-4.171635097
12.8015,-3.954602471,-3.545889833
12.802,-3.954602471,-3.014006358
12.8025,-3.954602471,-2.561905404
12.803,-3.954602471,-2.177619593
12.8035,-3.954602471,-1.850976654
12.804,-3.954602471,-1.573330156
12.8045,-3.954602471,-1.337330633
12.805,-3.954602471,-1.136731038
12.8055,-3.954602471,-0.966221382
12.806,-3.954602471,-0.821288175
12.8065,-3.954602471,-0.698094949
12.807,-3.954602471,-0.593380706
12.8075,-3.954602471,-0.5043736
12.808,-3.954602471,-0.42871756
12.8085,-3.954602471,-0.364409926
12.809,-3.954602471,-0.309748437
12.8095,-3.954602471,-0.263286172
12.81,-3.954602471,-0.223793246
12.8105,-3.954602471,-0.190224259
12.811,-3.954602471,-0.16169062
12.8115,-3.954602471,-0.137437027
12.812,-3.954602471,-0.116821473
12.8125,-3.954602471,-0.099298252
12.813,-3.954602471,-0.084403514
12.8135,-3.954602471,-0.071742987
12.814,-3.954602471,-0.060981539
12.8145,-3.954602471,-0.051834308
12.815,-3.954602471,-0.044059162
12.8155,-3.954602471,-0.037450288
12.816,-3.954602471,-0.031832745
12.8165,-3.954602471,-0.027057833
12.817,-3.954602471,-0.022999158
12.8175,-3.954602471,-0.019549284
12.818,-3.954602471,-0.016616892
12.8185,-3.954602471,-0.014124358
12.819,-3.954602471,-0.012005704
12.8195,-3.954602471,-0.010204849
12.82,-3.954602471,-0.008674121
12.8205,-3.954602471,-0.007373003
12.821,-3.954602471,-0.006267053
12.8215,-3.954602471,-0.005326995
12.822,-3.954602471,-0.004527946
12.8225,-3.95153451,4.59809361
12.823,-3.95153451,3.908379568
12.8235,-3.948466548,7.924064997
12.824,-3.945398586,11.33739761
12.8245,-3.945398586,9.636787969
12.825,-3.942330625,12.79321214
12.8255,-3.942330625,10.87423032
12.826,-3.939262663,13.84503813
12.8265,-3.936194702,16.37022478
12.827,-3.93312674,18.51663342
12.8275,-3.930058779,20.34108077
12.828,-3.926990817,21.89186102
12.8285,-3.923922855,23.21002423
12.829,-3.920854894,24.33046296
12.8295,-3.917786932,25.28283588
12.83,-3.914718971,26.09235286
12.8305,-3.911651009,26.7804423
12.831,-3.908583048,27.36531832
12.8315,-3.902447124,32.4644053
12.832,-3.899379163,32.19668686
12.8325,-3.896311201,31.9691262
12.833,-3.890175278,36.377642
12.8335,-3.887107317,35.52293806
12.834,-3.880971393,39.39838208
12.8345,-3.877903432,38.09056713
12.835,-3.877903432,32.37698206
12.8355,-3.871767509,36.72431948
12.836,-3.868699547,35.81761392
12.8365,-3.862563624,39.64885656
12.837,-3.859495662,38.30347044
12.8375,-3.853359739,41.7618346
12.838,-3.847223816,44.70144414
12.8385,-3.841087893,47.20011224
12.839,-3.838019931,44.72203777
12.8395,-3.831884008,47.21761683
12.84,-3.825748085,49.33885904
12.8405,-3.819612162,51.14191491
12.841,-3.813476239,52.6745124
12.8415,-3.807340316,53.97722027
12.842,-3.801204392,55.08452195
12.8425,-3.795068469,56.02572839
12.843,-3.788932546,56.82575386
12.8435,-3.779728661,62.10771787
12.844,-3.773592738,61.99544492
12.8445,-3.767456815,61.90001291
12.845,-3.761320892,61.8188957
12.8455,-3.755184969,61.74994607
12.846,-3.745981084,66.29328125
12.8465,-3.739845161,65.55317379
12.847,-3.730641276,69.52602481
12.8475,-3.724505353,68.30100582
12.848,-3.715301468,71.86168204
12.8485,-3.706097584,74.88825682
12.849,-3.69996166,72.85890303
12.8495,-3.690757776,75.73589466
12.85,-3.684621853,73.57939519
12.8505,-3.675417968,76.348313
12.851,-3.666214083,78.70189314
12.8515,-3.657010198,80.70243626
12.852,-3.647806314,82.40289791
12.8525,-3.638602429,83.84829032
12.853,-3.629398544,85.07687386
12.8535,-3.620194659,86.12116987
12.854,-3.610990775,87.00882148
12.8545,-3.60178689,87.76332535
12.855,-3.589515044,93.006596
12.8555,-3.580311159,92.86143369
12.856,-3.568039313,97.33998809
12.8565,-3.558835428,96.54481697
12.857,-3.549631543,95.86892152
12.8575,-3.537359697,99.89635274
12.858,-3.525087851,103.3196693
12.8585,-3.515883966,101.627546
12.859,-3.50361212,104.7911835
12.8595,-3.491340273,107.4802755
12.86,-3.482136389,105.1640612
12.8605,-3.482136389,89.38945205
12.861,-3.469864542,94.3888037
12.8615,-3.457592696,98.6382526
12.862,-3.44532085,102.2502842
12.8625,-3.436116965,100.7185686
12.863,-3.423845119,104.0185528
12.8635,-3.411573272,106.8235393
12.864,-3.399301426,109.2077779
12.8645,-3.38702958,111.2343807
12.865,-3.38702958,94.54922356
12.8655,-3.371689772,103.3765518
12.866,-3.359417925,106.2778385
12.8665,-3.347146079,108.7439322
12.867,-3.334874233,110.8401118
12.8675,-3.322602387,112.6218645
12.868,-3.31033054,114.1363543
12.8685,-3.298058694,115.4236706
12.869,-3.285786848,116.5178895
12.8695,-3.273515001,117.4479755
12.87,-3.273515001,99.83077917
12.8705,-3.261243155,103.2639318
12.871,-3.248971309,106.1821114
12.8715,-3.236699462,108.6625642
12.872,-3.224427616,110.770949
12.8725,-3.21215577,112.5630761
12.873,-3.199883924,114.0863841
12.8735,-3.187612077,115.381196
12.874,-3.175340231,116.481786
12.8745,-3.163068385,117.4172876
12.875,-3.163068385,99.80469445
12.8755,-3.150796538,103.2417597
12.876,-3.138524692,106.1632652
12.8765,-3.126252846,108.6465449
12.877,-3.117048961,106.1553903
12.8775,-3.104777115,108.6398512
12.878,-3.092505268,110.751643
12.8785,-3.080233422,112.546666
12.879,-3.067961576,114.0724355
12.8795,-3.055689729,115.3693396
12.88,-3.055689729,98.0639387
12.8805,-3.046485845,97.16017499
12.881,-3.034213998,100.9939182
12.8815,-3.021942152,104.2525999
12.882,-3.009670306,107.0224794
12.8825,-2.99739846,109.3768769
12.883,-2.985126613,111.3781148
12.8835,-2.972854767,113.0791671
12.884,-2.960582921,114.5250615
12.8845,-2.948311074,115.7540717
12.885,-2.948311074,98.39096095
12.8855,-2.936039228,102.0400863
12.886,-2.926835343,100.5399004
12.8865,-2.914563497,103.8666848
12.887,-2.899223689,111.2963939
12.8875,-2.890019804,108.4077619
12.888,-2.877747958,110.5543671
12.8885,-2.865476112,112.3789815
12.889,-2.853204265,113.9299037
12.8895,-2.837864458,119.85013
12.89,-2.837864458,101.8726105
12.8905,-2.825592611,104.9994884
12.891,-2.813320765,107.6573346
12.8915,-2.801048919,109.9165038
12.892,-2.788777072,111.8367977
12.8925,-2.776505226,113.4690475
12.893,-2.76423338,114.8564598
12.8935,-2.751961533,116.0357603
12.894,-2.739689687,117.0381657
12.8945,-2.739689687,99.48244086
12.895,-2.727417841,102.9678442
12.8955,-2.715145995,105.930437
12.896,-2.702874148,108.4486409
12.8965,-2.693670264,105.9871719
12.897,-2.681398417,108.4968655
12.8975,-2.669126571,110.6301052
12.898,-2.656854725,112.4433588
12.8985,-2.644582878,113.9846245
12.899,-2.644582878,96.8869308
12.8995,-2.632311032,100.7616606
12.9,-2.620039186,104.055181
12.9005,-2.620039186,88.44690385
12.901,-2.607767339,93.58763772
12.9015,-2.595495493,97.95726152
12.902,-2.586291608,97.06949938
12.9025,-2.574019762,100.9168439
12.903,-2.561747916,104.1870868
12.9035,-2.549476069,106.9667932
12.904,-2.537204223,109.3295437
12.9045,-2.524932377,111.3378816
12.905,-2.512660531,113.0449688
12.9055,-2.500388684,114.4959929
12.906,-2.488116838,115.7293635
12.9065,-2.475844992,116.7777284
12.907,-2.463573145,117.6688386
12.9075,-2.451301299,118.4262823
12.908,-2.435961491,123.6720517
12.9085,-2.423689645,123.5290134
12.909,-2.411417799,123.4074309
12.9095,-2.411417799,104.8963162
12.91,-2.399145952,107.5696383
12.9105,-2.386874106,109.841962
12.911,-2.37460226,111.7734371
12.9115,-2.362330413,113.415191
12.912,-2.346990605,119.4126242
12.9125,-2.334718759,119.9085
12.913,-2.322446913,120.3299945
12.9135,-2.310175067,120.6882647
12.914,-2.310175067,102.585025
12.9145,-2.29790322,105.6050407
12.915,-2.285631374,108.1720541
12.9155,-2.273359528,110.3540154
12.916,-2.261087681,112.2086826
12.9165,-2.248815835,113.7851496
12.917,-2.236543989,115.1251466
12.9175,-2.224272142,116.2641441
12.918,-2.212000296,117.2322919
12.9185,-2.19972845,118.0552176
12.919,-2.187456604,118.7547044
12.9195,-2.175184757,119.3492682
12.92,-2.165980872,115.2527051
12.9205,-2.153709026,116.3725688
12.921,-2.144505141,112.7225105
12.9215,-2.132233295,114.2219034
12.922,-2.12302941,110.894445
12.9225,-2.113825526,108.0661053
12.923,-2.101553679,110.263959
12.9235,-2.092349795,107.5301922
12.924,-2.08314591,105.2064905
12.9245,-2.073942025,103.231344
12.925,-2.061670179,106.1544119
12.9255,-2.061670179,90.23125008
12.926,-2.052466294,90.50238966
12.9265,-2.043262409,90.7328583
12.927,-2.034058525,90.92875665
12.9275,-2.02485464,91.09527024
12.928,-2.015650755,91.2368068
12.9285,-2.006446871,91.35711287
12.929,-1.997242986,91.45937303
12.9295,-1.988039101,91.54629417
12.93,-1.975767255,96.22211949
12.9305,-1.975767255,81.78880157
12.931,-1.96656337,83.32630843
12.9315,-1.960427447,80.03124689
12.932,-1.951223562,81.83238695
12.9325,-1.942019677,83.363356
12.933,-1.932815793,84.66467969
12.9335,-1.923611908,85.77080483
12.934,-1.917475985,82.10906883
12.9345,-1.9082721,83.5985356
12.935,-1.902136177,80.26263998
12.9355,-1.892932292,82.02907108
12.936,-1.883728408,83.53053751
12.9365,-1.877592484,80.20484161
12.937,-1.8683886,81.97994246
12.9375,-1.862252676,78.88683582
12.938,-1.853048792,80.85963753
12.9385,-1.846912869,77.93457663
12.939,-1.840776945,75.44827486
12.9395,-1.831573061,77.93686073
12.94,-1.825437138,75.45021634
12.9405,-1.819301214,73.33656862
12.941,-1.813165291,71.53996805
12.9415,-1.807029368,70.01285757
12.942,-1.797825483,73.31675603
12.9425,-1.797825483,62.31924262
12.943,-1.79168956,62.17524096
12.9435,-1.785553637,62.05283954
12.944,-1.779417714,61.94879834
12.9445,-1.773281791,61.86036331
12.945,-1.767145868,61.78519354
12.9455,-1.761009944,61.72129924
12.946,-1.754874021,61.66698908
12.9465,-1.745670137,66.22276781
12.947,-1.745670137,56.28935264
12.9475,-1.742602175,52.44789211
12.948,-1.736466252,53.78459302
12.9485,-1.727262367,59.52273116
12.949,-1.721126444,59.79820621
12.9495,-1.714990521,60.03236001
12.95,-1.711922559,55.62944837
12.9505,-1.705786636,56.48891584
12.951,-1.699650713,57.21946319
12.9515,-1.69351479,57.84042844
12.952,-1.69351479,49.16436417
12.9525,-1.687378867,50.99359428
12.953,-1.681242944,52.54843986
12.9535,-1.67510702,53.87005861
12.954,-1.668971097,54.99343455
12.9545,-1.665903136,51.34636173
12.955,-1.659767212,52.8482922
12.9555,-1.653631289,54.12493309
12.956,-1.647495366,55.21007786
12.9565,-1.644427405,51.53050854
12.957,-1.644427405,43.80093226
12.9575,-1.638291481,46.43467715
12.958,-1.63522352,44.07141794
12.9585,-1.629087597,46.66458998
12.959,-1.626019635,44.26684384
12.9595,-1.619883712,46.83070199
12.96,-1.61681575,44.40803906
12.9605,-1.610679827,46.95071793
12.961,-1.607611866,44.5100526
12.9615,-1.604543904,42.43548708
12.962,-1.604543904,36.07016401
12.9625,-1.601475943,35.26158178
12.963,-1.595340019,39.17622924
12.9635,-1.592272058,37.90173721
12.964,-1.589204096,36.818419
12.9645,-1.586136135,35.89759851
12.965,-1.583068173,35.1149011
12.9655,-1.580000212,34.4496083
12.966,-1.580000212,29.28216705
12.9665,-1.57693225,29.49178436
12.967,-1.573864288,29.66995907
12.9675,-1.570796327,29.82140757
12.968,-1.570796327,25.34819644
12.9685,-1.567728365,26.14790933
12.969,-1.564660404,26.8276653
12.9695,-1.564660404,22.8035155
12.97,-1.564660404,19.38298818
12.9705,-1.564660404,16.47553995
12.971,-1.561592442,18.60615132
12.9715,-1.561592442,15.81522862
12.972,-1.561592442,13.44294433
12.9725,-1.55852448,16.02844504
12.973,-1.55852448,13.62417829
12.9735,-1.55852448,11.58055154
12.974,-1.55852448,9.843468813
12.9745,-1.55852448,8.366948491
12.975,-1.55852448,7.111906217
12.9755,-1.55852448,6.045120285
12.976,-1.55852448,5.138352242
12.9765,-1.55852448,4.367599406
12.977,-1.55852448,3.712459495
12.9775,-1.55852448,3.155590571
12.978,-1.55852448,2.682251985
12.9785,-1.55852448,2.279914187
12.979,-1.55852448,1.937927059
12.9795,-1.561592442,-2.954704363
12.98,-1.561592442,-2.511498709
12.9805,-1.561592442,-2.134773903
12.981,-1.561592442,-1.814557817
12.9815,-1.564660404,-6.144316508
12.982,-1.564660404,-5.222669032
12.9825,-1.567728365,-9.041211041
12.983,-1.570796327,-12.28697175
12.9835,-1.570796327,-10.44392599
12.984,-1.570796327,-8.877337088
12.9845,-1.573864288,-12.14767889
12.985,-1.57693225,-14.92746942
12.9855,-1.580000212,-17.29029137
12.986,-1.583068173,-19.29869003
12.9865,-1.586136135,-21.00582889
12.987,-1.589204096,-22.45689692
12.9875,-1.592272058,-23.69030474
12.988,-1.595340019,-24.7387014
12.9885,-1.595340019,-21.02789619
12.989,-1.601475943,-27.07759649
12.9895,-1.604543904,-27.61789938
12.99,-1.607611866,-28.07715683
12.9905,-1.613747789,-33.06946804
12.991,-1.619883712,-37.31293256
12.9915,-1.622951674,-36.31793504
12.992,-1.629087597,-40.07412951
12.9925,-1.63522352,-43.26689481
12.993,-1.638291481,-41.37880295
12.9935,-1.644427405,-44.37586724
12.994,-1.644427405,-37.71948715
12.9945,-1.650563328,-41.26544881
12.995,-1.656699251,-44.27951621
12.9955,-1.662835174,-46.84147351
12.996,-1.668971097,-49.01913721
12.9965,-1.678174982,-55.47209372
12.997,-1.684310905,-56.35516439
12.9975,-1.690446828,-57.10577446
12.998,-1.696582751,-57.74379302
12.9985,-1.705786636,-62.88805115
12.999,-1.711922559,-62.65872821
12.9995,-1.718058482,-62.4638037
13,-1.727262367,-66.90006024
13.0005,-1.736466252,-70.67087829
13.001,-1.742602175,-69.27413128
13.0015,-1.75180606,-72.68883868
13.002,-1.757941983,-70.9893976
13.0025,-1.767145868,-74.14681505
13.003,-1.776349752,-76.83061989
13.0035,-1.785553637,-79.11185399
13.004,-1.794757522,-81.05090299
13.0045,-1.803961407,-82.69909463
13.005,-1.813165291,-84.10005753
13.0055,-1.822369176,-85.29087599
13.006,-1.831573061,-86.30307168
13.0065,-1.840776945,-87.16343802
13.007,-1.84998083,-87.89474941
13.0075,-1.862252676,-93.11830645
13.008,-1.871456561,-92.95638757
13.0085,-1.883728408,-97.42069889
13.009,-1.892932292,-96.61342115
13.0095,-1.905204139,-100.5291774
13.01,-1.914408023,-99.25562791
13.0105,-1.92667987,-102.7750532
13.011,-1.935883754,-101.1646223
13.0115,-1.948155601,-104.3976984
13.012,-1.960427447,-107.1458131
13.0125,-1.969631332,-104.8797682
13.013,-1.981903178,-107.5555724
13.0135,-1.994175024,-109.830006
13.014,-2.006446871,-111.7632746
13.0145,-2.018718717,-113.4065528
13.015,-2.027922602,-110.201397
13.0155,-2.040194448,-112.0789569
13.016,-2.052466294,-113.6748828
13.0165,-2.06473814,-115.0314199
13.017,-2.080077948,-120.7864187
13.0175,-2.089281833,-116.474283
13.018,-2.104621641,-122.0128524
13.0185,-2.116893487,-122.118694
13.019,-2.129165334,-122.2086593
13.0195,-2.14143718,-122.2851299
13.02,-2.153709026,-122.3501298
13.0205,-2.169048834,-127.0073222
13.021,-2.18132068,-126.3639933
13.0215,-2.193592527,-125.8171638
13.022,-2.208932335,-129.954301
13.0225,-2.221204181,-128.8689253
13.023,-2.236543989,-132.5482983
13.0235,-2.248815835,-131.073823
13.024,-2.264155643,-134.4224614
13.0245,-2.279495451,-137.268804
13.025,-2.294835259,-139.6881952
13.0255,-2.307107105,-137.1427354
13.026,-2.322446913,-139.5810369
13.0265,-2.337786721,-141.6535932
13.027,-2.353126529,-143.415266
13.0275,-2.368466336,-144.9126879
13.028,-2.380738183,-141.5835542
13.0285,-2.396077991,-143.3557329
13.029,-2.411417799,-144.8620848
13.0295,-2.426757606,-146.1424839
13.03,-2.442097414,-147.2308231
13.0305,-2.457437222,-148.1559115
13.031,-2.47277703,-148.9422366
13.0315,-2.488116838,-149.6106129
13.032,-2.503456646,-150.1787328
13.0325,-2.518796454,-150.6616347
13.033,-2.537204223,-155.6740437
13.0335,-2.549476069,-150.7307066
13.034,-2.564815877,-151.1308124
13.0345,-2.580155685,-151.4709024
13.035,-2.595495493,-151.7599788
13.0355,-2.610835301,-152.0056938
13.036,-2.626175109,-152.2145516
13.0365,-2.641514917,-152.3920806
13.037,-2.656854725,-152.5429804
13.0375,-2.672194532,-152.6712451
13.038,-2.68753434,-152.7802702
13.0385,-2.699806187,-148.2709991
13.039,-2.715145995,-149.0400611
13.0395,-2.730485802,-149.6937637
13.04,-2.742757649,-145.6474686
13.0405,-2.758097457,-146.8100601
13.041,-2.773437264,-147.7982629
13.0415,-2.785709111,-144.036293
13.042,-2.801048919,-145.4405608
13.0425,-2.813320765,-142.0322462
13.043,-2.828660573,-143.7371211
13.0435,-2.840932419,-140.5843223
13.044,-2.856272227,-142.5063858
13.0445,-2.868544073,-139.5381974
13.045,-2.883883881,-141.6171796
13.0455,-2.896155728,-138.7823721
13.046,-2.896155728,-117.9650163
13.0465,-2.908427574,-118.6780333
13.047,-2.92069942,-119.2840978
13.0475,-2.936039228,-124.4011949
13.048,-2.948311074,-124.1487851
13.0485,-2.960582921,-123.9342368
13.049,-2.972854767,-123.7518708
13.0495,-2.988194575,-128.198802
13.05,-3.000466421,-127.3767511
13.0505,-3.012738267,-126.6780079
13.051,-3.012738267,-107.6763067
13.0515,-3.025010114,-109.9326302
13.052,-3.03728196,-111.8505051
13.0525,-3.052621768,-118.0826412
13.053,-3.064893614,-118.7780144
13.0535,-3.07716546,-119.3690817
13.054,-3.089437307,-119.8714889
13.0545,-3.101709153,-120.298535
13.055,-3.113980999,-120.6615242
13.0555,-3.126252846,-120.9700651
13.056,-3.126252846,-102.8245553
13.0565,-3.138524692,-105.8086415
13.057,-3.1538645,-112.9470571
13.0575,-3.166136346,-114.412768
13.058,-3.178408192,-115.6586222
13.0585,-3.190680039,-116.7175983
13.059,-3.202951885,-117.617728
13.0595,-3.218291693,-122.9847807
13.06,-3.230563539,-122.944833
13.0605,-3.245903347,-127.5128199
13.061,-3.245903347,-108.3858969
13.0615,-3.258175193,-110.5357818
13.062,-3.27044704,-112.363184
13.0625,-3.285786848,-118.5184182
13.063,-3.298058694,-119.1484249
13.0635,-3.31033054,-119.6839307
13.064,-3.325670348,-124.7410529
13.0645,-3.337942194,-124.4376644
13.065,-3.353282002,-128.7817266
13.0655,-3.365553849,-127.872237
13.066,-3.365553849,-108.6914015
13.0665,-3.380893656,-115.3974031
13.067,-3.396233464,-121.0975044
13.0675,-3.411573272,-125.9425906
13.068,-3.423845119,-125.4589714
13.0685,-3.439184926,-129.6498376
13.069,-3.454524734,-133.2120737
13.0695,-3.469864542,-136.2399745
13.07,-3.48520435,-138.8136901
13.0705,-3.48520435,-117.9916366
13.071,-3.500544158,-123.3026029
13.0715,-3.515883966,-127.8169243
13.072,-3.531223774,-131.6540975
13.0725,-3.546563582,-134.9156947
13.073,-3.561903389,-137.6880523
13.0735,-3.577243197,-140.0445563
13.074,-3.592583005,-142.0475847
13.0745,-3.592583005,-120.740447
13.075,-3.607922813,-125.6390917
13.0755,-3.623262621,-129.8029398
13.076,-3.638602429,-133.3422106
13.0765,-3.657010198,-140.9525332
13.077,-3.669282045,-138.2174227
13.0775,-3.684621853,-140.4945211
13.078,-3.69996166,-142.4300548
13.0785,-3.715301468,-144.0752584
13.079,-3.727573315,-140.8717391
13.0795,-3.742913122,-142.75069
13.08,-3.742913122,-121.3380865
13.0805,-3.755184969,-121.545143
13.081,-3.767456815,-121.721141
13.0815,-3.779728661,-121.8707393
13.082,-3.792000508,-121.9978979
13.0825,-3.804272354,-122.1059826
13.083,-3.8165442,-122.1978547
13.0835,-3.828816047,-122.2759459
13.084,-3.841087893,-122.3423235
13.0845,-3.850291778,-117.7968021
13.085,-3.862563624,-118.5350512
13.0855,-3.862563624,-100.7547935
13.086,-3.871767509,-99.4474016
13.0865,-3.884039355,-102.9380608
13.087,-3.89324324,-101.3031788
13.0875,-3.902447124,-99.91352905
13.088,-3.911651009,-98.73232679
13.0885,-3.920854894,-97.72830486
13.089,-3.930058779,-96.87488622
13.0895,-3.939262663,-96.14948038
13.09,-3.948466548,-95.53288541
13.0905,-3.948466548,-81.2029526
13.091,-3.957670433,-82.8283368
13.0915,-3.966874317,-84.20991337
13.092,-3.976078202,-85.38425346
13.0925,-3.985282087,-86.38244253
13.093,-3.994485972,-87.23090324
13.0935,-4.003689856,-87.95209485
13.094,-4.012893741,-88.56510771
13.0945,-4.022097626,-89.08616864
13.095,-4.031301511,-89.52907044
13.0955,-4.031301511,-76.09970987
13.096,-4.040505395,-78.49058048
13.0965,-4.046641318,-75.92087814
13.097,-4.055845203,-78.33857351
13.0975,-4.065049088,-80.39361457
13.098,-4.071185011,-77.53845711
13.0985,-4.080388896,-79.71351564
13.099,-4.089592781,-81.56231538
13.0995,-4.095728704,-78.5318528
13.1,-4.095728704,-66.75207488
13.1005,-4.104932588,-70.54509074
13.101,-4.114136473,-73.76915422
13.1015,-4.120272396,-71.90766582
13.102,-4.129476281,-74.92734303
13.1025,-4.138680166,-77.49406867
13.103,-4.144816089,-75.0738431
13.1035,-4.154019974,-77.61859372
13.104,-4.160155897,-75.17968939
13.1045,-4.169359781,-77.70856307
13.105,-4.169359781,-66.05227861
13.1055,-4.175495705,-65.34832155
13.106,-4.184699589,-69.35190041
13.1065,-4.190835513,-68.15300007
13.107,-4.200039397,-71.73587715
13.1075,-4.20617532,-70.17938031
13.108,-4.215379205,-73.45830035
13.1085,-4.221515128,-71.64344003
13.109,-4.221515128,-60.89692402
13.1095,-4.227651051,-60.96627015
13.11,-4.236854936,-65.62715672
13.1105,-4.242990859,-64.98696794
13.111,-4.249126782,-64.44280747
13.1115,-4.258330667,-68.58221344
13.112,-4.26446659,-67.49876615
13.1125,-4.270602513,-66.57783596
13.113,-4.276738437,-65.79504529
13.1135,-4.28287436,-65.12967323
13.114,-4.28287436,-55.36022224
13.1145,-4.289010283,-56.26007363
13.115,-4.295146206,-57.02494731
13.1155,-4.301282129,-57.67508994
13.116,-4.307418052,-58.22771118
13.1165,-4.313553976,-58.69743923
13.117,-4.319689899,-59.09670807
13.1175,-4.325825822,-59.43608659
13.118,-4.331961745,-59.72455833
13.1185,-4.338097668,-59.96975931
13.119,-4.344233591,-60.17818014
13.1195,-4.347301553,-55.75339548
13.12,-4.353437476,-56.59427089
13.1205,-4.359573399,-57.30901498
13.121,-4.365709322,-57.91654746
13.1215,-4.368777284,-53.83100771
13.122,-4.374913207,-54.96024128
13.1225,-4.38104913,-55.92008981
13.123,-4.384117092,-52.1340187
13.1235,-4.390253015,-53.51780063
13.124,-4.393320977,-50.0920729
13.1245,-4.393320977,-42.57826196
13.125,-4.3994569,-45.39540739
13.1255,-4.402524861,-43.18803865
13.126,-4.405592823,-41.31177522
13.1265,-4.411728746,-44.31889366
13.127,-4.414796708,-42.27300197
13.1275,-4.417864669,-40.53399404
13.128,-4.420932631,-39.0558373
13.1285,-4.424000592,-37.79940407
13.129,-4.427068554,-36.73143582
13.1295,-4.427068554,-31.22172045
13.13,-4.430136515,-31.14040474
13.1305,-4.433204477,-31.0712864
13.131,-4.436272439,-31.0125358
13.1315,-4.4393404,-30.96259779
13.132,-4.442408362,-30.92015049
13.1325,-4.445476323,-30.88407028
13.133,-4.445476323,-26.25145974
13.1335,-4.448544285,-26.91568314
13.134,-4.451612246,-27.48027303
13.1345,-4.451612246,-23.35823208
13.135,-4.454680208,-24.45643963
13.1355,-4.454680208,-20.78797369
13.136,-4.45774817,-22.27172
13.1365,-4.45774817,-18.930962
13.137,-4.460816131,-20.69326006
13.1375,-4.460816131,-17.58927105
13.138,-4.460816131,-14.95088039
13.1385,-4.463884093,-17.3101907
13.139,-4.463884093,-14.71366209
13.1395,-4.463884093,-12.50661278
13.14,-4.463884093,-10.63062086
13.1405,-4.463884093,-9.036027733
13.141,-4.466952054,-12.28256594
13.1415,-4.466952054,-10.44018105
13.142,-4.466952054,-8.87415389
13.1425,-4.466952054,-7.543030806
13.143,-4.466952054,-6.411576185
13.1435,-4.466952054,-5.449839757
13.144,-4.466952054,-4.632363794
13.1445,-4.466952054,-3.937509225
13.145,-4.466952054,-3.346882841
13.1455,-4.466952054,-2.844850415
13.146,-4.466952054,-2.418122853
13.1465,-4.466952054,-2.055404425
13.147,-4.466952054,-1.747093761
13.1475,-4.466952054,-1.485029697
13.148,-4.466952054,-1.262275242
13.1485,-4.466952054,-1.072933956
13.149,-4.466952054,-0.911993863
13.1495,-4.466952054,-0.775194783
13.15,-4.466952054,-0.658915566
13.1505,-4.466952054,-0.560078231
13.151,-4.466952054,-0.476066496
13.1515,-4.466952054,-0.404656522
13.152,-4.466952054,-0.343958044
13.1525,-4.466952054,-0.292364337
13.153,-4.466952054,-0.248509686
13.1535,-4.466952054,-0.211233233
13.154,-4.466952054,-0.179548248
13.1545,-4.466952054,-0.152616011
13.155,-4.466952054,-0.12972361
13.1555,-4.466952054,-0.110265068
13.156,-4.466952054,-0.093725308
13.1565,-4.466952054,-0.079666512
13.157,-4.466952054,-0.067716535
13.1575,-4.466952054,-0.057559055
13.158,-4.463884093,4.553017167
13.1585,-4.463884093,3.870064592
13.159,-4.463884093,3.289554903
13.1595,-4.460816131,7.398064031
13.16,-4.460816131,6.288354427
13.1605,-4.460816131,5.345101263
13.161,-4.45774817,9.145278437
13.1615,-4.454680208,12.37542904
13.162,-4.454680208,10.51911468
13.1625,-4.451612246,13.54318984
13.163,-4.448544285,16.11365373
13.1635,-4.445476323,18.29854803
13.164,-4.442408362,20.15570819
13.1645,-4.4393404,21.73429433
13.165,-4.4393404,18.47415018
13.1655,-4.436272439,20.30497001
13.166,-4.433204477,21.86116688
13.1665,-4.430136515,23.18393421
13.167,-4.427068554,24.30828644
13.1675,-4.424000592,25.26398584
13.168,-4.417864669,30.67827269
13.1685,-4.414796708,30.67847415
13.169,-4.408660784,35.28058775
13.1695,-4.405592823,34.59044196
13.17,-4.405592823,29.40187566
13.1705,-4.3994569,34.19547904
13.171,-4.396388938,33.66809955
13.1715,-4.390253015,37.82176934
13.172,-4.387185053,36.75044631
13.1725,-4.38104913,40.44176409
13.173,-4.374913207,43.5793842
13.1735,-4.368777284,46.2463613
13.174,-4.365709322,43.91134947
13.1745,-4.359573399,46.52853177
13.175,-4.359573399,39.54925201
13.1755,-4.353437476,42.82074893
13.176,-4.347301553,45.60152132
13.1765,-4.34116563,47.96517785
13.177,-4.335029707,49.9742859
13.1775,-4.328893783,51.68202774
13.178,-4.32275786,53.13360831
13.1785,-4.316621937,54.36745179
13.179,-4.310486014,55.41621875
13.1795,-4.301282129,60.90961303
13.18,-4.301282129,51.77317107
13.1805,-4.295146206,53.21108014
13.181,-4.289010283,54.43330285
13.1815,-4.28287436,55.47219215
13.182,-4.276738437,56.35524805
13.1825,-4.267534552,61.70778793
13.183,-4.261398629,61.65550447
13.1835,-4.255262706,61.61106353
13.184,-4.246058821,66.17523109
13.1845,-4.239922898,65.45283115
13.185,-4.230719013,69.44073357
13.1855,-4.22458309,68.22850826
13.186,-4.215379205,71.80005911
13.1865,-4.215379205,61.03005025
13.187,-4.209243282,61.07942744
13.1875,-4.200039397,65.72334041
13.188,-4.193903474,65.06872408
13.1885,-4.184699589,69.11424256
13.189,-4.178563666,67.9509909
13.1895,-4.169359781,71.56416936
13.19,-4.160155897,74.63537104
13.1905,-4.154019974,72.64395012
13.191,-4.154019974,61.7473576
13.1915,-4.144816089,66.29108105
13.192,-4.138680166,65.55130362
13.1925,-4.129476281,69.52443517
13.193,-4.123340358,68.29965462
13.1935,-4.114136473,71.86053352
13.194,-4.104932588,74.88728058
13.1945,-4.098796665,72.85807322
13.195,-4.089592781,75.73518933
13.1955,-4.080388896,78.18073802
13.196,-4.080388896,66.45362732
13.1965,-4.071185011,70.29141031
13.197,-4.065049088,68.95158349
13.1975,-4.055845203,72.41467306
13.198,-4.046641318,75.35829919
13.1985,-4.037437434,77.8603814
13.199,-4.028233549,79.98715128
13.1995,-4.019029664,81.79490568
13.2,-4.00982578,83.33149692
13.2005,-4.000621895,84.63759947
13.201,-4.000621895,71.94195955
13.2015,-3.99141801,74.95649271
13.202,-3.979146164,82.12078826
13.2025,-3.969942279,83.60849711
13.203,-3.960738394,84.87304964
13.2035,-3.95153451,85.94791928
13.204,-3.942330625,86.86155848
13.2045,-3.930058779,92.24009416
13.205,-3.920854894,92.20990713
13.2055,-3.911651009,92.18424815
13.206,-3.911651009,78.35661093
13.2065,-3.902447124,80.40894638
13.207,-3.890175278,86.75537388
13.2075,-3.880971393,87.54789489
13.208,-3.868699547,92.82348011
13.2085,-3.859495662,92.70578518
13.209,-3.847223816,97.20768686
13.2095,-3.83495197,101.0343033
13.21,-3.825748085,99.68498488
13.2105,-3.813476239,103.1400066
13.211,-3.813476239,87.66900562
13.2115,-3.801204392,92.92642423
13.212,-3.788932546,97.39523005
13.2125,-3.7766607,101.193715
13.213,-3.764388853,104.4224272
13.2135,-3.752117007,107.1668326
13.214,-3.739845161,109.4995771
13.2145,-3.727573315,111.48241
13.215,-3.715301468,113.167818
13.2155,-3.703029622,114.6004147
13.216,-3.703029622,97.41035253
13.2165,-3.687689814,105.8085115
13.217,-3.675417968,108.3450042
13.2175,-3.663146121,110.501023
13.218,-3.647806314,116.9355814
13.2185,-3.635534467,117.8030136
13.219,-3.620194659,123.1422734
13.2195,-3.604854852,127.6806442
13.22,-3.592583005,126.936317
13.2205,-3.577243197,130.9055813
13.221,-3.561903389,134.2794559
13.2215,-3.546563582,137.1472494
13.222,-3.531223774,139.5848738
13.2225,-3.518951927,137.0549122
13.223,-3.518951927,116.4966753
13.2235,-3.50361212,122.0318859
13.224,-3.488272312,126.7368148
13.2245,-3.472932504,130.7360044
13.225,-3.460660657,129.5333732
13.2255,-3.44532085,133.113079
13.226,-3.429981042,136.155829
13.2265,-3.414641234,138.7421665
13.227,-3.399301426,140.9405533
13.2275,-3.383961618,142.8091821
13.228,-3.383961618,121.3878048
13.2285,-3.36862181,126.1893459
13.229,-3.353282002,130.2706558
13.2295,-3.341010156,129.1378269
13.23,-3.325670348,132.7768647
13.2305,-3.31033054,135.8700468
13.231,-3.298058694,133.8973092
13.2315,-3.282718886,136.8224247
13.232,-3.27044704,134.7068304
13.2325,-3.27044704,114.5008059
13.233,-3.255107232,120.3353968
13.2335,-3.242835386,120.6928567
13.234,-3.227495578,125.59864
13.2345,-3.215223731,125.1666135
13.235,-3.199883924,129.4013333
13.2355,-3.187612077,128.3989027
13.236,-3.175340231,127.5468368
13.2365,-3.163068385,126.8225807
13.237,-3.163068385,107.7991936
13.2375,-3.147728577,114.6390264
13.238,-3.13545673,115.8509419
13.2385,-3.123184884,116.8810701
13.239,-3.110913038,117.756679
13.2395,-3.098641192,118.5009466
13.24,-3.086369345,119.1335741
13.2405,-3.07716546,115.0693651
13.241,-3.064893614,116.2167297
13.2415,-3.052621768,117.1919897
13.242,-3.040349922,118.0209607
13.2425,-3.040349922,100.3178166
13.243,-3.028078075,103.6779136
13.2435,-3.015806229,106.533996
13.244,-3.003534383,108.9616661
13.2445,-2.991262536,111.0251856
13.245,-2.97899069,112.7791772
13.2455,-2.969786805,109.6681277
13.246,-2.957514959,111.625678
13.2465,-2.945243113,113.2895958
13.247,-2.932971266,114.7039259
13.2475,-2.932971266,97.49833698
13.248,-2.92069942,101.2813559
13.2485,-2.908427574,104.496922
13.249,-2.899223689,102.6282108
13.2495,-2.886951843,105.6417486
13.25,-2.874679996,108.2032558
13.2505,-2.86240815,110.3805369
13.251,-2.850136304,112.2312258
13.2515,-2.837864458,113.8043114
13.252,-2.828660573,110.5394918
13.2525,-2.828660573,93.95856799
13.253,-2.816388727,98.27255225
13.2535,-2.80411688,101.9394389
13.254,-2.791845034,105.0562925
13.2545,-2.779573188,107.7056181
13.255,-2.767301341,109.9575448
13.2555,-2.758097457,107.2697402
13.256,-2.758097457,91.17927916
13.2565,-2.74582561,95.91015674
13.257,-2.733553764,99.93140268
13.2575,-2.721281918,103.3494617
13.258,-2.709010071,106.2548119
13.2585,-2.699806187,104.1224172
13.259,-2.68753434,106.9118241
13.2595,-2.675262494,109.2828199
13.26,-2.662990648,111.2981664
13.2605,-2.650718801,113.0112109
13.261,-2.638446955,114.4672987
13.2615,-2.62924307,111.103031
13.262,-2.62924307,94.43757635
13.2625,-2.616971224,98.67970935
13.263,-2.604699378,102.2855224
13.2635,-2.592427532,105.3504635
13.264,-2.580155685,107.9556634
13.2645,-2.567883839,110.1700834
13.265,-2.558679954,107.450398
13.2655,-2.546408108,109.7406077
13.266,-2.534136262,111.687286
13.2665,-2.521864415,113.3419626
13.267,-2.521864415,96.34066818
13.2675,-2.509592569,100.2973374
13.268,-2.500388684,99.05856389
13.2685,-2.488116838,102.6075488
13.269,-2.475844992,105.6241859
13.2695,-2.463573145,108.1883275
13.27,-2.454369261,105.7659054
13.2705,-2.442097414,108.3087891
13.271,-2.429825568,110.4702402
13.2715,-2.420621683,107.7055312
13.272,-2.408349837,109.957471
13.2725,-2.396077991,111.8716198
13.273,-2.386874106,108.8967039
13.2735,-2.37460226,110.9699678
13.274,-2.365398375,108.1302997
13.2745,-2.353126529,110.3185242
13.275,-2.343922644,107.5765727
13.2755,-2.334718759,105.2459139
13.276,-2.322446913,107.8667962
13.2765,-2.313243028,105.4926039
13.277,-2.304039143,103.4745404
13.2775,-2.294835259,101.7591864
13.278,-2.294835259,86.49530847
13.2785,-2.285631374,87.32683929
13.279,-2.273359528,92.63558285
13.2795,-2.264155643,92.54607251
13.28,-2.254951758,92.46998873
13.2805,-2.245747873,92.40531751
13.281,-2.236543989,92.35034697
13.2815,-2.227340104,92.30362202
13.282,-2.218136219,92.26390581
13.2825,-2.218136219,78.42431994
13.283,-2.208932335,80.46649904
13.2835,-2.19972845,82.20235127
13.284,-2.193592527,79.07588331
13.2845,-2.184388642,81.0203279
13.285,-2.175184757,82.67310581
13.2855,-2.169048834,79.47602466
13.286,-2.159844949,81.36044806
13.2865,-2.150641065,82.96220794
13.287,-2.144505141,79.72176147
13.2875,-2.135301257,81.56932434
13.288,-2.129165334,78.53781042
13.2885,-2.119961449,80.56296595
13.289,-2.113825526,77.68240578
13.2895,-2.107689603,75.23392964
13.29,-2.098485718,77.75466729
13.2905,-2.092349795,75.29535192
13.291,-2.086213872,73.20493386
13.2915,-2.080077948,71.42807851
13.292,-2.070874064,74.51969382
13.2925,-2.06473814,72.54562448
13.293,-2.058602217,70.86766553
13.2935,-2.052466294,69.44140043
13.294,-2.046330371,68.22907509
13.2945,-2.040194448,67.19859856
13.295,-2.034058525,66.3226935
13.2955,-2.027922602,65.5781742
13.296,-2.021786678,64.9453328
13.2965,-2.015650755,64.40741761
13.297,-2.009514832,63.95018969
13.2975,-2.006446871,58.9596036
13.298,-2.000310947,59.31954779
13.2985,-1.994175024,59.62550035
13.299,-1.991107063,55.28361766
13.2995,-1.98497114,56.19495974
13.3,-1.981903178,52.36765814
13.3005,-1.975767255,53.71639415
13.301,-1.972699293,50.26087739
13.3015,-1.96656337,51.92563051
13.302,-1.963495408,48.7387283
13.3025,-1.957359485,50.63180378
13.303,-1.954291524,47.63897558
13.3035,-1.951223562,45.0950716
13.304,-1.945087639,47.53469559
13.3045,-1.942019677,45.00643361
13.305,-1.938951716,42.85741094
13.3055,-1.935883754,41.03074166
13.306,-1.932815793,39.47807277
13.3065,-1.929747831,38.15830422
13.307,-1.92667987,37.03650095
13.3075,-1.923611908,36.08296817
13.308,-1.920543946,35.27246531
13.3085,-1.917475985,34.58353788
13.309,-1.914408023,33.99794956
13.3095,-1.911340062,33.50019949
13.31,-1.911340062,28.47516957
13.3105,-1.9082721,28.80583649
13.311,-1.905204139,29.08690338
13.3115,-1.902136177,29.32581024
13.312,-1.902136177,24.9269387
13.3125,-1.899068215,25.78984026
13.313,-1.899068215,21.92136422
13.3135,-1.896000254,23.23510195
13.314,-1.892932292,24.35177902
13.3145,-1.892932292,20.69901217
13.315,-1.892932292,17.59416034
13.3155,-1.889864331,19.55697866
13.316,-1.889864331,16.62343186
13.3165,-1.889864331,14.12991708
13.317,-1.886796369,16.61237188
13.3175,-1.886796369,14.1205161
13.318,-1.886796369,12.00243868
13.3185,-1.886796369,10.20207288
13.319,-1.886796369,8.671761949
13.3195,-1.886796369,7.370997657
13.32,-1.886796369,6.265348008
13.3205,-1.886796369,5.325545807
13.321,-1.883728408,9.1286563
13.3215,-1.883728408,7.759357855
13.322,-1.883728408,6.595454177
13.3225,-1.883728408,5.60613605
13.323,-1.883728408,4.765215643
13.3235,-1.883728408,4.050433296
13.324,-1.886796369,-1.159074062
13.3245,-1.886796369,-0.985212953
13.325,-1.886796369,-0.83743101
13.3255,-1.886796369,-0.711816358
13.326,-1.886796369,-0.605043905
13.3265,-1.889864331,-5.116229683
13.327,-1.889864331,-4.34879523
13.3275,-1.889864331,-3.696475946
13.328,-1.892932292,-7.743946917
13.3285,-1.892932292,-6.58235488
13.329,-1.892932292,-5.595001648
13.3295,-1.896000254,-9.357693764
13.33,-1.899068215,-12.55598206
13.3305,-1.899068215,-10.67258475
13.331,-1.902136177,-13.6736394
13.3315,-1.905204139,-16.22453586
13.332,-1.905204139,-13.79085548
13.3325,-1.9082721,-16.32416952
13.333,-1.911340062,-18.47748646
13.3335,-1.914408023,-20.30780585
13.334,-1.917475985,-21.86357734
13.3345,-1.920543946,-23.1859831
13.335,-1.923611908,-24.310028
13.3355,-1.92667987,-25.26546616
13.336,-1.929747831,-26.0775886
13.3365,-1.932815793,-26.76789268
13.337,-1.938951716,-31.9565935
13.3375,-1.942019677,-31.76504684
13.338,-1.948155601,-36.20417454
13.3385,-1.951223562,-35.37549072
13.339,-1.954291524,-34.67110948
13.3395,-1.960427447,-38.67432778
13.34,-1.963495408,-37.47512098
13.3405,-1.969631332,-41.05773756
13.341,-1.972699293,-39.50101929
13.3415,-1.978835216,-42.77975112
13.342,-1.98497114,-45.56667318
13.3425,-1.988039101,-43.33361457
13.343,-1.994175024,-46.03745711
13.3435,-2.000310947,-48.33572327
13.344,-2.006446871,-50.28924951
13.3445,-2.012582794,-51.94974681
13.345,-2.018718717,-53.36116952
13.3455,-2.02485464,-54.56087882
13.346,-2.027922602,-50.97868936
13.3465,-2.034058525,-52.53577068
13.347,-2.043262409,-58.46123217
13.3475,-2.049398333,-58.89593207
13.348,-2.055534256,-59.26542699
13.3485,-2.061670179,-59.57949767
13.349,-2.067806102,-59.84645774
13.3495,-2.073942025,-60.07337381
13.35,-2.08314591,-64.86819483
13.3505,-2.089281833,-64.34185033
13.351,-2.095417756,-63.89445751
13.3515,-2.104621641,-68.11611597
13.352,-2.110757564,-67.10258331
13.3525,-2.119961449,-70.8430229
13.353,-2.126097372,-69.42045419
13.3535,-2.135301257,-72.81321315
13.354,-2.14143718,-71.09511591
13.3545,-2.150641065,-74.23667561
13.355,-2.159844949,-76.90700136
13.3555,-2.165980872,-74.57483589
13.356,-2.175184757,-77.19443759
13.3565,-2.184388642,-79.42109905
13.357,-2.193592527,-81.31376128
13.3575,-2.19972845,-78.32058182
13.358,-2.208932335,-80.37832163
13.3585,-2.218136219,-82.12740048
13.359,-2.227340104,-83.6141175
13.3595,-2.236543989,-84.87782696
13.36,-2.245747873,-85.95198001
13.3605,-2.254951758,-86.8650101
13.361,-2.264155643,-87.64108568
13.3615,-2.273359528,-88.30074992
13.362,-2.282563412,-88.86146452
13.3625,-2.294835259,-93.9400143
13.363,-2.304039143,-93.65483924
13.3635,-2.313243028,-93.41244045
13.364,-2.322446913,-93.20640147
13.3645,-2.331650798,-93.03126834
13.365,-2.340854682,-92.88240518
13.3655,-2.340854682,-78.9500444
13.366,-2.353126529,-85.5153072
13.3665,-2.362330413,-86.49383821
13.367,-2.371534298,-87.32558957
13.3675,-2.383806144,-92.63452059
13.368,-2.393010029,-92.54516959
13.3685,-2.405281875,-97.07116361
13.369,-2.41448576,-96.31631616
13.3695,-2.426757606,-100.2766382
13.37,-2.426757606,-85.23514246
13.3705,-2.439029453,-90.85764055
13.371,-2.448233337,-91.03482155
13.3715,-2.460505184,-95.78736778
13.372,-2.47277703,-99.82703206
13.3725,-2.485048876,-103.2607467
13.373,-2.494252761,-101.5774618
13.3735,-2.506524607,-104.748612
13.374,-2.518796454,-107.4440896
13.3745,-2.528000338,-105.1333033
13.375,-2.528000338,-89.36330779
13.3755,-2.540272185,-94.36658108
13.376,-2.552544031,-98.61936337
13.3765,-2.564815877,-102.2342283
13.377,-2.564815877,-86.89909407
13.3775,-2.577087724,-92.27199941
13.378,-2.58935957,-96.83896896
13.3785,-2.601631416,-100.7208931
13.379,-2.613903263,-104.0205286
13.3795,-2.626175109,-106.8252187
13.38,-2.638446955,-109.2092054
13.3805,-2.650718801,-111.235594
13.381,-2.666058609,-117.5599667
13.3815,-2.678330456,-118.3337412
13.382,-2.690602302,-118.9914495
13.3825,-2.702874148,-119.5505015
13.383,-2.715145995,-120.0256957
13.3835,-2.727417841,-120.4296108
13.384,-2.727417841,-102.3651692
13.3845,-2.739689687,-105.4181633
13.385,-2.755029495,-112.6151506
13.3855,-2.767301341,-114.1306475
13.386,-2.779573188,-115.4188198
13.3865,-2.791845034,-116.5137663
13.387,-2.80411688,-117.4444708
13.3875,-2.816388727,-118.2355696
13.388,-2.828660573,-118.9080036
13.3885,-2.844000381,-124.0815149
13.389,-2.844000381,-105.4692877
13.3895,-2.856272227,-108.056664
13.39,-2.868544073,-110.2559338
13.3905,-2.88081592,-112.1253132
13.391,-2.893087766,-113.7142857
13.3915,-2.905359612,-115.0649123
13.392,-2.917631459,-116.2129449
13.3925,-2.929903305,-117.1887726
13.393,-2.942175151,-118.0182262
13.3935,-2.954446997,-118.7232617
13.394,-2.954446997,-100.9147725
13.3945,-2.966718844,-104.185326
13.395,-2.975922728,-102.3633542
13.3955,-2.988194575,-105.4166205
13.396,-3.000466421,-108.0118969
13.3965,-3.012738267,-110.2178818
13.397,-3.025010114,-112.092969
13.3975,-3.03728196,-113.6867931
13.398,-3.049553806,-115.0415436
13.3985,-3.049553806,-97.78531206
13.399,-3.061825653,-101.5252847
13.3995,-3.074097499,-104.7042615
13.4,-3.086369345,-107.4063917
13.4005,-3.098641192,-109.7032024
13.401,-3.110913038,-111.6554915
13.4015,-3.123184884,-113.3149372
13.402,-3.13545673,-114.7254661
13.4025,-3.147728577,-115.9244156
13.403,-3.160000423,-116.9435227
13.4035,-3.160000423,-99.40199433
13.404,-3.172272269,-102.8994646
13.4045,-3.184544116,-105.8723144
13.405,-3.193748,-103.7972943
13.4055,-3.209087808,-111.237412
13.406,-3.221359655,-112.9595697
13.4065,-3.233631501,-114.4234037
13.407,-3.245903347,-115.6676626
13.4075,-3.258175193,-116.7252826
13.408,-3.27044704,-117.6242597
13.4085,-3.27044704,-99.98062074
13.409,-3.282718886,-103.3912971
13.4095,-3.294990732,-106.290372
13.41,-3.307262579,-108.7545856
13.4105,-3.319534425,-110.8491672
13.411,-3.331806271,-112.6295616
13.4115,-3.344078118,-114.1428968
13.412,-3.359417925,-120.0311741
13.4125,-3.371689772,-120.4342675
13.413,-3.383961618,-120.7768968
13.4135,-3.383961618,-102.6603623
13.414,-3.396233464,-105.6690774
13.4145,-3.411573272,-112.8284276
13.415,-3.423845119,-114.3119329
13.4155,-3.436116965,-115.5729124
13.416,-3.451456773,-121.2466874
13.4165,-3.466796581,-126.0693961
13.417,-3.479068427,-125.5667561
13.4175,-3.494408235,-129.7414545
13.418,-3.506680081,-128.6880058
13.4185,-3.522019889,-132.3945168
13.419,-3.537359697,-135.5450511
13.4195,-3.552699505,-138.2230052
13.42,-3.568039313,-140.4992663
13.4205,-3.580311159,-137.8321458
13.421,-3.595650967,-140.1670357
13.4215,-3.595650967,-119.1419804
13.422,-3.610990775,-124.2803951
13.4225,-3.626330583,-128.6480477
13.423,-3.64167039,-132.3605523
13.4235,-3.657010198,-135.5161813
13.424,-3.672350006,-138.1984659
13.4245,-3.687689814,-140.4784079
13.425,-3.703029622,-142.4163585
13.4255,-3.721437391,-148.6655589
13.426,-3.721437391,-126.3657251
13.4265,-3.736777199,-130.4205781
13.427,-3.752117007,-133.8672032
13.4275,-3.767456815,-136.7968346
13.428,-3.782796623,-139.2870212
13.4285,-3.782796623,-118.393968
13.429,-3.798136431,-123.6445846
13.4295,-3.813476239,-128.1076088
13.43,-3.828816047,-131.9011793
13.4305,-3.844155854,-135.1257142
13.431,-3.859495662,-137.8665689
13.4315,-3.871767509,-135.594353
13.432,-3.887107317,-138.2649119
13.4325,-3.899379163,-135.9329445
13.433,-3.911651009,-133.9507723
13.4335,-3.926990817,-136.8678683
13.434,-3.939262663,-134.7454575
13.4345,-3.95153451,-132.9414083
13.435,-3.963806356,-131.4079665
13.4355,-3.973010241,-125.5025986
13.436,-3.985282087,-125.0849783
13.4365,-3.997553933,-124.730001
13.437,-4.00982578,-124.4282703
13.4375,-4.022097626,-124.1717992
13.438,-4.031301511,-119.3518564
13.4385,-4.043573357,-119.8568474
13.439,-4.043573357,-101.8783203
13.4395,-4.055845203,-105.0043417
13.44,-4.065049088,-103.0595175
13.4405,-4.077320934,-106.0083594
13.441,-4.086524819,-103.9129326
13.4415,-4.098796665,-106.7337621
13.442,-4.10800055,-104.5295249
13.4425,-4.117204435,-102.6559233
13.443,-4.126408319,-101.0633619
13.4435,-4.126408319,-85.90385758
13.444,-4.138680166,-91.4260484
13.4445,-4.14788405,-91.51796823
13.445,-4.157087935,-91.59610009
13.4455,-4.16629182,-91.66251216
13.446,-4.178563666,-96.32090479
13.4465,-4.187767551,-95.67859617
13.447,-4.196971436,-95.13263383
13.4475,-4.20617532,-94.66856585
13.448,-4.215379205,-94.27410806
13.4485,-4.227651051,-98.54076131
13.449,-4.233786975,-92.96353184
13.4495,-4.242990859,-92.82482915
13.45,-4.242990859,-78.90110478
13.4505,-4.252194744,-80.87176615
13.451,-4.261398629,-82.54682832
13.4515,-4.270602513,-83.97063116
13.452,-4.279806398,-85.18086358
13.4525,-4.289010283,-86.20956113
13.453,-4.298214168,-87.08395406
13.4535,-4.307418052,-87.82718804
13.454,-4.313553976,-83.85699456
13.4545,-4.32275786,-85.08427247
13.455,-4.32275786,-72.3216316
13.4555,-4.331961745,-75.27921395
13.456,-4.34116563,-77.79315895
13.4565,-4.347301553,-75.32806983
13.457,-4.356505438,-77.83468645
13.4575,-4.365709322,-79.96531057
13.458,-4.374913207,-81.77634108
13.4585,-4.38104913,-78.71377464
13.459,-4.390253015,-80.71253554
13.4595,-4.390253015,-68.60565521
13.46,-4.3994569,-72.12063402
13.4605,-4.408660784,-75.10836601
13.461,-4.414796708,-73.04599583
13.4615,-4.424000592,-75.89492355
13.462,-4.430136515,-73.71456974
13.4625,-4.4393404,-76.46321137
13.463,-4.445476323,-74.19761439
13.4635,-4.451612246,-72.27185696
13.464,-4.460816131,-75.23690551
13.4645,-4.460816131,-63.95136968
13.465,-4.466952054,-63.56254896
13.4655,-4.473087977,-63.23205134
13.466,-4.479223901,-62.95112837
13.4665,-4.485359824,-62.71234384
13.467,-4.491495747,-62.50937699
13.4675,-4.49763167,-62.33685517
13.468,-4.503767593,-62.19021162
13.4685,-4.509903516,-62.06556461
13.469,-4.51603944,-61.95961464
13.4695,-4.51603944,-52.66567245
13.47,-4.522175363,-53.96970631
13.4705,-4.525243324,-50.47619272
13.471,-4.531379247,-52.10864854
13.4715,-4.537515171,-53.49623599
13.472,-4.540583132,-50.07374295
13.4725,-4.543651094,-47.16462387
13.473,-4.549787017,-49.29381502
13.4735,-4.552854978,-46.50168513
13.474,-4.552854978,-39.52643236
13.4745,-4.55592294,-38.19940987
13.475,-4.562058863,-41.67338312
13.4755,-4.565126825,-40.02431801
13.476,-4.568194786,-38.62261268
13.4765,-4.571262748,-37.43116314
13.477,-4.574330709,-36.41843103
13.4775,-4.577398671,-35.55760874
13.478,-4.580466633,-34.82590979
13.4785,-4.583534594,-34.20396569
13.479,-4.583534594,-29.07337083
13.4795,-4.586602556,-29.31430757
13.48,-4.586602556,-24.91716144
13.4805,-4.589670517,-25.78152958
13.481,-4.592738479,-26.51624251
13.4815,-4.592738479,-22.53880613
13.482,-4.595806441,-23.75992758
13.4825,-4.595806441,-20.19593844
13.483,-4.598874402,-21.76849004
13.4835,-4.598874402,-18.50321653
13.484,-4.598874402,-15.72773405
13.4845,-4.598874402,-13.36857394
13.485,-4.601942364,-15.96523022
13.4855,-4.601942364,-13.57044568
13.486,-4.601942364,-11.53487883
13.4865,-4.601942364,-9.804647007
13.487,-4.601942364,-8.333949956
13.4875,-4.601942364,-7.083857463
13.488,-4.601942364,-6.021278843
13.4885,-4.601942364,-5.118087017
13.489,-4.601942364,-4.350373964
13.4895,-4.601942364,-3.69781787
13.49,-4.601942364,-3.143145189
13.4905,-4.601942364,-2.671673411
13.491,-4.601942364,-2.270922399
13.4915,-4.601942364,-1.930284039
13.492,-4.601942364,-1.640741433
13.4925,-4.601942364,-1.394630218
13.493,-4.601942364,-1.185435686
13.4935,-4.601942364,-1.007620333
13.494,-4.601942364,-0.856477283
13.4945,-4.601942364,-0.72800569
13.495,-4.601942364,-0.618804837
13.4955,-4.601942364,-0.525984111
13.496,-4.598874402,4.154855869
13.4965,-4.598874402,3.531627489
13.497,-4.598874402,3.001883365
13.4975,-4.595806441,7.153543224
13.498,-4.592738479,10.6824541
13.4985,-4.592738479,9.080085989
13.499,-4.592738479,7.71807309
13.4995,-4.589670517,11.16230449
13.5,-4.586602556,14.08990118
13.5005,-4.586602556,11.976416
13.501,-4.583534594,14.78189597
13.5015,-4.580466633,17.16655394
13.502,-4.577398671,19.19351321
13.5025,-4.574330709,20.91642859
13.503,-4.571262748,22.38090667
13.5035,-4.568194786,23.62571303
13.504,-4.568194786,20.08185608
13.5045,-4.562058863,26.27346239
13.505,-4.558990902,26.9343854
13.5055,-4.55592294,27.49616995
13.506,-4.549787017,32.57562919
13.5065,-4.546719055,32.29122717
13.507,-4.540583132,36.65142782
13.5075,-4.534447209,40.35759838
13.508,-4.531379247,38.90590098
13.5085,-4.531379247,33.07001584
13.509,-4.525243324,37.31339819
13.5095,-4.519107401,40.92027319
13.51,-4.512971478,43.98611694
13.5105,-4.506835555,46.59208412
13.511,-4.503767593,44.20521387
13.5115,-4.494563709,51.38025888
13.512,-4.488427785,52.87710477
13.5125,-4.482291862,54.14942379
13.513,-4.476155939,55.23089495
13.5135,-4.476155939,46.9462607
13.514,-4.470020016,49.10820633
13.5145,-4.463884093,50.9458601
13.515,-4.454680208,57.10980818
13.5155,-4.448544285,57.74722168
13.516,-4.4393404,62.89096552
13.5165,-4.433204477,62.66120542
13.517,-4.424000592,67.0678517
13.5175,-4.414796708,70.81350103
13.518,-4.405592823,73.99730297
13.5185,-4.405592823,62.89770752
13.519,-4.3994569,62.66693612
13.5195,-4.3994569,53.2668957
13.52,-4.390253015,59.08268844
13.5205,-4.38104913,64.02611226
13.521,-4.371845245,68.22802252
13.5215,-4.362641361,71.79964623
13.522,-4.353437476,74.83552639
13.5225,-4.344233591,77.41602452
13.523,-4.335029707,79.60944793
13.5235,-4.325825822,81.47385783
13.524,-4.316621937,83.05860625
13.5245,-4.307418052,84.4056424
13.525,-4.298214168,85.55062313
13.5255,-4.289010283,86.52385675
13.526,-4.279806398,87.35110533
13.5265,-4.270602513,88.05426662
13.527,-4.258330667,93.25389608
13.5275,-4.249126782,93.07163876
13.528,-4.239922898,92.91672004
13.5285,-4.230719013,92.78503912
13.529,-4.218447167,97.27505271
13.5295,-4.209243282,96.48962189
13.53,-4.200039397,95.8220057
13.5305,-4.187767551,99.8564743
13.531,-4.178563666,98.68383025
13.5315,-4.16629182,102.2890252
13.532,-4.157087935,100.7514985
13.5325,-4.14788405,99.4446008
13.533,-4.135612204,102.9356801
13.5335,-4.126408319,101.3011552
13.534,-4.114136473,104.5137514
13.5345,-4.101864627,107.2444581
13.535,-4.092660742,104.9636165
13.5355,-4.080388896,107.6268435
13.536,-4.071185011,105.288644
13.5365,-4.058913165,107.9031169
13.537,-4.046641318,110.1254188
13.5375,-4.034369472,112.0143754
13.538,-4.025165587,109.0180462
13.5385,-4.012893741,111.0731087
13.539,-4.000621895,112.8199119
13.5395,-3.988350049,114.3046946
13.54,-3.976078202,115.5667598
13.5405,-3.963806356,116.6395153
13.541,-3.95153451,117.5513575
13.5415,-3.939262663,118.3264233
13.542,-3.926990817,118.9852293
13.5425,-3.911651009,124.1471567
13.543,-3.899379163,123.9328526
13.5435,-3.887107317,123.7506942
13.544,-3.87483547,123.5958595
13.5445,-3.859495662,128.0661924
13.545,-3.844155854,131.8659754
13.5455,-3.831884008,130.4938485
13.546,-3.8165442,133.9294831
13.5465,-3.801204392,136.8497724
13.547,-3.785864585,139.3320184
13.5475,-3.770524777,141.4419274
13.548,-3.755184969,143.2353501
13.5485,-3.739845161,144.7597594
13.549,-3.724505353,146.0555073
13.5495,-3.706097584,151.7588354
13.55,-3.690757776,152.0047219
13.5505,-3.675417968,152.2137255
13.551,-3.657010198,156.9933208
13.5515,-3.64167039,156.4540345
13.552,-3.623262621,160.5975835
13.5525,-3.607922813,159.5176578
13.553,-3.589515044,163.2016633
13.5535,-3.571107274,166.333068
13.554,-3.555767466,164.3928196
13.5545,-3.537359697,167.3455509
13.555,-3.518951927,169.8553724
13.5555,-3.50361212,167.3867784
13.556,-3.48520435,169.8904158
13.5565,-3.466796581,172.0185076
13.557,-3.451456773,169.2254433
13.5575,-3.433049003,171.453281
13.558,-3.414641234,173.346943
13.5585,-3.396233464,174.9565557
13.559,-3.377825695,176.3247266
13.5595,-3.362485887,172.8857294
13.56,-3.344078118,174.5645242
13.5605,-3.32873831,171.3895574
13.561,-3.31033054,173.2927779
13.5615,-3.294990732,170.3085731
13.562,-3.279650924,167.7719989
13.5625,-3.261243155,170.2178533
13.563,-3.245903347,167.6948871
13.5635,-3.230563539,165.5503658
13.564,-3.215223731,163.7275228
13.5645,-3.196815962,166.7800486
13.565,-3.184544116,160.1708107
13.5655,-3.169204308,159.1549009
13.566,-3.1538645,158.2913776
13.5665,-3.138524692,157.5573828
13.567,-3.123184884,156.9334872
13.5675,-3.110913038,151.8012336
13.568,-3.09557323,152.0407603
13.5685,-3.080233422,152.2443581
13.569,-3.067961576,147.8154739
13.5695,-3.052621768,148.6528646
13.57,-3.040349922,144.7627044
13.5705,-3.028078075,141.4560682
13.571,-3.012738267,143.2473698
13.5715,-3.000466421,140.1680337
13.572,-2.988194575,137.5505981
13.5725,-2.975922728,135.3257779
13.573,-2.960582921,138.036623
13.5735,-2.948311074,135.738899
13.574,-2.936039228,133.7858336
13.5745,-2.923767382,132.125728
13.575,-2.911495535,130.7146383
13.5755,-2.899223689,129.515212
13.576,-2.886951843,128.4956996
13.5765,-2.874679996,127.6291142
13.577,-2.86240815,126.8925165
13.5775,-2.853204265,121.6644661
13.578,-2.840932419,121.8225656
13.5785,-2.828660573,121.9569503
13.579,-2.816388727,122.0711772
13.5795,-2.80411688,122.16827
13.58,-2.794912996,117.6488566
13.5805,-2.782641149,118.4092976
13.581,-2.770369303,119.0556724
13.5815,-2.758097457,119.605091
13.582,-2.748893572,115.4701544
13.5825,-2.736621726,116.5574007
13.583,-2.724349879,117.4815601
13.5835,-2.715145995,113.6651532
13.584,-2.702874148,115.0231496
13.5845,-2.690602302,116.1774466
13.585,-2.681398417,112.5566567
13.5855,-2.669126571,114.0809277
13.586,-2.659922686,110.7746156
13.5865,-2.64765084,112.5661927
13.587,-2.635378994,114.0890333
13.5875,-2.626175109,110.7815054
13.588,-2.613903263,112.572049
13.5885,-2.604699378,109.4920688
13.589,-2.592427532,111.4760279
13.5895,-2.583223647,108.5604508
13.59,-2.574019762,106.0822103
13.5905,-2.561747916,108.5776482
13.591,-2.552544031,106.0968281
13.5915,-2.543340146,103.9881309
13.592,-2.5310683,106.7976808
13.5925,-2.521864415,104.5838557
13.593,-2.512660531,102.7021045
13.5935,-2.503456646,101.1026159
13.594,-2.494252761,99.74305059
13.5945,-2.485048876,98.58742009
13.595,-2.475844992,97.60513417
13.5955,-2.466641107,96.77019114
13.596,-2.457437222,96.06048956
13.5965,-2.448233337,95.45724321
13.597,-2.439029453,94.94448382
13.5975,-2.429825568,94.50863834
13.598,-2.420621683,94.13816968
13.5985,-2.411417799,93.82327132
13.599,-2.402213914,93.55560771
13.5995,-2.396077991,88.72615128
13.6,-2.386874106,89.22305568
13.6005,-2.377670221,89.64542442
13.601,-2.371534298,85.40249548
13.6015,-2.362330413,86.39794825
13.602,-2.35619449,82.64214074
13.6025,-2.346990605,84.05164672
13.603,-2.340854682,80.64778444
13.6035,-2.334718759,77.7545015
13.604,-2.328582836,75.295211
13.6045,-2.319378951,77.80675644
13.605,-2.31631099,70.73768534
13.6055,-2.310175067,69.33091727
13.606,-2.304039143,68.1351644
13.6065,-2.29790322,67.11877447
13.607,-2.291767297,66.25484303
13.6075,-2.285631374,65.5205013
13.608,-2.282563412,60.29436847
13.6085,-2.276427489,60.45409793
13.609,-2.273359528,55.9879256
13.6095,-2.267223604,56.79362149
13.61,-2.264155643,52.87652063
13.6105,-2.261087681,49.5469849
13.611,-2.254951758,51.31882189
13.6115,-2.251883797,48.22294097
13.612,-2.248815835,45.59144219
13.6125,-2.245747873,43.35466822
13.613,-2.242679912,41.45341035
13.6135,-2.23961195,39.83734116
13.614,-2.236543989,38.46368235
13.6145,-2.233476027,37.29607236
13.615,-2.230408066,36.30360387
13.6155,-2.227340104,35.46000566
13.616,-2.227340104,30.14100481
13.6165,-2.224272142,30.22179645
13.617,-2.221204181,30.29046935
13.6175,-2.221204181,25.74689894
13.618,-2.218136219,26.48680647
13.6185,-2.218136219,22.5137855
13.619,-2.215068258,23.73866004
13.6195,-2.215068258,20.17786103
13.62,-2.215068258,17.15118188
13.6205,-2.212000296,19.18044696
13.621,-2.212000296,16.30337991
13.6215,-2.212000296,13.85787293
13.622,-2.212000296,11.77919199
13.6225,-2.212000296,10.01231319
13.623,-2.212000296,8.510466211
13.6235,-2.212000296,7.23389628
13.624,-2.212000296,6.148811838
13.6245,-2.212000296,5.226490062
13.625,-2.212000296,4.442516553
13.6255,-2.212000296,3.77613907
13.626,-2.215068258,-1.392224154
13.6265,-2.215068258,-1.183390531
13.627,-2.215068258,-1.005881951
13.6275,-2.218136219,-5.456942022
13.628,-2.218136219,-4.638400719
13.6285,-2.221204181,-8.544582975
13.629,-2.221204181,-7.262895529
13.6295,-2.224272142,-10.77540356
13.63,-2.227340104,-13.76103539
13.6305,-2.230408066,-16.29882245
13.631,-2.230408066,-13.85399908
13.6315,-2.233476027,-16.37784158
13.632,-2.236543989,-18.52310771
13.6325,-2.23961195,-20.34658392
13.633,-2.242679912,-21.89653869
13.6335,-2.245747873,-23.21400025
13.634,-2.251883797,-28.93578494
13.6345,-2.254951758,-29.19735956
13.635,-2.25801972,-29.41969799
13.6355,-2.264155643,-34.21062802
13.636,-2.267223604,-33.68097618
13.6365,-2.273359528,-37.83271448
13.637,-2.276427489,-36.75974967
13.6375,-2.282563412,-40.44967195
13.638,-2.285631374,-38.98416352
13.6385,-2.291767297,-42.34042372
13.639,-2.29790322,-45.19324489
13.6395,-2.304039143,-47.61814288
13.64,-2.310175067,-49.67930618
13.6405,-2.31631099,-51.43129498
13.641,-2.322446913,-52.92048546
13.6415,-2.328582836,-54.18629737
13.642,-2.334718759,-55.26223749
13.6425,-2.340854682,-56.17678659
13.643,-2.346990605,-56.95415333
13.6435,-2.353126529,-57.61491506
13.644,-2.362330413,-62.77850489
13.6445,-2.368466336,-62.56561389
13.645,-2.377670221,-66.98659889
13.6455,-2.383806144,-66.14249379
13.646,-2.393010029,-70.02694681
13.6465,-2.402213914,-73.32873188
13.647,-2.408349837,-71.53330682
13.6475,-2.417553722,-74.60913789
13.648,-2.426757606,-77.2235943
13.6485,-2.435961491,-79.44588225
13.649,-2.445165376,-81.334827
13.6495,-2.454369261,-82.94043004
13.65,-2.466641107,-88.90713499
13.6505,-2.475844992,-89.37689183
13.651,-2.485048876,-89.77618515
13.6515,-2.497320723,-94.71752683
13.652,-2.506524607,-94.3157249
13.6525,-2.515728492,-93.97419325
13.653,-2.528000338,-98.28583372
13.6535,-2.540272185,-101.9507281
13.654,-2.552544031,-105.0658884
13.6545,-2.561747916,-103.1118322
13.655,-2.574019762,-106.0528268
13.6555,-2.586291608,-108.5526722
13.656,-2.598563455,-110.6775409
13.6565,-2.610835301,-112.4836792
13.657,-2.623107147,-114.0188968
13.6575,-2.638446955,-119.9257741
13.658,-2.650718801,-120.3446774
13.6585,-2.662990648,-120.7007453
13.659,-2.678330456,-125.6053453
13.6595,-2.690602302,-125.1723129
13.66,-2.70594211,-129.4061778
13.6605,-2.718213956,-128.4030206
13.661,-2.733553764,-132.1522793
13.6615,-2.748893572,-135.3391493
13.662,-2.761165418,-133.4460463
13.6625,-2.776505226,-136.4388512
13.663,-2.791845034,-138.9827353
13.6635,-2.807184842,-141.1450368
13.664,-2.82252465,-142.9829931
13.6645,-2.837864458,-144.545256
13.665,-2.853204265,-145.8731794
13.6655,-2.868544073,-147.0019143
13.666,-2.883883881,-147.961339
13.6665,-2.899223689,-148.77685
13.667,-2.917631459,-154.0719766
13.6675,-2.932971266,-153.970892
13.668,-2.948311074,-153.88497
13.6685,-2.963650882,-153.8119363
13.669,-2.97899069,-153.7498577
13.6695,-2.994330498,-153.6970908
13.67,-3.009670306,-153.652239
13.6705,-3.028078075,-158.2160574
13.671,-3.043417883,-157.4933606
13.6715,-3.058757691,-156.8790683
13.672,-3.074097499,-156.3569199
13.6725,-3.092505268,-160.5150361
13.673,-3.107845076,-159.4474925
13.6735,-3.123184884,-158.5400804
13.674,-3.138524692,-157.7687802
13.6745,-3.156932461,-161.7151173
13.675,-3.172272269,-160.4675616
13.6755,-3.187612077,-159.4071391
13.676,-3.206019847,-163.1077225
13.6765,-3.221359655,-161.6512759
13.677,-3.236699462,-160.4132963
13.6775,-3.255107232,-163.9629561
13.678,-3.27044704,-162.3782245
13.6785,-3.285786848,-161.0312026
13.679,-3.285786848,-136.8765222
13.6795,-3.304194617,-143.9566981
13.68,-3.319534425,-145.3729052
13.6805,-3.334874233,-146.5766812
13.681,-3.350214041,-147.5998909
13.6815,-3.36862181,-153.0715614
13.682,-3.383961618,-153.120539
13.6825,-3.399301426,-153.16217
13.683,-3.417709195,-157.7994987
13.6835,-3.433049003,-157.1392857
13.684,-3.451456773,-161.180047
13.6845,-3.466796581,-160.0127518
13.685,-3.48520435,-163.6224932
13.6855,-3.500544158,-162.088831
13.686,-3.518951927,-165.3871606
13.6865,-3.534291735,-163.5887983
13.687,-3.552699505,-166.6621327
13.6875,-3.571107274,-169.274467
13.688,-3.589515044,-171.4949511
13.6885,-3.607922813,-173.3823626
13.689,-3.629398544,-179.5886048
13.6895,-3.647806314,-180.2619683
13.69,-3.666214083,-180.8343272
13.6905,-3.687689814,-185.9227747
13.691,-3.706097584,-185.6460126
13.6915,-3.727573315,-190.0127073
13.692,-3.749049046,-193.7243977
13.6925,-3.767456815,-192.2773923
13.693,-3.788932546,-195.64938
13.6935,-3.810408277,-198.5155695
13.694,-3.83495197,-205.553773
13.6945,-3.856427701,-206.9343036
13.695,-3.877903432,-208.1077546
13.6955,-3.899379163,-209.105188
13.696,-3.920854894,-209.9530063
13.6965,-3.945398586,-215.2755943
13.697,-3.966874317,-215.1978517
13.6975,-3.988350049,-215.1317705
13.698,-4.012893741,-219.6775438
13.6985,-4.034369472,-218.9395088
13.699,-4.055845203,-218.312179
13.6995,-4.077320934,-217.7789487
13.7,-4.098796665,-217.3257029
13.7005,-4.120272396,-216.940444
13.701,-4.138680166,-212.0110316
13.7015,-4.160155897,-212.4229734
13.702,-4.178563666,-208.1711816
13.7025,-4.196971436,-204.5571585
13.703,-4.218447167,-206.0871813
13.7035,-4.236854936,-202.7857583
13.704,-4.255262706,-199.9795487
13.7045,-4.270602513,-192.9923282
13.705,-4.289010283,-191.6551332
13.7055,-4.304350091,-185.916575
13.706,-4.32275786,-185.640743
13.7065,-4.338097668,-180.8043433
13.707,-4.353437476,-176.6934036
13.7075,-4.368777284,-173.1991049
13.708,-4.387185053,-174.8308934
13.7085,-4.402524861,-171.6159712
13.709,-4.417864669,-168.8832873
13.7095,-4.433204477,-166.560506
13.71,-4.448544285,-164.586142
13.7105,-4.463884093,-162.9079325
13.711,-4.476155939,-156.8795121
13.7115,-4.491495747,-156.3572971
13.712,-4.506835555,-155.9134143
13.7125,-4.525243324,-160.1380564
13.713,-4.540583132,-159.1270597
13.7135,-4.55592294,-158.2677126
13.714,-4.574330709,-162.1392099
13.7145,-4.589670517,-160.8280402
13.715,-4.605010325,-159.713546
13.7155,-4.623418095,-163.3681683
13.716,-4.638757903,-161.8726549
13.7165,-4.65409771,-160.6014684
13.717,-4.67250548,-164.1229024
13.7175,-4.687845288,-162.5141788
13.718,-4.703185096,-161.1467638
13.7185,-4.718524904,-159.9844611
13.719,-4.733864711,-158.9965037
13.7195,-4.746136558,-153.5547976
13.72,-4.761476366,-153.5312898
13.7205,-4.776816173,-153.5113081
13.721,-4.78908802,-148.8923814
13.7215,-4.804427828,-149.568236
13.722,-4.816699674,-145.54077
13.7225,-4.82897152,-142.117424
13.723,-4.841243367,-139.2075798
13.7235,-4.856583174,-141.3361547
13.724,-4.868855021,-138.5435009
13.7245,-4.878058905,-131.5678029
13.725,-4.890330752,-130.2404019
13.7255,-4.902602598,-129.1121111
13.726,-4.911806483,-123.5511215
13.7265,-4.924078329,-123.4262227
13.727,-4.933282214,-118.7181164
13.7275,-4.94555406,-119.3181684
13.728,-4.954757945,-115.2262702
13.7285,-4.967029791,-116.3500992
13.729,-4.976233676,-112.7034114
13.7295,-4.988505522,-114.2056691
13.73,-4.997709407,-110.8806458
13.7305,-5.006913292,-108.0543761
13.731,-5.019185138,-110.2539891
13.7315,-5.028389023,-107.5217178
13.732,-5.037592907,-105.1992872
13.7325,-5.046796792,-103.2252213
13.733,-5.056000677,-101.5472652
13.7335,-5.065204562,-100.1210025
13.734,-5.074408446,-98.90867919
13.7345,-5.083612331,-97.8782044
13.735,-5.092816216,-97.00230083
13.7355,-5.102020101,-96.2577828
13.736,-5.111223985,-95.62494247
13.7365,-5.117359908,-90.48508583
13.737,-5.126563793,-90.71815004
13.7375,-5.135767678,-90.91625463
13.738,-5.141903601,-86.48270116
13.7385,-5.151107486,-87.31612308
13.739,-5.157243409,-83.42258934
13.7395,-5.166447294,-84.71502803
13.74,-5.172583217,-81.21165856
13.7405,-5.181787101,-82.83573686
13.741,-5.187923025,-79.61426106
13.7415,-5.194058948,-76.87600663
13.742,-5.200194871,-74.54849036
13.7425,-5.206330794,-72.57010154
13.743,-5.212466717,-70.88847103
13.7435,-5.21860264,-69.4590851
13.744,-5.224738564,-68.24410707
13.7445,-5.230874487,-67.21137573
13.745,-5.23701041,-66.3335541
13.7455,-5.243146333,-65.58740571
13.746,-5.246214295,-60.35123722
13.7465,-5.252350218,-60.50243636
13.747,-5.255418179,-56.02901327
13.7475,-5.261554102,-56.82854601
13.748,-5.264622064,-52.90620647
13.7485,-5.267690026,-49.57221786
13.749,-5.270757987,-46.73832755
13.7495,-5.273825949,-44.32952078
13.75,-5.27689391,-42.28203503
13.7505,-5.279961872,-40.54167214
13.751,-5.283029833,-39.06236368
13.7515,-5.283029833,-33.20300913
13.752,-5.286097795,-32.82450012
13.7525,-5.289165757,-32.50276747
13.753,-5.289165757,-27.62735235
13.7535,-5.292233718,-28.08519186
13.754,-5.292233718,-23.87241308
13.7545,-5.292233718,-20.29155112
13.755,-5.292233718,-17.24781845
13.7555,-5.292233718,-14.66064568
13.756,-5.29530168,-17.06349119
13.7565,-5.29530168,-14.50396751
13.757,-5.29530168,-12.32837239
13.7575,-5.29530168,-10.47911653
13.758,-5.29530168,-8.90724905
13.7585,-5.29530168,-7.571161693
13.759,-5.29530168,-6.435487439
13.7595,-5.292233718,-0.868221959
13.76,-5.292233718,-0.737988665
13.7605,-5.292233718,-0.627290366
13.761,-5.289165757,4.068745553
13.7615,-5.289165757,3.45843372
13.762,-5.286097795,7.541611026
13.7625,-5.286097795,6.410369372
13.763,-5.283029833,10.05075633
13.7635,-5.279961872,13.14508524
13.764,-5.27689391,15.77526482
13.7645,-5.273825949,18.01091746
13.765,-5.273825949,15.30927984
13.7655,-5.270757987,17.61483023
13.766,-5.267690026,19.57454806
13.7665,-5.261554102,25.84225058
13.767,-5.258486141,26.56785535
13.7675,-5.255418179,27.18461941
13.768,-5.249282256,32.31081123
13.7685,-5.246214295,32.06613191
13.769,-5.240078371,36.46009685
13.7695,-5.233942448,40.19496705
13.77,-5.227806525,43.36960672
13.7705,-5.221670602,46.06805044
13.771,-5.215534679,48.3617276
13.7715,-5.209398756,50.31135319
13.772,-5.203262833,51.96853494
13.7725,-5.197126909,53.37713942
13.773,-5.187923025,59.1763956
13.7735,-5.181787101,59.50382099
13.774,-5.172583217,64.38407493
13.7745,-5.163379332,68.53229078
13.775,-5.157243409,67.45633189
13.7755,-5.148039524,71.1437092
13.776,-5.138835639,74.27797991
13.7765,-5.129631755,76.94211001
13.777,-5.12042787,79.2066206
13.7775,-5.111223985,81.1314546
13.778,-5.102020101,82.7675635
13.7785,-5.092816216,84.15825607
13.779,-5.083612331,85.34034475
13.7795,-5.071340485,90.94706249
13.78,-5.0621366,91.11083021
13.7805,-5.052932715,91.25003277
13.781,-5.040660869,95.97029731
13.7815,-5.031456984,95.3805798
13.782,-5.019185138,99.48126229
13.7825,-5.009981253,98.36490004
13.783,-4.997709407,102.0179345
13.7835,-4.985437561,105.1230138
13.784,-4.973165714,107.7623312
13.7845,-4.960893868,110.0057509
13.785,-4.948622022,111.9126578
13.7855,-4.936350175,113.5335285
13.786,-4.924078329,114.9112687
13.7865,-4.911806483,116.0823479
13.787,-4.899534637,117.0777651
13.7875,-4.88726279,117.9238698
13.788,-4.871922982,123.2450012
13.7885,-4.859651136,123.1660204
13.789,-4.84737929,123.0988868
13.7895,-4.832039482,127.6437656
13.79,-4.819767636,126.9049702
13.7905,-4.804427828,130.8789365
13.791,-4.792155981,129.6548655
13.7915,-4.776816173,133.2163475
13.792,-4.761476366,136.2436072
13.7925,-4.746136558,138.8167779
13.793,-4.73079675,141.0039731
13.7935,-4.715456942,142.8630889
13.794,-4.700117134,144.4433374
13.7945,-4.684777326,145.7865486
13.795,-4.669437518,146.9282781
13.7955,-4.65409771,147.8987482
13.796,-4.638757903,148.7236478
13.7965,-4.620350133,154.0267548
13.797,-4.601942364,158.5343958
13.7975,-4.586602556,157.7639482
13.798,-4.568194786,161.7110102
13.7985,-4.552854978,160.4640705
13.799,-4.534447209,164.0061141
13.7995,-4.51603944,167.0168512
13.8,-4.500699632,164.9740353
13.8005,-4.482291862,167.8395842
13.801,-4.466952054,165.6733584
13.8015,-4.448544285,168.4340088
13.802,-4.433204477,166.1786193
13.8025,-4.414796708,168.8634806
13.803,-4.396388938,171.1456127
13.8035,-4.38104913,168.4834826
13.804,-4.362641361,170.8226144
13.8045,-4.347301553,168.208934
13.805,-4.328893783,170.5892481
13.8055,-4.313553976,168.0105727
13.806,-4.295146206,170.420641
13.8065,-4.279806398,167.8672567
13.807,-4.26446659,165.69688
13.8075,-4.246058821,168.4540022
13.808,-4.230719013,166.1956137
13.8085,-4.212311244,168.8779258
13.809,-4.196971436,166.5559487
13.8095,-4.181631628,164.5822683
13.81,-4.163223858,167.5065822
13.8105,-4.14788405,165.3903067
13.811,-4.129476281,168.1934149
13.8115,-4.114136473,165.9741145
13.812,-4.095728704,168.6896515
13.8125,-4.080388896,166.3959156
13.813,-4.061981126,169.0481824
13.8135,-4.046641318,166.7006669
13.814,-4.028233549,169.307221
13.8145,-4.00982578,171.522792
13.815,-3.99141801,173.4060274
13.8155,-3.973010241,175.0067775
13.816,-3.954602471,176.3674151
13.8165,-3.936194702,177.523957
13.817,-3.917786932,178.5070176
13.8175,-3.896311201,183.9445615
13.818,-3.877903432,183.9645315
13.8185,-3.856427701,188.5834483
13.819,-3.838019931,187.9075852
13.8195,-3.8165442,191.935044
13.82,-3.795068469,195.3583839
13.8205,-3.773592738,198.2682229
13.821,-3.752117007,200.741586
13.8215,-3.727573315,207.445887
13.822,-3.706097584,208.5426005
13.8225,-3.684621853,209.474807
13.823,-3.663146121,210.2671825
13.8235,-3.638602429,215.542644
13.824,-3.617126698,215.424844
13.8245,-3.592583005,219.9266563
13.825,-3.571107274,219.1512544
13.8255,-3.549631543,218.4921628
13.826,-3.525087851,222.5338773
13.8265,-3.50361212,221.3673922
13.827,-3.479068427,224.9778223
13.8275,-3.457592696,223.4447455
13.828,-3.433049003,226.7435726
13.8285,-3.411573272,224.9456332
13.829,-3.390097541,223.4173848
13.8295,-3.36862181,222.1183736
13.83,-3.344078118,225.6161565
13.8305,-3.322602387,223.9873296
13.831,-3.304194617,218.0008843
13.8315,-3.282718886,217.5143482
13.832,-3.261243155,217.1007925
13.8325,-3.242835386,212.1473278
13.833,-3.221359655,212.5388252
13.8335,-3.199883924,212.871598
13.834,-3.181476154,208.5525125
13.8345,-3.163068385,204.8812898
13.835,-3.144660615,201.7607505
13.8355,-3.126252846,199.1082921
13.836,-3.107845076,196.8537025
13.8365,-3.089437307,194.9373013
13.837,-3.074097499,188.7064179
13.8375,-3.055689729,188.0121094
13.838,-3.040349922,182.8200048
13.8385,-3.021942152,183.0086583
13.839,-3.006602344,178.5670713
13.8395,-2.988194575,179.3936648
13.84,-2.972854767,175.4943269
13.8405,-2.957514959,172.1798897
13.841,-2.93910719,173.9645604
13.8415,-2.923767382,170.8795882
13.842,-2.908427574,168.2573618
13.8425,-2.893087766,166.0284693
13.843,-2.877747958,164.1339107
13.8435,-2.86240815,162.523536
13.844,-2.847068342,161.1547174
13.8445,-2.831728534,159.9912216
13.845,-2.813320765,163.6041925
13.8455,-2.797980957,162.0732755
13.846,-2.782641149,160.771996
13.8465,-2.767301341,159.6659084
13.847,-2.751961533,158.725734
13.8475,-2.739689687,153.3246433
13.848,-2.724349879,153.3356586
13.8485,-2.709010071,153.3450217
13.849,-2.693670264,153.3529802
13.8495,-2.678330456,153.359745
13.85,-2.662990648,153.3654951
13.8505,-2.64765084,153.3703826
13.851,-2.635378994,148.7725947
13.8515,-2.620039186,149.4664173
13.852,-2.604699378,150.0561665
13.8525,-2.592427532,145.955511
13.853,-2.577087724,147.0718962
13.8535,-2.564815877,143.4188812
13.854,-2.552544031,140.3138185
13.8545,-2.540272185,137.6745152
13.855,-2.528000338,135.4311073
13.8555,-2.512660531,138.1261531
13.856,-2.500388684,135.8149996
13.8565,-2.4911848,129.2485767
13.857,-2.478912953,128.2690597
13.8575,-2.466641107,127.4364702
13.858,-2.454369261,126.7287691
13.8585,-2.445165376,121.5252808
13.859,-2.43289353,121.7042582
13.8595,-2.423689645,117.2544465
13.86,-2.41448576,113.4721066
13.8605,-2.402213914,114.8590601
13.861,-2.393010029,111.4360282
13.8615,-2.383806144,108.526451
13.862,-2.37460226,106.0533105
13.8625,-2.365398375,103.951141
13.863,-2.359262452,97.56235457
13.8635,-2.350058567,96.73382848
13.864,-2.343922644,91.42763893
13.8645,-2.334718759,91.51932018
13.865,-2.328582836,86.99530688
13.8655,-2.322446913,83.14989558
13.866,-2.31631099,79.88129597
13.8665,-2.310175067,77.1029863
13.867,-2.304039143,74.74142308
13.8675,-2.29790322,72.73409435
13.868,-2.291767297,71.02786492
13.8685,-2.285631374,69.57756991
13.869,-2.282563412,63.74287679
13.8695,-2.276427489,63.38533
13.87,-2.273359528,58.47947286
13.8705,-2.270291566,54.3094943
13.871,-2.264155643,55.36695488
13.8715,-2.261087681,51.66385401
13.872,-2.25801972,48.51621827
13.8725,-2.254951758,45.8407279
13.873,-2.251883797,43.56656107
13.8735,-2.251883797,37.03157691
13.874,-2.248815835,36.07878274
13.8745,-2.245747873,35.26890769
13.875,-2.245747873,29.97857154
13.8755,-2.242679912,30.08372817
13.876,-2.242679912,25.57116895
13.8765,-2.23961195,26.33743597
13.877,-2.23961195,22.38682057
13.8775,-2.23961195,19.02879749
13.878,-2.236543989,20.77642023
13.8785,-2.236543989,17.65995719
13.879,-2.236543989,15.01096361
13.8795,-2.236543989,12.75931907
13.88,-2.236543989,10.84542121
13.8805,-2.236543989,9.21860803
13.881,-2.236543989,7.835816825
13.8815,-2.236543989,6.660444301
13.882,-2.236543989,5.661377656
13.8825,-2.23961195,0.210228644
13.883,-2.23961195,0.178694347
13.8835,-2.23961195,0.151890195
13.884,-2.242679912,-4.472835698
13.8845,-2.242679912,-3.801910343
13.885,-2.245747873,-7.833566155
13.8855,-2.245747873,-6.658531232
13.886,-2.248815835,-10.26169391
13.8865,-2.251883797,-13.32438219
13.887,-2.254951758,-15.92766722
13.8875,-2.25801972,-18.1404595
13.888,-2.261087681,-20.02133294
13.8885,-2.264155643,-21.62007536
13.889,-2.267223604,-22.97900642
13.8895,-2.270291566,-24.13409782
13.89,-2.276427489,-29.71786788
13.8905,-2.279495451,-29.86213006
13.891,-2.285631374,-34.58669528
13.8915,-2.288699336,-34.00063335
13.892,-2.294835259,-38.10442307
13.8925,-2.29790322,-36.99070198
13.893,-2.304039143,-40.64598141
13.8935,-2.310175067,-43.75296892
13.894,-2.31631099,-46.39390831
13.8945,-2.322446913,-48.63870679
13.895,-2.328582836,-50.5467855
13.8955,-2.334718759,-52.1686524
13.896,-2.343922644,-58.14918163
13.8965,-2.350058567,-58.63068912
13.897,-2.359262452,-63.64191284
13.8975,-2.365398375,-63.29951064
13.898,-2.37460226,-67.61041114
13.8985,-2.380738183,-66.67273419
13.899,-2.389942068,-70.47765115
13.8995,-2.399145952,-73.71183057
13.9,-2.408349837,-76.46088308
13.9005,-2.417553722,-78.79757771
13.901,-2.426757606,-80.78376814
13.9015,-2.435961491,-82.47203001
13.902,-2.448233337,-88.50899496
13.9025,-2.457437222,-89.03847281
13.903,-2.469709068,-94.09047134
13.9035,-2.478912953,-93.78272773
13.904,-2.4911848,-98.12308803
13.9045,-2.503456646,-101.8123943
13.905,-2.512660531,-100.3463622
13.9055,-2.524932377,-103.7021773
13.906,-2.537204223,-106.5546202
13.9065,-2.549476069,-108.9791966
13.907,-2.561747916,-111.0400866
13.9075,-2.574019762,-112.7918431
13.908,-2.58935957,-118.8827784
13.9085,-2.601631416,-119.4581311
13.909,-2.613903263,-119.9471809
13.9095,-2.62924307,-124.9648156
13.91,-2.641514917,-124.6278627
13.9105,-2.656854725,-128.9433951
13.911,-2.669126571,-128.0096553
13.9115,-2.684466379,-131.8179188
13.912,-2.699806187,-135.0549428
13.9125,-2.715145995,-137.8064132
13.913,-2.730485802,-140.145163
13.9135,-2.74582561,-142.1331004
13.914,-2.761165418,-143.8228472
13.9145,-2.776505226,-145.2591319
13.915,-2.791845034,-146.4799739
13.9155,-2.807184842,-147.5176897
13.916,-2.825592611,-153.0016904
13.9165,-2.840932419,-153.0611487
13.917,-2.856272227,-153.1116882
13.9175,-2.874679996,-157.7565891
13.918,-2.890019804,-157.1028126
13.9185,-2.905359612,-156.5471025
13.919,-2.923767382,-160.6766913
13.9195,-2.93910719,-159.5848994
13.92,-2.954446997,-158.6568763
13.9205,-2.969786805,-157.8680567
13.921,-2.985126613,-157.19756
13.9215,-3.003534383,-161.2295802
13.922,-3.018874191,-160.054855
13.9225,-3.034213998,-159.0563386
13.923,-3.052621768,-162.809542
13.9235,-3.067961576,-161.3978225
13.924,-3.083301384,-160.1978609
13.9245,-3.098641192,-159.1778936
13.925,-3.117048961,-162.9128637
13.9255,-3.132388769,-161.485646
13.926,-3.147728577,-160.2725109
13.9265,-3.163068385,-159.2413461
13.927,-3.178408192,-158.364856
13.9275,-3.196815962,-162.2217818
13.928,-3.21215577,-160.8982263
13.9285,-3.227495578,-159.7732042
13.929,-3.242835386,-158.8169354
13.9295,-3.261243155,-162.6060493
13.93,-3.276582963,-161.2248537
13.9305,-3.291922771,-160.0508375
13.931,-3.307262579,-159.0529237
13.9315,-3.322602387,-158.2046969
13.932,-3.337942194,-157.4837042
13.9325,-3.356349964,-161.4728028
13.933,-3.371689772,-160.2615942
13.9335,-3.38702958,-159.2320669
13.934,-3.402369388,-158.3569686
13.9345,-3.417709195,-157.6131352
13.935,-3.436116965,-161.5828191
13.9355,-3.451456773,-160.355108
13.936,-3.466796581,-159.3115536
13.9365,-3.48520435,-163.0264748
13.937,-3.500544158,-161.5822154
13.9375,-3.515883966,-160.3545949
13.938,-3.531223774,-159.3111175
13.9385,-3.549631543,-163.026104
13.939,-3.564971351,-161.5819002
13.9395,-3.583379121,-164.9562694
13.94,-3.598718928,-163.2225408
13.9405,-3.617126698,-166.3508139
13.941,-3.632466506,-164.4079036
13.9415,-3.650874275,-167.3583722
13.942,-3.669282045,-169.8662706
13.9425,-3.687689814,-171.9979842
13.943,-3.703029622,-169.2079984
13.9435,-3.721437391,-171.4384528
13.944,-3.739845161,-173.3343391
13.9445,-3.75825293,-174.9458424
13.945,-3.7766607,-176.3156202
13.9455,-3.795068469,-177.4799314
13.946,-3.8165442,-183.0715382
13.9465,-3.83495197,-183.2224617
13.947,-3.856427701,-187.952689
13.9475,-3.87483547,-187.3714398
13.948,-3.896311201,-191.4793204
13.9485,-3.914718971,-190.3690765
13.949,-3.936194702,-194.0273116
13.9495,-3.954602471,-192.534869
13.95,-3.976078202,-195.8682352
13.9505,-3.997553933,-198.7015965
13.951,-4.019029664,-201.1099535
13.9515,-4.040505395,-203.1570571
13.952,-4.058913165,-200.2951527
13.9525,-4.080388896,-202.4644763
13.953,-4.101864627,-204.3084014
13.9535,-4.120272396,-201.2737954
13.954,-4.138680166,-198.6943803
13.9545,-4.157087935,-196.5018774
13.955,-4.175495705,-194.63825
13.9555,-4.193903474,-193.0541667
13.956,-4.212311244,-191.7076958
13.9565,-4.227651051,-185.9612533
13.957,-4.246058821,-185.6787195
13.9575,-4.261398629,-180.8366234
13.958,-4.276738437,-176.7208417
13.9585,-4.292078245,-173.2224273
13.959,-4.307418052,-170.248775
13.9595,-4.319689899,-163.1192282
13.96,-4.335029707,-161.6610558
13.9605,-4.350369514,-160.4216092
13.961,-4.362641361,-154.7661373
13.9615,-4.374913207,-149.9589862
13.962,-4.390253015,-150.4748501
13.9625,-4.402524861,-146.311392
13.963,-4.417864669,-147.374395
13.9635,-4.430136515,-143.6760052
13.964,-4.442408362,-140.5323739
13.9645,-4.45774817,-142.4622296
13.965,-4.470020016,-139.5006646
13.9655,-4.485359824,-141.5852768
13.966,-4.49763167,-138.7552547
13.9665,-4.509903516,-136.349736
13.967,-4.525243324,-138.9069874
13.9675,-4.537515171,-136.4787087
13.968,-4.552854978,-139.0166142
13.9685,-4.565126825,-136.5718916
13.969,-4.580466633,-139.0958196
13.9695,-4.592738479,-136.6392161
13.97,-4.608078287,-139.1530455
13.9705,-4.620350133,-136.6878582
13.971,-4.632621979,-134.5924489
13.9715,-4.647961787,-137.4132934
13.972,-4.660233634,-135.2090688
13.9725,-4.675573441,-137.9374203
13.973,-4.687845288,-135.6545767
13.9735,-4.700117134,-133.7141597
13.974,-4.71238898,-132.0648052
13.9745,-4.724660827,-130.6628539
13.975,-4.736932673,-129.4711952
13.9755,-4.746136558,-123.856343
13.976,-4.758408404,-123.685661
13.9765,-4.77068025,-123.5405813
13.977,-4.782952097,-123.4172636
13.9775,-4.792155981,-118.7105011
13.978,-4.804427828,-119.3116954
13.9785,-4.813631712,-115.2207682
13.979,-4.822835597,-111.7434801
13.9795,-4.835107443,-113.3897275
13.98,-4.844311328,-110.1870955
13.9805,-4.853515213,-107.4648582
13.981,-4.862719098,-105.1509566
13.9815,-4.871922982,-103.1841402
13.982,-4.881126867,-101.5123463
13.9825,-4.890330752,-100.0913214
13.983,-4.896466675,-94.28150793
13.9835,-4.90567056,-93.94510883
13.984,-4.914874444,-93.6591696
13.9845,-4.921010368,-88.81417888
13.985,-4.930214252,-89.29787914
13.9855,-4.936350175,-85.107082
13.986,-4.94555406,-86.14684679
13.9865,-4.951689983,-82.4287045
13.987,-4.957825906,-79.26828355
13.9875,-4.967029791,-81.18386811
13.988,-4.973165714,-78.21017262
13.9885,-4.979301637,-75.68253145
13.989,-4.988505522,-78.13597883
13.9895,-4.994641445,-75.61946673
13.99,-5.000777369,-73.48043145
13.9905,-5.006913292,-71.66225146
13.991,-5.013049215,-70.11679847
13.9915,-5.019185138,-68.80316342
13.992,-5.025321061,-67.68657364
13.9925,-5.028389023,-62.13552996
13.993,-5.034524946,-62.01908519
13.9935,-5.040660869,-61.92010714
13.994,-5.046796792,-61.8359758
13.9945,-5.052932715,-61.76446415
13.995,-5.056000677,-57.10173689
13.9955,-5.059068638,-53.13841872
13.996,-5.065204562,-54.37154064
13.9965,-5.068272523,-50.81775191
13.997,-5.074408446,-52.39897385
13.9975,-5.077476408,-49.14107014
13.998,-5.080544369,-46.37185198
13.9985,-5.083612331,-44.01801655
13.999,-5.086680293,-42.01725643
13.9995,-5.089748254,-40.31661033
14,-5.092816216,-38.87106114
14.0005,-5.095884177,-37.64234433
14.001,-5.098952139,-36.59793505
14.0015,-5.102020101,-35.71018715
14.002,-5.102020101,-30.35365908
14.0025,-5.105088062,-30.40255258
14.003,-5.105088062,-25.8421697
14.0035,-5.108156024,-26.5677866
14.004,-5.108156024,-22.58261861
14.0045,-5.108156024,-19.19522582
14.005,-5.111223985,-20.91788431
14.0055,-5.111223985,-17.78020167
14.006,-5.111223985,-15.11317142
14.0065,-5.111223985,-12.8461957
14.007,-5.111223985,-10.91926635
14.0075,-5.111223985,-9.281376396
14.008,-5.111223985,-7.889169936
14.0085,-5.111223985,-6.705794446
14.009,-5.111223985,-5.699925279
14.0095,-5.111223985,-4.844936487
14.01,-5.111223985,-4.118196014
14.0105,-5.108156024,1.101475752
14.011,-5.108156024,0.936254389
14.0115,-5.108156024,0.795816231
14.012,-5.105088062,5.27838616
14.0125,-5.105088062,4.486628236
14.013,-5.102020101,8.415576364
14.0135,-5.098952139,11.75518227
14.014,-5.098952139,9.991904932
14.0145,-5.095884177,13.09506156
14.015,-5.092816216,15.73274469
14.0155,-5.089748254,17.97477535
14.016,-5.089748254,15.27855904
14.0165,-5.086680293,17.58871755
14.017,-5.083612331,19.55235228
14.0175,-5.080544369,21.2214418
14.018,-5.077476408,22.6401679
14.0185,-5.071340485,28.44802744
14.019,-5.068272523,28.78276569
14.0195,-5.065204562,29.0672932
14.02,-5.0621366,29.30914158
14.0205,-5.056000677,34.11665507
14.021,-5.052932715,33.60109917
14.0215,-5.046796792,37.76481903
14.022,-5.043728831,36.70203854
14.0225,-5.037592907,40.40061748
14.023,-5.034524946,38.94246722
14.0235,-5.028389023,42.30498187
14.024,-5.0222531,45.16311931
14.0245,-5.016117176,47.59253614
14.025,-5.009981253,49.65754045
14.0255,-5.00384533,51.41279411
14.026,-4.997709407,52.90475972
14.0265,-4.991573484,54.17293049
14.027,-4.982369599,59.85281801
14.0275,-4.976233676,60.07878003
14.028,-4.970097753,60.27084776
14.0285,-4.960893868,65.03604768
14.029,-4.954757945,64.48452526
14.0295,-4.94555406,68.61767356
14.03,-4.939418137,67.52890725
14.0305,-4.930214252,71.20539826
14.031,-4.924078329,69.72847325
14.0315,-4.914874444,73.07502935
14.032,-4.90567056,75.91960204
14.0325,-4.899534637,73.73554646
14.033,-4.890330752,76.48104158
14.0335,-4.881126867,78.81471244
14.034,-4.871922982,80.79833266
14.0345,-4.862719098,82.48440985
14.035,-4.856583174,79.3156331
14.0355,-4.84737929,81.22411523
14.036,-4.838175405,82.84632503
14.0365,-4.82897152,84.22520337
14.037,-4.819767636,85.39724996
14.0375,-4.810563751,86.39348955
14.038,-4.801359866,87.24029321
14.0385,-4.792155981,87.96007632
14.039,-4.782952097,88.57189196
14.0395,-4.77068025,93.69387762
14.04,-4.761476366,93.44562307
14.0405,-4.752272481,93.2346067
14.041,-4.743068596,93.05524279
14.0415,-4.733864711,92.90278346
14.042,-4.724660827,92.77319303
14.0425,-4.715456942,92.66304117
14.043,-4.706253057,92.56941208
14.0435,-4.693981211,97.09176973
14.044,-4.684777326,96.33383136
14.0445,-4.67250548,100.2915261
14.045,-4.663301595,99.05362428
14.0455,-4.651029749,102.6033501
14.046,-4.638757903,105.620617
14.0465,-4.629554018,103.5833516
14.047,-4.617282172,106.4536183
14.0475,-4.605010325,108.893345
14.048,-4.592738479,110.9671127
14.0485,-4.580466633,112.7298153
14.049,-4.568194786,114.2281124
14.0495,-4.552854978,120.1036074
14.05,-4.540583132,120.4958357
14.0505,-4.528311286,120.8292298
14.051,-4.51603944,121.1126148
14.0515,-4.503767593,121.353492
14.052,-4.488427785,126.16018
14.0525,-4.476155939,125.6439225
14.053,-4.460816131,129.8070459
14.0535,-4.448544285,128.7437585
14.054,-4.433204477,132.4419065
14.0545,-4.420932631,130.98339
14.055,-4.405592823,134.3455933
14.0555,-4.390253015,137.2034662
14.056,-4.377981169,135.0307157
14.0565,-4.362641361,137.7858202
14.057,-4.347301553,140.1276589
14.0575,-4.331961745,142.1182219
14.058,-4.316621937,143.8102005
14.0585,-4.304350091,140.6464398
14.059,-4.289010283,142.5591857
14.0595,-4.273670475,144.1850196
14.06,-4.258330667,145.5669785
14.0605,-4.242990859,146.7416436
14.061,-4.227651051,147.7401088
14.0615,-4.212311244,148.5888043
14.062,-4.196971436,149.3101955
14.0625,-4.181631628,149.923378
14.063,-4.16629182,150.4445831
14.0635,-4.150952012,150.8876075
14.064,-4.135612204,151.2641782
14.0645,-4.120272396,151.5842633
14.065,-4.104932588,151.8563356
14.0655,-4.089592781,152.0875971
14.066,-4.074252973,152.2841693
14.0665,-4.058913165,152.4512557
14.067,-4.043573357,152.5932792
14.0675,-4.028233549,152.7139991
14.068,-4.00982578,157.4185535
14.0685,-3.994485972,156.8154823
14.069,-3.979146164,156.3028717
14.0695,-3.960738394,160.4690952
14.07,-3.945398586,159.4084427
14.0705,-3.926990817,163.1088305
14.071,-3.911651009,161.6522177
14.0715,-3.896311201,160.4140969
14.072,-3.877903432,163.9636365
14.0725,-3.859495662,166.9807452
14.073,-3.841087893,169.5452876
14.0735,-3.822680123,171.7251487
14.074,-3.804272354,173.5780306
14.0745,-3.785864585,175.1529801
14.075,-3.767456815,176.4916873
14.0755,-3.749049046,177.6295884
14.076,-3.730641276,178.5968043
14.0765,-3.709165545,184.0208802
14.077,-3.690757776,184.0294024
14.0775,-3.672350006,184.0366462
14.078,-3.653942237,184.0428034
14.0785,-3.632466506,188.6499795
14.079,-3.614058736,187.9641367
14.0795,-3.595650967,187.3811704
14.08,-3.574175236,191.4875914
14.0805,-3.555767466,190.3761069
14.081,-3.537359697,189.431345
14.0815,-3.515883966,193.2302398
14.082,-3.497476196,191.857358
14.0825,-3.479068427,190.6904085
14.083,-3.460660657,189.6985014
14.0835,-3.439184926,193.4573227
14.084,-3.420777157,192.0503785
14.0845,-3.402369388,190.8544759
14.085,-3.380893656,194.4399011
14.0855,-3.362485887,192.8855701
14.086,-3.344078118,191.5643888
14.0865,-3.325670348,190.4413846
14.087,-3.307262579,189.4868311
14.0875,-3.288854809,188.6754606
14.088,-3.27044704,187.9857957
14.0885,-3.25203927,187.3995805
14.089,-3.233631501,186.9012976
14.0895,-3.215223731,186.4777572
14.09,-3.196815962,186.1177478
14.0905,-3.178408192,185.8117398
14.091,-3.163068385,180.9496906
14.0915,-3.144660615,181.4188912
14.092,-3.129320807,177.2157694
14.0925,-3.113980999,173.6431158
14.093,-3.098641192,170.6063602
14.0935,-3.083301384,168.025118
14.094,-3.064893614,170.4330045
14.0945,-3.049553806,167.8777656
14.095,-3.034213998,165.7058126
14.0955,-3.018874191,163.8596525
14.096,-3.003534383,162.2904165
14.0965,-2.991262536,156.3546235
14.097,-2.975922728,155.9111418
14.0975,-2.960582921,155.5341823
14.098,-2.948311074,150.6118244
14.0985,-2.936039228,146.4278202
14.099,-2.923767382,142.8714166
14.0995,-2.908427574,144.450416
14.1,-2.896155728,141.190623
14.1005,-2.883883881,138.419799
14.101,-2.871612035,136.0645986
14.1015,-2.859340189,134.0626783
14.102,-2.847068342,132.361046
14.1025,-2.834796496,130.9146586
14.103,-2.825592611,125.0832869
14.1035,-2.813320765,124.7285633
14.104,-2.801048919,124.4270482
14.1045,-2.791845034,119.5688181
14.105,-2.779573188,120.0412648
14.1055,-2.767301341,120.4428446
14.106,-2.758097457,116.182245
14.1065,-2.748893572,112.5607353
14.107,-2.736621726,114.0843945
14.1075,-2.727417841,110.7775624
14.108,-2.718213956,107.9667551
14.1085,-2.709010071,105.5775689
14.109,-2.699806187,103.5467607
14.1095,-2.690602302,101.8205737
14.11,-2.681398417,100.3533147
14.1105,-2.672194532,99.10614461
14.111,-2.662990648,98.04605001
14.1115,-2.656854725,92.54302723
14.112,-2.64765084,92.46740024
14.1125,-2.638446955,92.40311729
14.113,-2.632311032,87.74653443
14.1135,-2.623107147,88.39038135
14.114,-2.616971224,84.33570888
14.1145,-2.610835301,80.88923727
14.115,-2.601631416,82.56167877
14.1155,-2.595495493,79.38131168
14.116,-2.592427532,72.0760573
14.1165,-2.586291608,70.46853343
14.117,-2.580155685,69.10213814
14.1175,-2.574019762,67.94070215
14.118,-2.567883839,66.95348155
14.1185,-2.564815877,61.51240168
14.119,-2.558679954,61.48942616
14.1195,-2.552544031,61.46989696
14.12,-2.549476069,56.85135478
14.1205,-2.546408108,52.92559393
14.121,-2.540272185,54.19063957
14.1215,-2.537204223,50.66398599
14.122,-2.534136262,47.66633046
14.1225,-2.5310683,45.11832325
14.123,-2.528000338,42.95251713
14.1235,-2.524932377,41.11158192
14.124,-2.521864415,39.546787
14.1245,-2.521864415,33.61476895
14.125,-2.518796454,33.17449597
14.1255,-2.515728492,32.80026394
14.126,-2.515728492,27.88022435
14.1265,-2.515728492,23.6981907
14.127,-2.512660531,24.74540445
14.1275,-2.512660531,21.03359379
14.128,-2.512660531,17.87855472
14.1285,-2.512660531,15.19677151
14.129,-2.512660531,12.91725578
14.1295,-2.512660531,10.97966742
14.13,-2.512660531,9.332717304
14.1305,-2.512660531,7.932809708
14.131,-2.512660531,6.742888252
14.1315,-2.512660531,5.731455014
14.132,-2.515728492,0.269794399
14.1325,-2.515728492,0.229325239
14.133,-2.515728492,0.194926453
14.1335,-2.518796454,-4.436254879
14.134,-2.518796454,-3.770816647
14.1345,-2.521864415,-7.807136513
14.135,-2.524932377,-11.2380084
14.1355,-2.528000338,-14.1542495
14.136,-2.5310683,-16.63305444
14.1365,-2.5310683,-14.13809628
14.137,-2.534136262,-16.6193242
14.1375,-2.540272185,-23.3303103
14.138,-2.543340146,-24.43270611
14.1385,-2.546408108,-25.36974256
14.139,-2.552544031,-30.7681659
14.1395,-2.555611993,-30.75488338
14.14,-2.561747916,-35.3455356
14.1405,-2.564815877,-34.64564763
14.141,-2.5709518,-38.65268521
14.1415,-2.577087724,-42.05866716
14.142,-2.583223647,-44.95375181
14.1425,-2.58935957,-47.41457377
14.143,-2.595495493,-49.50627243
14.1435,-2.601631416,-51.28421629
14.144,-2.607767339,-52.79546857
14.1445,-2.616971224,-58.68197538
14.145,-2.623107147,-59.0835638
14.1455,-2.632311032,-64.02685632
14.146,-2.641514917,-68.22865496
14.1465,-2.64765084,-67.19824145
14.147,-2.656854725,-70.92433232
14.1475,-2.666058609,-74.09150956
14.148,-2.675262494,-76.78361022
14.1485,-2.684466379,-79.07189578
14.149,-2.693670264,-81.0169385
14.1495,-2.702874148,-82.67022482
14.15,-2.712078033,-84.07551819
14.1505,-2.721281918,-85.27001755
14.151,-2.733553764,-90.88728437
14.1515,-2.742757649,-91.06001881
14.152,-2.755029495,-95.80878544
14.1525,-2.76423338,-95.24329472
14.153,-2.776505226,-99.36456996
14.1535,-2.788777072,-102.8676539
14.154,-2.801048919,-105.8452753
14.1545,-2.810252803,-103.7743111
14.155,-2.82252465,-106.6159339
14.1555,-2.834796496,-109.0313133
14.156,-2.847068342,-111.0843857
14.1565,-2.86240815,-117.4314397
14.157,-2.874679996,-118.2244932
14.1575,-2.886951843,-118.8985887
14.158,-2.899223689,-119.4715698
14.1585,-2.911495535,-119.9586038
14.159,-2.926835343,-124.974525
14.1595,-2.93910719,-124.6361157
14.16,-2.951379036,-124.3484678
14.1605,-2.963650882,-124.1039671
14.161,-2.97899069,-128.4980839
14.1615,-2.991262536,-127.6311407
14.162,-3.006602344,-131.4961814
14.1625,-3.018874191,-130.1795237
14.163,-3.034213998,-133.662307
14.1635,-3.046485845,-132.0207304
14.164,-3.061825653,-135.2273326
14.1645,-3.074097499,-133.3510022
14.165,-3.089437307,-136.3580637
14.1655,-3.101709153,-134.3121236
14.166,-3.117048961,-137.1750169
14.1665,-3.129320807,-135.0065338
14.167,-3.144660615,-137.7652655
14.1675,-3.156932461,-135.5082452
14.168,-3.172272269,-138.1917202
14.1685,-3.184544116,-135.8707316
14.169,-3.199883924,-138.4998337
14.1695,-3.215223731,-140.7345705
14.17,-3.227495578,-138.0321544
14.1705,-3.242835386,-140.337043
14.171,-3.255107232,-137.694256
14.1715,-3.27044704,-140.0498294
14.172,-3.285786848,-142.0520668
14.1725,-3.298058694,-139.1520263
14.173,-3.313398502,-141.2889341
14.1735,-3.325670348,-138.5033635
14.174,-3.341010156,-140.7375708
14.1745,-3.356349964,-142.636647
14.175,-3.371689772,-144.2508617
14.1755,-3.383961618,-141.0210019
14.176,-3.399301426,-142.8775635
14.1765,-3.414641234,-144.4556408
14.177,-3.429981042,-145.7970065
14.1775,-3.44532085,-146.9371673
14.178,-3.460660657,-147.906304
14.1785,-3.476000465,-148.7300703
14.179,-3.494408235,-154.0322139
14.1795,-3.509748043,-153.9370936
14.18,-3.525087851,-153.8562414
14.1805,-3.54349562,-158.3894594
14.181,-3.558835428,-157.6407523
14.1815,-3.577243197,-161.6062936
14.182,-3.595650967,-164.9770038
14.1825,-3.614058736,-167.8421074
14.183,-3.632466506,-170.2774455
14.1835,-3.653942237,-176.9494252
14.184,-3.672350006,-178.0186656
14.1845,-3.693825737,-183.5294623
14.185,-3.712233507,-183.6116971
14.1855,-3.733709238,-188.2835391
14.186,-3.752117007,-187.6526624
14.1865,-3.773592738,-191.7183596
14.187,-3.795068469,-195.1742022
14.1875,-3.8165442,-198.1116684
14.188,-3.838019931,-200.6085147
14.1885,-3.856427701,-198.1288917
14.189,-3.877903432,-200.6231545
14.1895,-3.899379163,-202.7432779
14.19,-3.917786932,-199.9434404
14.1905,-3.939262663,-202.1655208
14.191,-3.960738394,-204.0542893
14.1915,-3.979146164,-201.0578001
14.192,-3.997553933,-198.5107842
14.1925,-4.019029664,-200.9477631
14.193,-4.037437434,-198.4172529
14.1935,-4.055845203,-196.2663191
14.194,-4.074252973,-194.4380254
14.1945,-4.092660742,-192.8839758
14.195,-4.111068512,-191.5630336
14.1955,-4.129476281,-190.4402327
14.196,-4.144816089,-184.8839097
14.1965,-4.163223858,-184.7629774
14.197,-4.178563666,-180.0582426
14.1975,-4.196971436,-180.6611604
14.198,-4.212311244,-176.5716981
14.1985,-4.230719013,-177.6975976
14.199,-4.246058821,-174.0526698
14.1995,-4.261398629,-170.9544811
14.2,-4.279806398,-172.9229631
14.2005,-4.295146206,-169.9942305
14.201,-4.310486014,-167.5048077
14.2015,-4.325825822,-165.3887984
14.202,-4.344233591,-168.1921328
14.2025,-4.359573399,-165.9730247
14.203,-4.374913207,-164.0867828
14.2035,-4.393320977,-167.0854196
14.204,-4.408660784,-165.0323185
14.2045,-4.427068554,-167.8891249
14.205,-4.445476323,-170.3174103
14.2055,-4.460816131,-167.7795106
14.206,-4.479223901,-170.2242382
14.2065,-4.494563709,-167.7003143
14.207,-4.512971478,-170.1569213
14.2075,-4.531379247,-172.2450373
14.208,-4.549787017,-174.0199359
14.2085,-4.568194786,-175.5285997
14.209,-4.586602556,-176.8109639
14.2095,-4.605010325,-177.9009735
14.21,-4.620350133,-174.2255393
14.2105,-4.638757903,-175.7033626
14.211,-4.657165672,-176.9595124
14.2115,-4.675573441,-178.0272397
14.212,-4.690913249,-174.3328656
14.2125,-4.706253057,-171.1926476
14.213,-4.721592865,-168.5234622
14.2135,-4.736932673,-166.2546547
14.214,-4.752272481,-164.3261683
14.2145,-4.767612289,-162.6869549
14.215,-4.782952097,-161.2936235
14.2155,-4.798291905,-160.1092918
14.216,-4.810563751,-154.5006675
14.2165,-4.825903559,-154.3352792
14.217,-4.838175405,-149.5927567
14.2175,-4.850447251,-145.5616127
14.218,-4.862719098,-142.1351402
14.2185,-4.874990944,-139.2226387
14.219,-4.88726279,-136.7470123
14.2195,-4.896466675,-130.0407876
14.22,-4.908738521,-128.9424389
14.2205,-4.921010368,-128.0088425
14.221,-4.930214252,-122.6133432
14.2215,-4.942486099,-122.6291112
14.222,-4.951689983,-118.0405716
14.2225,-4.96396183,-118.7422553
14.223,-4.973165714,-114.7367441
14.2235,-4.982369599,-111.3320596
14.224,-4.994641445,-113.0400201
14.2245,-5.00384533,-109.8898442
14.225,-5.013049215,-107.2121946
14.2255,-5.0222531,-104.9361925
14.226,-5.031456984,-103.0015907
14.2265,-5.040660869,-101.3571792
14.227,-5.049864754,-99.95942943
14.2275,-5.059068638,-98.77134211
14.228,-5.068272523,-97.76146788
14.2285,-5.077476408,-96.90307479
14.229,-5.083612331,-91.5714983
14.2295,-5.092816216,-91.64160065
14.23,-5.102020101,-91.70118764
14.2305,-5.108156024,-87.14989422
14.231,-5.117359908,-87.88323718
14.2315,-5.123495832,-83.90463633
14.232,-5.129631755,-80.52282561
14.2325,-5.138835639,-82.25022886
14.233,-5.144971563,-79.11657926
14.2335,-5.151107486,-76.4529771
14.234,-5.157243409,-74.18891526
14.2345,-5.163379332,-72.2644627
14.235,-5.169515255,-70.62867802
14.2355,-5.175651178,-69.23826104
14.236,-5.181787101,-68.05640661
14.2365,-5.187923025,-67.05183035
14.237,-5.194058948,-66.19794052
14.2375,-5.200194871,-65.47213417
14.238,-5.206330794,-64.85519877
14.2385,-5.212466717,-64.33080369
14.239,-5.215534679,-59.2831255
14.2395,-5.221670602,-59.5945414
14.24,-5.224738564,-55.25730255
14.2405,-5.230874487,-56.1725919
14.241,-5.233942448,-52.34864548
14.2415,-5.240078371,-53.70023338
14.242,-5.243146333,-50.24714074
14.2425,-5.246214295,-47.31201199
14.243,-5.249282256,-44.81715256
14.2435,-5.255418179,-47.2984644
14.244,-5.258486141,-44.8056371
14.2445,-5.261554102,-42.6867339
14.245,-5.264622064,-40.88566618
14.2455,-5.264622064,-34.75281625
14.246,-5.267690026,-34.14183618
14.2465,-5.270757987,-33.62250312
14.247,-5.273825949,-33.18107001
14.2475,-5.273825949,-28.20390951
14.248,-5.27689391,-28.57526545
14.2485,-5.27689391,-24.28897563
14.249,-5.279961872,-25.24757165
14.2495,-5.279961872,-21.4604359
14.25,-5.279961872,-18.24137052
14.2505,-5.279961872,-15.50516494
14.251,-5.283029833,-17.78133256
14.2515,-5.283029833,-15.11413268
14.252,-5.283029833,-12.84701278
14.2525,-5.283029833,-10.91996086
14.253,-5.283029833,-9.281966731
14.2535,-5.283029833,-7.889671721
14.254,-5.283029833,-6.706220963
14.2545,-5.283029833,-5.700287818
14.255,-5.283029833,-4.845244646
14.2555,-5.279961872,0.483484415
14.256,-5.279961872,0.410961753
14.2565,-5.279961872,0.34931749
14.257,-5.27689391,4.89886223
14.2575,-5.27689391,4.164032895
14.258,-5.273825949,8.141370325
14.2585,-5.273825949,6.920164776
14.259,-5.270757987,10.48408242
14.2595,-5.267690026,13.51341242
14.26,-5.264622064,16.08834292
14.2605,-5.264622064,13.67509149
14.261,-5.261554102,16.22577013
14.2615,-5.258486141,18.39384697
14.262,-5.255418179,20.23671229
14.2625,-5.252350218,21.80314781
14.263,-5.249282256,23.134618
14.2635,-5.246214295,24.26636766
14.264,-5.240078371,29.83029724
14.2645,-5.23701041,29.95769502
14.265,-5.233942448,30.06598313
14.2655,-5.227806525,34.75997039
14.266,-5.224738564,34.14791719
14.2665,-5.21860264,38.22961434
14.267,-5.212466717,41.69905692
14.2675,-5.209398756,40.04614074
14.268,-5.203262833,43.24310436
14.2685,-5.197126909,45.96052343
14.269,-5.190990986,48.27032965
14.2695,-5.184855063,50.23366493
14.27,-5.17871914,51.90249991
14.2705,-5.172583217,53.32100965
14.271,-5.166447294,54.52674293
14.2715,-5.16031137,55.55161622
14.272,-5.154175447,56.42275852
14.2725,-5.148039524,57.16322947
14.273,-5.141903601,57.79262977
14.2735,-5.135767678,58.32762003
14.274,-5.126563793,63.38430412
14.2745,-5.12042787,63.08054323
14.275,-5.114291947,62.82234647
14.2755,-5.105088062,67.20482159
14.276,-5.095884177,70.92992544
14.2765,-5.089748254,69.49432136
14.277,-5.080544369,72.87600024
14.2775,-5.074408446,71.14848493
14.278,-5.065204562,74.28203928
14.2785,-5.059068638,72.34361812
14.279,-5.049864754,75.29790249
14.2795,-5.040660869,77.80904421
14.28,-5.031456984,79.94351467
14.2805,-5.025321061,77.1558722
14.281,-5.016117176,79.38831846
14.2815,-5.006913292,81.28589778
14.282,-4.994641445,87.50078257
14.2825,-4.988505522,83.57954991
14.283,-4.976233676,89.45038688
14.2835,-4.967029791,89.83865594
14.284,-4.957825906,90.16868464
14.2845,-4.948622022,90.44920903
14.285,-4.939418137,90.68765477
14.2855,-4.927146291,95.49227601
14.286,-4.917942406,94.9742617
14.2865,-4.908738521,94.53394953
14.287,-4.896466675,98.76162656
14.2875,-4.88726279,97.75320967
14.288,-4.874990944,101.4979977
14.2885,-4.865787059,100.0791251
14.289,-4.853515213,103.4750258
14.2895,-4.841243367,106.3615414
14.29,-4.832039482,104.2131373
14.2905,-4.819767636,106.9889361
14.291,-4.807495789,109.3483652
14.2915,-4.795223943,111.3538798
14.292,-4.786020058,108.456625
14.2925,-4.773748212,110.5959007
14.293,-4.761476366,112.414285
14.2935,-4.749204519,113.9599117
14.294,-4.736932673,115.2736944
14.2945,-4.724660827,116.3904097
14.295,-4.71238898,117.3396177
14.2955,-4.700117134,118.1464445
14.296,-4.687845288,118.8322473
14.2965,-4.675573441,119.4151796
14.297,-4.663301595,119.9106722
14.2975,-4.651029749,120.3318408
14.298,-4.641825864,116.0878918
14.2985,-4.626486056,121.6844198
14.299,-4.61421421,121.8395263
14.2995,-4.601942364,121.9713668
14.3,-4.589670517,122.0834312
14.3005,-4.577398671,122.178686
14.301,-4.565126825,122.2596526
14.3015,-4.552854978,122.3284741
14.302,-4.540583132,122.3869725
14.3025,-4.528311286,122.4366961
14.303,-4.51603944,122.4789611
14.3035,-4.503767593,122.5148864
14.304,-4.491495747,122.5454229
14.3045,-4.479223901,122.5713789
14.305,-4.466952054,122.5934415
14.3055,-4.454680208,122.6121948
14.306,-4.442408362,122.628135
14.3065,-4.430136515,122.6416842
14.307,-4.417864669,122.653201
14.3075,-4.405592823,122.6629903
14.308,-4.393320977,122.6713112
14.3085,-4.377981169,127.2803264
14.309,-4.365709322,126.5960469
14.3095,-4.353437476,126.0144093
14.31,-4.34116563,125.5200174
14.3105,-4.328893783,125.0997842
14.311,-4.316621937,124.742586
14.3115,-4.307418052,119.8370252
14.312,-4.295146206,120.2692409
14.3125,-4.28287436,120.6366242
14.313,-4.270602513,120.9489
14.3135,-4.258330667,121.2143345
14.314,-4.242990859,126.0418961
14.3145,-4.230719013,125.5433812
14.315,-4.218447167,125.1196434
14.3155,-4.20617532,124.7594664
14.316,-4.190835513,129.0552582
14.3165,-4.178563666,128.104739
14.317,-4.16629182,127.2967976
14.3175,-4.154019974,126.6100474
14.318,-4.138680166,130.6282521
14.3185,-4.126408319,129.4417837
14.319,-4.111068512,133.035228
14.3195,-4.098796665,131.4877133
14.32,-4.086524819,130.1723257
14.3205,-4.071185011,133.6561887
14.321,-4.058913165,132.0155298
14.3215,-4.043573357,135.2229122
14.322,-4.031301511,133.3472448
14.3225,-4.015961703,136.3548699
14.323,-4.000621895,138.9113512
14.3235,-3.985282087,141.0843604
14.324,-3.973010241,138.3294758
14.3245,-3.957670433,140.5897662
14.325,-3.942330625,142.5110131
14.3255,-3.926990817,144.144073
14.326,-3.911651009,145.5321738
14.3265,-3.899379163,142.1101172
14.327,-3.884039355,143.8033114
14.3275,-3.868699547,145.2425265
14.328,-3.853359739,146.4658594
14.3285,-3.838019931,147.5056923
14.329,-3.822680123,148.3895503
14.3295,-3.807340316,149.1408295
14.33,-3.792000508,149.7794169
14.3305,-3.7766607,150.3222162
14.331,-3.761320892,150.7835956
14.3315,-3.745981084,151.1757681
14.332,-3.730641276,151.5091147
14.3325,-3.715301468,151.7924593
14.333,-3.69996166,152.0333022
14.3335,-3.684621853,152.2380187
14.334,-3.669282045,152.4120277
14.3345,-3.653942237,152.5599354
14.335,-3.635534467,157.2875993
14.3355,-3.620194659,156.7041712
14.336,-3.604854852,156.2082573
14.3365,-3.589515044,155.7867305
14.337,-3.574175236,155.4284328
14.3375,-3.558835428,155.1238797
14.338,-3.546563582,150.2630672
14.3385,-3.531223774,150.7333189
14.339,-3.515883966,151.1330329
14.3395,-3.50361212,146.8708474
14.34,-3.488272312,147.8499321
14.3405,-3.476000465,144.0802118
14.341,-3.463728619,140.8759495
14.3415,-3.448388811,142.7542689
14.342,-3.436116965,139.748898
14.3425,-3.420777157,141.7962751
14.343,-3.408505311,138.9346033
14.3435,-3.396233464,136.5021823
14.344,-3.383961618,134.4346244
14.3445,-3.371689772,132.6772002
14.345,-3.359417925,131.1833896
14.3455,-3.347146079,129.9136506
14.346,-3.334874233,128.8343725
14.3465,-3.322602387,127.9169861
14.347,-3.313398502,122.5352652
14.3475,-3.301126656,122.5627449
14.348,-3.291922771,117.9841603
14.3485,-3.282718886,114.0923633
14.349,-3.27044704,115.3862783
14.3495,-3.261243155,111.8841636
14.35,-3.255107232,104.3054238
14.3505,-3.245903347,102.4654373
14.351,-3.236699462,100.9014488
14.3515,-3.227495578,99.57205859
14.352,-3.221359655,93.84013453
14.3525,-3.21215577,93.56994144
14.353,-3.206019847,88.73833495
14.3535,-3.199883924,84.63146943
14.354,-3.193748,81.14063375
14.3545,-3.184544116,82.77536578
14.355,-3.181476154,74.96100327
14.3555,-3.175340231,72.92073751
14.356,-3.169204308,71.18651161
14.3565,-3.163068385,69.7124196
14.357,-3.156932461,68.45944138
14.3575,-3.150796538,67.3944099
14.358,-3.147728577,61.88719078
14.3585,-3.141592654,61.80799689
14.359,-3.138524692,57.13873972
14.3595,-3.132388769,57.77181349
14.36,-3.129320807,53.70798383
14.3605,-3.126252846,50.25372862
14.361,-3.120116923,51.91955405
14.3615,-3.117048961,48.73356331
14.362,-3.113980999,46.02547118
14.3625,-3.110913038,43.72359286
14.363,-3.107845076,41.7669963
14.3635,-3.107845076,35.50194685
14.364,-3.104777115,34.77859719
14.3645,-3.101709153,34.16374997
14.365,-3.098641192,33.64112984
14.3655,-3.098641192,28.59496037
14.366,-3.09557323,28.90765867
14.3665,-3.09557323,24.57150987
14.367,-3.092505268,25.48772576
14.3675,-3.092505268,21.66456689
14.368,-3.092505268,18.41488186
14.3685,-3.092505268,15.65264958
14.369,-3.092505268,13.30475214
14.3695,-3.089437307,15.91098169
14.37,-3.089437307,13.52433443
14.3705,-3.089437307,11.49568427
14.371,-3.089437307,9.771331627
14.3715,-3.089437307,8.305631883
14.372,-3.089437307,7.059787101
14.3725,-3.089437307,6.000819036
14.373,-3.092505268,0.498753817
14.3735,-3.092505268,0.423940744
14.374,-3.092505268,0.360349633
14.3745,-3.09557323,-4.295645176
14.375,-3.09557323,-3.6512984
14.3755,-3.09557323,-3.10360364
14.376,-3.098641192,-7.240005457
14.3765,-3.098641192,-6.154004639
14.377,-3.101709153,-9.832846307
14.3775,-3.104777115,-12.95986172
14.378,-3.104777115,-11.01588247
14.3785,-3.107845076,-13.96544246
14.379,-3.110913038,-16.47256845
14.3795,-3.113980999,-18.60362555
14.38,-3.117048961,-20.41502408
14.3805,-3.120116923,-21.95471283
14.381,-3.123184884,-23.26344827
14.3815,-3.126252846,-24.37587339
14.382,-3.129320807,-25.32143475
14.3825,-3.132388769,-26.1251619
14.383,-3.13545673,-26.80832998
14.3835,-3.141592654,-31.99096521
14.384,-3.144660615,-31.79426279
14.3845,-3.150796538,-36.2290081
14.385,-3.1538645,-35.39659925
14.3855,-3.160000423,-39.29099409
14.386,-3.163068385,-37.99928734
14.3865,-3.169204308,-41.50327897
14.387,-3.175340231,-44.48167185
14.3875,-3.178408192,-42.41136343
14.388,-3.184544116,-45.25354365
14.3885,-3.190680039,-47.66939683
14.389,-3.196815962,-49.72287203
14.3895,-3.202951885,-51.46832595
14.39,-3.209087808,-52.95196179
14.3905,-3.215223731,-54.21305225
14.391,-3.221359655,-55.28497914
14.3915,-3.230563539,-60.79805936
14.392,-3.236699462,-60.88223518
14.3925,-3.242835386,-60.95378463
14.393,-3.25203927,-65.61654403
14.3935,-3.258175193,-64.97794715
14.394,-3.267379078,-69.03708217
14.3945,-3.276582963,-72.48734693
14.395,-3.282718886,-70.81812962
14.3955,-3.291922771,-74.00123727
14.396,-3.301126656,-76.70687877
14.3965,-3.31033054,-79.00667405
14.397,-3.316466463,-76.35955767
14.3975,-3.325670348,-78.71145111
14.398,-3.334874233,-80.71056053
14.3985,-3.347146079,-87.01174591
14.399,-3.356349964,-87.76581111
14.3995,-3.365553849,-88.40676654
14.4,-3.374757733,-88.95157865
14.4005,-3.38702958,-94.0166113
14.401,-3.396233464,-93.7199467
14.4015,-3.408505311,-98.06972415
14.402,-3.420777157,-101.767035
14.4025,-3.433049003,-104.9097492
14.403,-3.44532085,-107.5810563
14.4035,-3.457592696,-109.8516673
14.404,-3.469864542,-111.7816866
14.4045,-3.48520435,-118.0241455
14.405,-3.497476196,-118.7282931
14.4055,-3.509748043,-119.3268186
14.406,-3.525087851,-124.4375076
14.4065,-3.537359697,-124.1796509
14.407,-3.552699505,-128.5624151
14.4075,-3.568039313,-132.2877647
14.408,-3.583379121,-135.4543118
14.4085,-3.598718928,-138.1458768
14.409,-3.614058736,-140.4337071
14.4095,-3.629398544,-142.3783629
14.41,-3.644738352,-144.0313203
14.4105,-3.66007816,-145.436334
14.411,-3.675417968,-146.6305958
14.4115,-3.690757776,-147.6457182
14.412,-3.709165545,-153.1105147
14.4125,-3.724505353,-153.1536493
14.413,-3.739845161,-153.1903137
14.4135,-3.75825293,-157.8234208
14.414,-3.773592738,-157.1596195
14.4145,-3.788932546,-156.5953884
14.415,-3.807340316,-160.7177343
14.4155,-3.822680123,-159.619786
14.416,-3.838019931,-158.6865299
14.4165,-3.856427701,-162.4952046
14.417,-3.871767509,-161.1306357
14.4175,-3.887107317,-159.9707522
14.418,-3.902447124,-158.9848512
14.4185,-3.920854894,-162.7487777
14.419,-3.936194702,-161.3461729
14.4195,-3.95153451,-160.1539587
14.42,-3.966874317,-159.1405768
14.4205,-3.982214125,-158.2792021
14.421,-3.997553933,-157.5470336
14.4215,-4.012893741,-156.9246904
14.422,-4.028233549,-156.3956986
14.4225,-4.043573357,-155.9460556
14.423,-4.058913165,-155.5638591
14.4235,-4.074252973,-155.2389921
14.424,-4.089592781,-154.9628551
14.4245,-4.104932588,-154.7281386
14.425,-4.117204435,-149.9266873
14.4255,-4.132544243,-150.447396
14.426,-4.14788405,-150.8899984
14.4265,-4.163223858,-151.2662105
14.427,-4.178563666,-151.5859907
14.4275,-4.193903474,-151.8578039
14.428,-4.209243282,-152.0888452
14.4285,-4.22458309,-152.2852302
14.429,-4.239922898,-152.4521575
14.4295,-4.255262706,-152.5940457
14.43,-4.270602513,-152.7146507
14.4305,-4.285942321,-152.8171649
14.431,-4.301282129,-152.904302
14.4315,-4.316621937,-152.9783685
14.432,-4.331961745,-153.041325
14.4325,-4.347301553,-153.0948381
14.433,-4.362641361,-153.1403242
14.4335,-4.377981169,-153.1789874
14.434,-4.396388938,-157.8137935
14.4345,-4.411728746,-157.1514363
14.435,-4.427068554,-156.5884326
14.4355,-4.445476323,-160.7118219
14.436,-4.460816131,-159.6147605
14.4365,-4.479223901,-163.2842006
14.437,-4.494563709,-161.8012823
14.4375,-4.512971478,-165.1427441
14.438,-4.531379247,-167.9829867
14.4385,-4.549787017,-170.3971929
14.439,-4.568194786,-172.4492681
14.4395,-4.586602556,-174.1935321
14.44,-4.605010325,-175.6761565
14.4405,-4.623418095,-176.9363872
14.441,-4.641825864,-178.0075833
14.4415,-4.660233634,-178.9181
14.442,-4.678641403,-179.6920392
14.4425,-4.697049173,-180.3498875
14.443,-4.715456942,-180.9090585
14.4435,-4.73079675,-176.7824116
14.444,-4.749204519,-177.876704
14.4445,-4.767612289,-178.8068526
14.445,-4.782952097,-174.9955365
14.4455,-4.801359866,-176.3578602
14.446,-4.819767636,-177.5158354
14.4465,-4.835107443,-173.8981719
14.447,-4.850447251,-170.8231579
14.4475,-4.865787059,-168.2093961
14.448,-4.881126867,-165.9876985
14.4485,-4.896466675,-164.0992555
14.449,-4.908738521,-157.8921366
14.4495,-4.924078329,-157.218028
14.45,-4.939418137,-156.6450356
14.4505,-4.951689983,-151.5560497
14.451,-4.96396183,-147.2304117
14.4515,-4.979301637,-148.1555618
14.452,-4.991573484,-144.339997
14.4525,-5.00384533,-141.0967669
14.453,-5.016117176,-138.3400213
14.4535,-5.028389023,-135.9967876
14.454,-5.040660869,-134.0050389
14.4545,-5.052932715,-132.3120525
14.455,-5.065204562,-130.8730141
14.4555,-5.074408446,-125.0478891
14.456,-5.086680293,-124.6984752
14.4565,-5.098952139,-124.4014733
14.457,-5.111223985,-124.1490218
14.4575,-5.12042787,-119.3324956
14.458,-5.132699716,-119.8403907
14.4585,-5.144971563,-120.2721016
14.459,-5.154175447,-116.0371134
14.4595,-5.166447294,-117.0393159
14.46,-5.17871914,-117.8911879
14.4605,-5.187923025,-114.0133368
14.461,-5.200194871,-115.3191058
14.4615,-5.212466717,-116.4290094
14.462,-5.221670602,-112.770485
14.4625,-5.233942448,-114.2626817
14.463,-5.243146333,-110.9291066
14.4635,-5.255418179,-112.69751
14.464,-5.264622064,-109.5987106
14.4645,-5.27689391,-111.5666735
14.465,-5.286097795,-108.6374996
14.4655,-5.298369641,-110.7496441
14.466,-5.307573526,-107.9430246
14.4665,-5.316777411,-105.557398
14.467,-5.325981296,-103.5296154
14.4675,-5.338253142,-106.4079425
14.468,-5.347457027,-104.2525782
14.4685,-5.356660911,-102.4205186
14.469,-5.365864796,-100.8632679
14.4695,-5.378136642,-104.1415472
14.47,-5.387340527,-102.3261422
14.4705,-5.396544412,-100.7830479
14.471,-5.405748297,-99.47141784
14.4715,-5.414952181,-98.35653225
14.472,-5.424156066,-97.40887951
14.4725,-5.433359951,-96.60337467
14.473,-5.442563835,-95.91869556
14.4735,-5.45176772,-95.33671832
14.474,-5.460971605,-94.84203766
14.4745,-5.467107528,-89.81961674
14.475,-5.476311413,-90.15250132
14.4755,-5.485515297,-90.43545321
14.476,-5.491651221,-86.07401996
14.4765,-5.500855105,-86.96874406
14.477,-5.51005899,-87.72925954
14.4775,-5.516194913,-83.77375533
14.478,-5.525398798,-85.01351913
14.4785,-5.531534721,-81.46537598
14.479,-5.537670644,-78.44945431
14.4795,-5.546874529,-80.48786326
14.48,-5.553010452,-77.6185685
14.4805,-5.559146375,-75.17966795
14.481,-5.56835026,-77.70854485
14.4815,-5.571418222,-70.65420548
14.482,-5.580622106,-73.86190175
14.4825,-5.586758029,-71.98650122
14.483,-5.589825991,-65.7904684
14.4835,-5.595961914,-65.12578287
14.484,-5.602097837,-64.56080016
14.4845,-5.608233761,-64.08056487
14.485,-5.614369684,-63.67236486
14.4855,-5.617437645,-58.7234525
14.486,-5.623573568,-59.11881935
14.4865,-5.62664153,-54.85293881
14.487,-5.632777453,-55.82888272
14.4875,-5.635845415,-52.05649267
14.488,-5.638913376,-48.84996114
14.4885,-5.645049299,-50.72635169
14.489,-5.648117261,-47.7193413
14.4895,-5.651185223,-45.16338247
14.49,-5.654253184,-42.99081746
14.4905,-5.657321146,-41.14413721
14.491,-5.660389107,-39.57445899
14.4915,-5.663457069,-38.24023251
14.492,-5.663457069,-32.50419763
14.4925,-5.66652503,-32.23051035
14.493,-5.669592992,-31.99787616
14.4935,-5.672660954,-31.8001371
14.494,-5.672660954,-27.03011653
14.4945,-5.675728915,-27.57754142
14.495,-5.675728915,-23.44091021
14.4955,-5.675728915,-19.92477367
14.496,-5.678796877,-21.53799999
14.4965,-5.678796877,-18.30729999
14.497,-5.678796877,-15.56120499
14.4975,-5.678796877,-13.22702424
14.498,-5.681864838,-15.84491297
14.4985,-5.681864838,-13.46817602
14.499,-5.681864838,-11.44794962
14.4995,-5.681864838,-9.730757177
14.5,-5.681864838,-8.271143601
14.5005,-5.681864838,-7.030472061
14.501,-5.681864838,-5.975901252
14.5015,-5.681864838,-5.079516064
14.502,-5.681864838,-4.317588654
14.5025,-5.681864838,-3.669950356
14.503,-5.678796877,1.482484561
14.5035,-5.678796877,1.260111877
14.504,-5.678796877,1.071095095
14.5045,-5.678796877,0.910430831
14.505,-5.675728915,5.37580857
14.5055,-5.675728915,4.569437285
14.506,-5.672660954,8.485964055
14.5065,-5.672660954,7.213069447
14.507,-5.669592992,10.73305139
14.5075,-5.669592992,9.123093685
14.508,-5.66652503,12.356572
14.5085,-5.663457069,15.10502856
14.509,-5.663457069,12.83927428
14.5095,-5.660389107,15.5153255
14.51,-5.657321146,17.78996904
14.5105,-5.654253184,19.72341605
14.511,-5.651185223,21.366846
14.5115,-5.648117261,22.76376147
14.512,-5.641981338,28.55308197
14.5125,-5.638913376,28.87206204
14.513,-5.635845415,29.1431951
14.5135,-5.629709492,33.97560056
14.514,-5.62664153,33.48120284
14.5145,-5.620505607,37.66290714
14.515,-5.617437645,36.61541343
14.5155,-5.611301722,40.32698615
14.516,-5.605165799,43.48182295
14.5165,-5.599029876,46.16343424
14.517,-5.592893953,48.44280383
14.5175,-5.586758029,50.38026798
14.518,-5.580622106,52.02711251
14.5185,-5.574486183,53.42693036
14.519,-5.565282298,59.2187179
14.5195,-5.559146375,59.53979494
14.52,-5.549942491,64.41465279
14.5205,-5.543806567,63.9563396
14.521,-5.534602683,68.16871575
14.5215,-5.52846676,67.14729312
14.522,-5.519262875,70.88102624
14.5225,-5.51005899,74.05469939
14.523,-5.503923067,72.15037921
14.5235,-5.494719182,75.13364942
14.524,-5.485515297,77.6694291
14.5245,-5.476311413,79.82484183
14.525,-5.467107528,81.65694264
14.5255,-5.457903643,83.21422834
14.526,-5.448699759,84.53792118
14.5265,-5.439495874,85.66306009
14.527,-5.430291989,86.61942817
14.5275,-5.421088104,87.43234103
14.528,-5.41188422,88.12331697
14.5285,-5.399612373,93.31258888
14.529,-5.390408489,93.12152764
14.5295,-5.378136642,97.56106795
14.53,-5.368932758,96.73273485
14.5305,-5.356660911,100.6305941
14.531,-5.347457027,99.34183205
14.5315,-5.33518518,102.8483267
14.532,-5.322913334,105.8288471
14.5325,-5.313709449,103.7603472
14.533,-5.301437603,106.6040645
14.5335,-5.289165757,109.0212243
14.534,-5.279961872,106.4738678
14.5345,-5.267690026,108.9105571
14.535,-5.255418179,110.9817429
14.5355,-5.243146333,112.742251
14.536,-5.230874487,114.2386828
14.5365,-5.21860264,115.5106498
14.537,-5.206330794,116.5918218
14.5375,-5.194058948,117.510818
14.538,-5.181787101,118.2919647
14.5385,-5.169515255,118.9559395
14.539,-5.157243409,119.520318
14.5395,-5.141903601,124.6019821
14.54,-5.129631755,124.3194543
14.5405,-5.117359908,124.0793056
14.541,-5.102020101,128.4771216
14.5415,-5.089748254,127.6133228
14.542,-5.077476408,126.8790938
14.5425,-5.0621366,130.8569416
14.543,-5.049864754,129.6361698
14.5435,-5.034524946,133.2004561
14.544,-5.0222531,131.6281572
14.5445,-5.006913292,134.8936454
14.545,-4.991573484,137.6693104
14.5455,-4.976233676,140.0286257
14.546,-4.960893868,142.0340436
14.5465,-4.94555406,143.7386489
14.547,-4.930214252,145.1875634
14.5475,-4.914874444,146.4191407
14.548,-4.902602598,142.8640391
14.5485,-4.884194829,149.0460874
14.549,-4.868855021,149.6988861
14.5495,-4.853515213,150.253765
14.55,-4.835107443,155.3273544
14.5505,-4.819767636,155.0379631
14.551,-4.801359866,159.3939228
14.5515,-4.786020058,158.4945462
14.552,-4.767612289,162.3320185
14.5525,-4.749204519,165.5938699
14.553,-4.73079675,168.3664436
14.5535,-4.71238898,170.7231312
14.554,-4.693981211,172.7263157
14.5545,-4.678641403,169.8270802
14.555,-4.660233634,171.9646723
14.5555,-4.641825864,173.7816257
14.556,-4.623418095,175.326036
14.5565,-4.601942364,181.2407271
14.557,-4.583534594,181.6662723
14.5575,-4.565126825,182.0279856
14.558,-4.546719055,182.3354419
14.5585,-4.528311286,182.5967798
14.559,-4.509903516,182.818917
14.5595,-4.488427785,187.609676
14.56,-4.470020016,187.0798788
14.5605,-4.451612246,186.6295512
14.561,-4.436272439,181.6448303
14.5615,-4.414796708,186.6117023
14.562,-4.396388938,186.2316011
14.5625,-4.38104913,181.3065728
14.563,-4.362641361,181.7222411
14.5635,-4.344233591,182.0755591
14.564,-4.325825822,182.3758794
14.5645,-4.310486014,178.0292093
14.565,-4.292078245,178.9364821
14.5655,-4.276738437,175.1057216
14.566,-4.258330667,176.4515175
14.5665,-4.242990859,172.9935017
14.567,-4.227651051,170.0541883
14.5675,-4.209243282,172.1577142
14.568,-4.193903474,169.3437689
14.5685,-4.175495705,171.5538578
14.569,-4.160155897,168.8304909
14.5695,-4.144816089,166.5156291
14.57,-4.129476281,164.5479965
14.5705,-4.114136473,162.8755089
14.571,-4.098796665,161.4538944
14.5715,-4.083456857,160.245522
14.572,-4.068117049,159.2184055
14.5725,-4.055845203,153.7434142
14.573,-4.040505395,153.6916139
14.5735,-4.025165587,153.6475836
14.574,-4.00982578,153.6101579
14.5745,-3.997553933,148.9764037
14.575,-3.982214125,149.6396549
14.5755,-3.969942279,145.6014761
14.576,-3.957670433,142.1690242
14.5765,-3.945398586,139.25144
14.577,-3.930058779,141.3734358
14.5775,-3.917786932,138.5751899
14.578,-3.905515086,136.1966809
14.5785,-3.89324324,134.1749482
14.579,-3.880971393,132.4564754
14.5795,-3.868699547,130.9957736
14.58,-3.856427701,129.754177
14.5805,-3.844155854,128.6988199
14.581,-3.831884008,127.8017664
14.5815,-3.819612162,127.0392709
14.582,-3.807340316,126.3911497
14.5825,-3.795068469,125.8402467
14.583,-3.782796623,125.3719791
14.5835,-3.770524777,124.9739517
14.584,-3.761320892,120.0336861
14.5845,-3.749049046,120.4364026
14.585,-3.736777199,120.7787117
14.5855,-3.724505353,121.0696744
14.586,-3.715301468,116.7150503
14.5865,-3.703029622,117.6155622
14.587,-3.690757776,118.3809973
14.5875,-3.681553891,114.4296748
14.588,-3.669282045,115.6729931
14.5885,-3.66007816,112.1278712
14.589,-3.647806314,113.71646
14.5895,-3.638602429,110.4648181
14.59,-3.626330583,112.3028648
14.5905,-3.617126698,109.2632622
14.591,-3.604854852,111.2815423
14.5915,-3.595650967,108.3951381
14.592,-3.586447082,105.9416944
14.5925,-3.577243197,103.8562674
14.593,-3.568039313,102.0836543
14.5935,-3.555767466,105.1788756
14.594,-3.546563582,103.2078714
14.5945,-3.537359697,101.5325178
14.595,-3.528155812,100.1084672
14.5955,-3.522019889,94.29608185
14.596,-3.512816004,93.95749666
14.5965,-3.50361212,93.66969925
14.597,-3.494408235,93.42507146
14.5975,-3.488272312,88.61519546
14.598,-3.479068427,89.12874324
14.5985,-3.472932504,84.96331648
14.599,-3.463728619,86.0246461
14.5995,-3.457592696,82.32483391
14.6,-3.448388811,83.78193591
14.6005,-3.442252888,80.41853025
14.601,-3.436116965,77.55963544
14.6015,-3.429981042,75.12957485
14.602,-3.423845119,73.06402335
14.6025,-3.417709195,71.30830458
14.603,-3.411573272,69.81594362
14.6035,-3.405437349,68.5474368
14.604,-3.399301426,67.46920601
14.6045,-3.393165503,66.55270984
14.605,-3.390097541,61.17174572
14.6055,-3.383961618,61.19986859
14.606,-3.377825695,61.22377303
14.6065,-3.374757733,56.64214944
14.607,-3.371689772,52.74776939
14.6075,-3.365553849,54.03948871
14.608,-3.362485887,50.53550776
14.6085,-3.359417925,47.55712396
14.609,-3.356349964,45.02549773
14.6095,-3.353282002,42.87361544
14.61,-3.350214041,41.04451548
14.6105,-3.347146079,39.48978053
14.611,-3.344078118,38.16825581
14.6115,-3.341010156,37.0449598
14.612,-3.341010156,31.48821583
14.6125,-3.337942194,31.36692582
14.613,-3.334874233,31.26382931
14.6135,-3.334874233,26.57425491
14.614,-3.334874233,22.58811668
14.6145,-3.331806271,23.80184154
14.615,-3.331806271,20.23156531
14.6155,-3.331806271,17.19683051
14.616,-3.32873831,19.2192483
14.6165,-3.32873831,16.33636105
14.617,-3.32873831,13.8859069
14.6175,-3.32873831,11.80302086
14.618,-3.32873831,10.03256773
14.6185,-3.32873831,8.527682573
14.619,-3.32873831,7.248530187
14.6195,-3.32873831,6.161250659
14.62,-3.32873831,5.23706306
14.6205,-3.331806271,-0.150438763
14.621,-3.331806271,-0.127872948
14.6215,-3.331806271,-0.108692006
14.622,-3.334874233,-4.694330569
14.6225,-3.334874233,-3.990180984
14.623,-3.337942194,-7.9935962
14.6235,-3.337942194,-6.79455677
14.624,-3.341010156,-10.37731562
14.6245,-3.341010156,-8.820718275
14.625,-3.344078118,-12.0995529
14.6255,-3.347146079,-14.88656233
14.626,-3.350214041,-17.25552034
14.6265,-3.353282002,-19.26913465
14.627,-3.356349964,-20.98070682
14.6275,-3.359417925,-22.43554316
14.628,-3.362485887,-23.67215405
14.6285,-3.365553849,-24.72327331
14.629,-3.36862181,-25.61672467
14.6295,-3.374757733,-30.9781007
14.63,-3.377825695,-30.93332796
14.6305,-3.383961618,-35.49721349
14.631,-3.38702958,-34.77457383
14.6315,-3.393165503,-38.76227248
14.632,-3.399301426,-42.15181634
14.6325,-3.402369388,-40.43098625
14.633,-3.408505311,-43.57022304
14.6335,-3.414641234,-46.23857431
14.634,-3.420777157,-48.50667289
14.6345,-3.42691308,-50.43455669
14.635,-3.436116965,-56.67520027
14.6355,-3.442252888,-57.37780496
14.636,-3.448388811,-57.97501894
14.6365,-3.457592696,-63.08459319
14.637,-3.463728619,-62.82578894
14.6375,-3.472932504,-67.20774769
14.638,-3.479068427,-66.33047026
14.6385,-3.488272312,-70.18672682
14.639,-3.494408235,-68.86260252
14.6395,-3.50361212,-72.33903923
14.64,-3.512816004,-75.29401044
14.6405,-3.522019889,-77.80573596
14.641,-3.531223774,-79.94070266
14.6415,-3.540427658,-81.75542435
14.642,-3.549631543,-83.29793779
14.6425,-3.558835428,-84.60907421
14.643,-3.568039313,-85.72354017
14.6435,-3.577243197,-86.67083624
14.644,-3.589515044,-92.07798026
14.6445,-3.598718928,-92.07211031
14.645,-3.607922813,-92.06712085
14.6455,-3.620194659,-96.66482218
14.646,-3.632466506,-100.5728683
14.6465,-3.644738352,-103.8947075
14.647,-3.653942237,-102.1163285
14.6475,-3.666214083,-105.2066487
14.648,-3.678485929,-107.8334208
14.6485,-3.690757776,-110.0661771
14.649,-3.703029622,-111.96402
14.6495,-3.715301468,-113.5771865
14.65,-3.727573315,-114.948378
14.6505,-3.739845161,-116.1138907
14.651,-3.755184969,-121.7065189
14.6515,-3.767456815,-121.8583105
14.652,-3.779728661,-121.9873334
14.6525,-3.795068469,-126.6989452
14.653,-3.807340316,-126.1018729
14.6535,-3.822680123,-130.1963038
14.654,-3.83495197,-129.0746277
14.6545,-3.850291778,-132.7231453
14.655,-3.862563624,-131.222443
14.6555,-3.877903432,-134.5487884
14.656,-3.890175278,-132.7742396
14.6565,-3.905515086,-135.8678154
14.657,-3.920854894,-138.4973549
14.6575,-3.93312674,-136.1305212
14.658,-3.948466548,-138.7206548
14.6585,-3.963806356,-140.9222684
14.659,-3.979146164,-142.79364
14.6595,-3.99141801,-139.7823634
14.66,-4.006757818,-141.8247207
14.6605,-4.022097626,-143.5607244
14.661,-4.037437434,-145.0363276
14.6615,-4.052777242,-146.2905903
14.662,-4.065049088,-142.7547712
14.6625,-4.080388896,-144.3512673
14.663,-4.095728704,-145.708289
14.6635,-4.111068512,-146.8617575
14.664,-4.126408319,-147.8422057
14.6645,-4.141748127,-148.6755867
14.665,-4.157087935,-149.3839605
14.6655,-4.169359781,-145.3841359
14.666,-4.184699589,-146.5862273
14.6665,-4.200039397,-147.608005
14.667,-4.215379205,-148.4765161
14.6675,-4.230719013,-149.2147505
14.668,-4.246058821,-149.8422497
14.6685,-4.261398629,-150.3756241
14.669,-4.276738437,-150.8289923
14.6695,-4.292078245,-151.2143553
14.67,-4.307418052,-151.5419138
14.6705,-4.32275786,-151.8203385
14.671,-4.338097668,-152.0569996
14.6715,-4.353437476,-152.2581615
14.672,-4.371845245,-157.0310914
14.6725,-4.387185053,-156.4861395
14.673,-4.402524861,-156.0229304
14.6735,-4.420932631,-160.231145
14.674,-4.436272439,-159.2061851
14.6745,-4.454680208,-162.9369115
14.675,-4.470020016,-161.5060866
14.6755,-4.485359824,-160.2898854
14.676,-4.503767593,-163.8580568
14.6765,-4.522175363,-166.8910025
14.677,-4.537515171,-164.8670639
14.6775,-4.55592294,-167.7486585
14.678,-4.574330709,-170.1980139
14.6785,-4.592738479,-172.279966
14.679,-4.611146248,-174.0496253
14.6795,-4.629554018,-175.5538357
14.68,-4.647961787,-176.8324145
14.6805,-4.666369557,-177.9192065
14.681,-4.687845288,-183.4449221
14.6815,-4.706253057,-183.539838
14.682,-4.724660827,-183.6205164
14.6825,-4.743068596,-183.6890932
14.683,-4.761476366,-183.7473834
14.6835,-4.779884135,-183.79693
14.684,-4.798291905,-183.8390447
14.6845,-4.816699674,-183.8748422
14.685,-4.835107443,-183.90527
14.6855,-4.853515213,-183.9311337
14.686,-4.871922982,-183.9531178
14.6865,-4.890330752,-183.9718043
14.687,-4.908738521,-183.9876879
14.6875,-4.927146291,-184.0011889
14.688,-4.942486099,-179.4107224
14.6885,-4.960893868,-180.1107682
14.689,-4.979301637,-180.7058071
14.6895,-4.994641445,-176.6096479
14.69,-5.013049215,-177.7298549
14.6905,-5.028389023,-174.0800885
14.691,-5.046796792,-175.5797294
14.6915,-5.0621366,-172.2524818
14.692,-5.077476408,-169.4243213
14.6925,-5.092816216,-167.020385
14.693,-5.108156024,-164.977039
14.6935,-5.123495832,-163.240195
14.694,-5.138835639,-161.7638776
14.6945,-5.154175447,-160.5090078
14.695,-5.169515255,-159.4423684
14.6955,-5.184855063,-158.535725
14.696,-5.197126909,-153.1631357
14.6965,-5.212466717,-153.1983771
14.697,-5.227806525,-153.2283324
14.6975,-5.240078371,-148.651852
14.698,-5.255418179,-149.363786
14.6985,-5.267690026,-145.3669876
14.699,-5.283029833,-146.5716512
14.6995,-5.29530168,-142.993673
14.7,-5.307573526,-139.9523915
14.7005,-5.319845372,-137.3673022
14.701,-5.332117219,-135.1699764
14.7015,-5.347457027,-137.9041917
14.702,-5.359728873,-135.6263324
14.7025,-5.372000719,-133.690152
14.703,-5.384272565,-132.0443987
14.7035,-5.399612373,-135.2474507
14.704,-5.41188422,-133.3681025
14.7045,-5.424156066,-131.7706566
14.705,-5.436427912,-130.4128276
14.7055,-5.448699759,-129.2586729
14.706,-5.460971605,-128.2776414
14.7065,-5.473243451,-127.4437647
14.707,-5.485515297,-126.7349694
14.7075,-5.494719182,-121.5305511
14.708,-5.51005899,-126.3106802
14.7085,-5.519262875,-121.1699053
14.709,-5.531534721,-121.402189
14.7095,-5.543806567,-121.5996301
14.71,-5.556078414,-121.767455
14.7105,-5.56835026,-121.9101062
14.711,-5.580622106,-122.0313597
14.7115,-5.592893953,-122.1344252
14.712,-5.602097837,-117.6200885
14.7125,-5.614369684,-118.3848447
14.713,-5.62664153,-119.0348875
14.7135,-5.635845415,-114.9854814
14.714,-5.648117261,-116.1454287
14.7145,-5.657321146,-112.5294415
14.715,-5.66652503,-109.4558523
14.7155,-5.675728915,-106.8433016
14.716,-5.6849328,-104.6226334
14.7165,-5.694136685,-102.7350655
14.717,-5.703340569,-101.1306328
14.7175,-5.712544454,-99.76686495
14.718,-5.721748339,-98.6076623
14.7185,-5.730952224,-97.62234004
14.719,-5.737088147,-92.18287376
14.7195,-5.746292031,-92.16126979
14.72,-5.752427955,-87.54096405
14.7205,-5.761631839,-88.21564653
14.721,-5.767767762,-84.18718428
14.7215,-5.776971647,-85.36493373
14.722,-5.78310757,-81.7640784
14.7225,-5.789243493,-78.70335136
14.723,-5.795379417,-76.10173339
14.7235,-5.80151534,-73.89035811
14.724,-5.807651263,-72.01068912
14.7245,-5.813787186,-70.41297048
14.725,-5.819923109,-69.05490963
14.7255,-5.826059032,-67.90055792
14.726,-5.832194956,-66.91935896
14.7265,-5.838330879,-66.08533984
14.727,-5.84139884,-60.77448123
14.7275,-5.847534763,-60.86219377
14.728,-5.853670687,-60.93674943
14.7285,-5.856738648,-56.39817938
14.729,-5.862874571,-57.1423372
14.7295,-5.865942533,-53.17292898
14.73,-5.869010494,-49.798932
14.7305,-5.875146418,-51.53297693
14.731,-5.878214379,-48.40497275
14.7315,-5.881282341,-45.7461692
14.732,-5.887418264,-48.08812855
14.7325,-5.890486225,-45.47685163
14.733,-5.893554187,-43.25726625
14.7335,-5.896622149,-41.37061868
14.734,-5.89969011,-39.76696824
14.7345,-5.902758072,-38.40386537
14.735,-5.902758072,-32.64328556
14.7355,-5.905826033,-32.34873509
14.736,-5.908893995,-32.09836719
14.7365,-5.911961957,-31.88555448
14.737,-5.911961957,-27.1027213
14.7375,-5.915029918,-27.63925547
14.738,-5.915029918,-23.49336715
14.7385,-5.915029918,-19.96936208
14.739,-5.91809788,-21.57590013
14.7395,-5.91809788,-18.33951511
14.74,-5.91809788,-15.58858784
14.7405,-5.91809788,-13.25029967
14.741,-5.91809788,-11.26275472
14.7415,-5.91809788,-9.57334151
14.742,-5.91809788,-8.137340283
14.7425,-5.91809788,-6.916739241
14.743,-5.91809788,-5.879228355
14.7435,-5.915029918,-0.395401738
14.744,-5.915029918,-0.336091477
14.7445,-5.911961957,4.316264608
14.745,-5.911961957,3.668824917
14.7455,-5.908893995,7.720443543
14.746,-5.908893995,6.562377011
14.7465,-5.905826033,10.17996282
14.747,-5.902758072,13.25491076
14.7475,-5.89969011,15.86861651
14.748,-5.89969011,13.48832404
14.7485,-5.896622149,16.06701779
14.749,-5.893554187,18.25890749
14.7495,-5.887418264,24.72395609
14.75,-5.884350302,25.61730504
14.7505,-5.881282341,26.37665165
14.751,-5.878214379,27.02209627
14.7515,-5.872078456,32.17266655
14.752,-5.869010494,31.94870893
14.7525,-5.862874571,36.36028732
14.753,-5.85980661,35.50818659
14.7535,-5.853670687,39.38584333
14.754,-5.847534763,42.68185155
14.7545,-5.84139884,45.48345855
14.755,-5.835262917,47.86482449
14.7555,-5.829126994,49.88898555
14.756,-5.822991071,51.60952244
14.7565,-5.813787186,57.67392117
14.757,-5.807651263,58.22671772
14.7575,-5.798447378,63.29853715
14.758,-5.792311455,63.00764131
14.7585,-5.78310757,67.3623222
14.759,-5.773903686,71.06380096
14.7595,-5.764699801,74.21005791
14.76,-5.755495916,76.88437631
14.7605,-5.749359993,74.55560459
14.761,-5.737088147,81.78003336
14.7615,-5.727884262,83.31885545
14.762,-5.718680377,84.62685422
14.7625,-5.709476493,85.73865318
14.763,-5.697204646,91.28562466
14.7635,-5.688000761,91.39860805
14.764,-5.678796877,91.49464393
14.7645,-5.66652503,96.1782168
14.765,-5.657321146,95.55731137
14.7655,-5.645049299,99.63148412
14.766,-5.632777453,103.094531
14.7665,-5.620505607,106.0381208
14.767,-5.611301722,103.9382297
14.7675,-5.599029876,106.7552647
14.768,-5.586758029,109.1497445
14.7685,-5.574486183,111.1850523
14.769,-5.562214337,112.9150639
14.7695,-5.546874529,118.9875161
14.77,-5.534602683,119.5471582
14.7705,-5.522330836,120.0228539
14.771,-5.506991029,125.0291376
14.7715,-5.494719182,124.6825364
14.772,-5.482447336,124.3879254
14.7725,-5.467107528,128.7394484
14.773,-5.45176772,132.438243
14.7735,-5.439495874,130.980276
14.774,-5.424156066,134.3429464
14.7745,-5.408816258,137.2012163
14.775,-5.39347645,139.6307456
14.7755,-5.381204604,137.0939033
14.776,-5.365864796,139.5395296
14.7765,-5.350524988,141.618312
14.777,-5.33518518,143.385277
14.7775,-5.319845372,144.8871973
14.778,-5.304505565,146.1638295
14.7785,-5.289165757,147.2489669
14.779,-5.273825949,148.1713337
14.7795,-5.258486141,148.9553454
14.78,-5.243146333,149.6217554
14.7805,-5.227806525,150.1882039
14.781,-5.209398756,155.2716275
14.7815,-5.194058948,154.9905952
14.782,-5.17871914,154.7517178
14.7825,-5.16031137,159.1506143
14.783,-5.144971563,158.287734
14.7835,-5.126563793,162.156228
14.784,-5.111223985,160.8425057
14.7845,-5.095884177,159.7258416
14.785,-5.077476408,163.3786196
14.7855,-5.0621366,161.8815384
14.786,-5.043728831,165.2109619
14.7865,-5.025321061,168.0409718
14.787,-5.009981253,165.8445378
14.7875,-4.991573484,168.5795113
14.788,-4.973165714,170.9042388
14.7885,-4.954757945,172.8802572
14.789,-4.936350175,174.5598728
14.7895,-4.917942406,175.987546
14.79,-4.899534637,177.2010683
14.7905,-4.881126867,178.2325623
14.791,-4.862719098,179.1093321
14.7915,-4.844311328,179.8545865
14.792,-4.825903559,180.4880527
14.7925,-4.804427828,185.6284413
14.793,-4.786020058,185.3958293
14.7935,-4.764544327,189.8000515
14.794,-4.746136558,188.9416979
14.7945,-4.724660827,192.8140398
14.795,-4.706253057,191.503588
14.7955,-4.684777326,194.9916463
14.796,-4.666369557,193.3545536
14.7965,-4.647961787,191.9630247
14.797,-4.626486056,195.3821676
14.7975,-4.608078287,193.6864966
14.798,-4.586602556,196.8471187
14.7985,-4.568194786,194.931705
14.799,-4.546719055,197.9055458
14.7995,-4.528311286,195.8313681
14.8,-4.509903516,194.0683171
14.8005,-4.491495747,192.5697237
14.801,-4.473087977,191.2959193
14.8015,-4.454680208,190.2131856
14.802,-4.436272439,189.292862
14.8025,-4.414796708,193.1125292
14.803,-4.396388938,191.757304
14.8035,-4.396388938,162.9937084
14.804,-4.377981169,166.1563063
14.8045,-4.362641361,164.2425722
14.805,-4.344233591,167.2178406
14.8055,-4.325825822,169.7468187
14.806,-4.307418052,171.89645
14.8065,-4.292078245,169.1216943
14.807,-4.273670475,171.3650944
14.8075,-4.258330667,168.670042
14.808,-4.239922898,170.9811899
14.8085,-4.22458309,168.3437232
14.809,-4.20617532,170.7038189
14.8095,-4.190835513,168.1079579
14.81,-4.172427743,170.5034184
14.8105,-4.157087935,167.9376175
14.811,-4.141748127,165.7566867
14.8115,-4.123340358,168.5048378
14.812,-4.10800055,166.238824
14.8125,-4.092660742,164.3127122
14.813,-4.077320934,162.6755172
14.8135,-4.061981126,161.2839014
14.814,-4.046641318,160.101028
14.8145,-4.031301511,159.0955857
14.815,-4.015961703,158.2409596
14.8155,-4.000621895,157.5145275
14.816,-3.985282087,156.8970602
14.8165,-3.969942279,156.372213
14.817,-3.954602471,155.9260929
14.8175,-3.939262663,155.5468907
14.818,-3.923922855,155.2245689
14.8185,-3.911651009,150.3486531
14.819,-3.896311201,150.8060669
14.8195,-3.880971393,151.1948687
14.82,-3.868699547,146.9234079
14.8205,-3.853359739,147.8946085
14.821,-3.838019931,148.720129
14.8215,-3.825748085,144.8198791
14.822,-3.810408277,146.1066091
14.8225,-3.798136431,142.5983872
14.823,-3.782796623,144.2183409
14.8235,-3.770524777,140.9933592
14.824,-3.755184969,142.8540672
14.8245,-3.742913122,139.8337265
14.825,-3.730641276,137.266437
14.8255,-3.71836943,135.0842409
14.826,-3.706097584,133.2293742
14.8265,-3.690757776,136.2546799
14.827,-3.678485929,134.2242474
14.8275,-3.666214083,132.4983797
14.828,-3.653942237,131.0313922
14.8285,-3.64167039,129.7844528
14.829,-3.629398544,128.7245544
14.8295,-3.617126698,127.8236407
14.83,-3.604854852,127.057864
14.8305,-3.595650967,121.8050115
14.831,-3.583379121,121.9420292
14.8315,-3.571107274,122.0584943
14.832,-3.558835428,122.1574896
14.8325,-3.549631543,117.6396933
14.833,-3.537359697,118.4015087
14.8335,-3.528155812,114.4471095
14.834,-3.518951927,111.0858702
14.8345,-3.509748043,108.2288167
14.835,-3.497476196,110.4022637
14.8355,-3.488272312,107.6477512
14.836,-3.479068427,105.3064156
14.8365,-3.469864542,103.3162804
14.837,-3.460660657,101.6246654
14.8375,-3.451456773,100.1867927
14.838,-3.442252888,98.96460088
14.8385,-3.433049003,97.92573784
14.839,-3.42691308,92.44076189
14.8395,-3.417709195,92.3804747
14.84,-3.411573272,87.72728822
14.8405,-3.402369388,88.37402208
14.841,-3.393165503,88.92374586
14.8415,-3.38702958,84.78906871
14.842,-3.377825695,85.87653549
14.8425,-3.371689772,82.19893989
14.843,-3.365553849,79.07298364
14.8435,-3.359417925,76.41592082
14.844,-3.353282002,74.15741742
14.8445,-3.347146079,72.23768954
14.845,-3.341010156,70.60592083
14.8455,-3.334874233,69.21891744
14.846,-3.32873831,68.03996455
14.8465,-3.322602387,67.03785459
14.847,-3.316466463,66.18606113
14.8475,-3.31033054,65.46203669
14.848,-3.307262579,60.24467355
14.8485,-3.301126656,60.41185724
14.849,-3.298058694,55.95202102
14.8495,-3.291922771,56.7631026
14.85,-3.288854809,52.85057957
14.8505,-3.285786848,49.524935
14.851,-3.279650924,51.30007948
14.8515,-3.276582963,48.20700992
14.852,-3.273515001,45.57790079
14.8525,-3.27044704,43.34315804
14.853,-3.267379078,41.4436267
14.8535,-3.264311117,39.82902506
14.854,-3.261243155,38.45661366
14.8545,-3.258175193,37.29006398
14.855,-3.255107232,36.29849674
14.8555,-3.255107232,30.85372223
14.856,-3.25203927,30.82760626
14.8565,-3.248971309,30.80540768
14.857,-3.248971309,26.18459653
14.8575,-3.245903347,26.85884942
14.858,-3.245903347,22.830022
14.8585,-3.245903347,19.4055187
14.859,-3.242835386,21.09663326
14.8595,-3.242835386,17.93213827
14.86,-3.242835386,15.24231753
14.8605,-3.242835386,12.9559699
14.861,-3.242835386,11.01257442
14.8615,-3.242835386,9.360688254
14.862,-3.242835386,7.956585016
14.8625,-3.242835386,6.763097263
14.863,-3.242835386,5.748632674
14.8635,-3.242835386,4.886337773
14.864,-3.242835386,4.153387107
14.8645,-3.242835386,3.530379041
14.865,-3.242835386,3.000822185
14.8655,-3.245903347,-2.051243507
14.866,-3.245903347,-1.743556981
14.8665,-3.245903347,-1.482023434
14.867,-3.248971309,-5.861662282
14.8675,-3.248971309,-4.98241294
14.868,-3.25203927,-8.836993363
14.8685,-3.255107232,-12.11338672
14.869,-3.255107232,-10.29637871
14.8695,-3.258175193,-13.35386427
14.87,-3.261243155,-15.95272699
14.8705,-3.264311117,-18.16176031
14.871,-3.267379078,-20.03943863
14.8715,-3.27044704,-21.6354652
14.872,-3.273515001,-22.99208778
14.8725,-3.276582963,-24.14521698
14.873,-3.282718886,-29.72731916
14.8735,-3.285786848,-29.87016365
14.874,-3.291922771,-34.59352383
14.8745,-3.294990732,-34.00643762
14.875,-3.301126656,-38.1093567
14.8755,-3.304194617,-36.99489556
14.876,-3.31033054,-40.64954595
14.8765,-3.316466463,-43.75599879
14.877,-3.322602387,-46.3964837
14.8775,-3.32873831,-48.64089587
14.878,-3.334874233,-50.54864622
14.8785,-3.341010156,-52.17023401
14.879,-3.347146079,-53.54858364
14.8795,-3.353282002,-54.72018082
14.88,-3.359417925,-55.71603842
14.8805,-3.365553849,-56.56251739
14.881,-3.374757733,-61.88396687
14.8815,-3.380893656,-61.80525657
14.882,-3.390097541,-66.34029517
14.8825,-3.399301426,-70.19507799
14.883,-3.405437349,-68.86970102
14.8835,-3.414641234,-72.34507296
14.884,-3.423845119,-75.2991391
14.8845,-3.433049003,-77.81009533
14.885,-3.442252888,-79.94440812
14.8855,-3.451456773,-81.75857399
14.886,-3.460660657,-83.30061499
14.8865,-3.469864542,-84.61134983
14.887,-3.479068427,-85.72547445
14.8875,-3.488272312,-86.67248037
14.888,-3.497476196,-87.4774354
14.8885,-3.509748043,-92.76358955
14.889,-3.518951927,-92.65487821
14.8895,-3.531223774,-97.16441593
14.89,-3.540427658,-96.39558063
14.8905,-3.552699505,-100.344013
14.891,-3.561903389,-99.09823813
14.8915,-3.574175236,-102.6412719
14.892,-3.586447082,-105.6528505
14.8925,-3.598718928,-108.2126924
14.893,-3.610990775,-110.388558
14.8935,-3.623262621,-112.2380438
14.894,-3.635534467,-113.8101067
14.8945,-3.647806314,-115.1463601
14.895,-3.663146121,-120.8841179
14.8955,-3.675417968,-121.1592697
14.896,-3.687689814,-121.3931487
14.8965,-3.69996166,-121.5919458
14.897,-3.715301468,-126.3628658
14.8975,-3.727573315,-125.8162054
14.898,-3.742913122,-129.9534864
14.8985,-3.755184969,-128.8682329
14.899,-3.770524777,-132.5477098
14.8995,-3.782796623,-131.0733228
14.9,-3.798136431,-134.4220362
14.9005,-3.813476239,-137.2684426
14.901,-3.828816047,-139.687888
14.9015,-3.844155854,-141.7444166
14.902,-3.856427701,-138.8905236
14.9025,-3.871767509,-141.0666569
14.903,-3.887107317,-142.9163701
14.9035,-3.902447124,-144.4886264
14.904,-3.917786932,-145.8250443
14.9045,-3.93312674,-146.9609995
14.905,-3.945398586,-143.324619
14.9055,-3.960738394,-144.835638
14.906,-3.976078202,-146.1200041
14.9065,-3.99141801,-147.2117153
14.907,-4.006757818,-148.1396698
14.9075,-4.022097626,-148.9284312
14.908,-4.037437434,-149.5988783
14.9085,-4.052777242,-150.1687584
14.909,-4.068117049,-150.6531564
14.9095,-4.083456857,-151.0648948
14.91,-4.098796665,-151.4148724
14.9105,-4.111068512,-147.110411
14.911,-4.126408319,-148.0535612
14.9115,-4.141748127,-148.8552388
14.912,-4.157087935,-149.5366648
14.9125,-4.175495705,-154.7178193
14.913,-4.190835513,-154.5198582
14.9135,-4.20617532,-154.3515913
14.914,-4.221515128,-154.2085644
14.9145,-4.239922898,-158.6889339
14.915,-4.255262706,-157.8953057
14.9155,-4.270602513,-157.2207216
14.916,-4.289010283,-161.2492676
14.9165,-4.304350091,-160.0715892
14.917,-4.319689899,-159.0705627
14.9175,-4.338097668,-162.8216325
14.918,-4.353437476,-161.4080994
14.9185,-4.371845245,-164.8085387
14.919,-4.387185053,-163.0969697
14.9195,-4.405592823,-166.2440784
14.92,-4.424000592,-168.9191208
14.9205,-4.442408362,-171.1929069
14.921,-4.460816131,-173.125625
14.9215,-4.479223901,-174.7684355
14.922,-4.49763167,-176.1648243
14.9225,-4.51603944,-177.3517549
14.923,-4.537515171,-182.9625882
14.9235,-4.55592294,-183.1298541
14.924,-4.574330709,-183.2720302
14.9245,-4.595806441,-187.9948222
14.925,-4.61421421,-187.4072531
14.9255,-4.635689941,-191.5097616
14.926,-4.65409771,-190.3949516
14.9265,-4.67250548,-189.447363
14.927,-4.693981211,-193.2438551
14.9275,-4.71238898,-191.868931
14.928,-4.73079675,-190.7002456
14.9285,-4.749204519,-189.7068629
14.929,-4.767612289,-188.8624877
14.9295,-4.786020058,-188.1447687
14.93,-4.804427828,-187.5347076
14.9305,-4.822835597,-187.0161556
14.931,-4.841243367,-186.5753865
14.9315,-4.859651136,-186.2007327
14.932,-4.874990944,-181.2803346
14.9325,-4.893398713,-181.6999386
14.933,-4.908738521,-177.4546596
14.9335,-4.924078329,-173.8461725
14.934,-4.942486099,-175.3809008
14.9345,-4.957825906,-172.0834775
14.935,-4.976233676,-173.8826101
14.9355,-4.991573484,-170.8099304
14.936,-5.006913292,-168.1981526
14.9365,-5.0222531,-165.9781416
14.937,-5.040660869,-168.6930745
14.9375,-5.056000677,-166.3988251
14.938,-5.071340485,-164.4487132
14.9385,-5.086680293,-162.791118
14.939,-5.102020101,-161.3821621
14.9395,-5.117359908,-160.1845496
14.94,-5.132699716,-159.166579
14.9405,-5.151107486,-162.9032463
14.941,-5.166447294,-161.4774712
14.9415,-5.181787101,-160.2655623
14.942,-5.197126909,-159.2354398
14.9425,-5.212466717,-158.3598357
14.943,-5.230874487,-162.2175145
14.9435,-5.246214295,-160.8945991
14.944,-5.261554102,-159.7701211
14.9445,-5.27689391,-158.8143147
14.945,-5.29530168,-162.6038217
14.9455,-5.310641488,-161.2229603
14.946,-5.325981296,-160.0492281
14.9465,-5.341321103,-159.0515557
14.947,-5.359728873,-162.8054765
14.9475,-5.375068681,-161.3943668
14.948,-5.39347645,-164.796866
14.9485,-5.408816258,-163.0870479
14.949,-5.424156066,-161.6337025
14.9495,-5.442563835,-165.0003013
14.95,-5.457903643,-163.259968
14.9505,-5.473243451,-161.7806846
14.951,-5.491651221,-165.1252361
14.9515,-5.506991029,-163.3661625
14.952,-5.522330836,-161.8709499
14.9525,-5.537670644,-160.6000193
14.953,-5.553010452,-159.5197282
14.9535,-5.56835026,-158.6014808
14.954,-5.583690068,-157.8209705
14.9545,-5.599029876,-157.1575367
14.955,-5.614369684,-156.593618
14.9555,-5.629709492,-156.1142871
14.956,-5.641981338,-151.1049135
14.9565,-5.657321146,-151.4488883
14.957,-5.669592992,-147.1393245
14.9575,-5.681864838,-143.4761953
14.958,-5.694136685,-140.3625355
14.9585,-5.706408531,-137.7159246
14.959,-5.718680377,-135.4663054
14.9595,-5.730952224,-133.554129
14.96,-5.74322407,-131.9287791
14.9605,-5.755495916,-130.5472317
14.961,-5.764699801,-124.770974
14.9615,-5.776971647,-124.4630974
14.962,-5.786175532,-119.5994599
14.9625,-5.798447378,-120.0673103
14.963,-5.807651263,-115.8630409
14.9635,-5.816855148,-112.2894118
14.964,-5.826059032,-109.2518272
14.9645,-5.835262917,-106.6698802
14.965,-5.844466802,-104.4752252
14.9655,-5.853670687,-102.6097685
14.966,-5.862874571,-101.0241304
14.9665,-5.872078456,-99.67633789
14.967,-5.881282341,-98.5307143
14.9675,-5.890486225,-97.55693424
14.968,-5.896622149,-92.12727884
14.9685,-5.905826033,-92.1140141
14.969,-5.915029918,-92.10273908
14.9695,-5.924233803,-92.09315531
14.97,-5.933437688,-92.0850091
14.9705,-5.939573611,-87.47614246
14.971,-5.948777495,-88.16054818
14.9715,-5.95798138,-88.74229305
14.972,-5.967185265,-89.23677618
14.9725,-5.973321188,-85.05514448
14.973,-5.982525073,-86.1026999
14.9735,-5.988660996,-82.39117964
14.974,-5.997864881,-83.83832979
14.9745,-6.004000804,-80.46646505
14.975,-6.010136727,-77.60038002
14.9755,-6.019340612,-79.76615011
14.976,-6.025476535,-77.00511232
14.9765,-6.031612458,-74.6582302
14.977,-6.03468042,-68.06143803
14.9775,-6.040816343,-67.05610705
14.978,-6.046952266,-66.20157572
14.9785,-6.053088189,-65.47522409
14.979,-6.056156151,-60.25588284
14.9795,-6.062292074,-60.42138514
14.98,-6.065360035,-55.96011973
14.9805,-6.071495958,-56.7699865
14.981,-6.07456392,-52.85643089
14.9815,-6.080699843,-54.13185098
14.982,-6.083767805,-50.6140157
14.9825,-6.086835766,-47.62385571
14.983,-6.092971689,-49.68416208
14.9835,-6.096039651,-46.83348013
14.984,-6.099107613,-44.41040048
14.9845,-6.102175574,-42.35078277
14.985,-6.105243536,-40.60010772
14.9855,-6.108311497,-39.11203392
14.986,-6.108311497,-33.24522883
14.9865,-6.111379459,-32.86038687
14.987,-6.114447421,-32.53327121
14.9875,-6.117515382,-32.25522289
14.988,-6.120583344,-32.01888182
14.9885,-6.120583344,-27.21604955
14.989,-6.123651305,-27.73558448
14.9895,-6.123651305,-23.57524681
14.99,-6.123651305,-20.03895979
14.9905,-6.126719267,-21.63505818
14.991,-6.126719267,-18.38979945
14.9915,-6.126719267,-15.63132954
14.992,-6.126719267,-13.28663011
14.9925,-6.126719267,-11.29363559
14.993,-6.126719267,-9.599590251
14.9935,-6.126719267,-8.159651713
14.994,-6.126719267,-6.935703956
14.9945,-6.126719267,-5.895348363
14.995,-6.126719267,-5.011046109
14.9955,-6.126719267,-4.259389192
14.996,-6.123651305,0.98146155
14.9965,-6.123651305,0.834242318
14.997,-6.123651305,0.70910597
14.9975,-6.123651305,0.602740075
14.998,-6.120583344,5.114271427
14.9985,-6.120583344,4.347130713
14.999,-6.117515382,8.29700347
14.9995,-6.114447421,11.65439531
15,-6.114447421,9.906236016
15.0005,-6.111379459,13.02224298
15.001,-6.108311497,15.67084889
15.0015,-6.105243536,17.92216392
15.002,-6.102175574,19.8357817
15.0025,-6.099107613,21.46235681
15.003,-6.096039651,22.84494565
15.0035,-6.089903728,28.62208853
15.004,-6.086835766,28.93071761
15.0045,-6.080699843,33.7949947
15.005,-6.077631882,33.32768786
15.0055,-6.071495958,37.53241941
15.006,-6.065360035,41.10644122
15.0065,-6.062292074,39.5424174
15.007,-6.056156151,42.81493952
15.0075,-6.050020227,45.59658332
15.008,-6.043884304,47.96098055
15.0085,-6.037748381,49.97071819
15.009,-6.031612458,51.67899519
15.0095,-6.025476535,53.13103064
15.01,-6.019340612,54.36526077
15.0105,-6.013204689,55.41435638
15.011,-6.004000804,60.90803002
15.0115,-5.997864881,60.97571024
15.012,-5.991728957,61.03323843
15.0125,-5.982525073,65.68407976
15.013,-5.97638915,65.03535252
15.0135,-5.967185265,69.08587673
15.014,-5.95798138,72.52882232
15.0145,-5.951845457,70.8533837
15.015,-5.942641572,74.03120323
15.0155,-5.933437688,76.73234984
15.016,-5.924233803,79.02832445
15.0165,-5.91809788,76.37796051
15.017,-5.908893995,78.72709353
15.0175,-5.89969011,80.72385659
15.018,-5.890486225,82.42110519
15.0185,-5.881282341,83.8637665
15.019,-5.872078456,85.09002862
15.0195,-5.862874571,86.13235142
15.02,-5.850602725,91.62026816
15.0205,-5.84139884,91.68305503
15.021,-5.832194956,91.73642386
15.0215,-5.822991071,91.78178737
15.022,-5.810719225,96.42228872
15.0225,-5.80151534,95.76477251
15.023,-5.789243493,99.80782608
15.0235,-5.780039609,98.64247926
15.024,-5.767767762,102.2538768
15.0245,-5.755495916,105.3235648
15.025,-5.746292031,103.3308571
15.0255,-5.734020185,106.238998
15.026,-5.721748339,108.7109178
15.0265,-5.709476493,110.8120496
15.027,-5.697204646,112.5980116
15.0275,-5.6849328,114.1160793
15.028,-5.672660954,115.4064369
15.0285,-5.660389107,116.5032408
15.029,-5.648117261,117.4355241
15.0295,-5.635845415,118.227965
15.03,-5.620505607,123.503482
15.0305,-5.608233761,123.3857292
15.031,-5.595961914,123.2856393
15.0315,-5.580622106,127.8025052
15.032,-5.565282298,131.6418412
15.0325,-5.553010452,130.3033345
15.033,-5.537670644,133.7675461
15.0335,-5.522330836,136.712126
15.034,-5.506991029,139.215019
15.0345,-5.491651221,141.3424779
15.035,-5.476311413,143.1508181
15.0355,-5.460971605,144.6879072
15.036,-5.445631797,145.9944329
15.0365,-5.427224028,151.7069222
15.037,-5.41188422,151.9605957
15.0375,-5.39347645,156.7781605
15.038,-5.378136642,156.2711482
15.0385,-5.359728873,160.4421302
15.039,-5.341321103,163.9874648
15.0395,-5.325981296,162.3990569
15.04,-5.307573526,165.6508526
15.0405,-5.289165757,168.4148789
15.041,-5.273825949,166.1623589
15.0415,-5.255418179,168.8496592
15.042,-5.23701041,171.1338645
15.0425,-5.21860264,173.075439
15.043,-5.200194871,174.7257773
15.0435,-5.181787101,176.1285649
15.044,-5.163379332,177.3209344
15.0445,-5.144971563,178.3344484
15.045,-5.126563793,179.1959353
15.0455,-5.108156024,179.9281992
15.046,-5.089748254,180.5506235
15.0465,-5.071340485,181.0796842
15.047,-5.052932715,181.5293857
15.0475,-5.034524946,181.911632
15.048,-5.019185138,177.6345991
15.0485,-4.997709407,183.2030057
15.049,-4.979301637,183.3342091
15.0495,-4.96396183,178.8437895
15.05,-4.94555406,179.6288753
15.0505,-4.927146291,180.2961982
15.051,-4.908738521,180.8634226
15.0515,-4.890330752,181.3455634
15.052,-4.871922982,181.7553831
15.0525,-4.853515213,182.1037298
15.053,-4.835107443,182.3998245
15.0535,-4.816699674,182.651505
15.054,-4.798291905,182.8654334
15.0545,-4.779884135,183.0472726
15.055,-4.761476366,183.2018359
15.0555,-4.743068596,183.3332147
15.056,-4.724660827,183.4448867
15.0565,-4.706253057,183.5398079
15.057,-4.687845288,183.6204909
15.0575,-4.669437518,183.6890714
15.058,-4.651029749,183.7473649
15.0585,-4.632621979,183.7969143
15.059,-4.61421421,183.8390314
15.0595,-4.595806441,183.8748308
15.06,-4.574330709,188.5072028
15.0605,-4.55592294,187.8427765
15.061,-4.537515171,187.2780142
15.0615,-4.519107401,186.7979663
15.062,-4.500699632,186.3899255
15.0625,-4.479223901,190.6450332
15.063,-4.460816131,189.6599324
15.0635,-4.442408362,188.8225968
15.064,-4.424000592,188.1108614
15.0645,-4.402524861,192.1078288
15.065,-4.384117092,190.9033086
15.0655,-4.365709322,189.8794665
15.066,-4.344233591,193.6111431
15.0665,-4.325825822,192.1811258
15.067,-4.307418052,190.9656111
15.0675,-4.289010283,189.9324236
15.068,-4.267534552,193.6561566
15.0685,-4.249126782,192.2193873
15.069,-4.230719013,190.9981334
15.0695,-4.212311244,189.9600676
15.07,-4.193903474,189.0777116
15.0705,-4.172427743,192.9296514
15.071,-4.154019974,191.6018579
15.0715,-4.135612204,190.4732334
15.072,-4.117204435,189.5139026
15.0725,-4.098796665,188.6984714
15.073,-4.080388896,188.0053548
15.0735,-4.061981126,187.4162058
15.074,-4.043573357,186.9154291
15.0745,-4.025165587,186.4897689
15.075,-4.006757818,186.1279578
15.0755,-3.988350049,185.8204183
15.076,-3.973010241,180.9570674
15.0765,-3.954602471,181.4251614
15.077,-3.936194702,181.8230414
15.0775,-3.920854894,177.559297
15.078,-3.905515086,173.9351143
15.0785,-3.887107317,175.4565013
15.079,-3.871767509,172.1477379
15.0795,-3.853359739,173.9372314
15.08,-3.838019931,170.8563585
15.0805,-3.819612162,172.8395589
15.081,-3.804272354,169.9233369
15.0815,-3.788932546,167.4445482
15.082,-3.770524777,169.9395201
15.0825,-3.755184969,167.4583039
15.083,-3.739845161,165.3492702
15.0835,-3.724505353,163.5565915
15.084,-3.709165545,162.0328146
15.0845,-3.693825737,160.7376042
15.085,-3.678485929,159.6366754
15.0855,-3.663146121,158.7008859
15.086,-3.647806314,157.9054648
15.0865,-3.632466506,157.2293569
15.087,-3.617126698,156.6546652
15.0875,-3.604854852,151.5642349
15.088,-3.589515044,151.8393115
15.0885,-3.574175236,152.0731266
15.089,-3.558835428,152.2718694
15.0895,-3.546563582,147.8388584
15.09,-3.531223774,148.6727415
15.0905,-3.518951927,144.7795997
15.091,-3.506680081,141.4704292
15.0915,-3.491340273,143.2595767
15.092,-3.479068427,140.1784096
15.0925,-3.466796581,137.5594176
15.093,-3.451456773,139.9352168
15.0935,-3.439184926,137.3527037
15.094,-3.42691308,135.1575676
15.0945,-3.414641234,133.2917019
15.095,-3.399301426,136.3076585
15.0955,-3.38702958,134.2692792
15.096,-3.374757733,132.5366567
15.0965,-3.362485887,131.0639277
15.097,-3.353282002,125.2101656
15.0975,-3.341010156,124.8364102
15.098,-3.32873831,124.5187181
15.0985,-3.316466463,124.2486799
15.099,-3.307262579,119.417205
15.0995,-3.294990732,119.9123937
15.1,-3.285786848,115.7313617
15.1005,-3.273515001,116.7794269
15.101,-3.264311117,113.06834
15.1015,-3.255107232,109.9139161
15.102,-3.242835386,111.8345981
15.1025,-3.233631501,108.8652355
15.103,-3.224427616,106.3412773
15.1035,-3.215223731,104.1959128
15.104,-3.206019847,102.3723529
15.1045,-3.196815962,100.8223271
15.105,-3.187612077,99.50480512
15.1055,-3.178408192,98.38491144
15.106,-3.169204308,97.43300181
15.1065,-3.163068385,92.02193627
15.107,-3.1538645,92.02447292
15.1075,-3.144660615,92.02662907
15.108,-3.138524692,87.42651944
15.1085,-3.129320807,88.11836861
15.109,-3.123184884,84.10449805
15.1095,-3.113980999,85.29465043
15.11,-3.107845076,81.7043376
15.1105,-3.101709153,78.65257168
15.111,-3.09557323,76.05857066
15.1115,-3.086369345,78.45561215
15.112,-3.080233422,75.89115506
15.1125,-3.074097499,73.71136652
15.113,-3.067961576,71.85854627
15.1135,-3.061825653,70.28364906
15.114,-3.055689729,68.94498643
15.1145,-3.052621768,63.20518083
15.115,-3.046485845,62.92828843
15.1155,-3.040349922,62.69292989
15.116,-3.03728196,57.89093277
15.1165,-3.031146037,58.41117758
15.117,-3.028078075,54.25144331
15.1175,-3.021942152,55.31761154
15.118,-3.018874191,51.62191217
15.1185,-3.015806229,48.48056771
15.119,-3.009670306,50.41236728
15.1195,-3.006602344,47.45245455
15.12,-3.003534383,44.93652873
15.1205,-3.003534383,38.19604942
15.121,-3.000466421,37.06858437
15.1215,-2.99739846,36.11023908
15.122,-2.994330498,35.29564558
15.1225,-2.994330498,30.00129875
15.123,-2.991262536,30.1030463
15.1235,-2.991262536,25.58758935
15.124,-2.988194575,26.35139331
15.1245,-2.988194575,22.39868432
15.125,-2.988194575,19.03888167
15.1255,-2.985126613,20.78499178
15.126,-2.985126613,17.66724301
15.1265,-2.985126613,15.01715656
15.127,-2.985126613,12.76458308
15.1275,-2.985126613,10.84989562
15.128,-2.985126613,9.222411274
15.1285,-2.985126613,7.839049583
15.129,-2.985126613,6.663192146
15.1295,-2.988194575,1.06177096
15.13,-2.988194575,0.902505316
15.1305,-2.988194575,0.767129519
15.131,-2.991262536,-3.949882273
15.1315,-2.994330498,-7.959342296
15.132,-2.994330498,-6.765440951
15.1325,-2.99739846,-10.35256717
15.133,-3.000466421,-13.40162446
15.1335,-3.003534383,-15.99332315
15.134,-3.006602344,-18.19626705
15.1345,-3.009670306,-20.06876935
15.135,-3.012738267,-21.66039631
15.1355,-3.015806229,-23.01327923
15.136,-3.021942152,-28.76517207
15.1365,-3.025010114,-29.05233863
15.137,-3.031146037,-33.89837256
15.1375,-3.034213998,-33.41555904
15.138,-3.040349922,-37.60710991
15.1385,-3.046485845,-41.16992815
15.139,-3.052621768,-44.19832366
15.1395,-3.058757691,-46.77245983
15.14,-3.064893614,-48.96047559
15.1405,-3.071029537,-50.82028898
15.141,-3.07716546,-52.40113036
15.1415,-3.083301384,-53.74484553
15.142,-3.092505268,-59.48894579
15.1425,-3.098641192,-59.76948865
15.143,-3.107845076,-64.60989244
15.1435,-3.113980999,-64.1222933
15.144,-3.123184884,-68.3097764
15.1445,-3.129320807,-67.26719467
15.145,-3.138524692,-70.98294256
15.1455,-3.147728577,-74.14132827
15.146,-3.156932461,-76.82595612
15.1465,-3.166136346,-79.10788979
15.147,-3.175340231,-81.04753341
15.1475,-3.184544116,-82.69623049
15.148,-3.193748,-84.09762301
15.1485,-3.202951885,-85.28880665
15.149,-3.21215577,-86.30131274
15.1495,-3.224427616,-91.76388529
15.15,-3.233631501,-91.80512958
15.1505,-3.245903347,-96.4421296
15.151,-3.258175193,-100.3835796
15.1515,-3.267379078,-99.13186976
15.152,-3.279650924,-102.6698588
15.1525,-3.288854809,-101.075207
15.153,-3.301126656,-104.3216954
15.1535,-3.313398502,-107.0812106
15.154,-3.325670348,-109.4267984
15.1545,-3.337942194,-111.4205481
15.155,-3.347146079,-108.513293
15.1555,-3.359417925,-110.6440685
15.156,-3.371689772,-112.4552277
15.1565,-3.383961618,-113.994713
15.157,-3.396233464,-115.3032755
15.1575,-3.411573272,-121.017496
15.158,-3.423845119,-121.272641
15.1585,-3.436116965,-121.4895143
15.159,-3.451456773,-126.275799
15.1595,-3.463728619,-125.7421986
15.16,-3.476000465,-125.2886383
15.1605,-3.491340273,-129.5050544
15.161,-3.50361212,-128.4870657
15.1615,-3.515883966,-127.6217753
15.162,-3.531223774,-131.4882208
15.1625,-3.54349562,-130.1727571
15.163,-3.558835428,-133.6565554
15.1635,-3.571107274,-132.0158415
15.164,-3.586447082,-135.2231771
15.1645,-3.60178689,-137.9494124
15.165,-3.617126698,-140.2667123
15.1655,-3.632466506,-142.2364173
15.166,-3.647806314,-143.9106665
15.1665,-3.66007816,-140.731836
15.167,-3.675417968,-142.6317724
15.1675,-3.690757776,-144.2467184
15.168,-3.706097584,-145.6194224
15.1685,-3.721437391,-146.7862209
15.169,-3.736777199,-147.7779996
15.1695,-3.752117007,-148.6210115
15.17,-3.767456815,-149.3375716
15.1705,-3.782796623,-149.9466476
15.171,-3.798136431,-150.4643623
15.1715,-3.813476239,-150.9044198
15.172,-3.828816047,-151.2784686
15.1725,-3.847223816,-156.1983525
15.173,-3.862563624,-155.7783115
15.1735,-3.877903432,-155.4212766
15.174,-3.89324324,-155.1177969
15.1745,-3.911651009,-159.4617815
15.175,-3.926990817,-158.5522261
15.1755,-3.942330625,-157.779104
15.176,-3.957670433,-157.1219502
15.1765,-3.976078202,-161.1653119
15.177,-3.99141801,-160.0002269
15.1775,-4.00982578,-163.6118471
15.178,-4.025165587,-162.0797818
15.1785,-4.043573357,-165.3794687
15.179,-4.058913165,-163.5822602
15.1795,-4.077320934,-166.6565754
15.18,-4.095728704,-169.2697433
15.1805,-4.111068512,-166.8889936
15.181,-4.129476281,-169.4672987
15.1815,-4.144816089,-167.0569157
15.182,-4.163223858,-169.6100326
15.1825,-4.181631628,-171.7801819
15.183,-4.196971436,-169.0228664
15.1835,-4.215379205,-171.2810906
15.184,-4.233786975,-173.2005812
15.1845,-4.252194744,-174.8321482
15.185,-4.270602513,-176.2189802
15.1855,-4.285942321,-172.795845
15.186,-4.304350091,-174.4881224
15.1865,-4.32275786,-175.9265582
15.187,-4.34116563,-177.1492287
15.1875,-4.356505438,-173.5865562
15.188,-4.374913207,-175.1602269
15.1885,-4.393320977,-176.4978471
15.189,-4.411728746,-177.6348242
15.1895,-4.430136515,-178.6012548
15.19,-4.448544285,-179.4227207
15.1905,-4.463884093,-175.5190244
15.191,-4.482291862,-176.8028249
15.1915,-4.500699632,-177.8940554
15.192,-4.519107401,-178.8216013
15.1925,-4.537515171,-179.6100153
15.193,-4.552854978,-175.6782248
15.1935,-4.571262748,-176.9381452
15.194,-4.589670517,-178.0090776
15.1945,-4.608078287,-178.9193702
15.195,-4.626486056,-179.6931188
15.1955,-4.644893826,-180.3508052
15.196,-4.663301595,-180.9098386
15.1965,-4.681709365,-181.385017
15.197,-4.700117134,-181.7889186
15.1975,-4.715456942,-177.5302926
15.198,-4.733864711,-178.5124029
15.1985,-4.749204519,-174.7452543
15.199,-4.767612289,-176.1451203
15.1995,-4.786020058,-177.3350065
15.2,-4.801359866,-173.7444673
15.2005,-4.819767636,-175.2944514
15.201,-4.835107443,-172.0099955
15.2015,-4.850447251,-169.218208
15.202,-4.865787059,-166.8451886
15.2025,-4.884194829,-169.4300645
15.203,-4.899534637,-167.0252667
15.2035,-4.914874444,-164.9811885
15.204,-4.930214252,-163.243722
15.2045,-4.94555406,-161.7668755
15.205,-4.960893868,-160.511556
15.2055,-4.976233676,-159.4445344
15.206,-4.991573484,-158.5375661
15.2065,-5.006913292,-157.766643
15.207,-5.0222531,-157.1113584
15.2075,-5.037592907,-156.5543664
15.208,-5.052932715,-156.0809233
15.2085,-5.068272523,-155.6784966
15.209,-5.080544369,-150.7344916
15.2095,-5.095884177,-151.1340297
15.21,-5.111223985,-151.473637
15.2105,-5.126563793,-151.7623033
15.211,-5.141903601,-152.0076696
15.2115,-5.157243409,-152.216231
15.212,-5.169515255,-147.7915658
15.2125,-5.184855063,-148.6325427
15.213,-5.200194871,-149.3473732
15.2135,-5.215534679,-149.954979
15.214,-5.230874487,-150.471444
15.2145,-5.246214295,-150.9104392
15.215,-5.258486141,-146.6816428
15.2155,-5.273825949,-147.6891082
15.216,-5.289165757,-148.5454538
15.2165,-5.304505565,-149.2733475
15.217,-5.316777411,-145.2901148
15.2175,-5.332117219,-146.5063094
15.218,-5.347457027,-147.5400748
15.2185,-5.359728873,-143.8168331
15.219,-5.375068681,-145.2540199
15.2195,-5.390408489,-146.4756288
15.22,-5.402680335,-142.9120539
15.2205,-5.418020143,-144.4849576
15.221,-5.433359951,-145.8219258
15.2215,-5.445631797,-142.3564064
15.222,-5.457903643,-139.4107149
15.2225,-5.473243451,-141.5088195
15.223,-5.485515297,-138.690266
15.2235,-5.500855105,-140.8964379
15.224,-5.513126952,-138.1697417
15.2245,-5.525398798,-135.8520499
15.225,-5.540738606,-138.4839542
15.2255,-5.553010452,-136.1191305
15.226,-5.56835026,-138.7109728
15.2265,-5.580622106,-136.3120963
15.227,-5.595961914,-138.8749937
15.2275,-5.608233761,-136.4515141
15.228,-5.620505607,-134.3915564
15.2285,-5.632777453,-132.6405924
15.229,-5.645049299,-131.152273
15.2295,-5.660389107,-134.4891439
15.23,-5.672660954,-132.7235418
15.2305,-5.681864838,-126.6208376
15.231,-5.694136685,-126.0354814
15.2315,-5.706408531,-125.5379286
15.232,-5.718680377,-125.1150088
15.2325,-5.727884262,-120.1535846
15.233,-5.740156108,-120.5383163
15.2335,-5.749359993,-116.263396
15.234,-5.761631839,-117.231656
15.2345,-5.770835724,-113.4527347
15.235,-5.780039609,-110.2406516
15.2355,-5.789243493,-107.510381
15.236,-5.798447378,-105.1896509
15.2365,-5.807651263,-103.2170304
15.237,-5.816855148,-101.5403029
15.2375,-5.826059032,-100.1150846
15.238,-5.835262917,-98.90364896
15.2385,-5.84139884,-93.27198634
15.239,-5.850602725,-93.08701548
15.2395,-5.856738648,-88.32784789
15.24,-5.862874571,-84.28255543
15.2405,-5.872078456,-85.44599921
15.241,-5.878214379,-81.83298405
15.2415,-5.881282341,-74.15997881
15.242,-5.890486225,-76.84180908
15.2425,-5.893554187,-69.91748008
15.243,-5.89969011,-68.6337428
15.2435,-5.905826033,-67.5425661
15.244,-5.911961957,-66.61506592
15.2445,-5.91809788,-65.82669076
15.245,-5.924233803,-65.15657187
15.2455,-5.930369726,-64.58697082
15.246,-5.933437688,-59.50086756
15.2465,-5.939573611,-59.77962215
15.247,-5.945709534,-60.01656356
15.2475,-5.948777495,-55.61602139
15.248,-5.954913419,-56.47750291
15.2485,-5.95798138,-52.60781983
15.249,-5.961049342,-49.31858922
15.2495,-5.964117303,-46.5227432
15.25,-5.970253226,-48.74821645
15.2505,-5.973321188,-46.03792635
15.251,-5.97638915,-43.73417976
15.2515,-5.979457111,-41.77599516
15.252,-5.979457111,-35.50959588
15.2525,-5.982525073,-34.78509886
15.253,-5.985593034,-34.1692764
15.2535,-5.988660996,-33.6458273
15.254,-5.988660996,-28.59895321
15.2545,-5.991728957,-28.91105259
15.255,-5.991728957,-24.5743947
15.2555,-5.991728957,-20.8882355
15.256,-5.994796919,-22.35694254
15.2565,-5.994796919,-19.00340116
15.257,-5.994796919,-16.15289098
15.2575,-5.994796919,-13.72995733
15.258,-5.994796919,-11.67046373
15.2585,-5.994796919,-9.919894174
15.259,-5.994796919,-8.431910048
15.2595,-5.994796919,-7.167123541
15.26,-5.994796919,-6.09205501
15.2605,-5.994796919,-5.178246758
15.261,-5.994796919,-4.401509745
15.2615,-5.994796919,-3.741283283
15.262,-5.994796919,-3.18009079
15.2625,-5.994796919,-2.703077172
15.263,-5.994796919,-2.297615596
15.2635,-5.994796919,-1.952973257
15.264,-5.994796919,-1.660027268
15.2645,-5.991728957,3.190919186
15.265,-5.991728957,2.712281308
15.2655,-5.991728957,2.305439112
15.266,-5.991728957,1.959623245
15.2665,-5.988660996,6.267622122
15.267,-5.988660996,5.327478804
15.2675,-5.988660996,4.528356983
15.268,-5.985593034,8.451045799
15.2685,-5.985593034,7.183388929
15.269,-5.982525073,10.70782295
15.2695,-5.982525073,9.101649511
15.27,-5.979457111,12.33834445
15.2705,-5.97638915,15.08953514
15.271,-5.97638915,12.82610487
15.2715,-5.973321188,15.50413151
15.272,-5.970253226,17.78045414
15.2725,-5.967185265,19.71532839
15.273,-5.967185265,16.75802913
15.2735,-5.964117303,18.84626712
15.274,-5.961049342,20.62126942
15.2745,-5.95798138,22.13002137
15.275,-5.954913419,23.41246053
15.2755,-5.948777495,29.10447618
15.276,-5.945709534,29.34074711
15.2765,-5.942641572,29.54157741
15.277,-5.936505649,34.31422553
15.2775,-5.933437688,33.76903406
15.278,-5.927301764,37.90756368
15.2785,-5.924233803,36.82337149
15.279,-5.91809788,40.50375049
15.2795,-5.915029918,39.03013028
15.28,-5.908893995,42.37949547
15.2805,-5.902758072,45.22645588
15.281,-5.896622149,47.64637222
15.2815,-5.890486225,49.70330112
15.282,-5.884350302,51.45169068
15.2825,-5.878214379,52.9378218
15.283,-5.872078456,54.20103326
15.2835,-5.865942533,55.274763
15.284,-5.85980661,56.18743327
15.2845,-5.850602725,61.56514537
15.285,-5.844466802,61.5342583
15.2855,-5.835262917,66.10994664
15.286,-5.826059032,69.99928174
15.2865,-5.819923109,68.7032742
15.287,-5.810719225,72.20361016
15.2875,-5.80151534,75.17889573
15.288,-5.792311455,77.70788846
15.2885,-5.78310757,79.85753228
15.289,-5.773903686,81.68472953
15.2895,-5.764699801,83.23784719
15.29,-5.755495916,84.55799721
15.2905,-5.74322407,90.28206708
15.291,-5.734020185,90.54558411
15.2915,-5.7248163,90.76957358
15.292,-5.712544454,95.561907
15.2925,-5.703340569,95.03344804
15.293,-5.691068723,99.18620029
15.2935,-5.678796877,102.7160397
15.294,-5.66652503,105.7164032
15.2945,-5.657321146,103.6647698
15.295,-5.645049299,106.5228238
15.2955,-5.629709492,113.554112
15.296,-5.617437645,114.9287647
15.2965,-5.605165799,116.0972194
15.297,-5.589825991,121.6923483
15.2975,-5.577554145,121.8462655
15.298,-5.562214337,126.5790375
15.2985,-5.546874529,130.6018937
15.299,-5.531534721,134.0213215
15.2995,-5.516194913,136.9278351
15.3,-5.497787144,144.000314
15.3005,-5.482447336,145.4099787
15.301,-5.467107528,146.6081937
15.3015,-5.448699759,152.2286189
15.302,-5.430291989,157.0059802
15.3025,-5.414952181,156.464795
15.303,-5.396544412,160.6067299
15.3035,-5.378136642,164.1273746
15.304,-5.359728873,167.1199226
15.3045,-5.341321103,169.6635884
15.305,-5.322913334,171.8257043
15.3055,-5.304505565,173.6635029
15.306,-5.286097795,175.2256316
15.3065,-5.267690026,176.553441
15.307,-5.249282256,177.6820791
15.3075,-5.227806525,183.2433638
15.308,-5.209398756,183.3685134
15.3085,-5.190990986,183.4748906
15.309,-5.172583217,183.5653112
15.3095,-5.154175447,183.6421687
15.31,-5.135767678,183.7074975
15.3105,-5.117359908,183.7630271
15.311,-5.102020101,179.2082848
15.3115,-5.086680293,175.3367539
15.312,-5.068272523,176.647895
15.3125,-5.052932715,173.1604226
15.313,-5.034524946,174.7980134
15.3135,-5.019185138,171.5880232
15.314,-5.00384533,168.8595315
15.3145,-4.988505522,166.5403136
15.315,-4.973165714,164.5689784
15.3155,-4.954757945,167.4952858
15.316,-4.939418137,165.3807048
15.3165,-4.924078329,163.5833109
15.317,-4.911806483,157.4535837
15.3175,-4.896466675,156.845258
15.318,-4.881126867,156.3281811
15.3185,-4.865787059,155.8886657
15.319,-4.850447251,155.5150777
15.3195,-4.838175405,150.5955855
15.32,-4.822835597,151.0159595
15.3205,-4.807495789,151.3732774
15.321,-4.795223943,147.0750552
15.3215,-4.779884135,148.0235088
15.322,-4.764544327,148.8296943
15.3225,-4.752272481,144.9130096
15.323,-4.736932673,146.18577
15.3235,-4.724660827,142.6656739
15.324,-4.71238898,139.6735923
15.3245,-4.697049173,141.7322653
15.325,-4.684777326,138.8801949
15.3255,-4.67250548,136.4559351
15.326,-4.657165672,138.9972567
15.3265,-4.644893826,136.5554376
15.327,-4.629554018,139.0818338
15.3275,-4.617282172,136.6273282
15.328,-4.601942364,139.1429408
15.3285,-4.586602556,141.2812115
15.329,-4.571262748,143.0987416
15.3295,-4.558990902,140.0416998
15.33,-4.543651094,142.0451566
15.3305,-4.528311286,143.748095
15.331,-4.512971478,145.1955925
15.3315,-4.49763167,146.4259655
15.332,-4.482291862,147.4717825
15.3325,-4.466952054,148.3607269
15.333,-4.451612246,149.1163297
15.3335,-4.436272439,149.7585921
15.334,-4.420932631,150.3045151
15.3345,-4.402524861,155.370492
15.335,-4.387185053,155.07463
15.3355,-4.368777284,159.4250897
15.336,-4.353437476,158.5210381
15.3365,-4.338097668,157.7525942
15.337,-4.319689899,161.7013592
15.3375,-4.301282129,165.0578095
15.338,-4.285942321,163.3088499
15.3385,-4.267534552,166.4241766
15.339,-4.249126782,169.0722043
15.3395,-4.230719013,171.3230278
15.34,-4.212311244,173.2362278
15.3405,-4.193903474,174.8624478
15.341,-4.175495705,176.2447349
15.3415,-4.154019974,182.0216212
15.342,-4.135612204,182.3300322
15.3425,-4.117204435,182.5921815
15.343,-4.098796665,182.8150085
15.3435,-4.080388896,183.0044114
15.344,-4.061981126,183.1654039
15.3445,-4.040505395,187.9041898
15.345,-4.022097626,187.3302155
15.3455,-4.003689856,186.8423374
15.346,-3.985282087,186.427641
15.3465,-3.963806356,190.6770914
15.347,-3.945398586,189.6871818
15.3475,-3.930058779,184.2438164
15.348,-3.911651009,184.2188981
15.3485,-3.89324324,184.1977176
15.349,-3.877903432,179.5777718
15.3495,-3.859495662,180.2527602
15.35,-3.844155854,176.224558
15.3505,-3.828816047,172.8005861
15.351,-3.810408277,174.4921524
15.3515,-3.795068469,171.3280413
15.352,-3.779728661,168.6385469
15.3525,-3.764388853,166.3524767
15.353,-3.752117007,159.8073747
15.3535,-3.736777199,158.8459803
15.354,-3.724505353,153.4268527
15.3545,-3.712233507,148.8205942
15.355,-3.696893699,149.5072169
15.3555,-3.684621853,145.4889038
15.356,-3.672350006,142.0733377
15.3565,-3.657010198,143.7720489
15.357,-3.644738352,140.614011
15.3575,-3.632466506,137.9296788
15.358,-3.620194659,135.6479964
15.3585,-3.607922813,133.7085664
15.359,-3.595650967,132.0600509
15.3595,-3.583379121,130.6588127
15.36,-3.571107274,129.4677603
15.3605,-3.558835428,128.4553657
15.361,-3.546563582,127.5948303
15.3615,-3.534291735,126.8633752
15.362,-3.522019889,126.2416384
15.3625,-3.512816004,121.1112197
15.363,-3.500544158,121.3523062
15.3635,-3.488272312,121.5572297
15.364,-3.476000465,121.7314147
15.3645,-3.463728619,121.879472
15.365,-3.454524734,117.4033783
15.3655,-3.442252888,118.200641
15.366,-3.429981042,118.8783143
15.3665,-3.420777157,114.8523942
15.367,-3.408505311,116.0323046
15.3675,-3.399301426,112.433286
15.368,-3.38702958,113.9760625
15.3685,-3.377825695,110.6854802
15.369,-3.36862181,107.8884853
15.3695,-3.359417925,105.5110396
15.37,-3.347146079,108.0921531
15.3705,-3.337942194,105.6841572
15.371,-3.32873831,103.6373607
15.3715,-3.319534425,101.8975837
15.372,-3.31033054,100.4187733
15.3725,-3.304194617,94.55984199
15.373,-3.294990732,94.18169278
15.3735,-3.285786848,93.86026596
15.374,-3.279650924,88.98511079
15.3745,-3.27044704,89.44317126
15.375,-3.264311117,85.2305803
15.3755,-3.255107232,86.25182035
15.376,-3.248971309,82.51793202
15.3765,-3.239767424,83.94606931
15.377,-3.233631501,80.55804364
15.3775,-3.227495578,77.67822182
15.378,-3.221359655,75.23037328
15.3785,-3.215223731,73.14970201
15.379,-3.209087808,71.38113144
15.3795,-3.202951885,69.87784645
15.38,-3.196815962,68.60005421
15.3805,-3.190680039,67.5139308
15.381,-3.184544116,66.59072591
15.3815,-3.181476154,61.20405939
15.382,-3.175340231,61.22733521
15.3825,-3.172272269,56.64517729
15.383,-3.166136346,57.35228542
15.3835,-3.163068385,53.35138497
15.384,-3.160000423,49.95061959
15.3845,-3.1538645,51.66191138
15.385,-3.150796538,48.51456704
15.3855,-3.147728577,45.83932434
15.386,-3.144660615,43.56536806
15.3865,-3.141592654,41.63250521
15.387,-3.138524692,39.98957179
15.3875,-3.13545673,38.59307839
15.388,-3.13545673,32.80411663
15.3885,-3.132388769,32.4854415
15.389,-3.129320807,32.21456764
15.3895,-3.129320807,27.38238249
15.39,-3.126252846,27.87696748
15.3905,-3.126252846,23.69542236
15.391,-3.126252846,20.14110901
15.3915,-3.126252846,17.11994265
15.392,-3.126252846,14.55195126
15.3925,-3.126252846,12.36915857
15.393,-3.126252846,10.51378478
15.3935,-3.126252846,8.936717066
15.394,-3.126252846,7.596209506
15.3945,-3.126252846,6.45677808
15.395,-3.126252846,5.488261368
15.3955,-3.129320807,0.063079799
15.396,-3.129320807,0.053617829
15.3965,-3.132388769,-4.556367209
15.397,-3.132388769,-3.872912128
15.3975,-3.13545673,-7.893917672
15.398,-3.138524692,-11.31177238
15.3985,-3.141592654,-14.21694889
15.399,-3.144660615,-16.68634892
15.3995,-3.147728577,-18.78533895
15.4,-3.150796538,-20.56948047
15.4005,-3.1538645,-22.08600076
15.401,-3.160000423,-27.97698537
15.4015,-3.163068385,-28.38237993
15.402,-3.166136346,-28.72696531
15.4025,-3.172272269,-33.62180524
15.403,-3.178408192,-37.78241918
15.4035,-3.181476154,-36.71699867
15.404,-3.187612077,-40.41333359
15.4045,-3.196815962,-48.15716065
15.405,-3.202951885,-50.13747128
15.4055,-3.209087808,-51.82073531
15.406,-3.215223731,-53.25150974
15.4065,-3.221359655,-54.46766801
15.407,-3.230563539,-60.1033449
15.4075,-3.236699462,-60.29172789
15.408,-3.245903347,-65.0537958
15.4085,-3.255107232,-69.10155352
15.409,-3.261243155,-67.94020522
15.4095,-3.27044704,-71.55500153
15.41,-3.279650924,-74.62757839
15.4105,-3.288854809,-77.23926872
15.411,-3.298058694,-79.4592055
15.4115,-3.307262579,-81.34615177
15.412,-3.316466463,-82.9500561
15.4125,-3.32873831,-88.91531714
15.413,-3.337942194,-89.38384666
15.4135,-3.347146079,-89.78209675
15.414,-3.359417925,-94.72255169
15.4145,-3.36862181,-94.31999603
15.415,-3.380893656,-98.57976608
15.4155,-3.393165503,-102.2005706
15.416,-3.405437349,-105.2782545
15.4165,-3.414641234,-103.2923434
15.417,-3.42691308,-106.2062613
15.4175,-3.442252888,-113.285034
15.418,-3.454524734,-114.7000483
15.4185,-3.466796581,-115.9028105
15.419,-3.479068427,-116.9251584
15.4195,-3.491340273,-117.7941541
15.42,-3.506680081,-123.1347428
15.4205,-3.518951927,-123.0723008
15.421,-3.531223774,-123.0192252
15.4215,-3.546563582,-127.5760532
15.422,-3.558835428,-126.8474147
15.4225,-3.574175236,-130.8300143
15.423,-3.589515044,-134.215224
15.4235,-3.604854852,-137.0926522
15.424,-3.617126698,-134.9365238
15.4245,-3.632466506,-137.7057571
15.425,-3.647806314,-140.0596053
15.4255,-3.663146121,-142.0603763
15.426,-3.675417968,-139.1590893
15.4265,-3.690757776,-141.2949378
15.427,-3.706097584,-143.1104089
15.4275,-3.721437391,-144.6535594
15.428,-3.736777199,-145.9652373
15.4285,-3.749049046,-142.4782212
15.429,-3.764388853,-144.1161998
15.4295,-3.779728661,-145.5084817
15.43,-3.795068469,-146.6919212
15.4305,-3.810408277,-147.6978449
15.431,-3.825748085,-148.5528799
15.4315,-3.838019931,-144.6777174
15.432,-3.853359739,-145.9857716
15.4325,-3.868699547,-147.0976177
15.433,-3.884039355,-148.0426869
15.4335,-3.899379163,-148.8459956
15.434,-3.914718971,-149.5288081
15.4345,-3.930058779,-150.1091987
15.435,-3.942330625,-146.0005884
15.4355,-3.957670433,-147.1102119
15.436,-3.973010241,-148.053392
15.4365,-3.988350049,-148.855095
15.437,-4.003689856,-149.5365426
15.4375,-4.019029664,-150.115773
15.438,-4.034369472,-150.6081189
15.4385,-4.04970928,-151.0266128
15.439,-4.065049088,-151.3823327
15.4395,-4.080388896,-151.6846946
15.44,-4.095728704,-151.9417023
15.4405,-4.111068512,-152.1601587
15.441,-4.126408319,-152.3458468
15.4415,-4.144816089,-157.1056239
15.442,-4.160155897,-156.5494922
15.4425,-4.178563666,-160.6787225
15.443,-4.193903474,-159.586626
15.4435,-4.212311244,-163.2602862
15.444,-4.227651051,-161.7809551
15.4445,-4.246058821,-165.125466
15.445,-4.26446659,-167.9683003
15.4455,-4.28287436,-170.3847094
15.446,-4.301282129,-172.4386572
15.4465,-4.319689899,-174.1845128
15.447,-4.338097668,-175.6684901
15.4475,-4.356505438,-176.9298707
15.448,-4.374913207,-178.0020443
15.4485,-4.393320977,-178.9133918
15.449,-4.411728746,-179.6880373
15.4495,-4.430136515,-180.3464858
15.45,-4.448544285,-180.9061672
15.4505,-4.466952054,-181.3818963
15.451,-4.485359824,-181.786266
15.4515,-4.503767593,-182.1299803
15.452,-4.522175363,-182.4221374
15.4525,-4.537515171,-178.0685286
15.453,-4.55592294,-178.9699035
15.4535,-4.574330709,-179.7360722
15.454,-4.592738479,-180.3873155
15.4545,-4.611146248,-180.9408724
15.455,-4.626486056,-176.8094533
15.4555,-4.644893826,-177.8996895
15.456,-4.663301595,-178.8263903
15.4565,-4.678641403,-175.0121436
15.457,-4.693981211,-171.7700338
15.4575,-4.709321019,-169.0142406
15.458,-4.727728788,-171.2737587
15.4585,-4.743068596,-168.5924067
15.459,-4.758408404,-166.3132575
15.4595,-4.773748212,-164.3759807
15.46,-4.792155981,-167.3312378
15.4605,-4.807495789,-165.2412639
15.461,-4.822835597,-163.4647862
15.4615,-4.838175405,-161.9547801
15.462,-4.856583174,-165.2732172
15.4625,-4.871922982,-163.4919465
15.463,-4.88726279,-161.9778663
15.4635,-4.902602598,-160.6908982
15.464,-4.917942406,-159.5969753
15.4645,-4.933282214,-158.6671408
15.465,-4.948622022,-157.8767815
15.4655,-4.96396183,-157.2049761
15.466,-4.979301637,-156.6339415
15.4665,-4.994641445,-156.1485621
15.467,-5.009981253,-155.7359896
15.4675,-5.0222531,-150.7833606
15.468,-5.037592907,-151.1755683
15.4685,-5.052932715,-151.5089449
15.469,-5.068272523,-151.792315
15.4695,-5.083612331,-152.0331796
15.47,-5.098952139,-152.2379144
15.4705,-5.111223985,-147.8099967
15.471,-5.126563793,-148.648209
15.4715,-5.141903601,-149.3606895
15.472,-5.157243409,-149.9662979
15.4725,-5.172583217,-150.481065
15.473,-5.187923025,-150.9186171
15.4735,-5.203262833,-151.2905363
15.474,-5.21860264,-151.6066677
15.4745,-5.233942448,-151.8753794
15.475,-5.249282256,-152.1037843
15.4755,-5.264622064,-152.2979285
15.476,-5.279961872,-152.462951
15.4765,-5.29530168,-152.6032202
15.477,-5.310641488,-152.722449
15.4775,-5.325981296,-152.8237934
15.478,-5.341321103,-152.9099362
15.4785,-5.356660911,-152.9831576
15.479,-5.372000719,-153.0453958
15.4795,-5.387340527,-153.0982982
15.48,-5.402680335,-153.1432653
15.4805,-5.418020143,-153.1814873
15.481,-5.433359951,-153.2139761
15.4815,-5.448699759,-153.2415915
15.482,-5.464039566,-153.2650646
15.4825,-5.479379374,-153.2850167
15.483,-5.491651221,-148.7000337
15.4835,-5.506991029,-149.4047404
15.484,-5.522330836,-150.0037412
15.4845,-5.534602683,-145.9109495
15.485,-5.549942491,-147.0340189
15.4855,-5.565282298,-147.9886278
15.486,-5.577554145,-144.1981031
15.4865,-5.592893953,-145.5780995
15.487,-5.608233761,-146.7510964
15.4875,-5.620505607,-143.1462014
15.488,-5.632777453,-140.0820406
15.4885,-5.645049299,-137.477504
15.489,-5.657321146,-135.2636478
15.4895,-5.669592992,-133.3818701
15.49,-5.681864838,-131.7823591
15.4905,-5.694136685,-130.4227747
15.491,-5.706408531,-129.2671279
15.4915,-5.718680377,-128.2848282
15.492,-5.730952224,-127.4498734
15.4925,-5.740156108,-122.1382195
15.493,-5.752427955,-122.225256
15.4935,-5.764699801,-122.2992371
15.494,-5.773903686,-117.7601786
15.4945,-5.78310757,-113.9019789
15.495,-5.795379417,-115.2244515
15.4955,-5.804583301,-111.7466109
15.496,-5.813787186,-108.7904463
15.4965,-5.822991071,-106.2777065
15.497,-5.832194956,-104.1418776
15.4975,-5.84139884,-102.3264231
15.498,-5.850602725,-100.7832867
15.4985,-5.856738648,-94.86967841
15.499,-5.865942533,-94.44505374
15.4995,-5.875146418,-94.08412277
15.5,-5.881282341,-89.17538908
15.5005,-5.890486225,-89.60490781
15.501,-5.89969011,-89.96999873
15.5015,-5.905826033,-85.67838365
15.502,-5.915029918,-86.63245319
15.5025,-5.924233803,-87.4434123
15.503,-5.930369726,-83.53078519
15.5035,-5.939573611,-84.8069945
15.504,-5.948777495,-85.89177241
15.5045,-5.954913419,-82.21189128
15.505,-5.964117303,-83.68593468
15.5055,-5.970253226,-80.3369292
15.506,-5.979457111,-82.09221691
15.5065,-5.985593034,-78.9822691
15.507,-5.991728957,-76.33881347
15.5075,-6.000932842,-78.69381854
15.508,-6.007068765,-76.09363048
15.5085,-6.013204689,-73.88347064
15.509,-6.019340612,-72.00483477
15.5095,-6.025476535,-70.40799428
15.51,-6.031612458,-69.05067987
15.5105,-6.037748381,-67.89696261
15.511,-6.043884304,-66.91630295
15.5115,-6.050020227,-66.08274223
15.512,-6.056156151,-65.37421563
15.5125,-6.059224112,-60.17002565
15.513,-6.065360035,-60.34840653
15.5135,-6.071495958,-60.50003027
15.514,-6.077631882,-60.62891046
15.5145,-6.080699843,-56.13651626
15.515,-6.086835766,-56.91992354
15.5155,-6.089903728,-52.98387738
15.516,-6.096039651,-54.2401805
15.5165,-6.099107613,-50.70609579
15.517,-6.102175574,-47.70212378
15.5175,-6.108311497,-49.75068994
15.518,-6.111379459,-46.89002881
15.5185,-6.114447421,-44.45846686
15.519,-6.117515382,-42.39163919
15.5195,-6.120583344,-40.63483568
15.52,-6.123651305,-39.14155269
15.5205,-6.126719267,-37.87226215
15.521,-6.129787228,-36.79336519
15.5215,-6.13285519,-35.87630278
15.522,-6.135923152,-35.09679972
15.5225,-6.138991113,-34.43422213
15.523,-6.138991113,-29.26908881
15.5235,-6.142059075,-29.48066785
15.524,-6.145127036,-29.66051004
15.5245,-6.145127036,-25.21143353
15.525,-6.148194998,-26.03166087
15.5255,-6.148194998,-22.12691174
15.526,-6.148194998,-18.80787498
15.5265,-6.148194998,-15.98669373
15.527,-6.151262959,-18.19063203
15.5275,-6.151262959,-15.46203723
15.528,-6.151262959,-13.14273164
15.5285,-6.151262959,-11.1713219
15.529,-6.151262959,-9.495623613
15.5295,-6.151262959,-8.071280071
15.53,-6.151262959,-6.86058806
15.5305,-6.151262959,-5.831499851
15.531,-6.151262959,-4.956774874
15.5315,-6.151262959,-4.213258643
15.532,-6.151262959,-3.581269846
15.5325,-6.148194998,1.557862994
15.533,-6.148194998,1.324183545
15.5335,-6.148194998,1.125556013
15.534,-6.145127036,5.558664975
15.5345,-6.145127036,4.724865229
15.535,-6.142059075,8.618077808
15.5355,-6.142059075,7.325366137
15.536,-6.138991113,10.82850358
15.5365,-6.135923152,13.80617041
15.537,-6.135923152,11.73524485
15.5375,-6.13285519,14.57690048
15.538,-6.129787228,16.99230777
15.5385,-6.126719267,19.04540397
15.539,-6.123651305,20.79053574
15.5395,-6.120583344,22.27389774
15.54,-6.117515382,23.53475544
15.5405,-6.114447421,24.60648449
15.541,-6.108311497,30.11939655
15.5415,-6.105243536,30.20342943
15.542,-6.099107613,34.87679974
15.5425,-6.096039651,34.24722214
15.543,-6.089903728,38.31402355
15.5435,-6.086835766,37.16886238
15.544,-6.080699843,40.79741775
15.5445,-6.07456392,43.88168982
15.545,-6.068427997,46.50332107
15.5455,-6.062292074,48.73170764
15.546,-6.059224112,46.02389386
15.5465,-6.050020227,52.92613687
15.547,-6.043884304,54.19110106
15.5475,-6.037748381,55.26632063
15.548,-6.031612458,56.18025726
15.5485,-6.025476535,56.9571034
15.549,-6.019340612,57.61742262
15.5495,-6.010136727,62.78063632
15.55,-6.004000804,62.5674256
15.5505,-5.994796919,66.98813885
15.551,-5.988660996,66.14380275
15.5515,-5.979457111,70.02805943
15.552,-5.970253226,73.3296776
15.5525,-5.964117303,71.53411069
15.553,-5.954913419,74.60982118
15.5535,-5.945709534,77.22417509
15.554,-5.936505649,79.44637592
15.5545,-5.927301764,81.33524662
15.555,-5.91809788,82.94078672
15.5555,-5.908893995,84.3054958
15.556,-5.89969011,85.46549852
15.5565,-5.890486225,86.45150084
15.557,-5.881282341,87.2896028
15.5575,-5.872078456,88.00198947
15.558,-5.862874571,88.60751814
15.5585,-5.853670687,89.12221751
15.559,-5.844466802,89.55971198
15.5595,-5.832194956,94.53352463
15.56,-5.822991071,94.15932303
15.5605,-5.810719225,98.44319403
15.561,-5.80151534,97.48254202
15.5615,-5.789243493,101.2679302
15.562,-5.780039609,99.88356773
15.5625,-5.767767762,103.308802
15.563,-5.755495916,106.2202512
15.5635,-5.746292031,104.0930406
15.564,-5.734020185,106.886854
15.5645,-5.721748339,109.2615953
15.565,-5.709476493,111.2801255
15.5655,-5.697204646,112.9958761
15.566,-5.6849328,114.4542641
15.5665,-5.672660954,115.693894
15.567,-5.660389107,116.7475793
15.5675,-5.648117261,117.6432119
15.568,-5.635845415,118.4044996
15.5685,-5.620505607,123.6535364
15.569,-5.608233761,123.5132754
15.5695,-5.595961914,123.3940536
15.57,-5.580622106,127.8946574
15.5705,-5.56835026,127.1182282
15.571,-5.553010452,131.0602058
15.5715,-5.540738606,129.8089444
15.572,-5.525398798,133.3473145
15.5725,-5.513126952,131.7529868
15.573,-5.497787144,134.9997506
15.5735,-5.485515297,133.1575575
15.574,-5.47017549,136.1936357
15.5745,-5.454835682,138.7743021
15.575,-5.442563835,136.3659263
15.5755,-5.427224028,138.9207491
15.576,-5.41188422,141.0923486
15.5765,-5.396544412,142.9382081
15.577,-5.381204604,144.5071887
15.5775,-5.368932758,141.2388799
15.578,-5.35359295,143.0627597
15.5785,-5.338253142,144.6130576
15.579,-5.322913334,145.9308108
15.5795,-5.310641488,142.4489586
15.58,-5.29530168,144.0913266
15.5805,-5.279961872,145.4873394
15.581,-5.267690026,142.072008
15.5815,-5.252350218,143.7709186
15.582,-5.23701041,145.2149926
15.5825,-5.221670602,146.4424556
15.583,-5.209398756,142.8838567
15.5835,-5.194058948,144.46099
15.584,-5.17871914,145.8015533
15.5845,-5.163379332,146.9410321
15.585,-5.151107486,143.3076468
15.5855,-5.135767678,144.8212116
15.586,-5.12042787,146.1077417
15.5865,-5.108156024,142.5993499
15.587,-5.092816216,144.2191592
15.5875,-5.080544369,140.9940548
15.588,-5.065204562,142.8546584
15.5885,-5.049864754,144.4361714
15.589,-5.037592907,141.1785152
15.5895,-5.0222531,143.0114497
15.59,-5.006913292,144.5694441
15.5905,-4.994641445,141.2917969
15.591,-4.979301637,143.1077392
15.5915,-4.96396183,144.6512901
15.592,-4.951689983,141.3613661
15.5925,-4.936350175,143.166873
15.593,-4.924078329,140.0996115
15.5935,-4.908738521,142.0943816
15.594,-4.896466675,139.1879938
15.5945,-4.884194829,136.7175642
15.595,-4.868855021,139.2196414
15.5955,-4.856583174,136.7444646
15.596,-4.841243367,139.2425067
15.5965,-4.82897152,136.7639002
15.597,-4.813631712,139.259027
15.5975,-4.801359866,136.7779424
15.598,-4.78908802,134.6690205
15.5985,-4.773748212,137.4783792
15.599,-4.761476366,135.2643918
15.5995,-4.746136558,137.9844448
15.6,-4.733864711,135.6945476
15.6005,-4.721592865,133.7481349
15.601,-4.706253057,136.6956265
15.6015,-4.693981211,134.599052
15.602,-4.681709365,132.8169636
15.6025,-4.666369557,135.9041309
15.603,-4.65409771,133.9262807
15.6035,-4.641825864,132.2451081
15.604,-4.626486056,135.4180537
15.6045,-4.61421421,133.5131151
15.605,-4.598874402,136.4958596
15.6055,-4.586602556,134.4292501
15.606,-4.571262748,137.2745744
15.6065,-4.558990902,135.0911577
15.607,-4.543651094,137.8371959
15.6075,-4.531379247,135.569386
15.608,-4.51603944,138.2436899
15.6085,-4.503767593,135.9149059
15.609,-4.488427785,138.5373818
15.6095,-4.476155939,136.164544
15.61,-4.460816131,138.7495742
15.6105,-4.445476323,140.9468499
15.611,-4.433204477,138.2125919
15.6115,-4.417864669,140.4904149
15.612,-4.405592823,137.8246221
15.6125,-4.390253015,140.1606406
15.613,-4.374913207,142.1462563
15.6135,-4.362641361,139.2320873
15.614,-4.347301553,141.3569861
15.6145,-4.335029707,138.5612076
15.615,-4.319689899,140.7867383
15.6155,-4.307418052,138.076497
15.616,-4.295146206,135.7727919
15.6165,-4.279806398,138.4165849
15.617,-4.267534552,136.0618666
15.6175,-4.255262706,134.0603561
15.618,-4.242990859,132.3590721
15.6185,-4.227651051,135.5149231
15.619,-4.215379205,133.5954541
15.6195,-4.203107359,131.9639055
15.62,-4.190835513,130.5770891
15.6205,-4.175495705,134.0002376
15.621,-4.163223858,132.3079714
15.6215,-4.150952012,130.8695451
15.622,-4.138680166,129.6468828
15.6225,-4.126408319,128.6076198
15.623,-4.117204435,123.122304
15.6235,-4.104932588,123.0617278
15.624,-4.092660742,123.0102381
15.6245,-4.080388896,122.9664718
15.625,-4.068117049,122.9292705
15.6255,-4.058913165,118.295707
15.626,-4.046641318,118.9591204
15.6265,-4.034369472,119.5230218
15.627,-4.022097626,120.002338
15.6275,-4.012893741,115.8078144
15.628,-4.000621895,116.8444117
15.6285,-3.99141801,113.123577
15.629,-3.979146164,114.5628099
15.6295,-3.966874317,115.7861579
15.63,-3.957670433,112.2240613
15.6305,-3.948466548,109.1962792
15.631,-3.939262663,106.6226644
15.6315,-3.930058779,104.4350918
15.632,-3.917786932,107.1775975
15.6325,-3.908583048,104.906785
15.633,-3.899379163,102.9765943
15.6335,-3.890175278,101.3359323
15.634,-3.880971393,99.94136952
15.6345,-3.871767509,98.75599118
15.635,-3.862563624,97.74841959
15.6355,-3.853359739,96.89198375
15.636,-3.844155854,96.16401328
15.6365,-3.83495197,95.54523837
15.637,-3.825748085,95.01927971
15.6375,-3.8165442,94.57221484
15.638,-3.807340316,94.19220971
15.6385,-3.798136431,93.86920534
15.639,-3.788932546,93.59465163
15.6395,-3.782796623,88.75933862
15.64,-3.773592738,89.25126491
15.6405,-3.764388853,89.66940227
15.641,-3.75825293,85.42287665
15.6415,-3.749049046,86.41527225
15.642,-3.739845161,87.2588085
15.6425,-3.733709238,83.37387195
15.643,-3.727573315,80.07167589
15.6435,-3.71836943,81.8667516
15.644,-3.712233507,78.79062358
15.6445,-3.706097584,76.17591477
15.645,-3.696893699,78.55535465
15.6455,-3.690757776,75.97593618
15.646,-3.684621853,73.78343048
15.6465,-3.678485929,71.91980063
15.647,-3.672350006,70.33571527
15.6475,-3.666214083,68.9892427
15.648,-3.66007816,67.84474103
15.6485,-3.653942237,66.8719146
15.649,-3.647806314,66.04501214
15.6495,-3.64167039,65.34214504
15.65,-3.635534467,64.74470801
15.6505,-3.629398544,64.23688654
15.651,-3.626330583,59.20329592
15.6515,-3.620194659,59.52668626
15.652,-3.614058736,59.80156805
15.6525,-3.607922813,60.03521757
15.653,-3.604854852,55.6318773
15.6535,-3.598718928,56.49098043
15.654,-3.595650967,52.61927573
15.6545,-3.589515044,53.9302691
15.655,-3.586447082,50.4426711
15.6555,-3.580311159,52.08015516
15.656,-3.577243197,48.87007425
15.6565,-3.574175236,46.14150548
15.657,-3.571107274,43.82222202
15.6575,-3.564971351,46.45277344
15.658,-3.561903389,44.08679979
15.6585,-3.558835428,42.07572218
15.659,-3.555767466,40.36630622
15.6595,-3.552699505,38.91330265
15.66,-3.549631543,37.67824962
15.6605,-3.546563582,36.62845454
15.661,-3.54349562,35.73612872
15.6615,-3.54349562,30.37570941
15.662,-3.540427658,30.42129536
15.6625,-3.537359697,30.46004342
15.663,-3.534291735,30.49297927
15.6635,-3.534291735,25.91903238
15.664,-3.531223774,26.63311989
15.6645,-3.531223774,22.63815191
15.665,-3.528155812,23.84437148
15.6655,-3.528155812,20.26771576
15.666,-3.525087851,21.82950076
15.6665,-3.525087851,18.55507565
15.667,-3.525087851,15.7718143
15.6675,-3.522019889,18.00798452
15.668,-3.522019889,15.30678684
15.6685,-3.522019889,13.01076881
15.669,-3.522019889,11.05915349
15.6695,-3.522019889,9.400280468
15.67,-3.522019889,7.990238398
15.6705,-3.522019889,6.791702638
15.671,-3.522019889,5.772947243
15.6715,-3.522019889,4.907005156
15.672,-3.522019889,4.170954383
15.6725,-3.522019889,3.545311225
15.673,-3.522019889,3.013514542
15.6735,-3.522019889,2.56148736
15.674,-3.522019889,2.177264256
15.6745,-3.522019889,1.850674618
15.675,-3.525087851,-3.028868938
15.6755,-3.525087851,-2.574538598
15.676,-3.525087851,-2.188357808
15.6765,-3.528155812,-6.462046501
15.677,-3.528155812,-5.492739525
15.6775,-3.531223774,-9.27077096
15.678,-3.531223774,-7.880155316
15.6785,-3.534291735,-11.30007438
15.679,-3.537359697,-14.20700559
15.6795,-3.540427658,-16.67789711
15.68,-3.54349562,-18.77815491
15.6805,-3.54349562,-15.96143167
15.681,-3.546563582,-18.16915929
15.6815,-3.549631543,-20.04572776
15.682,-3.552699505,-21.64081096
15.6825,-3.555767466,-22.99663168
15.683,-3.561903389,-28.75102165
15.6835,-3.564971351,-29.04031077
15.684,-3.568039313,-29.28620652
15.6845,-3.574175236,-34.09716027
15.685,-3.577243197,-33.58452859
15.6855,-3.583379121,-37.75073403
15.686,-3.586447082,-36.69006629
15.6865,-3.592583005,-40.39044107
15.687,-3.595650967,-38.93381728
15.6875,-3.60178689,-42.29762941
15.688,-3.607922813,-45.15686973
15.6885,-3.614058736,-47.587224
15.689,-3.617126698,-45.05108276
15.6895,-3.623262621,-47.49730507
15.69,-3.629398544,-49.57659404
15.6905,-3.635534467,-51.34398966
15.691,-3.64167039,-52.84627594
15.6915,-3.647806314,-54.12321928
15.692,-3.653942237,-55.20862111
15.6925,-3.66007816,-56.13121267
15.693,-3.666214083,-56.9154155
15.6935,-3.675417968,-62.18393026
15.694,-3.681553891,-62.06022545
15.6945,-3.687689814,-61.95507636
15.695,-3.696893699,-66.467642
15.6955,-3.703029622,-65.70138043
15.696,-3.712233507,-69.65200045
15.6965,-3.71836943,-68.40808511
15.697,-3.727573315,-71.95269944
15.6975,-3.736777199,-74.96562161
15.698,-3.742913122,-72.9246631
15.6985,-3.752117007,-75.79179072
15.699,-3.761320892,-78.22884921
15.6995,-3.770524777,-80.30034892
15.7,-3.7766607,-77.45918131
15.7005,-3.785864585,-79.6461312
15.701,-3.795068469,-81.50503861
15.7015,-3.807340316,-87.68705227
15.702,-3.8165442,-88.33982152
15.7025,-3.825748085,-88.89467539
15.703,-3.83495197,-89.36630117
15.7035,-3.844155854,-89.76718309
15.704,-3.856427701,-94.70987508
15.7045,-3.865631585,-94.30922091
15.705,-3.87483547,-93.96866486
15.7055,-3.887107317,-98.28113459
15.706,-3.896311201,-97.34479149
15.7065,-3.905515086,-96.54889986
15.707,-3.917786932,-100.4743343
15.7075,-3.926990817,-99.20901127
15.708,-3.939262663,-102.735429
15.7085,-3.95153451,-105.7328841
15.709,-3.960738394,-103.6787786
15.7095,-3.973010241,-106.5347313
15.71,-3.985282087,-108.962291
15.7105,-3.997553933,-111.0257168
15.711,-4.00982578,-112.7796288
15.7115,-4.019029664,-109.6685115
15.712,-4.031301511,-111.6260043
15.7125,-4.043573357,-113.2898731
15.713,-4.055845203,-114.7041616
15.7135,-4.068117049,-115.9063068
15.714,-4.080388896,-116.9281302
15.7145,-4.092660742,-117.7966801
15.715,-4.104932588,-118.5349476
15.7155,-4.117204435,-119.1624749
15.716,-4.129476281,-119.6958731
15.7165,-4.144816089,-124.751204
15.717,-4.157087935,-124.4462928
15.7175,-4.169359781,-124.1871184
15.718,-4.181631628,-123.9668201
15.7185,-4.193903474,-123.7795665
15.719,-4.209243282,-128.2223433
15.7195,-4.221515128,-127.3967613
15.72,-4.233786975,-126.6950166
15.7205,-4.249126782,-130.7004759
15.721,-4.261398629,-129.503174
15.7215,-4.273670475,-128.4854673
15.722,-4.289010283,-132.222359
15.7225,-4.301282129,-130.7967746
15.723,-4.313553976,-129.5850279
15.7235,-4.325825822,-128.5550432
15.724,-4.34116563,-132.2814985
15.7245,-4.353437476,-130.8470432
15.725,-4.368777284,-134.2296985
15.7255,-4.38104913,-132.5030132
15.726,-4.396388938,-135.637273
15.7265,-4.408660784,-133.6994515
15.727,-4.420932631,-132.0523033
15.7275,-4.436272439,-135.2541696
15.728,-4.451612246,-137.975756
15.7285,-4.463884093,-135.687162
15.729,-4.476155939,-133.7418572
15.7295,-4.491495747,-136.6902904
15.73,-4.503767593,-134.5945163
15.7305,-4.519107401,-137.4150507
15.731,-4.531379247,-135.2105625
15.7315,-4.546719055,-137.93869
15.732,-4.558990902,-135.6556559
15.7325,-4.571262748,-133.715077
15.733,-4.586602556,-136.6675273
15.7335,-4.598874402,-134.5751676
15.734,-4.61421421,-137.3986043
15.7345,-4.626486056,-135.1965831
15.735,-4.638757903,-133.3248651
15.7355,-4.65409771,-136.3358472
15.736,-4.666369557,-134.2932395
15.7365,-4.678641403,-132.5570231
15.737,-4.690913249,-131.0812391
15.7375,-4.703185096,-129.8268227
15.738,-4.715456942,-128.7605687
15.7385,-4.727728788,-127.8542529
15.739,-4.740000635,-127.0838844
15.7395,-4.755340442,-131.0310135
15.74,-4.764544327,-125.1821886
15.7405,-4.779884135,-129.4145721
15.741,-4.792155981,-128.4101558
15.7415,-4.804427828,-127.5564019
15.742,-4.816699674,-126.830711
15.7425,-4.82897152,-126.2138738
15.743,-4.841243367,-125.6895622
15.7435,-4.853515213,-125.2438973
15.744,-4.865787059,-124.8650822
15.7445,-4.878058905,-124.5430893
15.745,-4.88726279,-119.667453
15.7455,-4.899534637,-120.1251045
15.746,-4.911806483,-120.5141083
15.7465,-4.924078329,-120.8447615
15.747,-4.936350175,-121.1258167
15.7475,-4.948622022,-121.3647137
15.748,-4.960893868,-121.5677761
15.7485,-4.973165714,-121.7403791
15.749,-4.985437561,-121.8870917
15.7495,-4.997709407,-122.0117974
15.75,-5.009981253,-122.1177973
15.7505,-5.0222531,-122.2078971
15.751,-5.034524946,-122.284482
15.7515,-5.046796792,-122.3495792
15.752,-5.059068638,-122.4049117
15.7525,-5.071340485,-122.4519444
15.753,-5.083612331,-122.4919222
15.7535,-5.095884177,-122.5259033
15.754,-5.108156024,-122.5547873
15.7545,-5.123495832,-127.181281
15.755,-5.135767678,-126.5118583
15.7555,-5.148039524,-125.942849
15.756,-5.16031137,-125.4591911
15.7565,-5.172583217,-125.0480819
15.757,-5.187923025,-129.3005814
15.7575,-5.200194871,-128.3132637
15.758,-5.212466717,-127.4740436
15.7585,-5.227806525,-131.3626489
15.759,-5.240078371,-130.066021
15.7595,-5.252350218,-128.9638873
15.76,-5.264622064,-128.0270737
15.7605,-5.279961872,-131.8327244
15.761,-5.292233718,-130.4655852
15.7615,-5.304505565,-129.3035169
15.762,-5.316777411,-128.3157588
15.7625,-5.329049257,-127.4761644
15.763,-5.344389065,-131.3644516
15.7635,-5.356660911,-130.0675533
15.764,-5.368932758,-128.9651898
15.7645,-5.381204604,-128.0281808
15.765,-5.39347645,-127.2317231
15.7655,-5.405748297,-126.5547341
15.766,-5.418020143,-125.9792934
15.7665,-5.430291989,-125.4901689
15.767,-5.442563835,-125.074413
15.7675,-5.454835682,-124.7210205
15.768,-5.467107528,-124.4206369
15.7685,-5.476311413,-119.5633684
15.769,-5.488583259,-120.0366326
15.7695,-5.500855105,-120.4389072
15.77,-5.513126952,-120.7808406
15.7705,-5.522330836,-116.4695416
15.771,-5.534602683,-117.4068798
15.7715,-5.546874529,-118.2036173
15.772,-5.556078414,-114.2789018
15.7725,-5.56835026,-115.544836
15.773,-5.577554145,-112.0189377
15.7735,-5.589825991,-113.6238665
15.774,-5.599029876,-110.3861136
15.7745,-5.608233761,-107.6340236
15.775,-5.620505607,-109.8966895
15.7755,-5.629709492,-107.2180132
15.776,-5.638913376,-104.9411383
15.7765,-5.648117261,-103.0057947
15.777,-5.657321146,-101.3607526
15.7775,-5.66652503,-99.96246676
15.778,-5.675728915,-98.77392384
15.7785,-5.6849328,-97.76366235
15.779,-5.691068723,-92.30299773
15.7795,-5.700272608,-92.26337516
15.78,-5.709476493,-92.22969598
15.7805,-5.718680377,-92.20106867
15.781,-5.7248163,-87.5747931
15.7815,-5.734020185,-88.24440122
15.782,-5.74322407,-88.81356813
15.7825,-5.749359993,-84.69541764
15.783,-5.758563878,-85.79693208
15.7835,-5.764699801,-82.131277
15.784,-5.773903686,-83.61741254
15.7845,-5.780039609,-80.27868539
15.785,-5.789243493,-82.04270967
15.7855,-5.795379417,-78.94018795
15.786,-5.80151534,-76.30304448
15.7865,-5.810719225,-78.6634149
15.787,-5.816855148,-76.06778739
15.7875,-5.822991071,-73.86150401
15.788,-5.829126994,-71.98616314
15.7885,-5.835262917,-70.39212339
15.789,-5.84139884,-69.03718961
15.7895,-5.847534763,-67.8854959
15.79,-5.853670687,-66.90655624
15.7905,-5.85980661,-66.07445753
15.791,-5.862874571,-60.76523127
15.7915,-5.869010494,-60.8543313
15.792,-5.875146418,-60.93006633
15.7925,-5.881282341,-60.99444111
15.793,-5.887418264,-61.04915967
15.7935,-5.893554187,-61.09567045
15.794,-5.896622149,-56.53326225
15.7945,-5.902758072,-57.25715764
15.795,-5.908893995,-57.87246872
15.7955,-5.911961957,-53.79354077
15.796,-5.91809788,-54.92839438
15.7965,-5.921165841,-51.29107759
15.797,-5.927301764,-52.80130068
15.7975,-5.930369726,-49.48304794
15.798,-5.936505649,-51.26447548
15.7985,-5.939573611,-48.17674652
15.799,-5.945709534,-50.15411927
15.7995,-5.948777495,-47.23294374
15.8,-5.951845457,-44.74994454
15.8005,-5.95798138,-47.24133759
15.801,-5.961049342,-44.75707932
15.8015,-5.964117303,-42.64545978
15.802,-5.967185265,-40.85058318
15.8025,-5.970253226,-39.32493806
15.803,-5.97638915,-42.63008208
15.8035,-5.97638915,-36.23556977
15.804,-5.979457111,-35.40217667
15.8045,-5.982525073,-34.69379253
15.805,-5.985593034,-34.09166602
15.8055,-5.988660996,-33.57985848
15.806,-5.991728957,-33.14482207
15.8065,-5.994796919,-32.77504112
15.807,-5.997864881,-32.46072732
15.8075,-6.000932842,-32.19356058
15.808,-6.000932842,-27.3645265
15.8085,-6.004000804,-27.86178989
15.809,-6.007068765,-28.28446377
15.8095,-6.010136727,-28.64373656
15.81,-6.010136727,-24.34717608
15.8105,-6.013204689,-25.29704203
15.811,-6.01627265,-26.10442809
15.8115,-6.019340612,-26.79070624
15.812,-6.019340612,-22.7721003
15.8125,-6.022408573,-23.95822762
15.813,-6.022408573,-20.36449348
15.8135,-6.025476535,-21.91176182
15.814,-6.025476535,-18.62499755
15.8145,-6.028544496,-20.43319028
15.815,-6.028544496,-17.36821174
15.8155,-6.028544496,-14.76297998
15.816,-6.028544496,-12.54853298
15.8165,-6.031612458,-15.2681954
15.817,-6.031612458,-12.97796609
15.8175,-6.031612458,-11.03127117
15.818,-6.031612458,-9.376580498
15.8185,-6.031612458,-7.970093423
15.819,-6.031612458,-6.77457941
15.8195,-6.031612458,-5.758392498
15.82,-6.031612458,-4.894633624
15.8205,-6.031612458,-4.16043858
15.821,-6.031612458,-3.536372793
15.8215,-6.031612458,-3.005916874
15.822,-6.031612458,-2.555029343
15.8225,-6.031612458,-2.171774942
15.823,-6.031612458,-1.8460087
15.8235,-6.031612458,-1.569107395
15.824,-6.031612458,-1.333741286
15.8245,-6.028544496,3.468262271
15.825,-6.028544496,2.94802293
15.8255,-6.028544496,2.50581949
15.826,-6.025476535,6.731888931
15.8265,-6.025476535,5.722105591
15.827,-6.025476535,4.863789752
15.8275,-6.022408573,8.736163653
15.828,-6.019340612,12.02768147
15.8285,-6.019340612,10.22352925
15.829,-6.01627265,13.29194222
15.8295,-6.013204689,15.90009325
15.83,-6.010136727,18.11702163
15.8305,-6.007068765,20.00141075
15.831,-6.007068765,17.00119914
15.8315,-6.000932842,23.65490399
15.832,-6.000932842,20.10666839
15.8325,-5.994796919,26.29455286
15.833,-5.991728957,26.9523123
15.8335,-5.988660996,27.51140782
15.834,-5.982525073,32.58858137
15.8345,-5.979457111,32.30223653
15.835,-5.97638915,32.05884341
15.8355,-5.970253226,36.45390163
15.836,-5.967185265,35.58775875
15.8365,-5.961049342,39.45347966
15.837,-5.954913419,42.73934244
15.8375,-5.948777495,45.5323258
15.838,-5.945709534,43.3044193
15.8385,-5.939573611,46.01264113
15.839,-5.933437688,48.31462969
15.8395,-5.927301764,50.27131996
15.84,-5.921165841,51.93450669
15.8405,-5.915029918,53.34821542
15.841,-5.908893995,54.54986783
15.8415,-5.902758072,55.57127238
15.842,-5.893554187,61.04140862
15.8425,-5.887418264,61.08908205
15.843,-5.881282341,61.12960447
15.8435,-5.875146418,61.16404853
15.844,-5.869010494,61.19332598
15.8445,-5.85980661,65.82015417
15.845,-5.853670687,65.15101577
15.8455,-5.844466802,69.1841905
15.846,-5.838330879,68.01044665
15.8465,-5.829126994,71.61470674
15.847,-5.822991071,70.07638546
15.8475,-5.813787186,73.37075473
15.848,-5.807651263,71.56902625
15.8485,-5.798447378,74.6394994
15.849,-5.789243493,77.24940158
15.8495,-5.78310757,74.86587607
15.85,-5.773903686,77.44182175
15.8505,-5.764699801,79.63137558
15.851,-5.755495916,81.49249633
15.8515,-5.749359993,78.47250661
15.852,-5.740156108,80.50745771
15.8525,-5.730952224,82.23716615
15.853,-5.721748339,83.70741831
15.8535,-5.712544454,84.95713266
15.854,-5.703340569,86.01938985
15.8545,-5.694136685,86.92230846
15.855,-5.6849328,87.68978929
15.8555,-5.675728915,88.34214798
15.856,-5.66652503,88.89665288
15.8565,-5.657321146,89.36798204
15.857,-5.648117261,89.76861182
15.8575,-5.638913376,90.10914714
15.858,-5.629709492,90.39860216
15.8585,-5.617437645,95.24658129
15.859,-5.608233761,94.76542119
15.8595,-5.599029876,94.3564351
15.86,-5.586758029,98.61073929
15.8605,-5.577554145,97.62495549
15.861,-5.565282298,101.3889816
15.8615,-5.556078414,99.98646147
15.862,-5.543806567,103.3962617
15.8625,-5.531534721,106.2945919
15.863,-5.522330836,104.1562302
15.8635,-5.51005899,106.9405651
15.864,-5.497787144,109.3072498
15.8645,-5.485515297,111.3189318
15.865,-5.473243451,113.0288615
15.8655,-5.464039566,109.8803594
15.866,-5.45176772,111.8060749
15.8665,-5.439495874,113.4429331
15.867,-5.427224028,114.8342626
15.8675,-5.414952181,116.0168927
15.868,-5.399612373,121.6240706
15.8685,-5.387340527,121.7882295
15.869,-5.375068681,121.9277645
15.8695,-5.359728873,126.6483116
15.87,-5.347457027,126.0588343
15.8705,-5.33518518,125.5577786
15.871,-5.319845372,129.7338237
15.8715,-5.307573526,128.6815196
15.872,-5.29530168,127.7870611
15.8725,-5.279961872,131.6287137
15.873,-5.267690026,130.2921761
15.8735,-5.252350218,133.7580615
15.874,-5.240078371,132.1021218
15.8745,-5.224738564,135.2965153
15.875,-5.212466717,133.4098075
15.8755,-5.197126909,136.4080482
15.876,-5.181787101,138.9565528
15.8765,-5.166447294,141.1227817
15.877,-5.154175447,138.3621339
15.8775,-5.138835639,140.6175256
15.878,-5.123495832,142.5346086
15.8785,-5.111223985,139.5621868
15.879,-5.095884177,141.6375706
15.8795,-5.080544369,143.4016468
15.88,-5.065204562,144.9011116
15.8805,-5.052932715,141.5737143
15.881,-5.037592907,143.347369
15.8815,-5.0222531,144.8549755
15.882,-5.009981253,141.5344986
15.8825,-4.994641445,143.3140356
15.883,-4.979301637,144.8266421
15.8835,-4.967029791,141.5104152
15.884,-4.951689983,143.2935648
15.8845,-4.936350175,144.8092419
15.885,-4.924078329,141.495625
15.8855,-4.908738521,143.2809931
15.886,-4.896466675,140.1966136
15.8865,-4.881126867,142.1768334
15.887,-4.868855021,139.2580778
15.8875,-4.853515213,141.379078
15.888,-4.841243367,138.5799857
15.8885,-4.825903559,140.8026997
15.889,-4.813631712,138.0900642
15.8895,-4.798291905,140.3862664
15.89,-4.782952097,142.3380382
15.8905,-4.767612289,143.9970443
15.891,-4.755340442,140.8052571
15.8915,-4.740000635,142.6941804
15.892,-4.724660827,144.2997651
15.8925,-4.709321019,145.6645122
15.893,-4.693981211,146.8245472
15.8935,-4.681709365,143.2086346
15.894,-4.666369557,144.7370512
15.8945,-4.651029749,146.0362053
15.895,-4.635689941,147.1404863
15.8955,-4.620350133,148.0791252
15.896,-4.605010325,148.8769683
15.8965,-4.586602556,154.1570772
15.897,-4.571262748,154.0432274
15.8975,-4.55592294,153.9464551
15.898,-4.537515171,158.466141
15.8985,-4.522175363,157.7059317
15.899,-4.506835555,157.0597538
15.8995,-4.488427785,161.1124449
15.9,-4.473087977,159.95529
15.9005,-4.454680208,163.5736507
15.901,-4.436272439,166.6492572
15.9015,-4.420932631,164.6615805
15.902,-4.402524861,167.5739976
15.9025,-4.384117092,170.0495521
15.903,-4.365709322,172.1537735
15.9035,-4.347301553,173.9423616
15.904,-4.331961745,170.8607192
15.9045,-4.313553976,172.8432655
15.905,-4.295146206,174.5284299
15.9055,-4.276738437,175.9608196
15.906,-4.261398629,172.5764085
15.9065,-4.242990859,174.3016014
15.907,-4.22458309,175.7680153
15.9075,-4.20617532,177.0144672
15.908,-4.187767551,178.0739513
15.9085,-4.169359781,178.9745128
15.909,-4.14788405,184.3419324
15.9095,-4.129476281,184.3022967
15.91,-4.111068512,184.2686064
15.9105,-4.092660742,184.2399696
15.911,-4.074252973,184.2156284
15.9115,-4.055845203,184.1949383
15.912,-4.037437434,184.1773517
15.9125,-4.019029664,184.1624032
15.913,-4.000621895,184.1496969
15.9135,-3.982214125,184.1388965
15.914,-3.963806356,184.1297162
15.9145,-3.945398586,184.121913
15.915,-3.926990817,184.1152802
15.9155,-3.908583048,184.1096424
15.916,-3.890175278,184.1048502
15.9165,-3.871767509,184.1007768
15.917,-3.853359739,184.0973145
15.9175,-3.83495197,184.0943715
15.918,-3.819612162,179.4899276
15.9185,-3.801204392,180.1780926
15.919,-3.782796623,180.7630329
15.9195,-3.764388853,181.2602322
15.92,-3.745981084,181.6828515
15.9205,-3.730641276,177.4401356
15.921,-3.712233507,178.4357695
15.9215,-3.696893699,174.6801159
15.922,-3.678485929,176.0897527
15.9225,-3.663146121,172.6860016
15.923,-3.644738352,174.3947555
15.9235,-3.629398544,171.245254
15.924,-3.610990775,173.1701201
15.9245,-3.592583005,174.8062563
15.925,-3.577243197,171.5950296
15.9255,-3.558835428,173.4674294
15.926,-3.54349562,170.4570268
15.9265,-3.528155812,167.8981846
15.927,-3.509748043,170.3251111
15.9275,-3.494408235,167.7860562
15.928,-3.479068427,165.6278596
15.9285,-3.463728619,163.7933925
15.929,-3.448388811,162.2340954
15.9295,-3.429981042,165.5106353
15.93,-3.414641234,163.6937518
15.9305,-3.399301426,162.1494009
15.931,-3.383961618,160.8367026
15.9315,-3.365553849,164.3228514
15.932,-3.350214041,162.6841355
15.9325,-3.334874233,161.291227
15.933,-3.319534425,160.1072547
15.9335,-3.304194617,159.1008783
15.934,-3.288854809,158.2454584
15.9345,-3.27044704,162.1202938
15.935,-3.255107232,160.8119616
15.9355,-3.239767424,159.6998792
15.936,-3.224427616,158.7546091
15.9365,-3.209087808,157.9511296
15.937,-3.193748,157.2681719
15.9375,-3.178408192,156.687658
15.938,-3.163068385,156.1942211
15.9385,-3.147728577,155.7747997
15.939,-3.132388769,155.4182916
15.9395,-3.117048961,155.1152597
15.94,-3.101709153,154.8576825
15.9405,-3.086369345,154.638742
15.941,-3.071029537,154.4526425
15.9415,-3.058757691,149.6925156
15.942,-3.043417883,150.2483501
15.9425,-3.028078075,150.7208094
15.943,-3.012738267,151.1223998
15.9435,-2.99739846,151.4637516
15.944,-2.982058652,151.7539007
15.9445,-2.966718844,152.0005274
15.945,-2.954446997,147.6082178
15.9455,-2.93910719,148.4766969
15.946,-2.923767382,149.2149042
15.9465,-2.911495535,145.240438
15.947,-2.896155728,146.4640841
15.9475,-2.883883881,142.902241
15.948,-2.868544073,144.4766166
15.9485,-2.856272227,141.2128936
15.949,-2.840932419,143.0406714
15.9495,-2.828660573,139.9923401
15.95,-2.813320765,142.0032009
15.9505,-2.801048919,139.1104902
15.951,-2.788777072,136.6516862
15.9515,-2.773437264,139.1636451
15.952,-2.761165418,136.6968678
15.9525,-2.748893572,134.600107
15.953,-2.736621726,132.8178604
15.9535,-2.721281918,135.9048932
15.954,-2.709010071,133.9269287
15.9545,-2.696738225,132.2456588
15.955,-2.684466379,130.8165795
15.9555,-2.672194532,129.601862
15.956,-2.659922686,128.5693521
15.9565,-2.64765084,127.6917188
15.957,-2.635378994,126.9457304
15.9575,-2.623107147,126.3116403
15.958,-2.613903263,121.1707214
15.9585,-2.601631416,121.4028826
15.959,-2.58935957,121.6002197
15.9595,-2.577087724,121.7679562
15.96,-2.567883839,117.3085898
15.9605,-2.555611993,118.1200708
15.961,-2.543340146,118.8098296
15.9615,-2.534136262,114.7941823
15.962,-2.521864415,115.9828244
15.9625,-2.512660531,112.3912278
15.963,-2.500388684,113.9403131
15.9635,-2.4911848,110.6550932
15.964,-2.478912953,112.4645987
15.9645,-2.469709068,109.400736
15.965,-2.460505184,106.7964527
15.9655,-2.448233337,109.1847542
15.966,-2.439029453,106.6128682
15.9665,-2.429825568,104.4267651
15.967,-2.420621683,102.5685774
15.9675,-2.411417799,100.9891179
15.968,-2.402213914,99.64657728
15.9685,-2.389942068,103.1073601
15.969,-2.383806144,96.84514085
15.9695,-2.37460226,96.12419681
15.97,-2.365398375,95.51139438
15.9705,-2.35619449,94.99051232
15.971,-2.346990605,94.54776256
15.9715,-2.340854682,89.5694829
15.972,-2.331650798,89.93988756
15.9725,-2.325514874,85.65278915
15.973,-2.31631099,86.61069787
15.9735,-2.310175067,82.82297792
15.974,-2.300971182,84.20535832
15.9745,-2.294835259,80.7784393
15.975,-2.288699336,77.86555813
15.9755,-2.282563412,75.38960914
15.976,-2.276427489,73.2850525
15.9765,-2.270291566,71.49617935
15.977,-2.264155643,69.97563717
15.9775,-2.25801972,68.68317632
15.978,-2.251883797,67.5845846
15.9785,-2.245747873,66.65078164
15.979,-2.242679912,61.25510676
15.9795,-2.236543989,61.27072547
15.98,-2.233476027,56.68205901
15.9805,-2.227340104,57.38363489
15.981,-2.224272142,53.37803202
15.9815,-2.221204181,49.97326958
15.982,-2.218136219,47.07922151
15.9825,-2.212000296,49.22122301
15.983,-2.212000296,41.83803956
15.9835,-2.208932335,40.16427599
15.984,-2.205864373,38.74157695
15.9845,-2.205864373,32.93034041
15.985,-2.202796411,32.59273171
15.9855,-2.19972845,32.30576432
15.986,-2.19972845,27.45989967
15.9865,-2.19972845,23.34091472
15.987,-2.196660488,24.44171988
15.9875,-2.196660488,20.77546189
15.988,-2.196660488,17.65914261
15.9885,-2.196660488,15.01027122
15.989,-2.196660488,12.75873054
15.9895,-2.196660488,10.84492096
15.99,-2.196660488,9.218182812
15.9905,-2.196660488,7.83545539
15.991,-2.19972845,2.058194718
15.9915,-2.19972845,1.74946551
15.992,-2.19972845,1.487045684
15.9925,-2.202796411,-3.337953532
15.993,-2.202796411,-2.837260502
15.9935,-2.205864373,-7.013613791
15.994,-2.205864373,-5.961571722
15.9945,-2.208932335,-9.669278327
15.995,-2.212000296,-12.82082894
15.9955,-2.212000296,-10.8977046
15.996,-2.215068258,-13.86499127
15.9965,-2.218136219,-16.38718495
15.997,-2.221204181,-18.53104957
15.9975,-2.227340104,-24.95527686
15.998,-2.230408066,-25.8139277
15.9985,-2.233476027,-26.5437809
15.999,-2.23961195,-31.7660985
15.9995,-2.245747873,-36.20506845
16,-2.248815835,-35.37625055
16.0005,-2.254951758,-39.27369769
16.001,-2.261087681,-42.58652776
16.0015,-2.270291566,-50.00437569
16.002,-2.276427489,-51.70760406
16.0025,-2.282563412,-53.15534818
16.003,-2.291767297,-58.98787305
16.0035,-2.29790322,-59.34357682
16.004,-2.307107105,-64.24786738
16.0045,-2.31631099,-68.41651437
16.005,-2.325514874,-71.9598643
16.0055,-2.334718759,-74.97171175
16.006,-2.343922644,-77.53178208
16.0065,-2.353126529,-79.70784186
16.007,-2.362330413,-81.55749267
16.0075,-2.37460226,-87.73163822
16.008,-2.383806144,-88.37771958
16.0085,-2.396077991,-93.5288311
16.009,-2.408349837,-97.90727589
16.0095,-2.420621683,-101.628954
16.01,-2.43289353,-104.7923803
16.0105,-2.445165376,-107.4812927
16.011,-2.457437222,-109.7668683
16.0115,-2.469709068,-111.7096075
16.012,-2.481980915,-113.3609358
16.0125,-2.494252761,-114.7645649
16.013,-2.509592569,-120.559592
16.0135,-2.521864415,-120.8834226
16.014,-2.534136262,-121.1586787
16.0145,-2.546408108,-121.3926463
16.015,-2.561747916,-126.1934612
16.0155,-2.574019762,-125.6722115
16.016,-2.586291608,-125.2291492
16.0165,-2.601631416,-129.4544887
16.017,-2.613903263,-128.4440848
16.0175,-2.62924307,-132.1871839
16.018,-2.641514917,-130.7668758
16.0185,-2.656854725,-134.1615562
16.019,-2.669126571,-132.4450922
16.0195,-2.681398417,-130.9860979
16.02,-2.696738225,-134.347895
16.0205,-2.709010071,-132.6034802
16.021,-2.724349879,-135.72267
16.0215,-2.736621726,-133.772039
16.022,-2.751961533,-136.7159449
16.0225,-2.76423338,-134.6163226
16.023,-2.776505226,-132.8316437
16.0235,-2.791845034,-135.916609
16.024,-2.80411688,-133.9368871
16.0245,-2.819456688,-136.8560658
16.025,-2.831728534,-134.7354254
16.0255,-2.847068342,-137.5348234
16.026,-2.859340189,-135.3123694
16.0265,-2.871612035,-133.4232834
16.027,-2.886951843,-136.4195027
16.0275,-2.899223689,-134.3643468
16.028,-2.914563497,-137.2194066
16.0285,-2.926835343,-135.044265
16.029,-2.93910719,-133.1953947
16.0295,-2.954446997,-136.2257973
16.03,-2.966718844,-134.1996972
16.0305,-2.97899069,-132.4775121
16.031,-2.994330498,-135.6155971
16.0315,-3.006602344,-133.681027
16.032,-3.018874191,-132.0366424
16.0325,-3.034213998,-135.2408578
16.033,-3.046485845,-133.3624986
16.0335,-3.058757691,-131.7658933
16.034,-3.074097499,-135.0107211
16.0345,-3.086369345,-133.1668824
16.035,-3.098641192,-131.5996195
16.0355,-3.110913038,-130.267446
16.036,-3.123184884,-129.1350986
16.0365,-3.138524692,-132.7745456
16.037,-3.150796538,-131.2661332
16.0375,-3.163068385,-129.9839827
16.038,-3.175340231,-128.8941547
16.0385,-3.187612077,-127.967801
16.039,-3.202951885,-131.7823427
16.0395,-3.215223731,-130.4227607
16.04,-3.227495578,-129.2671161
16.0405,-3.239767424,-128.2848181
16.041,-3.25203927,-127.4498648
16.0415,-3.267379078,-131.3420969
16.042,-3.279650924,-130.0485519
16.0425,-3.291922771,-128.9490385
16.043,-3.304194617,-128.0144522
16.0435,-3.316466463,-127.2200538
16.044,-3.32873831,-126.5448152
16.0445,-3.341010156,-125.9708624
16.045,-3.353282002,-125.4830025
16.0455,-3.365553849,-125.0683216
16.046,-3.377825695,-124.7158428
16.0465,-3.390097541,-124.4162358
16.047,-3.402369388,-124.1615699
16.0475,-3.414641234,-123.9451039
16.048,-3.42691308,-123.7611077
16.0485,-3.439184926,-123.604711
16.049,-3.451456773,-123.4717738
16.0495,-3.463728619,-123.3587772
16.05,-3.476000465,-123.2627301
16.0505,-3.488272312,-123.18109
16.051,-3.500544158,-123.111696
16.0515,-3.512816004,-123.052711
16.052,-3.525087851,-123.0025738
16.0525,-3.537359697,-122.9599572
16.053,-3.549631543,-122.9237331
16.0535,-3.561903389,-122.8929426
16.054,-3.574175236,-122.8667706
16.0545,-3.586447082,-122.8445245
16.055,-3.598718928,-122.8256153
16.0555,-3.610990775,-122.8095424
16.056,-3.623262621,-122.7958805
16.0565,-3.635534467,-122.7842679
16.057,-3.647806314,-122.7743972
16.0575,-3.66007816,-122.7660071
16.058,-3.675417968,-127.3608178
16.0585,-3.687689814,-126.6644646
16.059,-3.69996166,-126.0725644
16.0595,-3.712233507,-125.5694492
16.06,-3.721437391,-120.5398589
16.0605,-3.736777199,-125.4685919
16.061,-3.749049046,-125.0560725
16.0615,-3.761320892,-124.7054311
16.062,-3.773592738,-124.4073859
16.0625,-3.785864585,-124.1540475
16.063,-3.798136431,-123.9387098
16.0635,-3.810408277,-123.7556728
16.064,-3.825748085,-128.2020337
16.0645,-3.838019931,-127.3794981
16.065,-3.850291778,-126.6803428
16.0655,-3.862563624,-126.0860609
16.066,-3.877903432,-130.1828636
16.0665,-3.890175278,-129.0632035
16.067,-3.902447124,-128.1114924
16.0675,-3.914718971,-127.302538
16.068,-3.926990817,-126.6149268
16.0685,-3.942330625,-130.6323996
16.069,-3.954602471,-129.4453091
16.0695,-3.966874317,-128.4362822
16.07,-3.979146164,-127.5786093
16.0705,-3.994485972,-131.4515297
16.071,-4.006757818,-130.1415697
16.0715,-4.022097626,-133.6300461
16.072,-4.034369472,-131.9933086
16.0725,-4.046641318,-130.6020818
16.073,-4.061981126,-134.0214813
16.0735,-4.074252973,-132.3260286
16.074,-4.086524819,-130.8848938
16.0745,-4.098796665,-129.6599291
16.075,-4.114136473,-133.2206516
16.0755,-4.126408319,-131.6453233
16.076,-4.138680166,-130.3062943
16.0765,-4.150952012,-129.1681196
16.077,-4.16629182,-132.8026135
16.0775,-4.178563666,-131.2899909
16.078,-4.190835513,-130.0042617
16.0785,-4.203107359,-128.9113919
16.079,-4.218447167,-132.5843949
16.0795,-4.230719013,-131.1045052
16.08,-4.242990859,-129.8465988
16.0805,-4.255262706,-128.7773785
16.081,-4.270602513,-132.4704835
16.0815,-4.28287436,-131.0076804
16.082,-4.295146206,-129.7642978
16.0825,-4.307418052,-128.7074226
16.083,-4.319689899,-127.8090787
16.0835,-4.331961745,-127.0454863
16.084,-4.344233591,-126.3964328
16.0845,-4.356505438,-125.8447374
16.085,-4.371845245,-129.9777386
16.0855,-4.384117092,-128.8888472
16.086,-4.396388938,-127.9632896
16.0865,-4.408660784,-127.1765656
16.087,-4.420932631,-126.5078502
16.0875,-4.433204477,-125.9394422
16.088,-4.445476323,-125.4562953
16.0885,-4.45774817,-125.0456204
16.089,-4.470020016,-124.6965468
16.0895,-4.482291862,-124.3998343
16.09,-4.494563709,-124.1476286
16.0905,-4.506835555,-123.9332537
16.091,-4.519107401,-123.7510351
16.0915,-4.531379247,-123.5961493
16.092,-4.543651094,-123.4644964
16.0925,-4.55592294,-123.3525914
16.093,-4.568194786,-123.2574721
16.0935,-4.580466633,-123.1766208
16.094,-4.589670517,-118.5059547
16.0945,-4.601942364,-119.137831
16.095,-4.61421421,-119.6749258
16.0955,-4.626486056,-120.1314564
16.096,-4.638757903,-120.5195074
16.0965,-4.651029749,-120.8493507
16.097,-4.663301595,-121.1297176
16.0975,-4.675573441,-121.3680294
16.098,-4.687845288,-121.5705944
16.0985,-4.697049173,-117.1408324
16.099,-4.709321019,-117.977477
16.0995,-4.721592865,-118.6886249
16.1,-4.733864711,-119.2931006
16.1005,-4.746136558,-119.806905
16.101,-4.755340442,-115.6416963
16.1015,-4.767612289,-116.7032113
16.102,-4.779884135,-117.6054991
16.1025,-4.792155981,-118.3724437
16.103,-4.804427828,-119.0243466
16.1035,-4.816699674,-119.578464
16.104,-4.82897152,-120.0494639
16.1045,-4.841243367,-120.4498138
16.105,-4.853515213,-120.7901112
16.1055,-4.865787059,-121.0793639
16.106,-4.878058905,-121.3252288
16.1065,-4.88726279,-116.9322716
16.107,-4.899534637,-117.8002003
16.1075,-4.911806483,-118.5379397
16.108,-4.924078329,-119.1650182
16.1085,-4.936350175,-119.6980349
16.109,-4.948622022,-120.1510991
16.1095,-4.960893868,-120.5362037
16.11,-4.973165714,-120.8635426
16.1105,-4.985437561,-121.1417807
16.111,-5.000777369,-125.9802254
16.1115,-5.013049215,-125.490961
16.112,-5.025321061,-125.0750863
16.1125,-5.037592907,-124.7215928
16.113,-5.049864754,-124.4211234
16.1135,-5.0621366,-124.1657243
16.114,-5.074408446,-123.9486351
16.1145,-5.086680293,-123.7641093
16.115,-5.102020101,-128.2092047
16.1155,-5.114291947,-127.3855935
16.116,-5.126563793,-126.6855239
16.1165,-5.138835639,-126.0904648
16.117,-5.151107486,-125.5846645
16.1175,-5.163379332,-125.1547343
16.118,-5.175651178,-124.7892936
16.1185,-5.190990986,-129.0806114
16.119,-5.203262833,-128.1262891
16.1195,-5.215534679,-127.3151152
16.12,-5.227806525,-126.6256174
16.1205,-5.240078371,-126.0395442
16.121,-5.252350218,-125.5413821
16.1215,-5.264622064,-125.1179442
16.122,-5.27689391,-124.758022
16.1225,-5.289165757,-124.4520882
16.123,-5.301437603,-124.1920444
16.1235,-5.313709449,-123.9710072
16.124,-5.325981296,-123.7831256
16.1245,-5.338253142,-123.6234262
16.125,-5.350524988,-123.4876817
16.1255,-5.362796834,-123.3722989
16.126,-5.375068681,-123.2742235
16.1265,-5.384272565,-118.5889171
16.127,-5.396544412,-119.208349
16.1275,-5.408816258,-119.7348661
16.128,-5.421088104,-120.1824056
16.1285,-5.433359951,-120.5628142
16.129,-5.442563835,-116.2842192
16.1295,-5.454835682,-117.2493558
16.13,-5.467107528,-118.0697219
16.1305,-5.476311413,-114.1650907
16.131,-5.488583259,-115.4480965
16.1315,-5.497787144,-111.9367091
16.132,-5.51005899,-113.5539722
16.1325,-5.519262875,-110.3267035
16.133,-5.531534721,-112.1854674
16.1335,-5.540738606,-109.1634744
16.134,-5.549942491,-106.5947803
16.1345,-5.562214337,-109.0133327
16.135,-5.571418222,-106.4671599
16.1355,-5.583690068,-108.9048554
16.136,-5.592893953,-106.3749542
16.1365,-5.602097837,-104.2245381
16.137,-5.611301722,-102.3966845
16.1375,-5.620505607,-100.8430089
16.138,-5.629709492,-99.52238467
16.1385,-5.638913376,-98.39985406
16.139,-5.651185223,-102.0476454
16.1395,-5.657321146,-95.94438332
16.14,-5.66652503,-95.35855292
16.1405,-5.675728915,-94.86059707
16.141,-5.675728915,-80.63150751
16.1415,-5.6849328,-82.34260847
16.142,-5.694136685,-83.79704429
16.1425,-5.703340569,-85.03331474
16.143,-5.712544454,-86.08414462
16.1435,-5.718680377,-82.37540765
16.144,-5.727884262,-83.8249236
16.1445,-5.737088147,-85.05701215
16.145,-5.74322407,-81.50234505
16.1455,-5.752427955,-83.08282039
16.146,-5.761631839,-84.42622442
16.1465,-5.767767762,-80.96617548
16.147,-5.776971647,-82.62707625
16.1475,-5.786175532,-84.03884191
16.148,-5.792311455,-80.63690035
16.1485,-5.80151534,-82.34719239
16.149,-5.807651263,-79.19899826
16.1495,-5.813787186,-76.52303324
16.15,-5.822991071,-78.85040535
16.1505,-5.829126994,-76.22672927
16.151,-5.838330879,-78.59854697
16.1515,-5.844466802,-76.01264965
16.152,-5.850602725,-73.81463693
16.1525,-5.856738648,-71.94632612
16.153,-5.862874571,-70.35826193
16.1535,-5.869010494,-69.00840737
16.154,-5.875146418,-67.86103099
16.1545,-5.881282341,-66.88576107
16.155,-5.890486225,-70.658724
16.1555,-5.896622149,-69.26380013
16.156,-5.902758072,-68.07811484
16.1565,-5.908893995,-67.07028234
16.157,-5.915029918,-66.21362471
16.1575,-5.921165841,-65.48546573
16.158,-5.927301764,-64.8665306
16.1585,-5.933437688,-64.34043574
16.159,-5.939573611,-63.89325511
16.1595,-5.945709534,-63.51315157
16.16,-5.951845457,-63.19006356
16.1605,-5.95798138,-62.91543875
16.161,-5.964117303,-62.68200767
16.1615,-5.970253226,-62.48359124
16.162,-5.97638915,-62.31493728
16.1625,-5.979457111,-57.56963906
16.163,-5.985593034,-58.13807792
16.1635,-5.991728957,-58.62125096
16.164,-5.994796919,-54.43000568
16.1645,-5.997864881,-50.86744719
16.165,-6.004000804,-52.44121484
16.1655,-6.007068765,-49.17697498
16.166,-6.013204689,-51.00431346
16.1665,-6.01627265,-47.9556088
16.167,-6.019340612,-45.36420985
16.1675,-6.022408573,-43.16152073
16.168,-6.028544496,-45.89117735
16.1685,-6.031612458,-43.60944311
16.169,-6.03468042,-41.66996901
16.1695,-6.037748381,-40.02141602
16.17,-6.040816343,-38.62014598
16.1705,-6.040816343,-32.82712408
16.171,-6.043884304,-32.50499784
16.1715,-6.046952266,-32.23119052
16.172,-6.050020227,-31.99845431
16.1725,-6.050020227,-27.19868616
16.173,-6.053088189,-27.7208256
16.1735,-6.056156151,-28.16464413
16.174,-6.056156151,-23.93994751
16.1745,-6.059224112,-24.95089774
16.175,-6.059224112,-21.20826308
16.1755,-6.062292074,-22.62896598
16.176,-6.062292074,-19.23462109
16.1765,-6.062292074,-16.34942792
16.177,-6.065360035,-18.4989561
16.1775,-6.065360035,-15.72411268
16.178,-6.065360035,-13.36549578
16.1785,-6.065360035,-11.36067141
16.179,-6.065360035,-9.656570702
16.1795,-6.065360035,-8.208085097
16.18,-6.065360035,-6.976872332
16.1805,-6.065360035,-5.930341482
16.181,-6.065360035,-5.04079026
16.1815,-6.065360035,-4.284671721
16.182,-6.065360035,-3.641970963
16.1825,-6.065360035,-3.095675318
16.183,-6.065360035,-2.631324021
16.1835,-6.065360035,-2.236625418
16.184,-6.065360035,-1.901131605
16.1845,-6.065360035,-1.615961864
16.185,-6.065360035,-1.373567585
16.1855,-6.065360035,-1.167532447
16.186,-6.065360035,-0.99240258
16.1865,-6.065360035,-0.843542193
16.187,-6.062292074,3.8849315
16.1875,-6.062292074,3.302191775
16.188,-6.062292074,2.806863009
16.1885,-6.059224112,6.987775921
16.189,-6.059224112,5.939609533
16.1895,-6.059224112,5.048668103
16.19,-6.056156151,8.893310251
16.1905,-6.056156151,7.559313713
16.191,-6.056156151,6.425416656
16.1915,-6.053088189,10.06354652
16.192,-6.050020227,13.15595691
16.1925,-6.050020227,11.18256337
16.193,-6.046952266,14.10712123
16.1935,-6.046952266,11.99105304
16.194,-6.043884304,14.79433745
16.1945,-6.040816343,17.1771292
16.195,-6.040816343,14.60055982
16.1955,-6.037748381,17.01241821
16.196,-6.03468042,19.06249784
16.1965,-6.031612458,20.80506553
16.197,-6.028544496,22.28624806
16.1975,-6.025476535,23.54525322
16.198,-6.022408573,24.6154076
16.1985,-6.019340612,25.52503882
16.199,-6.01627265,26.29822536
16.1995,-6.013204689,26.95543392
16.2,-6.010136727,27.5140612
16.2005,-6.004000804,32.59083674
16.201,-6.000932842,32.3041536
16.2015,-5.997864881,32.06047292
16.202,-5.991728957,36.45528671
16.2025,-5.988660996,35.58893607
16.203,-5.982525073,39.45448038
16.2035,-5.979457111,38.13825069
16.204,-5.97638915,37.01945545
16.2045,-5.970253226,40.67042186
16.205,-5.967185265,39.17180094
16.2055,-5.961049342,42.49991553
16.206,-5.95798138,40.72687056
16.2065,-5.951845457,43.82172471
16.207,-5.948777495,41.85040836
16.2075,-5.942641572,44.77673184
16.208,-5.936505649,47.26410679
16.2085,-5.933437688,44.77643313
16.209,-5.927301764,47.26385289
16.2095,-5.924233803,44.77621732
16.21,-5.91809788,47.26366945
16.2105,-5.911961957,49.37800376
16.211,-5.908893995,46.57324556
16.2115,-5.902758072,48.79114345
16.212,-5.896622149,50.67635666
16.2125,-5.893554187,47.67684553
16.213,-5.887418264,49.72920343
16.2135,-5.881282341,51.47370764
16.214,-5.875146418,52.95653622
16.2145,-5.869010494,54.21694051
16.215,-5.865942533,50.6863418
16.2155,-5.85980661,52.28727526
16.216,-5.853670687,53.6480687
16.2165,-5.847534763,54.80474312
16.217,-5.84139884,55.78791638
16.2175,-5.838330879,52.02167129
16.218,-5.832194956,53.42230532
16.2185,-5.826059032,54.61284425
16.219,-5.819923109,55.62480234
16.2195,-5.813787186,56.48496672
16.22,-5.807651263,57.21610644
16.2205,-5.80151534,57.8375752
16.221,-5.795379417,58.36582365
16.2215,-5.789243493,58.81483483
16.222,-5.78310757,59.19649433
16.2225,-5.776971647,59.52090491
16.223,-5.770835724,59.7966539
16.2235,-5.764699801,60.03104054
16.224,-5.758563878,60.23026919
16.2245,-5.752427955,60.39961354
16.225,-5.746292031,60.54355623
16.2255,-5.74322407,56.06396516
16.226,-5.737088147,56.85825511
16.2265,-5.730952224,57.53340158
16.227,-5.7248163,58.10727607
16.2275,-5.715612416,63.19701175
16.228,-5.712544454,58.31940235
16.2285,-5.703340569,63.37731909
16.229,-5.697204646,63.07460595
16.2295,-5.691068723,62.81729979
16.23,-5.6849328,62.59858955
16.2305,-5.678796877,62.41268584
16.231,-5.672660954,62.25466769
16.2315,-5.66652503,62.12035227
16.232,-5.660389107,62.00618415
16.2325,-5.654253184,61.90914126
16.233,-5.645049299,66.42859716
16.2335,-5.638913376,65.66819231
16.234,-5.632777453,65.02184819
16.2345,-5.62664153,64.47245569
16.235,-5.617437645,68.60741443
16.2355,-5.611301722,67.52018699
16.236,-5.602097837,71.19798603
16.2365,-5.595961914,69.72217286
16.237,-5.586758029,73.06967402
16.2375,-5.580622106,71.31310764
16.238,-5.571418222,74.42196859
16.2385,-5.562214337,77.06450039
16.239,-5.553010452,79.31065242
16.2395,-5.546874529,76.61793929
16.24,-5.537670644,78.93107548
16.2405,-5.52846676,80.89724125
16.241,-5.519262875,82.56848216
16.2415,-5.51005899,83.98903692
16.242,-5.500855105,85.19650848
16.2425,-5.488583259,90.82480166
16.243,-5.479379374,91.0069085
16.2435,-5.47017549,91.16169932
16.244,-5.460971605,91.29327151
16.2445,-5.448699759,96.00705024
16.245,-5.436427912,100.0137622
16.2455,-5.427224028,98.81752492
16.246,-5.414952181,102.4026656
16.2465,-5.402680335,105.4500352
16.247,-5.390408489,108.0402994
16.2475,-5.378136642,110.242024
16.248,-5.362796834,116.7154322
16.2485,-5.350524988,117.6158868
16.249,-5.338253142,118.3812732
16.2495,-5.322913334,123.6337941
16.25,-5.310641488,123.4964944
16.2505,-5.29530168,127.9817321
16.251,-5.279961872,131.7941841
16.2515,-5.267690026,130.4328259
16.252,-5.252350218,133.8776139
16.2525,-5.23701041,136.8056836
16.253,-5.221670602,139.2945429
16.2535,-5.206330794,141.4100733
16.254,-5.190990986,143.2082741
16.2545,-5.172583217,149.3386872
16.255,-5.157243409,149.9475959
16.2555,-5.141903601,150.4651683
16.256,-5.123495832,155.5070473
16.2565,-5.108156024,155.190702
16.257,-5.092816216,154.9218085
16.2575,-5.077476408,154.6932491
16.258,-5.059068638,159.1009159
16.2585,-5.043728831,158.2454903
16.259,-5.028389023,157.5183786
16.2595,-5.009981253,161.502276
16.26,-4.994641445,160.2866464
16.2605,-4.979301637,159.2533613
16.261,-4.960893868,162.9770113
16.2615,-4.94555406,161.5401714
16.262,-4.930214252,160.3188575
16.2625,-4.911806483,163.8826831
16.263,-4.896466675,162.3099924
16.2635,-4.881126867,160.9732054
16.264,-4.865787059,159.8369364
16.2645,-4.850447251,158.8711077
16.265,-4.835107443,158.0501534
16.2655,-4.819767636,157.3523422
16.266,-4.804427828,156.7592027
16.2665,-4.78908802,156.2550341
16.267,-4.77068025,160.4284332
16.2675,-4.755340442,159.37388
16.268,-4.743068596,153.8755675
16.2685,-4.727728788,153.8039442
16.269,-4.71238898,153.7430644
16.2695,-4.697049173,153.6913165
16.27,-4.681709365,153.6473309
16.2705,-4.666369557,153.6099431
16.271,-4.651029749,153.5781634
16.2715,-4.635689941,153.5511507
16.272,-4.620350133,153.5281899
16.2725,-4.605010325,153.5086733
16.273,-4.589670517,153.4920841
16.2735,-4.574330709,153.4779833
16.274,-4.558990902,153.4659976
16.2745,-4.546719055,148.8538674
16.275,-4.528311286,154.1374415
16.2755,-4.51603944,149.4245947
16.276,-4.500699632,150.0206173
16.2765,-4.485359824,150.5272366
16.277,-4.470020016,150.9578629
16.2775,-4.454680208,151.3238953
16.278,-4.4393404,151.6350228
16.2785,-4.424000592,151.8994812
16.279,-4.408660784,152.1242708
16.2795,-4.393320977,152.315342
16.28,-4.377981169,152.4777525
16.2805,-4.362641361,152.6158015
16.281,-4.347301553,152.7331431
16.2815,-4.331961745,152.8328834
16.282,-4.316621937,152.9176627
16.2825,-4.301282129,152.9897251
16.283,-4.285942321,153.0509782
16.2835,-4.270602513,153.1030433
16.284,-4.255262706,153.1472986
16.2845,-4.239922898,153.1849156
16.285,-4.22458309,153.2168901
16.2855,-4.209243282,153.2440684
16.286,-4.193903474,153.26717
16.2865,-4.178563666,153.2868063
16.287,-4.163223858,153.3034972
16.2875,-4.14788405,153.3176844
16.288,-4.132544243,153.3297436
16.2885,-4.117204435,153.3399938
16.289,-4.101864627,153.3487066
16.2895,-4.086524819,153.3561124
16.29,-4.071185011,153.3624074
16.2905,-4.055845203,153.3677581
16.291,-4.040505395,153.3723062
16.2915,-4.025165587,153.3761721
16.292,-4.00982578,153.3794581
16.2925,-3.994485972,153.3822512
16.293,-3.979146164,153.3846253
16.2935,-3.963806356,153.3866434
16.294,-3.945398586,157.990301
16.2945,-3.93312674,152.6995253
16.295,-3.917786932,152.8043083
16.2955,-3.902447124,152.8933739
16.296,-3.887107317,152.9690796
16.2965,-3.87483547,148.4314872
16.297,-3.862563624,144.5745335
16.2975,-3.850291778,141.296123
16.298,-3.83495197,143.1114163
16.2985,-3.822680123,140.0524733
16.299,-3.810408277,137.4523718
16.2995,-3.798136431,135.2422855
16.3,-3.788932546,128.7617697
16.3005,-3.7766607,127.8552737
16.301,-3.764388853,127.0847521
16.3015,-3.752117007,126.4298088
16.302,-3.742913122,121.2711645
16.3025,-3.730641276,121.4882593
16.303,-3.721437391,117.0708475
16.3035,-3.709165545,117.9179898
16.304,-3.69996166,114.0361185
16.3045,-3.687689814,115.3384701
16.305,-3.678485929,111.8435267
16.3055,-3.669282045,108.8728248
16.306,-3.66007816,106.3477282
16.3065,-3.647806314,108.8033384
16.307,-3.638602429,106.2886647
16.3075,-3.629398544,104.1511921
16.308,-3.620194659,102.3343404
16.3085,-3.610990775,100.7900164
16.309,-3.60178689,99.47734105
16.3095,-3.592583005,98.36156698
16.31,-3.583379121,97.41315902
16.3105,-3.574175236,96.60701226
16.311,-3.564971351,95.92178751
16.3115,-3.555767466,95.33934648
16.312,-3.549631543,90.24232923
16.3125,-3.540427658,90.51180694
16.313,-3.531223774,90.74086299
16.3135,-3.525087851,86.33361827
16.314,-3.515883966,87.18940262
16.3145,-3.509748043,83.31487695
16.315,-3.50361212,80.02153014
16.3155,-3.494408235,81.82412771
16.316,-3.491340273,74.15245092
16.3165,-3.48520435,72.23346801
16.317,-3.479068427,70.60233253
16.3175,-3.472932504,69.21586738
16.318,-3.466796581,68.037372
16.3185,-3.460660657,67.03565093
16.319,-3.457592696,61.58224565
16.3195,-3.454524734,56.94685117
16.32,-3.448388811,57.60870822
16.3205,-3.44532085,53.56934435
16.321,-3.442252888,50.13588506
16.3215,-3.436116965,51.81938703
16.322,-3.433049003,48.64842134
16.3225,-3.429981042,45.9531005
16.323,-3.42691308,43.66207779
16.3235,-3.423845119,41.71470849
16.324,-3.423845119,35.45750221
16.3245,-3.420777157,34.74081924
16.325,-3.417709195,34.13163872
16.3255,-3.417709195,29.01189291
16.326,-3.414641234,29.26205134
16.3265,-3.414641234,24.87274364
16.327,-3.411573272,25.74377446
16.3275,-3.411573272,21.88220829
16.328,-3.411573272,18.59987704
16.3285,-3.411573272,15.80989549
16.329,-3.411573272,13.43841116
16.3295,-3.411573272,11.42264949
16.33,-3.408505311,14.31119443
16.3305,-3.408505311,12.16451527
16.331,-3.408505311,10.33983798
16.3315,-3.408505311,8.78886228
16.332,-3.408505311,7.470532938
16.3325,-3.408505311,6.349952997
16.333,-3.408505311,5.397460047
16.3335,-3.408505311,4.58784104
16.334,-3.408505311,3.899664884
16.3345,-3.408505311,3.314715152
16.335,-3.408505311,2.817507879
16.3355,-3.405437349,6.996824061
16.336,-3.405437349,5.947300452
16.3365,-3.405437349,5.055205384
16.337,-3.405437349,4.296924576
16.3375,-3.405437349,3.65238589
16.338,-3.402369388,7.70647037
16.3385,-3.402369388,6.550499815
16.339,-3.402369388,5.567924842
16.3395,-3.402369388,4.732736116
16.34,-3.402369388,4.022825699
16.3405,-3.399301426,8.021344207
16.341,-3.399301426,6.818142576
16.3415,-3.399301426,5.79542119
16.342,-3.399301426,4.926108011
16.3425,-3.399301426,4.18719181
16.343,-3.399301426,3.559113038
16.3435,-3.399301426,3.025246083
16.344,-3.399301426,2.57145917
16.3445,-3.399301426,2.185740295
16.345,-3.399301426,1.85787925
16.3455,-3.399301426,1.579197363
16.346,-3.399301426,1.342317758
16.3465,-3.399301426,1.140970095
16.347,-3.399301426,0.96982458
16.3475,-3.402369388,-3.77759147
16.348,-3.402369388,-3.21095275
16.3485,-3.402369388,-2.729309837
16.349,-3.405437349,-6.921855725
16.3495,-3.405437349,-5.883577367
16.35,-3.405437349,-5.001040762
16.3505,-3.408505311,-8.852827011
16.351,-3.411573272,-12.12684532
16.3515,-3.411573272,-10.30781852
16.352,-3.414641234,-13.36358811
16.3525,-3.414641234,-11.35904989
16.353,-3.417709195,-14.25713477
16.3535,-3.420777157,-16.72050692
16.354,-3.423845119,-18.81437325
16.3545,-3.423845119,-15.99221726
16.355,-3.42691308,-18.19532703
16.3555,-3.429981042,-20.06797034
16.356,-3.433049003,-21.65971715
16.3565,-3.436116965,-23.01270195
16.357,-3.439184926,-24.16273902
16.3575,-3.442252888,-25.14027053
16.358,-3.44532085,-25.97117231
16.3585,-3.44532085,-22.07549647
16.359,-3.451456773,-27.96805672
16.3595,-3.454524734,-28.37479058
16.36,-3.457592696,-28.72051436
16.3605,-3.460660657,-29.01437957
16.361,-3.463728619,-29.26416499
16.3615,-3.466796581,-29.47648261
16.362,-3.472932504,-34.25889494
16.3625,-3.476000465,-33.72200307
16.363,-3.479068427,-33.26564497
16.3635,-3.48520435,-37.47968295
16.364,-3.488272312,-36.45967287
16.3645,-3.491340273,-35.59266431
16.365,-3.494408235,-34.85570702
16.3655,-3.497476196,-34.22929333
16.366,-3.500544158,-33.6968417
16.3665,-3.506680081,-37.84620017
16.367,-3.506680081,-32.16927014
16.3675,-3.509748043,-31.94582199
16.368,-3.512816004,-31.75589105
16.3685,-3.518951927,-36.19639212
16.369,-3.522019889,-35.36887567
16.3695,-3.525087851,-34.66548668
16.37,-3.531223774,-38.66954841
16.3705,-3.534291735,-37.47105851
16.371,-3.540427658,-41.05428446
16.3715,-3.546563582,-44.10002652
16.372,-3.549631543,-42.0869649
16.3725,-3.555767466,-44.9778049
16.373,-3.561903389,-47.43501889
16.3735,-3.568039313,-49.52365078
16.374,-3.574175236,-51.29898789
16.3745,-3.577243197,-48.20608207
16.375,-3.583379121,-50.17905449
16.3755,-3.589515044,-51.85608104
16.376,-3.595650967,-53.28155361
16.3765,-3.60178689,-54.4932053
16.377,-3.607922813,-55.52310923
16.3775,-3.614058736,-56.39852757
16.378,-3.620194659,-57.14263317
16.3785,-3.626330583,-57.77512292
16.379,-3.632466506,-58.31273921
16.3795,-3.64167039,-63.37165542
16.38,-3.647806314,-63.06979183
16.3805,-3.653942237,-62.81320778
16.381,-3.66007816,-62.59511134
16.3815,-3.666214083,-62.40972937
16.382,-3.675417968,-66.85409706
16.3825,-3.681553891,-66.02986722
16.383,-3.687689814,-65.32927187
16.3835,-3.693825737,-64.73376582
16.384,-3.703029622,-68.82952803
16.3845,-3.709165545,-67.70898356
16.385,-3.71836943,-71.35846311
16.3855,-3.724505353,-69.85857837
16.386,-3.733709238,-73.18561871
16.3865,-3.742913122,-76.01360299
16.387,-3.749049046,-73.81544727
16.3875,-3.75825293,-76.54895727
16.388,-3.764388853,-74.27049841
16.3885,-3.773592738,-76.93575074
16.389,-3.782796623,-79.20121522
16.3895,-3.792000508,-81.12686003
16.39,-3.801204392,-82.76365811
16.3905,-3.810408277,-84.15493649
16.391,-3.819612162,-85.33752311
16.3915,-3.828816047,-86.34272173
16.392,-3.838019931,-87.19714056
16.3925,-3.847223816,-87.92339657
16.393,-3.856427701,-88.54071417
16.3935,-3.865631585,-89.06543414
16.394,-3.87483547,-89.51144611
16.3945,-3.887107317,-94.49249865
16.395,-3.896311201,-94.12445094
16.3955,-3.905515086,-93.81161039
16.396,-3.914718971,-93.54569592
16.3965,-3.923922855,-93.31966863
16.397,-3.936194702,-97.72948779
16.3975,-3.945398586,-96.87589171
16.398,-3.954602471,-96.15033504
16.3985,-3.966874317,-100.1355542
16.399,-3.976078202,-98.9210482
16.3995,-3.988350049,-102.4906604
16.4,-3.997553933,-100.9228884
16.4005,-4.00982578,-104.1922246
16.401,-4.019029664,-102.369218
16.4015,-4.031301511,-105.4216048
16.402,-4.043573357,-108.0161335
16.4025,-4.052777242,-105.6195406
16.403,-4.065049088,-108.1843789
16.4035,-4.074252973,-105.7625492
16.404,-4.086524819,-108.3059363
16.4045,-4.095728704,-105.8658729
16.405,-4.10800055,-108.3937614
16.4055,-4.117204435,-105.9405243
16.406,-4.126408319,-103.8552728
16.4065,-4.135612204,-102.0828089
16.407,-4.14788405,-105.178157
16.4075,-4.157087935,-103.2072606
16.408,-4.16629182,-101.5319986
16.4085,-4.178563666,-104.7099683
16.409,-4.187767551,-102.8093001
16.4095,-4.200039397,-105.7956745
16.41,-4.209243282,-103.7321505
16.4105,-4.218447167,-101.978155
16.411,-4.230719013,-105.0892012
16.4115,-4.239922898,-103.1316481
16.412,-4.252194744,-106.0696703
16.4125,-4.261398629,-103.9650469
16.413,-4.273670475,-106.7780593
16.4135,-4.28287436,-104.5671775
16.414,-4.292078245,-102.687928
16.4145,-4.304350091,-105.6925082
16.415,-4.313553976,-103.6444591
16.4155,-4.325825822,-106.5055597
16.416,-4.335029707,-104.3355528
16.4165,-4.347301553,-107.0929893
16.417,-4.356505438,-104.834868
16.4175,-4.365709322,-102.9154649
16.418,-4.377981169,-105.8859146
16.4185,-4.390253015,-108.4107969
16.419,-4.3994569,-105.9550045
16.4195,-4.411728746,-108.4695232
16.42,-4.420932631,-106.0049218
16.4205,-4.433204477,-108.511953
16.421,-4.442408362,-106.0409872
16.4215,-4.451612246,-103.9406662
16.422,-4.463884093,-106.7573357
16.4225,-4.473087977,-104.5495624
16.423,-4.482291862,-102.6729552
16.4235,-4.491495747,-101.077839
16.424,-4.503767593,-104.3239326
16.4245,-4.512971478,-102.4811698
16.425,-4.522175363,-100.9148214
16.4255,-4.534447209,-104.1853677
16.426,-4.543651094,-102.3633896
16.4265,-4.552854978,-100.8147082
16.427,-4.562058863,-99.4983291
16.4275,-4.574330709,-102.9813492
16.428,-4.583534594,-101.3399739
16.4285,-4.592738479,-99.94480491
16.429,-4.601942364,-98.75891126
16.4295,-4.611146248,-97.75090167
16.43,-4.620350133,-96.89409351
16.4305,-4.629554018,-96.16580657
16.431,-4.638757903,-95.54676268
16.4315,-4.647961787,-95.02057537
16.432,-4.657165672,-94.57331615
16.4325,-4.666369557,-94.19314582
16.433,-4.675573441,-93.87000104
16.4335,-4.681709365,-88.99338561
16.434,-4.690913249,-89.45020486
16.4345,-4.700117134,-89.83850122
16.435,-4.709321019,-90.16855313
16.4355,-4.718524904,-90.44909725
16.436,-4.724660827,-86.08561739
16.4365,-4.733864711,-86.97860187
16.437,-4.743068596,-87.73763868
16.4375,-4.752272481,-88.38281997
16.438,-4.761476366,-88.93122407
16.4385,-4.77068025,-89.39736755
16.439,-4.779884135,-89.79358951
16.4395,-4.78908802,-90.13037817
16.44,-4.798291905,-90.41664854
16.4405,-4.807495789,-90.65997835
16.441,-4.816699674,-90.86680869
16.4415,-4.825903559,-91.04261447
16.442,-4.835107443,-91.19204939
16.4425,-4.844311328,-91.31906908
16.443,-4.853515213,-91.42703581
16.4435,-4.862719098,-91.51880753
16.444,-4.871922982,-91.59681349
16.4445,-4.884194829,-96.26506092
16.445,-4.893398713,-95.63112887
16.4455,-4.902602598,-95.09228663
16.446,-4.911806483,-94.63427073
16.4465,-4.921010368,-94.24495721
16.447,-4.930214252,-93.91404072
16.4475,-4.942486099,-98.23470407
16.448,-4.951689983,-97.30532555
16.4485,-4.960893868,-96.51535381
16.449,-4.973165714,-100.4458202
16.4495,-4.982369599,-99.18477425
16.45,-4.991573484,-98.11288521
16.4505,-5.00384533,-101.8037219
16.451,-5.013049215,-100.3389907
16.4515,-5.025321061,-103.6959115
16.452,-5.034524946,-101.9473519
16.4525,-5.046796792,-105.0630186
16.453,-5.059068638,-107.7113352
16.4535,-5.068272523,-105.360462
16.454,-5.080544369,-107.9641622
16.4545,-5.089748254,-105.575365
16.455,-5.102020101,-108.1468297
16.4555,-5.114291947,-110.3325747
16.456,-5.126563793,-112.1904579
16.4565,-5.135767678,-109.1677163
16.457,-5.148039524,-111.2003283
16.4575,-5.16031137,-112.9280485
16.458,-5.172583217,-114.3966107
16.4585,-5.184855063,-115.6448886
16.459,-5.197126909,-116.7059247
16.4595,-5.209398756,-117.6078055
16.46,-5.221670602,-118.3744041
16.4605,-5.233942448,-119.0260129
16.461,-5.246214295,-119.5798805
16.4615,-5.258486141,-120.0506678
16.462,-5.270757987,-120.4508371
16.4625,-5.283029833,-120.790981
16.463,-5.298369641,-125.6820457
16.4635,-5.310641488,-125.2375083
16.464,-5.322913334,-124.8596515
16.4645,-5.33518518,-124.5384732
16.465,-5.347457027,-124.2654717
16.4655,-5.359728873,-124.0334204
16.466,-5.372000719,-123.8361768
16.4665,-5.387340527,-128.2704621
16.467,-5.399612373,-127.4376622
16.4675,-5.41188422,-126.7297824
16.468,-5.424156066,-126.1280845
16.4685,-5.436427912,-125.6166412
16.469,-5.448699759,-125.1819145
16.4695,-5.460971605,-124.8123968
16.47,-5.473243451,-124.4983067
16.4705,-5.488583259,-128.8332725
16.471,-5.500855105,-127.9160511
16.4715,-5.513126952,-127.1364129
16.472,-5.522330836,-121.8717781
16.4725,-5.534602683,-121.9987808
16.473,-5.546874529,-122.1067331
16.4735,-5.559146375,-122.1984926
16.474,-5.571418222,-122.2764882
16.4745,-5.583690068,-122.3427844
16.475,-5.595961914,-122.3991362
16.4755,-5.608233761,-122.4470352
16.476,-5.617437645,-117.885807
16.4765,-5.629709492,-118.6107054
16.477,-5.641981338,-119.2268691
16.4775,-5.654253184,-119.7506082
16.478,-5.663457069,-115.593844
16.4785,-5.675728915,-116.6625369
16.479,-5.6849328,-112.9689834
16.4795,-5.697204646,-114.4314054
16.48,-5.706408531,-111.0725217
16.4805,-5.718680377,-112.8194129
16.481,-5.727884262,-109.702328
16.4815,-5.737088147,-107.0528059
16.482,-5.749359993,-109.4026545
16.4825,-5.758563878,-106.7980834
16.483,-5.767767762,-104.584198
16.4835,-5.776971647,-102.7023954
16.484,-5.786175532,-101.1028632
16.4845,-5.795379417,-99.74326078
16.485,-5.807651263,-103.1895411
16.4855,-5.816855148,-101.516937
16.486,-5.822991071,-95.49328121
16.4865,-5.832194956,-94.97511612
16.487,-5.84139884,-94.53467579
16.4875,-5.847534763,-89.55835915
16.488,-5.856738648,-89.93043237
16.4885,-5.862874571,-85.64475224
16.489,-5.869010494,-82.00192413
16.4895,-5.875146418,-78.90552024
16.49,-5.884350302,-80.87551929
16.4905,-5.887418264,-73.34613376
16.491,-5.893554187,-71.54809843
16.4915,-5.89969011,-70.01976839
16.492,-5.905826033,-68.72068786
16.4925,-5.911961957,-67.61646941
16.493,-5.91809788,-66.67788372
16.4935,-5.924233803,-65.88008589
16.494,-5.927301764,-60.60001537
16.4945,-5.933437688,-60.71389779
16.495,-5.936505649,-56.20875549
16.4955,-5.939573611,-52.37938453
16.496,-5.945709534,-53.72636158
16.4965,-5.948777495,-50.2693497
16.497,-5.951845457,-47.33088961
16.4975,-5.954913419,-44.83319853
16.498,-5.954913419,-38.10821875
16.4985,-5.95798138,-36.9939283
16.499,-5.961049342,-36.04678142
16.4995,-5.961049342,-30.63976421
16.5,-5.964117303,-30.64574194
16.5005,-5.964117303,-26.04888065
16.501,-5.964117303,-22.14154855
16.5015,-5.964117303,-18.82031627
16.502,-5.964117303,-15.99726883
16.5025,-5.964117303,-13.5976785
16.503,-5.964117303,-11.55802673
16.5035,-5.964117303,-9.82432272
16.504,-5.964117303,-8.350674312
16.5045,-5.964117303,-7.098073165
16.505,-5.964117303,-6.03336219
16.5055,-5.964117303,-5.128357862
16.506,-5.964117303,-4.359104182
16.5065,-5.964117303,-3.705238555
16.507,-5.964117303,-3.149452772
16.5075,-5.964117303,-2.677034856
16.508,-5.964117303,-2.275479628
16.5085,-5.964117303,-1.934157684
16.509,-5.964117303,-1.644034031
16.5095,-5.964117303,-1.397428926
16.51,-5.964117303,-1.187814587
16.5105,-5.964117303,-1.009642399
16.511,-5.964117303,-0.858196039
16.5115,-5.964117303,-0.729466633
16.512,-5.964117303,-0.620046638
16.5125,-5.964117303,-0.527039643
16.513,-5.964117303,-0.447983696
16.5135,-5.964117303,-0.380786142
16.514,-5.964117303,-0.323668221
16.5145,-5.964117303,-0.275117987
16.515,-5.964117303,-0.233850289
16.5155,-5.964117303,-0.198772746
16.516,-5.964117303,-0.168956834
16.5165,-5.964117303,-0.143613309
16.517,-5.964117303,-0.122071313
16.5175,-5.964117303,-0.103760616
16.518,-5.964117303,-0.088196523
16.5185,-5.964117303,-0.074967045
16.519,-5.964117303,-0.063721988
16.5195,-5.964117303,-0.05416369
16.52,-5.964117303,-0.046039136
16.5205,-5.964117303,-0.039133266
16.521,-5.964117303,-0.033263276
16.5215,-5.964117303,-0.028273785
16.522,-5.964117303,-0.024032717
16.5225,-5.964117303,-0.020427809
16.523,-5.964117303,-0.017363638
16.5235,-5.964117303,-0.014759092
16.524,-5.964117303,-0.012545228
16.5245,-5.964117303,-0.010663444
16.525,-5.964117303,-0.009063928
16.5255,-5.964117303,-0.007704338
16.526,-5.964117303,-0.006548688
16.5265,-5.964117303,-0.005566385
16.527,-5.964117303,-0.004731427
16.5275,-5.964117303,-0.004021713
16.528,-5.964117303,-0.003418456
16.5285,-5.964117303,-0.002905688
16.529,-5.964117303,-0.002469834
16.5295,-5.964117303,-0.002099359
16.53,-5.964117303,-0.001784455
16.5305,-5.964117303,-0.001516787
16.531,-5.964117303,-0.001289269
16.5315,-5.964117303,-0.001095879
16.532,-5.964117303,-0.000931497
16.5325,-5.964117303,-0.000791772
16.533,-5.964117303,-0.000673006
16.5335,-5.964117303,-0.000572055
16.534,-5.964117303,-0.000486247
16.5345,-5.964117303,-0.00041331
16.535,-5.964117303,-0.000351314
16.5355,-5.964117303,-0.000298617
16.536,-5.964117303,-0.000253824
16.5365,-5.964117303,-0.00021575
16.537,-5.964117303,-0.000183388
16.5375,-5.964117303,-0.00015588
16.538,-5.964117303,-0.000132498
16.5385,-5.964117303,-0.000112623
16.539,-5.964117303,-9.57296E-05
16.5395,-5.964117303,-8.13702E-05
16.54,-5.964117303,-6.91647E-05
16.5405,-5.964117303,-5.879E-05
16.541,-5.964117303,-4.99715E-05
16.5415,-5.964117303,-4.24757E-05
16.542,-5.964117303,-3.61044E-05
16.5425,-5.964117303,-3.06887E-05
16.543,-5.964117303,-2.60854E-05
16.5435,-5.964117303,-2.21726E-05
16.544,-5.964117303,-1.88467E-05
16.5445,-5.964117303,-1.60197E-05
16.545,-5.964117303,-1.36167E-05
16.5455,-5.964117303,-1.15742E-05
16.546,-5.964117303,-9.8381E-06
16.5465,-5.964117303,-8.36239E-06
16.547,-5.964117303,-7.10803E-06
16.5475,-5.964117303,-6.04182E-06
16.548,-5.964117303,-5.13555E-06
16.5485,-5.964117303,-4.36522E-06
16.549,-5.964117303,-3.71044E-06
16.5495,-5.964117303,-3.15387E-06
16.55,-5.961049342,4.601939683
16.5505,-5.961049342,3.91164873
16.551,-5.961049342,3.324901421
16.5515,-5.95798138,7.428108571
16.552,-5.95798138,6.313892286
16.5525,-5.954913419,9.968750806
16.553,-5.954913419,8.473438186
16.5535,-5.951845457,11.80436482
16.554,-5.948777495,14.63565246
16.5545,-5.948777495,12.44030459
16.555,-5.945709534,15.17620127
16.5555,-5.942641572,17.50171344
16.556,-5.942641572,14.87645642
16.5565,-5.939573611,17.24693032
16.557,-5.936505649,19.26183314
16.5575,-5.933437688,20.97450053
16.558,-5.930369726,22.43026782
16.5585,-5.927301764,23.66767001
16.559,-5.924233803,24.71946187
16.5595,-5.921165841,25.61348495
16.56,-5.91809788,26.37340457
16.5605,-5.911961957,31.62127862
16.561,-5.908893995,31.48002919
16.5615,-5.905826033,31.35996717
16.562,-5.902758072,31.25791446
16.5625,-5.896622149,35.77311202
16.563,-5.893554187,35.00908758
16.5635,-5.887418264,38.96160917
16.564,-5.884350302,37.71931016
16.5645,-5.881282341,36.663356
16.565,-5.875146418,40.36773733
16.5655,-5.869010494,43.51646145
16.566,-5.865942533,41.5909346
16.5665,-5.85980661,44.55617914
16.567,-5.856738648,42.47469463
16.5675,-5.850602725,45.30737516
16.568,-5.844466802,47.71515362
16.5685,-5.84139884,45.15982294
16.569,-5.835262917,47.58973422
16.5695,-5.829126994,49.65515882
16.57,-5.822991071,51.41076972
16.5705,-5.816855148,52.90303899
16.571,-5.810719225,54.17146787
16.5715,-5.804583301,55.24963242
16.572,-5.798447378,56.16607228
16.5725,-5.792311455,56.94504617
16.573,-5.786175532,57.60717397
16.5735,-5.780039609,58.1699826
16.574,-5.773903686,58.64836994
16.5745,-5.767767762,59.05499917
16.575,-5.761631839,59.40063403
16.5755,-5.755495916,59.69442365
16.576,-5.749359993,59.94414483
16.5765,-5.740156108,64.7583502
16.577,-5.734020185,64.24848239
16.5775,-5.727884262,63.81509476
16.578,-5.718680377,68.04865764
16.5785,-5.712544454,67.04524372
16.579,-5.703340569,70.79428425
16.5795,-5.697204646,69.37902634
16.58,-5.688000761,72.77799948
16.5805,-5.678796877,75.66712665
16.581,-5.672660954,73.52094238
16.5815,-5.663457069,76.29862811
16.582,-5.654253184,78.65966099
16.5825,-5.648117261,76.06459657
16.583,-5.638913376,78.46073417
16.5835,-5.629709492,80.49745114
16.584,-5.620505607,82.22866056
16.5845,-5.611301722,83.70018857
16.585,-5.602097837,84.95098737
16.5855,-5.589825991,90.61610872
16.586,-5.580622106,90.8295195
16.5865,-5.571418222,91.01091867
16.587,-5.562214337,91.16510796
16.5875,-5.549942491,95.89811122
16.588,-5.540738606,95.31922163
16.5885,-5.52846676,99.42910784
16.589,-5.519262875,98.32056875
16.5895,-5.506991029,101.9802529
16.59,-5.494719182,105.0909844
16.5905,-5.485515297,103.1331638
16.591,-5.473243451,106.0709587
16.5915,-5.460971605,108.5680844
16.592,-5.448699759,110.6906412
16.5925,-5.436427912,112.4948144
16.593,-5.424156066,114.0283617
16.5935,-5.41188422,115.3318769
16.594,-5.399612373,116.4398648
16.5945,-5.387340527,117.3816546
16.595,-5.375068681,118.1821758
16.5955,-5.362796834,118.8626189
16.596,-5.350524988,119.4409955
16.5965,-5.33518518,124.534558
16.597,-5.322913334,124.2621438
16.5975,-5.310641488,124.0305917
16.598,-5.298369641,123.8337724
16.5985,-5.286097795,123.666476
16.599,-5.270757987,128.1262164
16.5995,-5.258486141,127.3150534
16.6,-5.246214295,126.6255648
16.6005,-5.233942448,126.0394996
16.601,-5.21860264,130.1432864
16.6015,-5.206330794,129.0295629
16.602,-5.190990986,132.6848403
16.6025,-5.17871914,131.1898837
16.603,-5.166447294,129.9191706
16.6035,-5.151107486,133.4410068
16.604,-5.135767678,136.4345676
16.6045,-5.123495832,134.3771519
16.605,-5.108156024,137.230291
16.6055,-5.092816216,139.6554591
16.606,-5.077476408,141.7168521
16.6065,-5.065204562,138.8670937
16.607,-5.049864754,141.0467415
16.6075,-5.034524946,142.8994421
16.608,-5.019185138,144.4742376
16.6085,-5.00384533,145.8128138
16.609,-4.988505522,146.9506035
16.6095,-4.973165714,147.9177248
16.61,-4.957825906,148.7397779
16.6105,-4.942486099,149.438523
16.611,-4.927146291,150.0324564
16.6115,-4.911806483,150.5372998
16.612,-4.893398713,155.568359
16.6125,-4.878058905,155.242817
16.613,-4.862719098,154.9661062
16.6135,-4.84737929,154.7309021
16.614,-4.832039482,154.5309786
16.6145,-4.816699674,154.3610436
16.615,-4.801359866,154.2165989
16.6155,-4.782952097,158.6957633
16.616,-4.767612289,157.9011106
16.6165,-4.752272481,157.2256558
16.617,-4.736932673,156.6515193
16.6175,-4.721592865,156.1635032
16.618,-4.703185096,160.3506319
16.6185,-4.687845288,159.3077489
16.619,-4.67250548,158.4212984
16.6195,-4.657165672,157.6678155
16.62,-4.641825864,157.027355
16.6205,-4.626486056,156.4829635
16.621,-4.608078287,160.6221732
16.6215,-4.592738479,159.538559
16.622,-4.574330709,163.2194294
16.6225,-4.558990902,161.7462268
16.623,-4.540583132,165.0959469
16.6235,-4.525243324,163.3412667
16.624,-4.506835555,166.4517309
16.6245,-4.491495747,164.4936831
16.625,-4.473087977,167.4312848
16.6255,-4.454680208,169.9282463
16.626,-4.436272439,172.0506635
16.6265,-4.417864669,173.8547182
16.627,-4.3994569,175.3881646
16.6275,-4.38104913,176.6915941
16.628,-4.359573399,182.4014515
16.6285,-4.34116563,182.652888
16.629,-4.32275786,182.866609
16.6295,-4.301282129,187.6502142
16.63,-4.28287436,187.1143362
16.6305,-4.26446659,186.65884
16.631,-4.242990859,190.8736105
16.6315,-4.22458309,189.8542231
16.632,-4.203107359,193.5896862
16.6325,-4.181631628,196.7648298
16.633,-4.163223858,194.8617595
16.6335,-4.141748127,197.8460921
16.634,-4.120272396,200.3827749
16.6345,-4.101864627,197.9370128
16.635,-4.080388896,200.4600574
16.6355,-4.061981126,198.002703
16.636,-4.040505395,200.5158941
16.6365,-4.022097626,198.0501642
16.637,-4.000621895,200.5562361
16.6375,-3.982214125,198.0844549
16.638,-3.963806356,195.9834408
16.6385,-3.945398586,194.1975789
16.639,-3.926990817,192.6795962
16.6395,-3.908583048,191.389311
16.64,-3.890175278,190.2925685
16.6405,-3.871767509,189.3603374
16.641,-3.853359739,188.567941
16.6415,-3.83495197,187.894404
16.642,-3.8165442,187.3218976
16.6425,-3.798136431,186.8352671
16.643,-3.779728661,186.4216313
16.6435,-3.761320892,186.0700407
16.644,-3.742913122,185.7711888
16.6445,-3.724505353,185.5171647
16.645,-3.706097584,185.3012442
16.6455,-3.687689814,185.1177117
16.646,-3.669282045,184.9617091
16.6465,-3.653942237,180.2271646
16.647,-3.635534467,180.8047441
16.6475,-3.617126698,181.2956867
16.648,-3.60178689,177.1110455
16.6485,-3.583379121,178.1560428
16.649,-3.568039313,174.4423482
16.6495,-3.549631543,175.8876502
16.65,-3.534291735,172.5142145
16.6505,-3.515883966,174.2487365
16.651,-3.497476196,175.7230802
16.6515,-3.482136389,172.37433
16.652,-3.463728619,174.1298347
16.6525,-3.44532085,175.6220136
16.653,-3.429981042,172.2884234
16.6535,-3.411573272,174.0568141
16.654,-3.393165503,175.5599462
16.6545,-3.374757733,176.8376084
16.655,-3.356349964,177.9236213
16.6555,-3.337942194,178.8467323
16.656,-3.319534425,179.6313767
16.6565,-3.301126656,180.2983243
16.657,-3.285786848,176.2632875
16.6575,-3.267379078,177.4354486
16.658,-3.248971309,178.4317855
16.6585,-3.230563539,179.2786718
16.659,-3.21215577,179.9985252
16.6595,-3.193748,180.6104006
16.66,-3.175340231,181.1304947
16.6605,-3.156932461,181.5725747
16.661,-3.141592654,177.3464003
16.6615,-3.123184884,178.3560944
16.662,-3.104777115,179.2143345
16.6625,-3.089437307,175.3418961
16.663,-3.071029537,176.6522659
16.6635,-3.055689729,173.1641378
16.664,-3.03728196,174.8011713
16.6645,-3.018874191,176.1926498
16.665,-3.003534383,172.7734642
16.6655,-2.985126613,174.4690987
16.666,-2.966718844,175.9103881
16.6665,-2.951379036,172.5335417
16.667,-2.932971266,174.2651646
16.6675,-2.917631459,171.1351017
16.668,-2.902291651,168.4745483
16.6685,-2.883883881,170.8150202
16.669,-2.868544073,168.202479
16.6695,-2.853204265,165.981819
16.67,-2.834796496,168.6962003
16.6705,-2.819456688,166.4014821
16.671,-2.80411688,164.4509716
16.6715,-2.788777072,162.7930377
16.672,-2.773437264,161.3837938
16.6725,-2.758097457,160.1859366
16.673,-2.742757649,159.1677579
16.6735,-2.727417841,158.302306
16.674,-2.712078033,157.566672
16.6745,-2.696738225,156.941383
16.675,-2.681398417,156.4098874
16.6755,-2.669126571,151.3561737
16.676,-2.653786763,151.6624595
16.6765,-2.638446955,151.9228024
16.677,-2.626175109,147.5421515
16.6775,-2.610835301,148.4205406
16.678,-2.598563455,144.5652289
16.6785,-2.586291608,141.288214
16.679,-2.574019762,138.5027514
16.6795,-2.561747916,136.1351081
16.68,-2.549476069,134.1226114
16.6805,-2.537204223,132.4119891
16.681,-2.524932377,130.9579602
16.6815,-2.515728492,125.1200933
16.682,-2.503456646,124.7598487
16.6825,-2.494252761,119.8516985
16.683,-2.485048876,115.6797708
16.6835,-2.475844992,112.1336323
16.684,-2.466641107,109.1194145
16.6845,-2.457437222,106.5573295
16.685,-2.448233337,104.3795571
16.6855,-2.439029453,102.5284506
16.686,-2.43289353,96.35306778
16.6865,-2.426757606,91.10399234
16.687,-2.417553722,91.24422058
16.6875,-2.411417799,86.76147222
16.688,-2.405281875,82.95113611
16.6885,-2.399145952,79.71235042
16.689,-2.396077991,72.35744022
16.6895,-2.389942068,70.70770892
16.69,-2.386874106,64.70349494
16.6905,-2.383806144,59.59991307
16.691,-2.380738183,55.26186847
16.6915,-2.377670221,51.57453056
16.692,-2.37460226,48.44029334
16.6925,-2.37460226,41.17424934
16.693,-2.371534298,39.6000543
16.6935,-2.371534298,33.66004616
16.694,-2.371534298,28.61103923
16.6945,-2.371534298,24.31938335
16.695,-2.371534298,20.67147585
16.6955,-2.371534298,17.57075447
16.696,-2.371534298,14.9351413
16.6965,-2.371534298,12.6948701
16.697,-2.37460226,6.188697225
16.6975,-2.37460226,5.260392641
16.698,-2.37460226,4.471333745
16.6985,-2.37460226,3.800633683
16.699,-2.37460226,3.230538631
16.6995,-2.377670221,-1.855984527
16.7,-2.377670221,-1.577586848
16.7005,-2.377670221,-1.340948821
16.701,-2.377670221,-1.139806498
16.7015,-2.377670221,-0.968835523
16.702,-2.377670221,-0.823510195
16.7025,-2.377670221,-0.699983666
16.703,-2.377670221,-0.594986116
16.7035,-2.377670221,-0.505738198
16.704,-2.377670221,-0.429877469
16.7045,-2.377670221,-0.365395848
16.705,-2.377670221,-0.310586471
16.7055,-2.377670221,-0.2639985
16.706,-2.377670221,-0.224398725
16.7065,-2.377670221,-0.190738917
16.707,-2.377670221,-0.162128079
16.7075,-2.377670221,-0.137808867
16.708,-2.377670221,-0.117137537
16.7085,-2.377670221,-0.099566907
16.709,-2.377670221,-0.084631871
16.7095,-2.377670221,-0.07193709
16.71,-2.377670221,-0.061146526
16.7105,-2.377670221,-0.051974548
16.711,-2.377670221,-0.044178365
16.7115,-2.377670221,-0.037551611
16.712,-2.377670221,-0.031918869
16.7125,-2.377670221,-0.027131039
16.713,-2.377670221,-0.023061383
16.7135,-2.377670221,-0.019602175
16.714,-2.377670221,-0.016661849
16.7145,-2.377670221,-0.014162572
16.715,-2.377670221,-0.012038186
16.7155,-2.377670221,-0.010232458
16.716,-2.377670221,-0.008697589
16.7165,-2.377670221,-0.007392951
16.717,-2.377670221,-0.006284008
16.7175,-2.377670221,-0.005341407
16.718,-2.377670221,-0.004540196
16.7185,-2.377670221,-0.003859167
16.719,-2.377670221,-0.003280292
16.7195,-2.377670221,-0.002788248
16.72,-2.377670221,-0.002370011
16.7205,-2.377670221,-0.002014509
16.721,-2.377670221,-0.001712333
16.7215,-2.377670221,-0.001455483
16.722,-2.377670221,-0.00123716
16.7225,-2.377670221,-0.001051586
16.723,-2.377670221,-0.000893848
16.7235,-2.377670221,-0.000759771
16.724,-2.377670221,-0.000645805
16.7245,-2.377670221,-0.000548935
16.725,-2.377670221,-0.000466594
16.7255,-2.377670221,-0.000396605
16.726,-2.377670221,-0.000337114
16.7265,-2.377670221,-0.000286547
16.727,-2.377670221,-0.000243565
16.7275,-2.377670221,-0.00020703
16.728,-2.377670221,-0.000175976
16.7285,-2.377670221,-0.000149579
16.729,-2.377670221,-0.000127143
16.7295,-2.377670221,-0.000108071
16.73,-2.377670221,-9.18605E-05
16.7305,-2.377670221,-7.80814E-05
16.731,-2.377670221,-6.63692E-05
16.7315,-2.377670221,-5.64138E-05
16.732,-2.377670221,-4.79518E-05
16.7325,-2.377670221,-4.0759E-05
16.733,-2.377670221,-3.46451E-05
16.7335,-2.377670221,-2.94484E-05
16.734,-2.377670221,-2.50311E-05
16.7345,-2.377670221,-2.12764E-05
16.735,-2.377670221,-1.8085E-05
16.7355,-2.377670221,-1.53722E-05
16.736,-2.377670221,-1.30664E-05
16.7365,-2.377670221,-1.11064E-05
16.737,-2.377670221,-9.44047E-06
16.7375,-2.377670221,-8.0244E-06
16.738,-2.377670221,-6.82074E-06
16.7385,-2.377670221,-5.79763E-06
16.739,-2.377670221,-4.92799E-06
16.7395,-2.377670221,-4.18879E-06
16.74,-2.377670221,-3.56047E-06
16.7405,-2.377670221,-3.0264E-06
16.741,-2.377670221,-2.57244E-06
16.7415,-2.377670221,-2.18657E-06
16.742,-2.377670221,-1.85859E-06
16.7425,-2.377670221,-1.5798E-06
16.743,-2.377670221,-1.34283E-06
16.7435,-2.377670221,-1.14141E-06
16.744,-2.377670221,-9.70194E-07
16.7445,-2.377670221,-8.24665E-07
16.745,-2.377670221,-7.00965E-07
16.7455,-2.377670221,-5.95821E-07
16.746,-2.377670221,-5.06448E-07
16.7465,-2.377670221,-4.3048E-07
16.747,-2.377670221,-3.65908E-07
16.7475,-2.377670221,-3.11022E-07
16.748,-2.377670221,-2.64369E-07
16.7485,-2.377670221,-2.24713E-07
16.749,-2.377670221,-1.91006E-07
16.7495,-2.377670221,-1.62355E-07
16.75,-2.377670221,-1.38002E-07
16.7505,-2.377670221,-1.17302E-07
16.751,-2.377670221,-9.97066E-08
16.7515,-2.377670221,-8.47506E-08
16.752,-2.377670221,-7.2038E-08
16.7525,-2.377670221,-6.12323E-08
16.753,-2.377670221,-5.20474E-08
16.7535,-2.377670221,-4.42403E-08
16.754,-2.377670221,-3.76043E-08
16.7545,-2.377670221,-3.19636E-08
16.755,-2.377670221,-2.71691E-08
16.7555,-2.377670221,-2.30937E-08
16.756,-2.377670221,-1.96297E-08
16.7565,-2.377670221,-1.66852E-08
16.757,-2.377670221,-1.41824E-08
16.7575,-2.377670221,-1.20551E-08
16.758,-2.377670221,-1.02468E-08
16.7585,-2.377670221,-8.70979E-09
16.759,-2.377670221,-7.40332E-09
16.7595,-2.377670221,-6.29282E-09
16.76,-2.377670221,-5.3489E-09
16.7605,-2.377670221,-4.54656E-09
16.761,-2.377670221,-3.86458E-09
16.7615,-2.377670221,-3.28489E-09
16.762,-2.377670221,-2.79216E-09
16.7625,-2.377670221,-2.37333E-09
16.763,-2.377670221,-2.01733E-09
16.7635,-2.377670221,-1.71473E-09
16.764,-2.377670221,-1.45752E-09
16.7645,-2.377670221,-1.2389E-09
16.765,-2.377670221,-1.05306E-09
16.7655,-2.377670221,-8.95102E-10
16.766,-2.377670221,-7.60837E-10
16.7665,-2.377670221,-6.46711E-10
16.767,-2.377670221,-5.49705E-10
16.7675,-2.377670221,-4.67249E-10
16.768,-2.377670221,-3.97162E-10
16.7685,-2.377670221,-3.37587E-10
16.769,-2.377670221,-2.86949E-10
16.7695,-2.377670221,-2.43907E-10
16.77,-2.377670221,-2.07321E-10
16.7705,-2.377670221,-1.76223E-10
16.771,-2.377670221,-1.49789E-10
16.7715,-2.377670221,-1.27321E-10
16.772,-2.377670221,-1.08223E-10
16.7725,-2.377670221,-9.19893E-11
16.773,-2.377670221,-7.81909E-11
16.7735,-2.377670221,-6.64623E-11
16.774,-2.377670221,-5.6493E-11
16.7745,-2.377670221,-4.8019E-11
16.775,-2.377670221,-4.08162E-11
16.7755,-2.377670221,-3.46937E-11
16.776,-2.377670221,-2.94897E-11
16.7765,-2.377670221,-2.50662E-11
16.777,-2.377670221,-2.13063E-11
16.7775,-2.377670221,-1.81103E-11
16.778,-2.377670221,-1.53938E-11
16.7785,-2.377670221,-1.30847E-11
16.779,-2.377670221,-1.1122E-11
16.7795,-2.377670221,-9.45371E-12
16.78,-2.377670221,-8.03566E-12
16.7805,-2.377670221,-6.83031E-12
16.781,-2.377670221,-5.80576E-12
16.7815,-2.377670221,-4.9349E-12
16.782,-2.377670221,-4.19466E-12
16.7825,-2.377670221,-3.56546E-12
16.783,-2.377670221,-3.03064E-12
16.7835,-2.377670221,-2.57605E-12
16.784,-2.377670221,-2.18964E-12
16.7845,-2.377670221,-1.86119E-12
16.785,-2.377670221,-1.58202E-12
16.7855,-2.377670221,-1.34471E-12
16.786,-2.377670221,-1.14301E-12
16.7865,-2.377670221,-9.71555E-13
16.787,-2.377670221,-8.25822E-13
16.7875,-2.377670221,-7.01949E-13
16.788,-2.377670221,-5.96656E-13
16.7885,-2.377670221,-5.07158E-13
16.789,-2.377670221,-4.31084E-13
16.7895,-2.377670221,-3.66422E-13
16.79,-2.377670221,-3.11458E-13
16.7905,-2.377670221,-2.6474E-13
16.791,-2.377670221,-2.25029E-13
16.7915,-2.377670221,-1.91274E-13
16.792,-2.377670221,-1.62583E-13
16.7925,-2.377670221,-1.38196E-13
16.793,-2.377670221,-1.17466E-13
16.7935,-2.377670221,-9.98464E-14
16.794,-2.377670221,-8.48694E-14
16.7945,-2.377670221,-7.2139E-14
16.795,-2.377670221,-6.13182E-14
16.7955,-2.377670221,-5.21204E-14
16.796,-2.377670221,-4.43024E-14
16.7965,-2.377670221,-3.7657E-14
16.797,-2.377670221,-3.20085E-14
16.7975,-2.377670221,-2.72072E-14
16.798,-2.377670221,-2.31261E-14
16.7985,-2.377670221,-1.96572E-14
16.799,-2.377670221,-1.67086E-14
16.7995,-2.377670221,-1.42023E-14
16.8,-2.377670221,-1.2072E-14
16.8005,-2.377670221,-1.02612E-14
16.801,-2.377670221,-8.722E-15
16.8015,-2.377670221,-7.4137E-15
16.802,-2.377670221,-6.30165E-15
16.8025,-2.377670221,-5.3564E-15
16.803,-2.377670221,-4.55294E-15
16.8035,-2.377670221,-3.87E-15
16.804,-2.377670221,-3.2895E-15
16.8045,-2.377670221,-2.79607E-15
16.805,-2.377670221,-2.37666E-15
16.8055,-2.377670221,-2.02016E-15
16.806,-2.377670221,-1.71714E-15
16.8065,-2.377670221,-1.45957E-15
16.807,-2.377670221,-1.24063E-15
16.8075,-2.377670221,-1.05454E-15
16.808,-2.377670221,-8.96357E-16
16.8085,-2.377670221,-7.61904E-16
16.809,-2.377670221,-6.47618E-16
16.8095,-2.377670221,-5.50476E-16
16.81,-2.377670221,-4.67904E-16
16.8105,-2.377670221,-3.97719E-16
16.811,-2.377670221,-3.38061E-16
16.8115,-2.377670221,-2.87352E-16
16.812,-2.377670221,-2.44249E-16
16.8125,-2.377670221,-2.07612E-16
16.813,-2.377670221,-1.7647E-16
16.8135,-2.377670221,-1.49999E-16
16.814,-2.377670221,-1.27499E-16
16.8145,-2.377670221,-1.08375E-16
16.815,-2.377670221,-9.21184E-17
16.8155,-2.377670221,-7.83006E-17
16.816,-2.377670221,-6.65555E-17
16.8165,-2.377670221,-5.65722E-17
16.817,-2.377670221,-4.80864E-17
16.8175,-2.377670221,-4.08734E-17
16.818,-2.377670221,-3.47424E-17
16.8185,-2.377670221,-2.9531E-17
16.819,-2.377670221,-2.51014E-17
16.8195,-2.377670221,-2.13362E-17
16.82,-2.377670221,-1.81357E-17
16.8205,-2.377670221,-1.54154E-17
16.821,-2.377670221,-1.31031E-17
16.8215,-2.377670221,-1.11376E-17
16.822,-2.377670221,-9.46697E-18
16.8225,-2.377670221,-8.04693E-18
16.823,-2.377670221,-6.83989E-18
16.8235,-2.377670221,-5.8139E-18
16.824,-2.377670221,-4.94182E-18
16.8245,-2.377670221,-4.20055E-18
16.825,-2.377670221,-3.57046E-18
16.8255,-2.377670221,-3.03489E-18
16.826,-2.377670221,-2.57966E-18
16.8265,-2.377670221,-2.19271E-18
16.827,-2.377670221,-1.8638E-18
16.8275,-2.377670221,-1.58423E-18
16.828,-2.377670221,-1.3466E-18
16.8285,-2.377670221,-1.14461E-18
16.829,-2.377670221,-9.72918E-19
16.8295,-2.377670221,-8.2698E-19
16.83,-2.377670221,-7.02933E-19
16.8305,-2.377670221,-5.97493E-19
16.831,-2.377670221,-5.07869E-19
16.8315,-2.377670221,-4.31689E-19
16.832,-2.377670221,-3.66935E-19
16.8325,-2.377670221,-3.11895E-19
16.833,-2.377670221,-2.65111E-19
16.8335,-2.377670221,-2.25344E-19
16.834,-2.377670221,-1.91543E-19
16.8345,-2.377670221,-1.62811E-19
16.835,-2.377670221,-1.3839E-19
16.8355,-2.377670221,-1.17631E-19
16.836,-2.377670221,-9.99864E-20
16.8365,-2.377670221,-8.49885E-20
16.837,-2.377670221,-7.22402E-20
16.8375,-2.377670221,-6.14042E-20
16.838,-2.377670221,-5.21935E-20
16.8385,-2.377670221,-4.43645E-20
16.839,-2.377670221,-3.77098E-20
16.8395,-2.377670221,-3.20534E-20
16.84,-2.377670221,-2.72454E-20
16.8405,-2.377670221,-2.31586E-20
16.841,-2.377670221,-1.96848E-20
16.8415,-2.377670221,-1.67321E-20
16.842,-2.377670221,-1.42222E-20
16.8425,-2.377670221,-1.20889E-20
16.843,-2.377670221,-1.02756E-20
16.8435,-2.377670221,-8.73424E-21
16.844,-2.377670221,-7.4241E-21
16.8445,-2.377670221,-6.31049E-21
16.845,-2.377670221,-5.36391E-21
16.8455,-2.377670221,-4.55933E-21
16.846,-2.377670221,-3.87543E-21
16.8465,-2.377670221,-3.29411E-21
16.847,-2.377670221,-2.8E-21
16.8475,-2.377670221,-2.38E-21
16.848,-2.377670221,-2.023E-21
16.8485,-2.377670221,-1.71955E-21
16.849,-2.377670221,-1.46162E-21
16.8495,-2.377670221,-1.24237E-21
16.85,-2.377670221,-1.05602E-21
16.8505,-2.377670221,-8.97615E-22
16.851,-2.377670221,-7.62972E-22
16.8515,-2.377670221,-6.48527E-22
16.852,-2.377670221,-5.51248E-22
16.8525,-2.377670221,-4.6856E-22
16.853,-2.377670221,-3.98276E-22
16.8535,-2.377670221,-3.38535E-22
16.854,-2.377670221,-2.87755E-22
16.8545,-2.377670221,-2.44591E-22
16.855,-2.377670221,-2.07903E-22
16.8555,-2.377670221,-1.76717E-22
16.856,-2.377670221,-1.5021E-22
16.8565,-2.377670221,-1.27678E-22
16.857,-2.377670221,-1.08527E-22
16.8575,-2.377670221,-9.22476E-23
16.858,-2.377670221,-7.84104E-23
16.8585,-2.377670221,-6.66489E-23
16.859,-2.377670221,-5.66515E-23
16.8595,-2.377670221,-4.81538E-23
16.86,-2.377670221,-4.09307E-23
16.8605,-2.377670221,-3.47911E-23
16.861,-2.377670221,-2.95725E-23
16.8615,-2.377670221,-2.51366E-23
16.862,-2.377670221,-2.13661E-23
16.8625,-2.377670221,-1.81612E-23
16.863,-2.377670221,-1.5437E-23
16.8635,-2.377670221,-1.31215E-23
16.864,-2.377670221,-1.11532E-23
16.8645,-2.377670221,-9.48025E-24
16.865,-2.377670221,-8.05821E-24
16.8655,-2.377670221,-6.84948E-24
16.866,-2.377670221,-5.82206E-24
16.8665,-2.377670221,-4.94875E-24
16.867,-2.377670221,-4.20644E-24
16.8675,-2.377670221,-3.57547E-24
16.868,-2.377670221,-3.03915E-24
16.8685,-2.377670221,-2.58328E-24
16.869,-2.377670221,-2.19579E-24
16.8695,-2.377670221,-1.86642E-24
16.87,-2.377670221,-1.58646E-24
16.8705,-2.377670221,-1.34849E-24
16.871,-2.377670221,-1.14621E-24
16.8715,-2.377670221,-9.74282E-25
16.872,-2.377670221,-8.2814E-25
16.8725,-2.377670221,-7.03919E-25
16.873,-2.377670221,-5.98331E-25
16.8735,-2.377670221,-5.08581E-25
16.874,-2.377670221,-4.32294E-25
16.8745,-2.377670221,-3.6745E-25
16.875,-2.377670221,-3.12333E-25
16.8755,-2.377670221,-2.65483E-25
16.876,-2.377670221,-2.2566E-25
16.8765,-2.377670221,-1.91811E-25
16.877,-2.377670221,-1.6304E-25
16.8775,-2.377670221,-1.38584E-25
16.878,-2.377670221,-1.17796E-25
16.8785,-2.377670221,-1.00127E-25
16.879,-2.377670221,-8.51077E-26
16.8795,-2.377670221,-7.23415E-26
16.88,-2.377670221,-6.14903E-26
16.8805,-2.377670221,-5.22667E-26
16.881,-2.377670221,-4.44267E-26
16.8815,-2.377670221,-3.77627E-26
16.882,-2.377670221,-3.20983E-26
16.8825,-2.377670221,-2.72836E-26
16.883,-2.377670221,-2.3191E-26
16.8835,-2.377670221,-1.97124E-26
16.884,-2.377670221,-1.67555E-26
16.8845,-2.377670221,-1.42422E-26
16.885,-2.377670221,-1.21059E-26
16.8855,-2.377670221,-1.029E-26
16.886,-2.377670221,-8.74649E-27
16.8865,-2.377670221,-7.43451E-27
16.887,-2.377670221,-6.31934E-27
16.8875,-2.377670221,-5.37144E-27
16.888,-2.377670221,-4.56572E-27
16.8885,-2.377670221,-3.88086E-27
16.889,-2.377670221,-3.29873E-27
16.8895,-2.377670221,-2.80392E-27
16.89,-2.377670221,-2.38333E-27
16.8905,-2.377670221,-2.02583E-27
16.891,-2.377670221,-1.72196E-27
16.8915,-2.377670221,-1.46367E-27
16.892,-2.377670221,-1.24412E-27
16.8925,-2.377670221,-1.0575E-27
16.893,-2.377670221,-8.98874E-28
16.8935,-2.377670221,-7.64043E-28
16.894,-2.377670221,-6.49436E-28
16.8945,-2.377670221,-5.52021E-28
16.895,-2.377670221,-4.69218E-28
16.8955,-2.377670221,-3.98835E-28
16.896,-2.377670221,-3.3901E-28
16.8965,-2.377670221,-2.88158E-28
16.897,-2.377670221,-2.44935E-28
16.8975,-2.377670221,-2.08194E-28
16.898,-2.377670221,-1.76965E-28
16.8985,-2.377670221,-1.5042E-28
16.899,-2.377670221,-1.27857E-28
16.8995,-2.377670221,-1.08679E-28
16.9,-2.377670221,-9.23769E-29
16.9005,-2.377670221,-7.85204E-29
16.901,-2.377670221,-6.67423E-29
16.9015,-2.377670221,-5.6731E-29
16.902,-2.377670221,-4.82213E-29
16.9025,-2.377670221,-4.09881E-29
16.903,-2.377670221,-3.48399E-29
16.9035,-2.377670221,-2.96139E-29
16.904,-2.377670221,-2.51718E-29
16.9045,-2.377670221,-2.13961E-29
16.905,-2.377670221,-1.81867E-29
16.9055,-2.377670221,-1.54587E-29
16.906,-2.377670221,-1.31399E-29
16.9065,-2.377670221,-1.11689E-29
16.907,-2.377670221,-9.49355E-30
16.9075,-2.377670221,-8.06952E-30
16.908,-2.377670221,-6.85909E-30
16.9085,-2.377670221,-5.83022E-30
16.909,-2.377670221,-4.95569E-30
16.9095,-2.377670221,-4.21234E-30
16.91,-2.377670221,-3.58049E-30
16.9105,-2.377670221,-3.04341E-30
16.911,-2.377670221,-2.5869E-30
16.9115,-2.377670221,-2.19887E-30
16.912,-2.377670221,-1.86904E-30
16.9125,-2.377670221,-1.58868E-30
16.913,-2.377670221,-1.35038E-30
16.9135,-2.377670221,-1.14782E-30
16.914,-2.377670221,-9.75649E-31
16.9145,-2.380738183,-4.601942364
16.915,-2.380738183,-3.911651009
16.9155,-2.383806144,-7.926845721
16.916,-2.386874106,-11.33976123
16.9165,-2.389942068,-14.24073941
16.917,-2.396077991,-21.30851322
16.9175,-2.399145952,-22.7141786
16.918,-2.408349837,-33.1128789
16.9185,-2.41448576,-37.3498318
16.919,-2.423689645,-45.55318412
16.9195,-2.43289353,-52.52603359
16.92,-2.445165376,-63.05489801
16.9205,-2.454369261,-67.4024904
16.921,-2.466641107,-75.69988629
16.9215,-2.478912953,-82.7526728
16.922,-2.494252761,-93.3494837
16.9225,-2.506524607,-97.7548306
16.923,-2.518796454,-101.4993755
16.9235,-2.534136262,-109.284181
16.924,-2.546408108,-111.2993233
16.9245,-2.558679954,-113.0121942
16.925,-2.5709518,-114.4681346
16.9255,-2.586291608,-120.3076262
16.926,-2.598563455,-120.6692517
16.9265,-2.610835301,-120.9766334
16.927,-2.623107147,-121.2379079
16.9275,-2.635378994,-121.4599911
16.928,-2.650718801,-126.2507043
16.9285,-2.662990648,-125.7208681
16.929,-2.675262494,-125.2705073
16.9295,-2.684466379,-120.2857583
16.93,-2.696738225,-120.650664
16.9305,-2.709010071,-120.9608339
16.931,-2.721281918,-121.2244783
16.9315,-2.733553764,-121.448576
16.932,-2.74582561,-121.639059
16.9325,-2.755029495,-117.1990273
16.933,-2.767301341,-118.0269426
16.9335,-2.779573188,-118.7306707
16.934,-2.791845034,-119.3288395
16.9345,-2.801048919,-115.2353407
16.935,-2.813320765,-116.3578091
16.9355,-2.825592611,-117.3119071
16.936,-2.837864458,-118.1228905
16.9365,-2.850136304,-118.8122264
16.937,-2.86240815,-119.3981619
16.9375,-2.871612035,-115.2942647
16.938,-2.883883881,-116.4078945
16.9385,-2.896155728,-117.3544797
16.939,-2.908427574,-118.1590772
16.9395,-2.92069942,-118.8429851
16.94,-2.932971266,-119.4243068
16.9405,-2.942175151,-115.3164879
16.941,-2.954446997,-116.4267841
16.9415,-2.966718844,-117.370536
16.942,-2.97899069,-118.172725
16.9425,-2.991262536,-118.8545857
16.943,-3.003534383,-119.4341673
16.9435,-3.015806229,-119.9268117
16.944,-3.028078075,-120.3455594
16.9445,-3.043417883,-125.3034373
16.945,-3.055689729,-124.9156912
16.9455,-3.067961576,-124.5861069
16.946,-3.080233422,-124.3059604
16.9465,-3.092505268,-124.0678358
16.947,-3.104777115,-123.8654298
16.9475,-3.117048961,-123.6933848
16.948,-3.129320807,-123.5471466
16.9485,-3.144660615,-128.0247864
16.949,-3.156932461,-127.2288379
16.9495,-3.169204308,-126.5522817
16.95,-3.181476154,-125.9772089
16.9505,-3.196815962,-130.0903394
16.951,-3.209087808,-128.9845579
16.9515,-3.224427616,-132.646586
16.952,-3.236699462,-131.1573676
16.9525,-3.25203927,-134.4934743
16.953,-3.264311117,-132.7272226
16.9535,-3.276582963,-131.2259086
16.954,-3.291922771,-134.5517342
16.9545,-3.304194617,-132.7767435
16.955,-3.319534425,-135.8699438
16.9555,-3.331806271,-133.8972217
16.956,-3.347146079,-136.8223502
16.9565,-3.359417925,-134.7067672
16.957,-3.371689772,-132.9085215
16.9575,-3.38702958,-135.9819551
16.958,-3.399301426,-133.9924313
16.9585,-3.411573272,-132.3013361
16.959,-3.42691308,-135.4658475
16.9595,-3.439184926,-133.5537398
16.96,-3.451456773,-131.9284483
16.9605,-3.466796581,-135.1488929
16.961,-3.479068427,-133.2843284
16.9615,-3.494408235,-136.301391
16.962,-3.506680081,-134.2639518
16.9625,-3.518951927,-132.5321285
16.963,-3.534291735,-135.662021
16.9635,-3.546563582,-133.7204873
16.964,-3.558835428,-132.0701837
16.9645,-3.571107274,-130.6674256
16.965,-3.586447082,-134.0770236
16.9655,-3.598718928,-132.3732395
16.966,-3.610990775,-130.925023
16.9665,-3.626330583,-134.2959814
16.967,-3.638602429,-132.5593536
16.9675,-3.653942237,-135.6851624
16.968,-3.666214083,-133.7401575
16.9685,-3.678485929,-132.0869033
16.969,-3.690757776,-130.6816373
16.9695,-3.706097584,-134.0891035
16.97,-3.71836943,-132.3835074
16.9705,-3.730641276,-130.9337508
16.971,-3.745981084,-134.3034
16.9715,-3.75825293,-132.5656594
16.972,-3.770524777,-131.08858
16.9725,-3.782796623,-129.8330624
16.973,-3.798136431,-133.3678149
16.9735,-3.810408277,-131.7704121
16.974,-3.825748085,-135.0145621
16.9745,-3.838019931,-133.1701472
16.975,-3.850291778,-131.6023946
16.9755,-3.862563624,-130.2698049
16.976,-3.877903432,-133.739046
16.9765,-3.890175278,-132.0859585
16.977,-3.902447124,-130.6808342
16.9775,-3.914718971,-129.4864785
16.978,-3.926990817,-128.4712762
16.9785,-3.939262663,-127.6083542
16.979,-3.95153451,-126.8748705
16.9795,-3.963806356,-126.2514094
16.98,-3.976078202,-125.7214675
16.9805,-3.988350049,-125.2710168
16.981,-4.000621895,-124.8881337
16.9815,-4.012893741,-124.5626831
16.982,-4.025165587,-124.2860501
16.9825,-4.034369472,-119.4489697
16.983,-4.046641318,-119.9393937
16.9835,-4.058913165,-120.3562541
16.984,-4.068117049,-116.1086431
16.9845,-4.080388896,-117.1001161
16.985,-4.092660742,-117.9428681
16.9855,-4.101864627,-114.057265
16.986,-4.114136473,-115.3564447
16.9865,-4.123340358,-111.8588051
16.987,-4.135612204,-113.4877538
16.9875,-4.144816089,-110.2704178
16.988,-4.157087935,-112.1376246
16.9885,-4.16629182,-109.122808
16.989,-4.178563666,-111.1621562
16.9895,-4.187767551,-108.2936599
16.99,-4.200039397,-110.4573804
16.9905,-4.209243282,-107.6946004
16.991,-4.221515128,-109.9481798
16.9915,-4.230719013,-107.2617799
16.992,-4.239922898,-104.97834
16.9925,-4.249126782,-103.0374161
16.993,-4.261398629,-105.9895731
16.9935,-4.270602513,-103.8969643
16.994,-4.279806398,-102.1182467
16.9945,-4.289010283,-100.6063368
16.995,-4.298214168,-99.32121337
16.9955,-4.304350091,-93.62691609
16.996,-4.313553976,-93.38870577
16.9965,-4.32275786,-93.186227
16.997,-4.328893783,-88.41217767
16.9975,-4.338097668,-88.95617811
16.998,-4.344233591,-84.81663612
16.9985,-4.353437476,-85.8999678
16.999,-4.359573399,-82.21885735
16.9995,-4.365709322,-79.08991348
17,-4.371845245,-76.43031118
17.0005,-4.377981169,-74.16964923
17.001,-4.384117092,-72.24808658
17.0015,-4.387185053,-66.01281595
17.002,-4.393320977,-65.31477829
17.0025,-4.396388938,-60.11950391
17.003,-4.402524861,-60.30546305
17.0035,-4.405592823,-55.86158596
17.004,-4.408660784,-52.08429043
17.0045,-4.411728746,-48.87358923
17.005,-4.411728746,-41.54255084
17.0055,-4.414796708,-39.91311058
17.006,-4.417864669,-38.52808636
17.0065,-4.417864669,-32.7488734
17.007,-4.417864669,-27.83654239
17.0075,-4.417864669,-23.66106103
17.008,-4.417864669,-20.11190188
17.0085,-4.417864669,-17.0951166
17.009,-4.417864669,-14.53084911
17.0095,-4.417864669,-12.35122174
17.01,-4.417864669,-10.49853848
17.0105,-4.417864669,-8.923757708
17.011,-4.417864669,-7.585194052
17.0115,-4.417864669,-6.447414944
17.012,-4.417864669,-5.480302702
17.0125,-4.417864669,-4.658257297
17.013,-4.417864669,-3.959518702
17.0135,-4.417864669,-3.365590897
17.014,-4.417864669,-2.860752263
17.0145,-4.417864669,-2.431639423
17.015,-4.417864669,-2.06689351
17.0155,-4.417864669,-1.756859483
17.016,-4.417864669,-1.493330561
17.0165,-4.417864669,-1.269330977
17.017,-4.417864669,-1.07893133
17.0175,-4.417864669,-0.917091631
17.018,-4.417864669,-0.779527886
17.0185,-4.417864669,-0.662598703
17.019,-4.417864669,-0.563208898
17.0195,-4.417864669,-0.478727563
17.02,-4.417864669,-0.406918429
17.0205,-4.417864669,-0.345880664
17.021,-4.417864669,-0.293998565
17.0215,-4.417864669,-0.24989878
17.022,-4.417864669,-0.212413963
17.0225,-4.417864669,-0.180551869
17.023,-4.417864669,-0.153469088
17.0235,-4.417864669,-0.130448725
17.024,-4.417864669,-0.110881416
17.0245,-4.417864669,-0.094249204
17.025,-4.417864669,-0.080111823
17.0255,-4.417864669,-0.06809505
17.026,-4.417864669,-0.057880792
17.0265,-4.417864669,-0.049198673
17.027,-4.417864669,-0.041818872
17.0275,-4.417864669,-0.035546042
17.028,-4.417864669,-0.030214135
17.0285,-4.417864669,-0.025682015
17.029,-4.417864669,-0.021829713
17.0295,-4.417864669,-0.018555256
17.03,-4.417864669,-0.015771967
17.0305,-4.417864669,-0.013406172
17.031,-4.417864669,-0.011395247
17.0315,-4.417864669,-0.00968596
17.032,-4.417864669,-0.008233066
17.0325,-4.417864669,-0.006998106
17.033,-4.417864669,-0.00594839
17.0335,-4.417864669,-0.005056131
17.034,-4.417864669,-0.004297712
17.0345,-4.417864669,-0.003653055
17.035,-4.417864669,-0.003105097
17.0355,-4.417864669,-0.002639332
17.036,-4.417864669,-0.002243432
17.0365,-4.417864669,-0.001906918
17.037,-4.417864669,-0.00162088
17.0375,-4.417864669,-0.001377748
17.038,-4.417864669,-0.001171086
17.0385,-4.417864669,-0.000995423
17.039,-4.417864669,-0.000846109
17.0395,-4.417864669,-0.000719193
17.04,-4.417864669,-0.000611314
17.0405,-4.417864669,-0.000519617
17.041,-4.417864669,-0.000441674
17.0415,-4.417864669,-0.000375423
17.042,-4.417864669,-0.00031911
17.0425,-4.417864669,-0.000271243
17.043,-4.417864669,-0.000230557
17.0435,-4.417864669,-0.000195973
17.044,-4.417864669,-0.000166577
17.0445,-4.417864669,-0.000141591
17.045,-4.417864669,-0.000120352
17.0455,-4.417864669,-0.000102299
17.046,-4.417864669,-8.69544E-05
17.0465,-4.417864669,-7.39112E-05
17.047,-4.417864669,-6.28245E-05
17.0475,-4.417864669,-5.34009E-05
17.048,-4.417864669,-4.53907E-05
17.0485,-4.417864669,-3.85821E-05
17.049,-4.417864669,-3.27948E-05
17.0495,-4.417864669,-2.78756E-05
17.05,-4.417864669,-2.36942E-05
17.0505,-4.417864669,-2.01401E-05
17.051,-4.417864669,-1.71191E-05
17.0515,-4.417864669,-1.45512E-05
17.052,-4.417864669,-1.23685E-05
17.0525,-4.417864669,-1.05133E-05
17.053,-4.417864669,-8.93627E-06
17.0535,-4.417864669,-7.59583E-06
17.054,-4.417864669,-6.45646E-06
17.0545,-4.417864669,-5.48799E-06
17.055,-4.417864669,-4.66479E-06
17.0555,-4.417864669,-3.96507E-06
17.056,-4.417864669,-3.37031E-06
17.0565,-4.417864669,-2.86476E-06
17.057,-4.417864669,-2.43505E-06
17.0575,-4.417864669,-2.06979E-06
17.058,-4.417864669,-1.75932E-06
17.0585,-4.417864669,-1.49543E-06
17.059,-4.417864669,-1.27111E-06
17.0595,-4.417864669,-1.08044E-06
17.06,-4.417864669,-9.18378E-07
17.0605,-4.417864669,-7.80621E-07
17.061,-4.417864669,-6.63528E-07
17.0615,-4.417864669,-5.63999E-07
17.062,-4.417864669,-4.79399E-07
17.0625,-4.417864669,-4.07489E-07
17.063,-4.417864669,-3.46366E-07
17.0635,-4.417864669,-2.94411E-07
17.064,-4.417864669,-2.50249E-07
17.0645,-4.417864669,-2.12712E-07
17.065,-4.414796708,4.601942183
17.0655,-4.414796708,3.911650855
17.066,-4.414796708,3.324903227
17.0665,-4.411728746,7.428110107
17.067,-4.411728746,6.313893591
17.0675,-4.408660784,9.968751916
17.068,-4.408660784,8.473439128
17.0685,-4.405592823,11.80436562
17.069,-4.402524861,14.63565314
17.0695,-4.402524861,12.44030517
17.07,-4.3994569,15.17620176
17.0705,-4.396388938,17.50171386
17.071,-4.393320977,19.47839914
17.0715,-4.390253015,21.15858164
17.072,-4.387185053,22.58673675
17.0725,-4.384117092,23.8006686
17.073,-4.377981169,29.43445304
17.0735,-4.374913207,29.62122745
17.074,-4.368777284,34.38192806
17.0745,-4.365709322,33.82658121
17.075,-4.359573399,37.95647876
17.0755,-4.356505438,36.86494931
17.076,-4.350369514,40.53909164
17.0765,-4.344233591,43.66211262
17.077,-4.338097668,46.31668046
17.0775,-4.331961745,48.57306311
17.078,-4.328893783,45.88904601
17.0785,-4.32275786,48.20957384
17.079,-4.316621937,50.18202249
17.0795,-4.307418052,56.46054621
17.08,-4.301282129,57.195349
17.0805,-4.295146206,57.81993138
17.081,-4.289010283,58.3508264
17.0815,-4.28287436,58.80208717
17.082,-4.273670475,63.78760118
17.0825,-4.267534552,63.42334573
17.083,-4.261398629,63.1137286
17.0835,-4.252194744,67.4524964
17.084,-4.246058821,66.53850667
17.0845,-4.236854936,70.36355776
17.085,-4.230719013,69.01290882
17.0855,-4.221515128,72.46679959
17.086,-4.215379205,70.80066438
17.0865,-4.20617532,73.98639181
17.087,-4.200039397,72.09231777
17.0875,-4.190835513,75.08429719
17.088,-4.184699589,73.02553734
17.0885,-4.175495705,75.87753383
17.089,-4.16629182,78.30173085
17.0895,-4.160155897,75.76035595
17.09,-4.150952012,78.20212965
17.0905,-4.144816089,75.67569493
17.091,-4.135612204,78.13016778
17.0915,-4.126408319,80.2164697
17.092,-4.120272396,77.38788398
17.0925,-4.111068512,79.58552847
17.093,-4.104932588,76.85158393
17.0935,-4.095728704,79.12967343
17.094,-4.086524819,81.06604951
17.0945,-4.080388896,78.11002681
17.095,-4.071185011,80.19934988
17.0955,-4.065049088,77.37333212
17.096,-4.055845203,79.5731594
17.0965,-4.046641318,81.44301258
17.097,-4.037437434,83.03238778
17.0975,-4.031301511,79.78141434
17.098,-4.022097626,81.62002928
17.0985,-4.012893741,83.18285198
17.099,-4.003689856,84.51125127
17.0995,-3.994485972,85.64039067
17.1,-3.985282087,86.60015916
17.1005,-3.976078202,87.41596238
17.101,-3.966874317,88.10939511
17.1015,-3.957670433,88.69881294
17.102,-3.948466548,89.19981809
17.1025,-3.939262663,89.62567247
17.103,-3.930058779,89.98764869
17.1035,-3.920854894,90.29532847
17.104,-3.911651009,90.55685629
17.1045,-3.899379163,95.38109731
17.105,-3.890175278,94.8797598
17.1055,-3.880971393,94.45362292
17.106,-3.868699547,98.69334894
17.1065,-3.859495662,97.69517369
17.107,-3.847223816,101.4486671
17.1075,-3.83495197,104.6391365
17.108,-3.822680123,107.3510355
17.1085,-3.813476239,105.0542072
17.109,-3.801204392,107.7038456
17.1095,-3.788932546,109.9560382
17.11,-3.7766607,111.8704019
17.1105,-3.761320892,118.0995535
17.111,-3.752117007,114.1904475
17.1115,-3.736777199,120.0715922
17.112,-3.724505353,120.4686228
17.1125,-3.712233507,120.8060989
17.113,-3.696893699,125.6948959
17.1135,-3.684621853,125.2484309
17.114,-3.672350006,124.8689358
17.1145,-3.657010198,129.1483072
17.115,-3.644738352,128.1838306
17.1155,-3.629398544,131.9659678
17.116,-3.614058736,135.1807845
17.1165,-3.60178689,133.3114362
17.117,-3.586447082,136.3244326
17.1175,-3.571107274,138.8854796
17.118,-3.558835428,136.4604271
17.1185,-3.54349562,139.0010748
17.119,-3.528155812,141.1606254
17.1195,-3.515883966,138.3943011
17.12,-3.500544158,140.6448677
17.1205,-3.488272312,137.955907
17.121,-3.472932504,140.2722328
17.1215,-3.460660657,137.6391673
17.122,-3.44532085,140.003004
17.1225,-3.433049003,137.4103229
17.123,-3.417709195,139.8084863
17.1235,-3.405437349,137.2449828
17.124,-3.390097541,139.6679472
17.1245,-3.377825695,137.1255246
17.125,-3.365553849,134.9644653
17.1255,-3.350214041,137.7295074
17.126,-3.337942194,135.4778507
17.1265,-3.322602387,138.1658849
17.127,-3.31033054,135.8487716
17.1275,-3.298058694,133.8792253
17.128,-3.282718886,136.8070534
17.1285,-3.27044704,134.6937648
17.129,-3.258175193,132.8974695
17.1295,-3.242835386,135.9725609
17.13,-3.230563539,133.9844462
17.1305,-3.215223731,136.8964911
17.131,-3.202951885,134.7697869
17.1315,-3.190680039,132.9620883
17.132,-3.175340231,136.0274869
17.1325,-3.163068385,134.0311333
17.133,-3.150796538,132.3342328
17.1335,-3.13545673,135.4938097
17.134,-3.123184884,133.5775077
17.1345,-3.107845076,136.5505933
17.135,-3.09557323,134.4757738
17.1355,-3.083301384,132.7121772
17.136,-3.071029537,131.2131201
17.1365,-3.055689729,134.5408639
17.137,-3.043417883,132.7675037
17.1375,-3.031146037,131.2601476
17.138,-3.015806229,134.5808373
17.1385,-3.003534383,132.8014812
17.139,-2.991262536,131.2890284
17.1395,-2.97899069,130.0034436
17.14,-2.963650882,133.5126389
17.1405,-2.951379036,131.8935125
17.141,-2.93910719,130.5172551
17.1415,-2.923767382,133.9493787
17.142,-2.911495535,132.2647413
17.1425,-2.899223689,130.8327996
17.143,-2.883883881,134.2175915
17.1435,-2.871612035,132.4927222
17.144,-2.856272227,135.6285257
17.1445,-2.840932419,138.2939586
17.145,-2.828660573,135.9576343
17.1455,-2.813320765,138.573701
17.146,-2.801048919,136.1954153
17.1465,-2.785709111,138.7758148
17.147,-2.770369303,140.9691544
17.1475,-2.755029495,142.8334931
17.148,-2.739689687,144.4181809
17.1485,-2.727417841,141.1632232
17.149,-2.712078033,142.9984516
17.1495,-2.696738225,144.5583957
17.15,-2.681398417,145.8843481
17.1505,-2.666058609,147.0114077
17.151,-2.650718801,147.9694084
17.1515,-2.638446955,144.1817666
17.152,-2.623107147,145.5642134
17.1525,-2.607767339,146.7392932
17.153,-2.58935957,152.3400534
17.1535,-2.574019762,152.4987572
17.154,-2.561747916,148.0317131
17.1545,-2.546408108,148.8366679
17.155,-2.5310683,149.5208796
17.1555,-2.515728492,150.1024595
17.156,-2.500388684,150.5968024
17.1565,-2.485048876,151.0169938
17.157,-2.469709068,151.3741566
17.1575,-2.454369261,151.6777449
17.158,-2.439029453,151.935795
17.1585,-2.423689645,152.1551376
17.159,-2.408349837,152.3415787
17.1595,-2.393010029,152.5000537
17.16,-2.377670221,152.6347575
17.1605,-2.362330413,152.7492557
17.161,-2.346990605,152.8465792
17.1615,-2.331650798,152.9293041
17.162,-2.319378951,148.3976779
17.1625,-2.304039143,149.1477381
17.163,-2.288699336,149.7852892
17.1635,-2.273359528,150.3272076
17.164,-2.261087681,146.1858959
17.1645,-2.245747873,147.2677234
17.165,-2.230408066,148.1872767
17.1655,-2.218136219,144.3669546
17.166,-2.202796411,145.7216233
17.1665,-2.187456604,146.8730916
17.167,-2.175184757,143.2498973
17.1675,-2.162912911,140.1701822
17.168,-2.147573103,142.1543667
17.1685,-2.135301257,139.2389811
17.169,-2.12302941,136.7609034
17.1695,-2.107689603,139.2564797
17.17,-2.095417756,136.7757772
17.1705,-2.08314591,134.6671801
17.171,-2.070874064,132.8748725
17.1715,-2.058602217,131.3514111
17.172,-2.043262409,134.6584113
17.1725,-2.030990563,132.867419
17.173,-2.018718717,131.3450756
17.1735,-2.006446871,130.0510837
17.174,-1.994175024,128.9511906
17.1745,-1.981903178,128.0162815
17.175,-1.969631332,127.2216087
17.1755,-1.960427447,121.9441945
17.176,-1.948155601,122.0603348
17.1765,-1.935883754,122.159054
17.177,-1.923611908,122.2429654
17.1775,-1.914408023,117.7123477
17.178,-1.902136177,118.463265
17.1785,-1.889864331,119.1015447
17.179,-1.877592484,119.6440824
17.1795,-1.8683886,115.5032972
17.18,-1.856116753,116.585572
17.1805,-1.846912869,112.9035633
17.181,-1.834641022,114.3757983
17.1815,-1.822369176,115.627198
17.182,-1.813165291,112.0889454
17.1825,-1.800893445,113.683373
17.183,-1.79168956,110.4366942
17.1835,-1.779417714,112.2789595
17.184,-1.770213829,109.2429427
17.1845,-1.761009944,106.6623284
17.185,-1.75180606,104.4688062
17.1855,-1.739534213,107.2062547
17.186,-1.730330329,104.9311436
17.1865,-1.721126444,102.9972992
17.187,-1.711922559,101.3535314
17.1875,-1.699650713,104.5582711
17.188,-1.690446828,102.6803575
17.1885,-1.681242944,101.084131
17.189,-1.672039059,99.72733844
17.1895,-1.662835174,98.57406477
17.19,-1.653631289,97.59378214
17.1905,-1.644427405,96.76054191
17.191,-1.63522352,96.05228772
17.1915,-1.626019635,95.45027165
17.192,-1.61681575,94.93855799
17.1925,-1.607611866,94.50360139
17.193,-1.598407981,94.13388827
17.1935,-1.592272058,89.21768976
17.194,-1.583068173,89.64086338
17.1945,-1.573864288,90.00056097
17.195,-1.567728365,85.70436155
17.1955,-1.55852448,86.65453441
17.196,-1.552388557,82.86023897
17.1965,-1.543184673,84.23703022
17.197,-1.537048749,80.80536041
17.1975,-1.527844865,82.49038344
17.198,-1.521708942,79.32071065
17.1985,-1.515573018,76.62648878
17.199,-1.506369134,78.93834256
17.1995,-1.500233211,76.3014759
17.2,-1.494097287,74.06013924
17.2005,-1.487961364,72.15500308
17.201,-1.481825441,70.53563735
17.2015,-1.475689518,69.15917647
17.202,-1.469553595,67.98918473
17.2025,-1.463417672,66.99469175
17.203,-1.457281748,66.14937271
17.2035,-1.451145825,65.43085153
17.204,-1.445009902,64.82010853
17.2045,-1.438873979,64.30097698
17.205,-1.432738056,63.85971516
17.2055,-1.426602133,63.48464261
17.206,-1.42046621,63.16583095
17.2065,-1.417398248,58.29289867
17.207,-1.411262325,58.7528486
17.2075,-1.405126402,59.14380603
17.208,-1.40205844,54.87417749
17.2085,-1.395922517,55.8469356
17.209,-1.392854555,52.07183762
17.2095,-1.386718632,53.4649467
17.21,-1.383650671,50.04714706
17.2105,-1.377514748,51.74395973
17.211,-1.374446786,48.58430813
17.2115,-1.371378824,45.89860428
17.212,-1.368310863,43.615756
17.2125,-1.36217494,46.27727733
17.213,-1.359106978,43.93762809
17.2135,-1.356039016,41.94892624
17.214,-1.352971055,40.25852967
17.2145,-1.349903093,38.82169258
17.215,-1.346835132,37.60038106
17.2155,-1.34376717,36.56226626
17.216,-1.340699209,35.67986869
17.2165,-1.337631247,34.92983075
17.217,-1.337631247,29.69035614
17.2175,-1.334563285,29.83874508
17.218,-1.331495324,29.96487568
17.2185,-1.331495324,25.47014433
17.219,-1.328427362,26.25156504
17.2195,-1.325359401,26.91577265
17.22,-1.325359401,22.87840675
17.2205,-1.322291439,24.0485881
17.221,-1.322291439,20.44129989
17.2215,-1.322291439,17.3751049
17.222,-1.319223478,19.37078153
17.2225,-1.319223478,16.4651643
17.223,-1.319223478,13.99538966
17.2235,-1.319223478,11.89608121
17.224,-1.319223478,10.11166903
17.2245,-1.316155516,13.19686104
17.225,-1.316155516,11.21733188
17.2255,-1.316155516,9.534732099
17.226,-1.316155516,8.104522284
17.2265,-1.316155516,6.888843942
17.227,-1.316155516,5.85551735
17.2275,-1.316155516,4.977189748
17.228,-1.316155516,4.230611286
17.2285,-1.316155516,3.596019593
17.229,-1.316155516,3.056616654
17.2295,-1.316155516,2.598124156
17.23,-1.316155516,2.208405532
17.2305,-1.316155516,1.877144703
17.231,-1.316155516,1.595572997
17.2315,-1.319223478,-3.245705316
17.232,-1.319223478,-2.758849519
17.2325,-1.319223478,-2.345022091
17.233,-1.322291439,-6.595211141
17.2335,-1.322291439,-5.60592947
17.234,-1.325359401,-9.366982413
17.2345,-1.325359401,-7.961935051
17.235,-1.328427362,-11.36958716
17.2355,-1.331495324,-14.26609145
17.236,-1.334563285,-16.72812009
17.2365,-1.337631247,-18.82084444
17.237,-1.340699209,-20.59966014
17.2375,-1.34376717,-22.11165348
17.238,-1.346835132,-23.39684782
17.2385,-1.349903093,-24.48926301
17.239,-1.352971055,-25.41781593
17.2395,-1.356039016,-26.2070859
17.24,-1.36217494,-31.47990774
17.2405,-1.365242901,-31.35986395
17.241,-1.371378824,-35.85976908
17.2415,-1.374446786,-35.08274608
17.242,-1.380582709,-39.0242189
17.2425,-1.383650671,-37.77252843
17.243,-1.389786594,-41.31053389
17.2435,-1.395922517,-44.31783853
17.244,-1.40205844,-46.87404748
17.2445,-1.405126402,-44.44488272
17.245,-1.411262325,-46.98203504
17.2455,-1.417398248,-49.13861451
17.246,-1.423534171,-50.97170706
17.2465,-1.429670094,-52.52983573
17.247,-1.435806017,-53.8542451
17.2475,-1.445009902,-59.58193542
17.248,-1.451145825,-59.84852984
17.2485,-1.457281748,-60.07513509
17.249,-1.463417672,-60.26774955
17.2495,-1.472621556,-65.03341421
17.25,-1.47875748,-64.48228681
17.2505,-1.487961364,-68.61577088
17.251,-1.494097287,-67.52728997
17.2515,-1.503301172,-71.20402357
17.252,-1.509437095,-69.72730476
17.2525,-1.51864098,-73.07403614
17.253,-1.527844865,-75.91875781
17.2535,-1.533980788,-73.73482886
17.254,-1.543184673,-76.48043163
17.2545,-1.552388557,-78.81419397
17.255,-1.55852448,-76.1959496
17.2555,-1.567728365,-78.57238425
17.256,-1.57693225,-80.59235371
17.2565,-1.586136135,-82.30932774
17.257,-1.595340019,-83.76875567
17.2575,-1.604543904,-85.00926941
17.258,-1.613747789,-86.06370609
17.2585,-1.622951674,-86.95997727
17.259,-1.632155558,-87.72180777
17.2595,-1.644427405,-92.97130606
17.26,-1.653631289,-92.83143724
17.2605,-1.662835174,-92.71254875
17.261,-1.672039059,-92.61149352
17.2615,-1.684310905,-97.12753895
17.262,-1.69351479,-96.3642352
17.2625,-1.705786636,-100.3173694
17.263,-1.714990521,-99.07559106
17.2635,-1.724194406,-98.02007949
17.264,-1.736466252,-101.724837
17.2645,-1.745670137,-100.2719386
17.265,-1.754874021,-99.03697487
17.2655,-1.767145868,-102.5891981
17.266,-1.779417714,-105.6085878
17.2665,-1.788621599,-103.5731267
17.267,-1.800893445,-106.4449272
17.2675,-1.81009733,-104.2840152
17.268,-1.822369176,-107.0491824
17.2685,-1.834641022,-109.3995745
17.269,-1.843844907,-106.7954654
17.2695,-1.856116753,-109.183915
17.27,-1.8683886,-111.2140972
17.2705,-1.880660446,-112.9397521
17.271,-1.889864331,-109.8046164
17.2715,-1.902136177,-111.7416934
17.272,-1.914408023,-113.3882088
17.2725,-1.92667987,-114.787747
17.273,-1.938951716,-115.9773544
17.2735,-1.951223562,-116.9885207
17.274,-1.960427447,-113.2460697
17.2745,-1.975767255,-119.268871
17.275,-1.988039101,-119.7863098
17.2755,-2.000310947,-120.2261328
17.276,-2.012582794,-120.5999823
17.2765,-2.02485464,-120.9177544
17.277,-2.037126486,-121.1878607
17.2775,-2.049398333,-121.4174511
17.278,-2.06473814,-126.2145452
17.2785,-2.077009987,-125.6901329
17.279,-2.089281833,-125.2443824
17.2795,-2.104621641,-129.4674369
17.28,-2.116893487,-128.4550908
17.2805,-2.132233295,-132.196539
17.281,-2.144505141,-130.7748276
17.2815,-2.156776988,-129.5663729
17.282,-2.172116796,-133.1411288
17.2825,-2.184388642,-131.5777289
17.283,-2.19972845,-134.8507814
17.2835,-2.215068258,-137.632876
17.284,-2.230408066,-139.9976564
17.2845,-2.245747873,-142.0077198
17.285,-2.25801972,-139.1143313
17.2855,-2.273359528,-141.2568934
17.286,-2.288699336,-143.0780712
17.2865,-2.304039143,-144.6260723
17.287,-2.319378951,-145.9418733
17.2875,-2.334718759,-147.0603041
17.288,-2.350058567,-148.0109703
17.2885,-2.365398375,-148.8190366
17.289,-2.380738183,-149.5058929
17.2895,-2.396077991,-150.0897208
17.29,-2.411417799,-150.5859745
17.2905,-2.426757606,-151.0077901
17.291,-2.445165376,-155.9682758
17.2915,-2.460505184,-155.5827463
17.292,-2.475844992,-155.2550461
17.2925,-2.494252761,-159.5784434
17.293,-2.509592569,-158.6513887
17.2935,-2.524932377,-157.8633922
17.294,-2.540272185,-157.1935952
17.2945,-2.555611993,-156.6242677
17.295,-2.574019762,-160.7422818
17.2955,-2.58935957,-159.6406513
17.296,-2.604699378,-158.7042654
17.2965,-2.623107147,-162.5102798
17.297,-2.638446955,-161.1434497
17.2975,-2.653786763,-159.981644
17.298,-2.669126571,-158.9941092
17.2985,-2.68753434,-162.756647
17.299,-2.702874148,-161.3528618
17.2995,-2.718213956,-160.1596443
17.3,-2.733553764,-159.1454095
17.3005,-2.748893572,-158.2833099
17.301,-2.76423338,-157.5505252
17.3015,-2.779573188,-156.9276583
17.302,-2.794912996,-156.3982213
17.3025,-2.810252803,-155.9482
17.303,-2.825592611,-155.5656818
17.3035,-2.837864458,-150.638599
17.304,-2.853204265,-151.0525209
17.3045,-2.868544073,-151.4043546
17.305,-2.883883881,-151.7034132
17.3055,-2.899223689,-151.9576131
17.306,-2.914563497,-152.1736829
17.3065,-2.926835343,-147.7553999
17.307,-2.942175151,-148.6018018
17.3075,-2.954446997,-144.719301
17.308,-2.969786805,-146.0211176
17.3085,-2.985126613,-147.1276618
17.309,-2.99739846,-143.466282
17.3095,-3.012738267,-144.9560515
17.31,-3.028078075,-146.2223556
17.3105,-3.040349922,-142.6967717
17.311,-3.055689729,-144.3019678
17.3115,-3.067961576,-141.0644421
17.312,-3.080233422,-138.3125452
17.3125,-3.092505268,-135.9734329
17.313,-3.107845076,-138.5871298
17.3135,-3.120116923,-136.2068298
17.314,-3.132388769,-134.1835747
17.3145,-3.144660615,-132.463808
17.315,-3.160000423,-135.6039486
17.3155,-3.172272269,-133.6711258
17.316,-3.184544116,-132.0282264
17.3165,-3.196815962,-130.6317619
17.317,-3.209087808,-129.444767
17.3175,-3.221359655,-128.4358214
17.318,-3.236699462,-132.18016
17.3185,-3.248971309,-130.7609055
17.319,-3.261243155,-129.5545391
17.3195,-3.273515001,-128.5291277
17.32,-3.285786848,-127.657528
17.3205,-3.298058694,-126.9166683
17.321,-3.31033054,-126.2869375
17.3215,-3.322602387,-125.7516663
17.322,-3.334874233,-125.2966858
17.3225,-3.344078118,-120.30801
17.323,-3.356349964,-120.669578
17.3235,-3.36862181,-120.9769107
17.324,-3.380893656,-121.2381436
17.3245,-3.393165503,-121.4601915
17.325,-3.405437349,-121.6489322
17.3255,-3.417709195,-121.8093619
17.326,-3.429981042,-121.945727
17.3265,-3.442252888,-122.0616374
17.327,-3.454524734,-122.1601613
17.3275,-3.463728619,-117.6419642
17.328,-3.476000465,-118.403439
17.3285,-3.488272312,-119.0506926
17.329,-3.500544158,-119.6008582
17.3295,-3.509748043,-115.4665565
17.33,-3.522019889,-116.5543425
17.3305,-3.531223774,-112.8770182
17.331,-3.54349562,-114.3532349
17.3315,-3.555767466,-115.6080192
17.332,-3.564971351,-112.0726434
17.3325,-3.577243197,-113.6695163
17.333,-3.586447082,-110.424916
17.3335,-3.598718928,-112.268948
17.334,-3.607922813,-109.2344329
17.3345,-3.620194659,-111.2570374
17.335,-3.629398544,-108.3743089
17.3355,-3.638602429,-105.9239897
17.336,-3.647806314,-103.8412183
17.3365,-3.66007816,-106.672805
17.337,-3.669282045,-104.4777114
17.3375,-3.678485929,-102.6118817
17.338,-3.687689814,-101.0259266
17.3385,-3.69996166,-104.279807
17.339,-3.709165545,-102.4436631
17.3395,-3.71836943,-100.8829407
17.34,-3.727573315,-99.55632669
17.3405,-3.736777199,-98.42870478
17.341,-3.745981084,-97.47022615
17.3415,-3.755184969,-96.65551932
17.342,-3.767456815,-100.5649609
17.3425,-3.7766607,-99.28604384
17.343,-3.785864585,-98.19896435
17.3435,-3.795068469,-97.27494679
17.344,-3.804272354,-96.48953186
17.3445,-3.813476239,-95.82192917
17.345,-3.822680123,-95.25446689
17.3455,-3.831884008,-94.77212395
17.346,-3.838019931,-89.76019008
17.3465,-3.847223816,-90.10198866
17.347,-3.856427701,-90.39251745
17.3475,-3.862563624,-86.03752456
17.348,-3.871767509,-86.93772297
17.3485,-3.877903432,-83.10094925
17.349,-3.884039355,-79.83969159
17.3495,-3.89324324,-81.66956494
17.35,-3.899379163,-78.62301493
17.3505,-3.905515086,-76.03344742
17.351,-3.911651009,-73.83231503
17.3515,-3.917786932,-71.9613525
17.352,-3.923922855,-70.37103436
17.3525,-3.930058779,-69.01926393
17.353,-3.936194702,-67.87025907
17.3535,-3.942330625,-66.89360493
17.354,-3.948466548,-66.06344892
17.3545,-3.95153451,-60.75587395
17.355,-3.957670433,-60.84637758
17.3555,-3.960738394,-56.32136331
17.356,-3.966874317,-57.07704354
17.3565,-3.969942279,-53.11742937
17.357,-3.976078202,-54.35369969
17.3575,-3.979146164,-50.8025871
17.358,-3.985282087,-52.38608377
17.3585,-3.988350049,-49.13011356
17.359,-3.99141801,-46.36253889
17.3595,-3.997553933,-48.61204279
17.36,-4.000621895,-45.92217873
17.3605,-4.003689856,-43.63579429
17.361,-4.006757818,-41.69236751
17.3615,-4.012893741,-44.64239711
17.362,-4.012893741,-37.94603754
17.3625,-4.015961703,-36.85607427
17.363,-4.019029664,-35.9296055
17.3635,-4.022097626,-35.14210704
17.364,-4.025165587,-34.47273334
17.3645,-4.028233549,-33.90376571
17.365,-4.028233549,-28.81820085
17.3655,-4.031301511,-29.09741309
17.366,-4.034369472,-29.33474349
17.3665,-4.034369472,-24.93453196
17.367,-4.037437434,-25.79629453
17.3675,-4.037437434,-21.92685035
17.368,-4.040505395,-23.23976516
17.3685,-4.040505395,-19.75380039
17.369,-4.040505395,-16.79073033
17.3695,-4.040505395,-14.27212078
17.37,-4.043573357,-16.73324503
17.3705,-4.043573357,-14.22325827
17.371,-4.043573357,-12.08976953
17.3715,-4.043573357,-10.2763041
17.372,-4.043573357,-8.734858487
17.3725,-4.043573357,-7.424629714
17.373,-4.043573357,-6.310935257
17.3735,-4.046641318,-9.966237332
17.374,-4.046641318,-8.471301732
17.3745,-4.046641318,-7.200606472
17.375,-4.046641318,-6.120515502
17.3755,-4.046641318,-5.202438176
17.376,-4.046641318,-4.42207245
17.3765,-4.043573357,0.843180781
17.377,-4.043573357,0.716703664
17.3775,-4.043573357,0.609198114
17.378,-4.043573357,0.517818397
17.3785,-4.043573357,0.440145638
17.379,-4.040505395,4.976066156
17.3795,-4.040505395,4.229656232
17.38,-4.040505395,3.595207797
17.3805,-4.037437434,7.657868992
17.381,-4.037437434,6.509188643
17.3815,-4.037437434,5.532810346
17.382,-4.034369472,9.304831158
17.3825,-4.031301511,12.51104885
17.383,-4.031301511,10.63439152
17.3835,-4.028233549,13.64117516
17.384,-4.025165587,16.19694125
17.3845,-4.025165587,13.76740006
17.385,-4.022097626,16.30423241
17.3855,-4.019029664,18.46053992
17.386,-4.015961703,20.29340129
17.3865,-4.012893741,21.85133346
17.387,-4.00982578,23.17557581
17.3875,-4.006757818,24.3011818
17.388,-4.003689856,25.25794689
17.3885,-4.000621895,26.07119722
17.389,-3.997553933,26.76246
17.3895,-3.994485972,27.35003337
17.39,-3.988350049,32.45141309
17.3905,-3.985282087,32.18564349
17.391,-3.982214125,31.95973933
17.3915,-3.976078202,36.36966316
17.392,-3.973010241,35.51615605
17.3925,-3.966874317,39.39261737
17.393,-3.960738394,42.68760949
17.3935,-3.957670433,40.88641043
17.394,-3.95153451,43.95733359
17.3945,-3.945398586,46.56761828
17.395,-3.939262663,48.78636027
17.3955,-3.93312674,50.67229095
17.396,-3.926990817,52.27533204
17.3965,-3.923922855,49.0359746
17.397,-3.917786932,50.88446313
17.3975,-3.908583048,57.05762075
17.398,-3.902447124,57.70286237
17.3985,-3.896311201,58.25131774
17.399,-3.890175278,58.71750481
17.3995,-3.880971393,63.71570618
17.4,-3.87483547,63.36223498
17.4005,-3.865631585,67.66372682
17.401,-3.859495662,66.71805253
17.4015,-3.850291778,70.51617174
17.402,-3.844155854,69.1426307
17.4025,-3.83495197,72.57706319
17.403,-3.825748085,75.4963308
17.4035,-3.8165442,77.97770827
17.404,-3.807340316,80.08687912
17.4045,-3.798136431,81.87967435
17.405,-3.788932546,83.40355028
17.4055,-3.779728661,84.69884483
17.406,-3.767456815,90.40178756
17.4065,-3.75825293,90.64734652
17.407,-3.749049046,90.85607163
17.4075,-3.739845161,91.03348798
17.408,-3.727573315,95.78623424
17.4085,-3.715301468,99.82606856
17.409,-3.706097584,98.65798536
17.4095,-3.693825737,102.267057
17.41,-3.681553891,105.3347679
17.4105,-3.672350006,103.3403798
17.411,-3.66007816,106.2470923
17.4115,-3.647806314,108.7177979
17.412,-3.635534467,110.8178977
17.4125,-3.623262621,112.6029825
17.413,-3.610990775,114.1203046
17.4135,-3.595650967,120.0119707
17.414,-3.583379121,120.4179445
17.4145,-3.571107274,120.7630223
17.415,-3.558835428,121.0563384
17.4155,-3.54349562,125.9075995
17.416,-3.531223774,125.429229
17.4165,-3.518951927,125.0226141
17.417,-3.50361212,129.2789338
17.4175,-3.491340273,128.2948632
17.418,-3.479068427,127.4584032
17.4185,-3.463728619,131.3493545
17.419,-3.451456773,130.0547208
17.4195,-3.436116965,133.5562245
17.42,-3.423845119,131.9305603
17.4205,-3.408505311,135.1506881
17.421,-3.396233464,133.2858543
17.4215,-3.380893656,136.302688
17.422,-3.36862181,134.2650542
17.4225,-3.353282002,137.1350079
17.423,-3.341010156,134.9725262
17.4235,-3.32873831,133.1344167
17.424,-3.313398502,136.173966
17.4245,-3.301126656,134.1556406
17.425,-3.285786848,137.0420063
17.4255,-3.273515001,134.8934748
17.426,-3.261243155,133.067223
17.4265,-3.245903347,136.1168514
17.427,-3.233631501,134.1070932
17.4275,-3.221359655,132.3987986
17.428,-3.206019847,135.5486907
17.4285,-3.193748,133.6241565
17.429,-3.181476154,131.9883025
17.4295,-3.166136346,135.1997689
17.43,-3.1538645,133.327573
17.4305,-3.141592654,131.7362065
17.431,-3.126252846,134.9854874
17.4315,-3.113980999,133.1454337
17.432,-3.098641192,136.1833305
17.4325,-3.086369345,134.1636004
17.433,-3.071029537,137.0487721
17.4335,-3.058757691,134.8992258
17.434,-3.043417883,137.6740537
17.4345,-3.028078075,140.0326575
17.435,-3.015806229,137.4355283
17.4355,-3.000466421,139.8299109
17.436,-2.985126613,141.8651361
17.4365,-2.969786805,143.5950775
17.437,-2.957514959,140.4635853
17.4375,-2.942175151,142.4037593
17.438,-2.926835343,144.0529073
17.4385,-2.911495535,145.454683
17.439,-2.896155728,146.6461924
17.4395,-2.88081592,147.6589753
17.44,-2.865476112,148.5198408
17.4405,-2.850136304,149.2515765
17.441,-2.834796496,149.8735519
17.4415,-2.819456688,150.4022309
17.442,-2.80411688,150.8516081
17.4425,-2.788777072,151.2335787
17.443,-2.770369303,156.1601961
17.4435,-2.755029495,155.7458785
17.444,-2.739689687,155.3937085
17.4445,-2.724349879,155.0943641
17.445,-2.70594211,159.4418636
17.4455,-2.690602302,158.5352959
17.446,-2.675262494,157.7647133
17.4465,-2.656854725,161.7116605
17.447,-2.641514917,160.4646233
17.4475,-2.626175109,159.4046416
17.448,-2.607767339,163.1055995
17.4485,-2.592427532,161.6494714
17.449,-2.574019762,165.0137049
17.4495,-2.558679954,163.271361
17.45,-2.543340146,161.7903686
17.4505,-2.528000338,160.5315252
17.451,-2.509592569,164.0634506
17.4515,-2.494252761,162.4636448
17.452,-2.478912953,161.1038099
17.4525,-2.460505184,164.5498926
17.453,-2.445165376,162.8771205
17.4535,-2.429825568,161.4552643
17.454,-2.411417799,164.8486288
17.4545,-2.396077991,163.1310463
17.455,-2.377670221,166.2730435
17.4555,-2.362330413,164.3417988
17.456,-2.346990605,162.7002408
17.4565,-2.328582836,165.9068589
17.457,-2.313243028,164.0305419
17.4575,-2.29790322,162.4356724
17.458,-2.282563412,161.0800334
17.4585,-2.264155643,164.5296825
17.459,-2.248815835,162.859942
17.4595,-2.233476027,161.4406625
17.46,-2.218136219,160.2342749
17.4605,-2.202796411,159.2088455
17.461,-2.187456604,158.3372305
17.4615,-2.172116796,157.5963578
17.462,-2.156776988,156.9666159
17.4625,-2.14143718,156.4313353
17.463,-2.126097372,155.9763469
17.4635,-2.113825526,150.9876643
17.464,-2.098485718,151.3492265
17.4645,-2.08314591,151.6565543
17.465,-2.070874064,147.3158406
17.4655,-2.055534256,148.2281763
17.466,-2.043262409,144.4017193
17.4665,-2.027922602,145.7511733
17.467,-2.015650755,142.2962667
17.4675,-2.000310947,143.9615385
17.468,-1.988039101,140.7750772
17.4685,-1.975767255,138.0665851
17.469,-1.963495408,135.7643668
17.4695,-1.948155601,138.4094236
17.47,-1.935883754,136.0557795
17.4705,-1.923611908,134.055182
17.471,-1.911340062,132.3546742
17.4715,-1.899068215,130.9092425
17.472,-1.886796369,129.6806256
17.4725,-1.874524523,128.6363012
17.473,-1.862252676,127.7486255
17.4735,-1.84998083,126.9941011
17.474,-1.837708984,126.3527554
17.4745,-1.825437138,125.8076115
17.475,-1.816233253,120.7422969
17.4755,-1.803961407,121.0387218
17.476,-1.79168956,121.290683
17.4765,-1.779417714,121.50485
17.477,-1.767145868,121.686892
17.4775,-1.754874021,121.8416276
17.478,-1.745670137,117.3712106
17.4785,-1.73339829,118.1732984
17.479,-1.721126444,118.8550731
17.4795,-1.708854598,119.4345816
17.48,-1.696582751,119.9271638
17.4805,-1.684310905,120.3458587
17.481,-1.67510702,116.099807
17.4815,-1.662835174,117.0926054
17.482,-1.650563328,117.936484
17.4825,-1.638291481,118.6537809
17.483,-1.626019635,119.2634832
17.4835,-1.613747789,119.7817302
17.484,-1.604543904,115.6202977
17.4845,-1.592272058,116.6850225
17.485,-1.580000212,117.5900386
17.4855,-1.570796327,113.7573599
17.486,-1.55852448,115.1015254
17.4865,-1.546252634,116.244066
17.487,-1.537048749,112.6132832
17.4875,-1.524776903,114.1290602
17.488,-1.515573018,110.8155283
17.4885,-1.503301172,112.6009685
17.489,-1.494097287,109.5166503
17.4895,-1.481825441,111.4969222
17.49,-1.472621556,108.578211
17.4905,-1.463417672,106.0973064
17.491,-1.451145825,108.5904799
17.4915,-1.441941941,106.107735
17.492,-1.432738056,103.9974018
17.4925,-1.423534171,102.2036187
17.493,-1.414330286,100.678903
17.4935,-1.40205844,103.984837
17.494,-1.392854555,102.1929385
17.4945,-1.383650671,100.6698248
17.495,-1.374446786,99.37517819
17.4955,-1.365242901,98.27472855
17.496,-1.356039016,97.33934636
17.4965,-1.346835132,96.5442715
17.497,-1.340699209,91.2665155
17.4975,-1.331495324,91.38236527
17.498,-1.322291439,91.48083757
17.4985,-1.316155516,86.96259666
17.499,-1.306951631,87.72403425
17.4995,-1.297747747,88.37125621
17.5,-1.291611823,84.3194525
17.5005,-1.282407939,85.47736172
17.501,-1.276272016,81.85964219
17.5015,-1.267068131,83.38652295
17.502,-1.257864246,84.6843716
17.5025,-1.251728323,81.18560059
17.503,-1.2455924,78.21164523
17.5035,-1.239456477,75.68378317
17.504,-1.233320553,73.53510042
17.5045,-1.224116669,76.31066245
17.505,-1.217980746,74.06794781
17.5055,-1.211844822,72.16164036
17.506,-1.205708899,70.54127904
17.5065,-1.199572976,69.16397191
17.507,-1.196505015,63.39131849
17.5075,-1.190369091,63.08650544
17.508,-1.184233168,62.82741435
17.5085,-1.178097245,62.60718693
17.509,-1.175029284,57.81805125
17.5095,-1.16889336,58.34922829
17.51,-1.165825399,54.19878641
17.5105,-1.159689476,55.27285318
17.511,-1.156621514,51.58386756
17.5115,-1.153553552,48.44822979
17.512,-1.147417629,50.38488005
17.5125,-1.144349668,47.42909041
17.513,-1.141281706,44.91666921
17.5135,-1.138213745,42.78111119
17.514,-1.135145783,40.96588688
17.5145,-1.132077821,39.42294621
17.515,-1.12900986,38.11144664
17.5155,-1.12900986,32.39472965
17.516,-1.125941898,32.13746256
17.5165,-1.122873937,31.91878554
17.517,-1.119805975,31.73291007
17.5175,-1.119805975,26.97297356
17.518,-1.116738014,27.52896989
17.5185,-1.116738014,23.39962441
17.519,-1.113670052,24.49162311
17.5195,-1.113670052,20.81787964
17.52,-1.113670052,17.6951977
17.5205,-1.113670052,15.04091804
17.521,-1.11060209,17.3867227
17.5215,-1.11060209,14.7787143
17.522,-1.11060209,12.56190715
17.5225,-1.11060209,10.67762108
17.523,-1.11060209,9.075977916
17.5235,-1.11060209,7.714581229
17.524,-1.11060209,6.557394045
17.5245,-1.11060209,5.573784938
17.525,-1.11060209,4.737717197
17.5255,-1.11060209,4.027059618
17.526,-1.11060209,3.423000675
17.5265,-1.11060209,2.909550574
17.527,-1.113670052,-2.128824376
17.5275,-1.113670052,-1.80950072
17.528,-1.113670052,-1.538075612
17.5285,-1.116738014,-5.909306634
17.529,-1.119805975,-9.624853002
17.5295,-1.119805975,-8.181125052
17.53,-1.122873937,-11.55589866
17.5305,-1.125941898,-14.42445622
17.531,-1.12900986,-16.86273015
17.5315,-1.12900986,-14.33332063
17.532,-1.135145783,-21.38720726
17.5325,-1.138213745,-22.78106854
17.533,-1.141281706,-23.96585062
17.5335,-1.144349668,-24.97291539
17.534,-1.147417629,-25.82892045
17.5345,-1.153553552,-31.15846711
17.535,-1.156621514,-31.0866394
17.5355,-1.162757437,-35.62752822
17.536,-1.165825399,-34.88534135
17.5365,-1.171961322,-38.85642488
17.537,-1.175029284,-37.62990351
17.5375,-1.181165207,-41.18930271
17.538,-1.18730113,-44.21479203
17.5385,-1.193437053,-46.78645795
17.539,-1.199572976,-48.97237399
17.5395,-1.202640938,-46.22846025
17.54,-1.211844822,-53.10001831
17.5405,-1.217980746,-54.33890029
17.541,-1.224116669,-55.39194997
17.5415,-1.230252592,-56.2870422
17.542,-1.236388515,-57.0478706
17.5425,-1.2455924,-62.2965171
17.543,-1.251728323,-62.15592426
17.5435,-1.260932208,-66.63836271
17.544,-1.267068131,-65.84649303
17.5445,-1.276272016,-69.77534617
17.545,-1.2854759,-73.11487134
17.5455,-1.291611823,-71.35152536
17.546,-1.300815708,-74.45462365
17.5465,-1.310019593,-77.09225719
17.547,-1.319223478,-79.3342457
17.5475,-1.325359401,-76.63799358
17.548,-1.334563285,-78.94812163
17.5485,-1.34376717,-80.91173048
17.549,-1.352971055,-82.580798
17.5495,-1.365242901,-88.60144775
17.55,-1.374446786,-89.11705768
17.5505,-1.383650671,-89.55532612
17.551,-1.392854555,-89.92785429
17.5515,-1.40205844,-90.24450324
17.552,-1.414330286,-95.11559721
17.5525,-1.423534171,-94.65408472
17.553,-1.435806017,-98.86374146
17.5535,-1.445009902,-97.84000734
17.554,-1.457281748,-101.5717757
17.5545,-1.469553595,-104.7437788
17.555,-1.47875748,-102.8380391
17.5555,-1.491029326,-105.8201027
17.556,-1.503301172,-108.3548567
17.5565,-1.512505057,-105.9074553
17.557,-1.524776903,-108.4291065
17.5575,-1.537048749,-110.5725099
17.558,-1.549320596,-112.3944029
17.5585,-1.561592442,-113.9430119
17.559,-1.570796327,-110.6573872
17.5595,-1.583068173,-112.4665486
17.56,-1.595340019,-114.0043358
17.5605,-1.607611866,-115.3114549
17.561,-1.619883712,-116.4225061
17.5615,-1.632155558,-117.3668996
17.562,-1.644427405,-118.1696341
17.5625,-1.656699251,-118.8519585
17.563,-1.668971097,-119.4319342
17.5635,-1.684310905,-124.5268558
17.564,-1.696582751,-124.2555969
17.5645,-1.708854598,-124.0250268
17.565,-1.721126444,-123.8290423
17.5655,-1.73339829,-123.6624554
17.566,-1.745670137,-123.5208565
17.5665,-1.757941983,-123.4004975
17.567,-1.773281791,-127.9001347
17.5675,-1.785553637,-127.1228839
17.568,-1.797825483,-126.4622208
17.5685,-1.81009733,-125.9006571
17.569,-1.825437138,-130.0252704
17.5695,-1.837708984,-128.9292493
17.57,-1.84998083,-127.9976313
17.5705,-1.865320638,-131.8076985
17.571,-1.877592484,-130.4443131
17.5715,-1.889864331,-129.2854356
17.572,-1.905204139,-132.9023321
17.5725,-1.917475985,-131.3747517
17.573,-1.929747831,-130.0763084
17.5735,-1.945087639,-133.574574
17.574,-1.957359485,-131.9461573
17.5745,-1.969631332,-130.5620032
17.575,-1.98497114,-133.9874145
17.5755,-2.000310947,-136.8990142
17.576,-2.012582794,-134.7719315
17.5765,-2.02485464,-132.9639112
17.577,-2.040194448,-136.0290364
17.5775,-2.055534256,-138.6343927
17.578,-2.067806102,-136.2470033
17.5785,-2.08314591,-138.8196646
17.579,-2.098485718,-141.0064267
17.5795,-2.110757564,-138.2632322
17.58,-2.126097372,-140.5334592
17.5805,-2.14143718,-142.4631521
17.581,-2.153709026,-139.5014487
17.5815,-2.169048834,-141.5859433
17.582,-2.184388642,-143.3577636
17.5825,-2.19972845,-144.8638109
17.583,-2.212000296,-141.5420087
17.5835,-2.227340104,-143.3204192
17.584,-2.242679912,-144.8320681
17.5845,-2.25801972,-146.1169697
17.585,-2.273359528,-147.2091361
17.5855,-2.288699336,-148.1374775
17.586,-2.304039143,-148.9265677
17.5865,-2.319378951,-149.5972944
17.587,-2.331650798,-145.5654697
17.5875,-2.346990605,-146.740361
17.588,-2.362330413,-147.7390187
17.5885,-2.377670221,-148.5878777
17.589,-2.393010029,-149.3094079
17.5895,-2.411417799,-154.5246509
17.59,-2.426757606,-154.3556651
17.5905,-2.442097414,-154.2120271
17.591,-2.460505184,-158.6918772
17.5915,-2.475844992,-157.8978075
17.592,-2.4911848,-157.2228482
17.5925,-2.506524607,-156.6491328
17.593,-2.524932377,-160.763417
17.5935,-2.540272185,-159.6586163
17.594,-2.555611993,-158.7195357
17.5945,-2.5709518,-157.9213171
17.595,-2.58935957,-161.8447737
17.5955,-2.604699378,-160.5777695
17.596,-2.620039186,-159.5008159
17.5965,-2.638446955,-163.1873477
17.597,-2.653786763,-161.7189574
17.5975,-2.669126571,-160.4708256
17.598,-2.68753434,-164.0118559
17.5985,-2.702874148,-162.4197893
17.599,-2.718213956,-161.0665328
17.5995,-2.733553764,-159.9162647
17.6,-2.748893572,-158.9385368
17.6005,-2.767301341,-162.7094105
17.601,-2.782641149,-161.3127107
17.6015,-2.797980957,-160.1255159
17.602,-2.813320765,-159.1164003
17.6025,-2.828660573,-158.2586521
17.603,-2.844000381,-157.5295661
17.6035,-2.859340189,-156.909843
17.604,-2.874679996,-156.3830784
17.6045,-2.890019804,-155.9353284
17.605,-2.905359612,-155.554741
17.6055,-2.92069942,-155.2312417
17.606,-2.936039228,-154.9562672
17.6065,-2.951379036,-154.722539
17.607,-2.963650882,-149.9219276
17.6075,-2.97899069,-150.4433503
17.608,-2.994330498,-150.8865595
17.6085,-3.009670306,-151.2632874
17.609,-3.021942152,-146.9815638
17.6095,-3.03728196,-147.944041
17.61,-3.052621768,-148.7621467
17.6105,-3.067961576,-149.4575365
17.611,-3.080233422,-145.4466755
17.6115,-3.09557323,-146.639386
17.612,-3.107845076,-143.0512475
17.6125,-3.123184884,-144.6032722
17.613,-3.13545673,-141.3205508
17.6135,-3.147728577,-138.5302377
17.614,-3.163068385,-140.7604138
17.6145,-3.175340231,-138.0541212
17.615,-3.187612077,-135.7537725
17.6155,-3.202951885,-138.4004184
17.616,-3.215223731,-136.0481251
17.6165,-3.227495578,-134.0486758
17.617,-3.242835386,-136.9510863
17.6175,-3.255107232,-134.8161928
17.618,-3.267379078,-133.0015333
17.6185,-3.282718886,-136.0610151
17.619,-3.294990732,-134.0596323
17.6195,-3.307262579,-132.3584569
17.62,-3.319534425,-130.9124578
17.6205,-3.331806271,-129.6833586
17.621,-3.344078118,-128.6386243
17.6215,-3.356349964,-127.7506001
17.622,-3.36862181,-126.9957795
17.6225,-3.380893656,-126.3541821
17.623,-3.393165503,-125.8088242
17.6235,-3.408505311,-129.9472124
17.624,-3.420777157,-128.8629
17.6245,-3.433049003,-127.9412344
17.625,-3.44532085,-127.1578187
17.6255,-3.457592696,-126.4919154
17.626,-3.469864542,-125.9258975
17.6265,-3.482136389,-125.4447824
17.627,-3.494408235,-125.0358345
17.6275,-3.506680081,-124.6882287
17.628,-3.515883966,-119.7908215
17.6285,-3.528155812,-120.2299677
17.629,-3.540427658,-120.603242
17.6295,-3.552699505,-120.9205252
17.63,-3.564971351,-121.1902159
17.6305,-3.577243197,-121.4194529
17.631,-3.589515044,-121.6143045
17.6315,-3.598718928,-117.1779859
17.632,-3.610990775,-118.0090574
17.6325,-3.623262621,-118.7154683
17.633,-3.635534467,-119.3159175
17.6335,-3.647806314,-119.8262993
17.634,-3.66007816,-120.2601239
17.6345,-3.669282045,-116.0269324
17.635,-3.681553891,-117.030662
17.6355,-3.693825737,-117.8838321
17.636,-3.706097584,-118.6090268
17.6365,-3.715301468,-114.6234999
17.637,-3.715301468,-97.42997487
17.6375,-3.727573315,-101.2232481
17.638,-3.739845161,-104.4475303
17.6385,-3.752117007,-107.1881702
17.639,-3.761320892,-104.9157718
17.6395,-3.773592738,-107.5861755
17.64,-3.785864585,-109.8560186
17.6405,-3.795068469,-107.1834429
17.641,-3.807340316,-109.5136959
17.6415,-3.819612162,-111.494411
17.642,-3.828816047,-108.5760764
17.6425,-3.841087893,-110.6974344
17.643,-3.853359739,-112.5005887
17.6435,-3.862563624,-109.4313275
17.644,-3.87483547,-111.4243978
17.6445,-3.884039355,-108.5165652
17.645,-3.896311201,-110.6468499
17.6455,-3.905515086,-107.8556495
17.646,-3.914718971,-105.4831292
17.6465,-3.923922855,-103.4664869
17.647,-3.93312674,-101.752341
17.6475,-3.942330625,-100.2953169
17.648,-3.95153451,-99.05684646
17.6485,-3.960738394,-98.00414658
17.649,-3.969942279,-97.10935168
17.6495,-3.979146164,-96.34877602
17.65,-3.985282087,-91.10034435
17.6505,-3.994485972,-91.24111978
17.651,-4.003689856,-91.36077891
17.6515,-4.00982578,-86.8605468
17.652,-4.019029664,-87.63729187
17.6525,-4.025165587,-83.69558282
17.653,-4.034369472,-84.94707249
17.6535,-4.040505395,-81.40889634
17.654,-4.046641318,-78.40144662
17.6545,-4.052777242,-75.84511435
17.655,-4.058913165,-73.67223193
17.6555,-4.065049088,-71.82528186
17.656,-4.071185011,-70.25537431
17.6565,-4.077320934,-68.92095289
17.657,-4.083456857,-67.78669469
17.6575,-4.089592781,-66.82257521
17.658,-4.095728704,-66.00307366
17.6585,-4.098796665,-60.70455497
17.659,-4.104932588,-60.80275645
17.6595,-4.10800055,-56.28428535
17.66,-4.114136473,-57.04552727
17.6605,-4.117204435,-53.09064055
17.661,-4.123340358,-54.33092919
17.6615,-4.126408319,-50.78323218
17.662,-4.132544243,-52.36963208
17.6625,-4.135612204,-49.11612963
17.663,-4.138680166,-46.35065255
17.6635,-4.141748127,-43.99999703
17.664,-4.144816089,-42.00193984
17.6645,-4.14788405,-40.30359123
17.665,-4.150952012,-38.85999491
17.6655,-4.154019974,-37.63293803
17.666,-4.157087935,-36.58993969
17.6665,-4.160155897,-35.7033911
17.667,-4.163223858,-34.9498248
17.6675,-4.16629182,-34.30929344
17.668,-4.16629182,-29.16289943
17.6685,-4.169359781,-29.39040688
17.669,-4.172427743,-29.58378821
17.6695,-4.172427743,-25.14621998
17.67,-4.175495705,-25.97622934
17.6705,-4.178563666,-26.68173731
17.671,-4.178563666,-22.67947671
17.6715,-4.178563666,-19.2775552
17.672,-4.181631628,-20.98786429
17.6725,-4.181631628,-17.83968464
17.673,-4.181631628,-15.16373195
17.6735,-4.184699589,-17.49111452
17.674,-4.184699589,-14.86744734
17.6745,-4.184699589,-12.63733024
17.675,-4.184699589,-10.7417307
17.6755,-4.187767551,-13.73241346
17.676,-4.187767551,-11.67255144
17.6765,-4.187767551,-9.921668726
17.677,-4.187767551,-8.433418417
17.6775,-4.187767551,-7.168405655
17.678,-4.187767551,-6.093144807
17.6785,-4.187767551,-5.179173086
17.679,-4.187767551,-4.402297123
17.6795,-4.187767551,-3.741952554
17.68,-4.187767551,-3.180659671
17.6805,-4.187767551,-2.703560721
17.681,-4.187767551,-2.298026612
17.6815,-4.187767551,-1.953322621
17.682,-4.184699589,2.941618136
17.6825,-4.184699589,2.500375416
17.683,-4.184699589,2.125319103
17.6835,-4.184699589,1.806521238
17.684,-4.181631628,6.137485416
17.6845,-4.181631628,5.216862603
17.685,-4.178563666,9.036275577
17.6855,-4.178563666,7.68083424
17.686,-4.175495705,11.13065147
17.6865,-4.175495705,9.461053748
17.687,-4.172427743,12.64383805
17.6875,-4.172427743,10.74726234
17.688,-4.169359781,13.73711535
17.6885,-4.16629182,16.27849041
17.689,-4.163223858,18.43865922
17.6895,-4.160155897,20.2748027
17.69,-4.160155897,17.23358229
17.6905,-4.154019974,23.85242968
17.691,-4.154019974,20.27456522
17.6915,-4.14788405,26.43726517
17.692,-4.144816089,27.07361776
17.6925,-4.141748127,27.61451746
17.693,-4.138680166,28.0742822
17.6935,-4.135612204,28.46508224
17.694,-4.129476281,33.39920463
17.6945,-4.126408319,32.9912663
17.695,-4.120272396,37.24646108
17.6955,-4.114136473,40.86337665
17.696,-4.111068512,39.33581251
17.6965,-4.104932588,42.63932536
17.697,-4.101864627,40.84536892
17.6975,-4.095728704,43.92244831
17.698,-4.089592781,46.53796579
17.6985,-4.083456857,48.76115565
17.699,-4.077320934,50.65086703
17.6995,-4.071185011,52.2571217
17.7,-4.065049088,53.62243817
17.7005,-4.058913165,54.78295718
17.701,-4.052777242,55.76939833
17.7015,-4.046641318,56.60787331
17.702,-4.040505395,57.32057704
17.7025,-4.034369472,57.92637521
17.703,-4.028233549,58.44130365
17.7035,-4.019029664,63.4809352
17.704,-4.012893741,63.16267964
17.7045,-4.003689856,67.49410479
17.705,-3.997553933,66.5738738
17.7055,-3.988350049,70.39361982
17.706,-3.982214125,69.03846157
17.7065,-3.973010241,72.48851943
17.707,-3.963806356,75.42106861
17.7075,-3.957670433,73.31179304
17.708,-3.948466548,76.12085118
17.7085,-3.939262663,78.50855059
17.709,-3.930058779,80.53809509
17.7095,-3.920854894,82.26320792
17.71,-3.911651009,83.72955382
17.7105,-3.902447124,84.97594784
17.711,-3.89324324,86.03538276
17.7115,-3.884039355,86.93590243
17.712,-3.87483547,87.70134416
17.7125,-3.865631585,88.35196963
17.713,-3.853359739,93.50694364
17.7135,-3.844155854,93.28672918
17.714,-3.831884008,97.70148926
17.7145,-3.819612162,101.4540353
17.715,-3.810408277,100.0417571
17.7155,-3.798136431,103.443263
17.716,-3.785864585,106.334543
17.7165,-3.773592738,108.792131
17.717,-3.761320892,110.8810808
17.7175,-3.749049046,112.6566881
17.718,-3.736777199,114.1659544
17.7185,-3.724505353,115.4488307
17.719,-3.712233507,116.5392755
17.7195,-3.69996166,117.4661537
17.72,-3.687689814,118.2540001
17.7205,-3.675417968,118.9236695
17.721,-3.663146121,119.4928885
17.7215,-3.647806314,124.5786671
17.722,-3.635534467,124.2996365
17.7225,-3.623262621,124.0624605
17.723,-3.607922813,128.4628032
17.7235,-3.595650967,127.6011522
17.724,-3.583379121,126.8687488
17.7245,-3.568039313,130.8481483
17.725,-3.555767466,129.6286955
17.7255,-3.54349562,128.5921606
17.726,-3.528155812,132.3130484
17.7265,-3.515883966,130.8738606
17.727,-3.50361212,129.6505509
17.7275,-3.488272312,133.2126801
17.728,-3.476000465,131.6385475
17.7285,-3.463728619,130.3005349
17.729,-3.448388811,133.7651665
17.7295,-3.436116965,132.1081609
17.73,-3.423845119,130.6997063
17.7305,-3.408505311,134.1044621
17.731,-3.396233464,132.3965623
17.7315,-3.380893656,135.5467897
17.732,-3.36862181,133.6225407
17.7325,-3.356349964,131.9869291
17.733,-3.344078118,130.5966592
17.7335,-3.331806271,129.4149298
17.734,-3.319534425,128.4104597
17.7345,-3.307262579,127.5566602
17.735,-3.294990732,126.8309307
17.7355,-3.279650924,130.8160029
17.736,-3.267379078,129.6013719
17.7365,-3.255107232,128.5689356
17.737,-3.242835386,127.6913647
17.7375,-3.230563539,126.9454294
17.738,-3.218291693,126.3113845
17.7385,-3.206019847,125.7724463
17.739,-3.193748,125.3143488
17.7395,-3.181476154,124.9249659
17.74,-3.169204308,124.5939905
17.7405,-3.156932461,124.3126614
17.741,-3.144660615,124.0735316
17.7415,-3.132388769,123.8702713
17.742,-3.120116923,123.6975001
17.7425,-3.107845076,123.5506445
17.743,-3.09557323,123.4258173
17.7435,-3.086369345,118.7177718
17.744,-3.074097499,119.3178755
17.7445,-3.061825653,119.8279636
17.745,-3.049553806,120.2615385
17.7455,-3.03728196,120.6300772
17.746,-3.021942152,125.5452774
17.7465,-3.009670306,125.1212553
17.747,-2.99739846,124.7608364
17.7475,-2.985126613,124.4544804
17.748,-2.972854767,124.1940778
17.7485,-2.960582921,123.9727356
17.749,-2.948311074,123.7845947
17.7495,-2.936039228,123.624675
17.75,-2.923767382,123.4887432
17.7505,-2.911495535,123.3732012
17.751,-2.899223689,123.2749904
17.7515,-2.886951843,123.1915113
17.752,-2.874679996,123.1205541
17.7525,-2.86240815,123.0602404
17.753,-2.847068342,127.6109162
17.7535,-2.834796496,126.8770482
17.754,-2.82252465,126.2532604
17.7545,-2.810252803,125.7230408
17.755,-2.797980957,125.2723542
17.7555,-2.785709111,124.8892705
17.756,-2.773437264,124.5636494
17.7565,-2.761165418,124.2868714
17.757,-2.748893572,124.0516102
17.7575,-2.736621726,123.8516381
17.758,-2.724349879,123.6816618
17.7585,-2.712078033,123.537182
17.759,-2.702874148,118.8124318
17.7595,-2.690602302,119.3983365
17.76,-2.678330456,119.8963555
17.7605,-2.666058609,120.3196716
17.761,-2.653786763,120.6794903
17.7615,-2.644582878,116.3833939
17.762,-2.632311032,117.3336542
17.7625,-2.620039186,118.1413756
17.763,-2.607767339,118.8279387
17.7635,-2.598563455,114.809575
17.764,-2.586291608,115.9959082
17.7645,-2.574019762,117.0042914
17.765,-2.564815877,113.2594748
17.7655,-2.552544031,114.678323
17.766,-2.543340146,111.2824017
17.7665,-2.5310683,112.9978109
17.767,-2.521864415,109.8539663
17.7675,-2.509592569,111.7836408
17.768,-2.500388684,108.8219218
17.7685,-2.4911848,106.3044606
17.769,-2.478912953,108.766561
17.7695,-2.469709068,106.2574039
17.77,-2.457437222,108.7265628
17.7705,-2.448233337,106.2234055
17.771,-2.435961491,108.6976641
17.7715,-2.426757606,106.1988416
17.772,-2.417553722,104.0748424
17.7725,-2.408349837,102.2694432
17.773,-2.396077991,105.3367961
17.7735,-2.386874106,103.3421038
17.774,-2.377670221,101.6466153
17.7745,-2.368466336,100.2054501
17.775,-2.359262452,98.98045969
17.7755,-2.350058567,97.93921783
17.776,-2.340854682,97.05416225
17.7765,-2.331650798,96.301865
17.777,-2.322446913,95.66241234
17.7775,-2.313243028,95.11887758
17.778,-2.304039143,94.65687303
17.7785,-2.29790322,89.66222681
17.779,-2.288699336,90.01871988
17.7795,-2.279495451,90.32173899
17.78,-2.270291566,90.57930523
17.7805,-2.261087681,90.79823654
17.781,-2.254951758,86.38238578
17.7815,-2.245747873,87.23085501
17.782,-2.236543989,87.95205385
17.7825,-2.230408066,83.9631305
17.783,-2.221204181,85.17448801
17.7835,-2.215068258,81.60219954
17.784,-2.205864373,83.1676967
17.7845,-2.196660488,84.49836928
17.785,-2.190524565,81.02749862
17.7855,-2.18132068,82.67920092
17.786,-2.175184757,79.48120551
17.7865,-2.169048834,76.76290941
17.787,-2.159844949,79.05430009
17.7875,-2.153709026,76.4000398
17.788,-2.147573103,74.14391856
17.7885,-2.14143718,72.2262155
17.789,-2.135301257,70.5961679
17.7895,-2.129165334,69.21062745
17.79,-2.12302941,68.03291806
17.7905,-2.116893487,67.03186508
17.791,-2.110757564,66.18097004
17.7915,-2.104621641,65.45770926
17.792,-2.098485718,64.8429376
17.7925,-2.092349795,64.32038169
17.793,-2.086213872,63.87620916
17.7935,-2.080077948,63.49866251
17.794,-2.073942025,63.17774786
17.7945,-2.067806102,62.90497041
17.795,-2.06473814,58.07116721
17.7955,-2.058602217,58.56437686
17.796,-2.052466294,58.98360506
17.7965,-2.046330371,59.33994903
17.797,-2.043262409,55.04089904
17.7975,-2.037126486,55.98864891
17.798,-2.034058525,52.19229394
17.7985,-2.030990563,48.96539221
17.799,-2.02485464,50.8244681
17.7995,-2.021786678,47.80274025
17.8,-2.015650755,49.83621394
17.8005,-2.012582794,46.96272421
17.801,-2.009514832,44.52025795
17.8015,-2.003378909,47.04610398
17.802,-2.000310947,44.59113075
17.8025,-1.997242986,42.5044035
17.803,-1.994175024,40.73068534
17.8035,-1.991107063,39.2230249
17.804,-1.988039101,37.94151353
17.8045,-1.98497114,36.85222886
17.805,-1.981903178,35.9263369
17.8055,-1.981903178,30.53738636
17.806,-1.978835216,30.55872077
17.8065,-1.975767255,30.57685502
17.807,-1.972699293,30.59226913
17.8075,-1.969631332,30.60537112
17.808,-1.969631332,26.01456546
17.8085,-1.96656337,26.714323
17.809,-1.963495408,27.30911691
17.8095,-1.963495408,23.21274938
17.81,-1.960427447,24.33277933
17.8105,-1.960427447,20.68286243
17.811,-1.957359485,22.18237543
17.8115,-1.957359485,18.85501912
17.812,-1.957359485,16.02676625
17.8125,-1.954291524,18.22469368
17.813,-1.954291524,15.49098962
17.8135,-1.954291524,13.16734118
17.814,-1.954291524,11.19224
17.8145,-1.951223562,14.11534637
17.815,-1.951223562,11.99804441
17.8155,-1.951223562,10.19833775
17.816,-1.951223562,8.668587088
17.8165,-1.951223562,7.368299025
17.817,-1.951223562,6.263054171
17.8175,-1.951223562,5.323596045
17.818,-1.951223562,4.525056638
17.8185,-1.951223562,3.846298143
17.819,-1.951223562,3.269353421
17.8195,-1.951223562,2.778950408
17.82,-1.951223562,2.362107847
17.8205,-1.954291524,-2.594150694
17.821,-1.954291524,-2.20502809
17.8215,-1.954291524,-1.874273876
17.822,-1.954291524,-1.593132795
17.8225,-1.957359485,-5.956105239
17.823,-1.957359485,-5.062689453
17.8235,-1.960427447,-8.905228399
17.824,-1.960427447,-7.569444139
17.8245,-1.963495408,-11.03596988
17.825,-1.963495408,-9.3805744
17.8255,-1.96656337,-12.5754306
17.826,-1.969631332,-15.29105838
17.8265,-1.969631332,-12.99739962
17.827,-1.972699293,-15.64973204
17.8275,-1.975767255,-17.9042146
17.828,-1.978835216,-19.82052477
17.8285,-1.981903178,-21.44938842
17.829,-1.98497114,-22.83392252
17.8295,-1.988039101,-24.01077651
17.83,-1.991107063,-25.01110239
17.8305,-1.994175024,-25.8613794
17.831,-1.997242986,-26.58411485
17.8315,-2.003378909,-31.80038235
17.832,-2.006446871,-31.63226736
17.8325,-2.009514832,-31.48936962
17.833,-2.015650755,-35.96984891
17.8335,-2.018718717,-35.17631393
17.834,-2.02485464,-39.10375157
17.8345,-2.027922602,-37.8401312
17.835,-2.034058525,-41.36799625
17.8355,-2.037126486,-39.76473917
17.836,-2.043262409,-43.00391302
17.8365,-2.049398333,-45.7572108
17.837,-2.055534256,-48.09751391
17.8375,-2.061670179,-50.08677155
17.838,-2.06473814,-47.17569818
17.8385,-2.070874064,-49.30322818
17.839,-2.077009987,-51.11162868
17.8395,-2.08314591,-52.64876911
17.84,-2.089281833,-53.95533847
17.8405,-2.095417756,-55.06592242
17.841,-2.104621641,-60.61186115
17.8415,-2.110757564,-60.72396671
17.842,-2.116893487,-60.81925643
17.8425,-2.12302941,-60.90025269
17.843,-2.132233295,-65.57104188
17.8435,-2.138369218,-64.93927032
17.844,-2.144505141,-64.4022645
17.8445,-2.153709026,-68.54775192
17.845,-2.159844949,-67.46947386
17.8455,-2.169048834,-71.15487987
17.846,-2.175184757,-69.68553262
17.8465,-2.184388642,-73.03852982
17.847,-2.193592527,-75.88857743
17.8475,-2.19972845,-73.70917555
17.848,-2.208932335,-76.45862631
17.8485,-2.218136219,-78.79565945
17.849,-2.227340104,-80.78213762
17.8495,-2.236543989,-82.47064407
17.85,-2.245747873,-83.90587455
17.8505,-2.254951758,-85.12582046
17.851,-2.264155643,-86.16277448
17.8515,-2.273359528,-87.0441854
17.852,-2.282563412,-87.79338468
17.8525,-2.291767297,-88.43020407
17.853,-2.300971182,-88.97150055
17.8535,-2.313243028,-94.03354492
17.854,-2.322446913,-93.73434028
17.8545,-2.331650798,-93.48001632
17.855,-2.340854682,-93.26384097
17.8555,-2.353126529,-97.68203428
17.856,-2.362330413,-96.83555623
17.8565,-2.371534298,-96.11604988
17.857,-2.383806144,-100.1064119
17.8575,-2.396077991,-103.4982195
17.858,-2.405281875,-101.7793137
17.8585,-2.417553722,-104.9201861
17.859,-2.429825568,-107.5899276
17.8595,-2.442097414,-109.8592079
17.86,-2.451301299,-107.1861538
17.8605,-2.463573145,-109.5160002
17.861,-2.475844992,-111.4963696
17.8615,-2.488116838,-113.1796837
17.862,-2.500388684,-114.6105006
17.8625,-2.512660531,-115.8266949
17.863,-2.524932377,-116.8604601
17.8635,-2.537204223,-117.7391606
17.864,-2.549476069,-118.4860559
17.8645,-2.561747916,-119.120917
17.865,-2.574019762,-119.6605489
17.8655,-2.58935957,-124.7211784
17.866,-2.601631416,-124.4207711
17.8665,-2.613903263,-124.1654249
17.867,-2.626175109,-123.9483806
17.8675,-2.641514917,-128.3658353
17.868,-2.653786763,-127.5187295
17.8685,-2.666058609,-126.7986895
17.869,-2.681398417,-130.7885979
17.8695,-2.693670264,-129.5780777
17.87,-2.709010071,-133.1510778
17.8705,-2.721281918,-131.5861856
17.871,-2.736621726,-134.8579696
17.8715,-2.748893572,-133.0370436
17.872,-2.76423338,-136.0911989
17.8725,-2.779573188,-138.6872309
17.873,-2.791845034,-136.2919157
17.8735,-2.807184842,-138.8578402
17.874,-2.82252465,-141.038876
17.8745,-2.837864458,-142.8927564
17.875,-2.850136304,-139.8666124
17.8755,-2.865476112,-141.8963323
17.876,-2.88081592,-143.6215943
17.8765,-2.896155728,-145.088067
17.877,-2.908427574,-141.7326264
17.8775,-2.923767382,-143.4824442
17.878,-2.93910719,-144.9697894
17.8785,-2.951379036,-141.6320905
17.879,-2.966718844,-143.3969887
17.8795,-2.982058652,-144.8971522
17.88,-2.994330498,-141.5703488
17.8805,-3.009670306,-143.3445083
17.881,-3.025010114,-144.8525439
17.8815,-3.040349922,-146.1343741
17.882,-3.052621768,-142.6219875
17.8825,-3.067961576,-144.2384012
17.883,-3.083301384,-145.6123528
17.8835,-3.09557323,-142.1782693
17.884,-3.110913038,-143.8612408
17.8845,-3.123184884,-140.6898241
17.885,-3.138524692,-142.5960623
17.8855,-3.150796538,-139.6144224
17.886,-3.166136346,-141.6819709
17.8865,-3.178408192,-138.8374447
17.887,-3.193748,-141.0215398
17.8875,-3.206019847,-138.2760783
17.888,-3.221359655,-140.5443784
17.8885,-3.233631501,-137.8704911
17.889,-3.248971309,-140.1996292
17.8895,-3.261243155,-137.5774543
17.89,-3.276582963,-139.950548
17.8905,-3.288854809,-137.3657352
17.891,-3.301126656,-135.1686444
17.8915,-3.316466463,-137.9030596
17.892,-3.32873831,-135.6253701
17.8925,-3.344078118,-138.2912764
17.893,-3.356349964,-135.9553544
17.8935,-3.371689772,-138.571763
17.894,-3.383961618,-136.193768
17.8945,-3.396233464,-134.1724723
17.895,-3.411573272,-137.0563133
17.8955,-3.42691308,-139.5075781
17.896,-3.439184926,-136.9892108
17.8965,-3.451456773,-134.8485987
17.897,-3.466796581,-137.6310207
17.8975,-3.482136389,-139.9960794
17.898,-3.494408235,-137.4044369
17.8985,-3.506680081,-135.2015409
17.899,-3.522019889,-137.9310215
17.8995,-3.534291735,-135.6491378
17.9,-3.549631543,-138.3114789
17.9005,-3.561903389,-135.9725265
17.901,-3.577243197,-138.5863594
17.9015,-3.592583005,-140.8081173
17.902,-3.604854852,-138.0946691
17.9025,-3.620194659,-140.3901806
17.903,-3.635534467,-142.3413653
17.9035,-3.650874275,-143.9998723
17.904,-3.666214083,-145.4096033
17.9045,-3.678485929,-142.0059323
17.905,-3.693825737,-143.7147542
17.9055,-3.709165545,-145.1672529
17.906,-3.724505353,-146.4018768
17.9065,-3.736777199,-142.8493647
17.907,-3.752117007,-144.4316718
17.9075,-3.767456815,-145.7766329
17.908,-3.782796623,-146.9198498
17.9085,-3.798136431,-147.8915841
17.909,-3.813476239,-148.7175583
17.9095,-3.828816047,-149.4196364
17.91,-3.844155854,-150.0164028
17.9105,-3.859495662,-150.5236542
17.911,-3.87483547,-150.9548179
17.9115,-3.890175278,-151.321307
17.912,-3.905515086,-151.6328228
17.9125,-3.920854894,-151.8976112
17.913,-3.936194702,-152.1226813
17.9135,-3.95153451,-152.3139909
17.914,-3.963806356,-147.8746617
17.9145,-3.979146164,-148.7031743
17.915,-3.994485972,-149.40741
17.9155,-4.00982578,-150.0060103
17.916,-4.025165587,-150.5148206
17.9165,-4.037437434,-146.3453669
17.917,-4.052777242,-147.4032737
17.9175,-4.065049088,-143.7005521
17.918,-4.077320934,-140.5532388
17.9185,-4.092660742,-142.4799648
17.919,-4.104932588,-139.5157395
17.9195,-4.117204435,-136.996148
17.92,-4.129476281,-134.8544953
17.9205,-4.141748127,-133.0340904
17.921,-4.154019974,-131.4867463
17.9215,-4.16629182,-130.1715038
17.922,-4.175495705,-124.4516054
17.9225,-4.187767551,-124.191634
17.923,-4.200039397,-123.9706584
17.9235,-4.209243282,-119.1808867
17.924,-4.221515128,-119.7115231
17.9245,-4.230719013,-115.5606218
17.925,-4.239922898,-112.0323556
17.9255,-4.249126782,-109.0333293
17.926,-4.258330667,-106.484157
17.9265,-4.270602513,-108.9193029
17.927,-4.279806398,-106.3872346
17.9275,-4.285942321,-99.63303412
17.928,-4.295146206,-98.4939061
17.9285,-4.304350091,-97.52564727
17.929,-4.313553976,-96.70262727
17.9295,-4.32275786,-96.00306027
17.93,-4.331961745,-95.40842832
17.9305,-4.34116563,-94.90299117
17.931,-4.347301553,-89.87142722
17.9315,-4.356505438,-90.19654023
17.932,-4.365709322,-90.47288628
17.9325,-4.371845245,-86.10583807
17.933,-4.38104913,-86.99578945
17.9335,-4.390253015,-87.75224812
17.934,-4.3994569,-88.395238
17.9345,-4.405592823,-84.33983702
17.935,-4.414796708,-85.49468856
17.9355,-4.420932631,-81.87437
17.936,-4.430136515,-83.39904159
17.9365,-4.4393404,-84.69501245
17.937,-4.445476323,-81.19464531
17.9375,-4.454680208,-82.8212756
17.938,-4.460816131,-79.60196899
17.9385,-4.470020016,-81.46750073
17.939,-4.476155939,-78.45126035
17.9395,-4.485359824,-80.48939839
17.94,-4.491495747,-77.61987336
17.9405,-4.49763167,-75.18077708
17.941,-4.506835555,-77.70948761
17.9415,-4.512971478,-75.2569492
17.942,-4.519107401,-73.17229154
17.9425,-4.525243324,-71.40033254
17.943,-4.531379247,-69.89416739
17.9435,-4.537515171,-68.61392701
17.944,-4.543651094,-67.52572268
17.9445,-4.549787017,-66.60074901
17.945,-4.55592294,-65.81452138
17.9455,-4.562058863,-65.1462279
17.946,-4.568194786,-64.57817844
17.9465,-4.574330709,-64.09533641
17.947,-4.580466633,-63.68492067
17.9475,-4.586602556,-63.3360673
17.948,-4.592738479,-63.03954193
17.9485,-4.595806441,-58.185553
17.949,-4.601942364,-58.66160478
17.9495,-4.605010325,-54.46430643
17.95,-4.611146248,-55.49854519
17.9505,-4.61421421,-51.77570578
17.951,-4.620350133,-53.21323464
17.9515,-4.623418095,-49.83319181
17.952,-4.626486056,-46.9601554
17.9525,-4.632621979,-49.12001682
17.953,-4.635689941,-46.35395666
17.9535,-4.638757903,-44.00280552
17.954,-4.641825864,-42.00432706
17.9545,-4.644893826,-40.30562036
17.955,-4.647961787,-38.86171967
17.9555,-4.647961787,-33.03246172
17.956,-4.651029749,-32.67953483
17.9565,-4.65409771,-32.37954697
17.957,-4.657165672,-32.12455728
17.9575,-4.657165672,-27.30587369
17.958,-4.660233634,-27.811935
17.9585,-4.663301595,-28.24208712
17.959,-4.663301595,-24.00577405
17.9595,-4.666369557,-25.0068503
17.96,-4.666369557,-21.25582276
17.9605,-4.666369557,-18.06744935
17.961,-4.669437518,-19.95927431
17.9615,-4.669437518,-16.96538316
17.962,-4.669437518,-14.42057569
17.9625,-4.669437518,-12.25748933
17.963,-4.669437518,-10.41886593
17.9635,-4.669437518,-8.856036044
17.964,-4.669437518,-7.527630637
17.9645,-4.669437518,-6.398486042
17.965,-4.669437518,-5.438713135
17.9655,-4.669437518,-4.622906165
17.966,-4.669437518,-3.92947024
17.9665,-4.669437518,-3.340049704
17.967,-4.669437518,-2.839042249
17.9675,-4.669437518,-2.413185911
17.968,-4.669437518,-2.051208025
17.9685,-4.669437518,-1.743526821
17.969,-4.666369557,3.119944566
17.9695,-4.666369557,2.651952881
17.97,-4.666369557,2.254159949
17.9705,-4.663301595,6.51797832
17.971,-4.663301595,5.540281572
17.9715,-4.660233634,9.3111817
17.972,-4.660233634,7.914504445
17.9725,-4.657165672,11.32927114
17.973,-4.657165672,9.629880471
17.9735,-4.65409771,12.78734076
17.974,-4.651029749,15.47118201
17.9745,-4.647961787,17.75244707
17.975,-4.647961787,15.08958001
17.9755,-4.644893826,17.42808537
17.976,-4.641825864,19.41581493
17.9765,-4.638757903,21.10538506
17.977,-4.632621979,27.14346203
17.9775,-4.629554018,27.67388508
17.978,-4.626486056,28.12474469
17.9785,-4.623418095,28.50797535
17.979,-4.617282172,33.43566377
17.9795,-4.61421421,33.02225657
17.98,-4.608078287,37.27280281
17.9805,-4.601942364,40.88576712
17.981,-4.598874402,39.35484441
17.9815,-4.592738479,42.65550248
17.982,-4.586602556,45.46106183
17.9825,-4.580466633,47.84578729
17.983,-4.574330709,49.87280392
17.9835,-4.568194786,51.59576806
17.984,-4.562058863,53.06028758
17.9845,-4.55592294,54.30512917
17.985,-4.549787017,55.36324452
17.9855,-4.543651094,56.26264257
17.986,-4.537515171,57.02713091
17.9865,-4.528311286,62.27888837
17.987,-4.522175363,62.14093984
17.9875,-4.51603944,62.02368359
17.988,-4.506835555,66.52595814
17.9885,-4.500699632,65.75094915
17.989,-4.491495747,69.69413387
17.9895,-4.482291862,73.04584088
17.99,-4.476155939,71.29284947
17.9905,-4.466952054,74.40474914
17.991,-4.45774817,77.04986386
17.9915,-4.451612246,74.69626901
17.992,-4.442408362,77.29765575
17.9925,-4.433204477,79.50883448
17.993,-4.427068554,76.78639403
17.9935,-4.417864669,79.07426202
17.994,-4.408660784,81.01894981
17.9945,-4.3994569,82.67193443
17.995,-4.390253015,84.07697135
17.9955,-4.38104913,85.27125274
17.996,-4.371845245,86.28639192
17.9965,-4.362641361,87.14926022
17.997,-4.353437476,87.88269828
17.9975,-4.344233591,88.50612063
17.998,-4.338097668,84.43408726
17.9985,-4.328893783,85.57480126
17.999,-4.319689899,86.54440817
17.9995,-4.310486014,87.36857403
18,-4.301282129,88.06911502
18.0005,-4.292078245,88.66457486
18.001,-4.279806398,93.77265808
18.0015,-4.270602513,93.51258646
18.002,-4.261398629,93.29152558
18.0025,-4.252194744,93.10362384
18.003,-4.242990859,92.94390735
18.0035,-4.230719013,97.4100907
18.004,-4.221515128,96.60440419
18.0045,-4.209243282,100.521513
18.005,-4.200039397,99.24911315
18.0055,-4.190835513,98.16757327
18.006,-4.178563666,101.8502067
18.0065,-4.16629182,104.9804452
18.007,-4.157087935,103.0392055
18.0075,-4.144816089,105.9910941
18.008,-4.135612204,103.8982571
18.0085,-4.123340358,106.721288
18.009,-4.111068512,109.1208642
18.0095,-4.101864627,106.5585617
18.01,-4.089592781,108.9825469
18.0105,-4.077320934,111.0429343
18.011,-4.065049088,112.7942636
18.0115,-4.055845203,109.6809512
18.012,-4.043573357,111.636578
18.0125,-4.031301511,113.2988607
18.013,-4.019029664,114.7118011
18.0135,-4.006757818,115.9128004
18.014,-3.99141801,121.5355921
18.0145,-3.979146164,121.7130228
18.015,-3.966874317,121.8638388
18.0155,-3.954602471,121.9920324
18.016,-3.939262663,126.7029394
18.0165,-3.926990817,126.1052679
18.017,-3.914718971,125.5972472
18.0175,-3.899379163,129.7673719
18.018,-3.887107317,128.7100356
18.0185,-3.871767509,132.4132421
18.019,-3.859495662,130.9590252
18.0195,-3.844155854,134.3248833
18.02,-3.828816047,137.1858626
18.0205,-3.813476239,139.617695
18.021,-3.798136431,141.6847526
18.0215,-3.782796623,143.4417515
18.022,-3.764388853,149.537143
18.0225,-3.749049046,150.1162833
18.023,-3.733709238,150.6085527
18.0235,-3.71836943,151.0269816
18.024,-3.703029622,151.3826462
18.0245,-3.684621853,156.2869034
18.025,-3.669282045,155.8535797
18.0255,-3.650874275,160.0871969
18.026,-3.635534467,159.0838292
18.0265,-3.620194659,158.2309667
18.027,-3.60178689,162.1079758
18.0275,-3.586447082,160.8014913
18.028,-3.568039313,164.2929218
18.0285,-3.549631543,167.2606377
18.029,-3.534291735,165.1812539
18.0295,-3.518951927,163.4137776
18.03,-3.500544158,166.5133651
18.0305,-3.48520435,164.5460722
18.031,-3.466796581,167.4758155
18.0315,-3.451456773,165.364155
18.032,-3.436116965,163.5692436
18.0325,-3.417709195,166.6455112
18.033,-3.402369388,164.6583964
18.0335,-3.38702958,162.9693487
18.034,-3.36862181,166.1356006
18.0345,-3.353282002,164.2249723
18.035,-3.337942194,162.6009383
18.0355,-3.322602387,161.2205094
18.036,-3.31033054,155.4452024
18.0365,-3.294990732,155.1381339
18.037,-3.279650924,154.8771256
18.0375,-3.264311117,154.6552686
18.038,-3.25203927,149.8647478
18.0385,-3.236699462,150.3947474
18.039,-3.224427616,146.2433048
18.0395,-3.209087808,147.3165209
18.04,-3.193748,148.2287545
18.0405,-3.181476154,144.4022108
18.041,-3.169204308,141.1496487
18.0415,-3.1538645,142.9869132
18.042,-3.141592654,139.9466457
18.0425,-3.129320807,137.3624183
18.043,-3.113980999,139.7677673
18.0435,-3.101709153,137.2103717
18.044,-3.089437307,135.0365854
18.0445,-3.074097499,137.7908094
18.045,-3.061825653,135.5299574
18.0455,-3.049553806,133.6082333
18.046,-3.034213998,136.5767101
18.0465,-3.021942152,134.497973
18.047,-3.009670306,132.7310465
18.0475,-2.99739846,131.229159
18.048,-2.982058652,134.554497
18.0485,-2.969786805,132.7790919
18.049,-2.957514959,131.2699976
18.0495,-2.942175151,134.5892097
18.05,-2.929903305,132.8085977
18.0505,-2.917631459,131.2950775
18.051,-2.905359612,130.0085854
18.0515,-2.893087766,128.915067
18.052,-2.877747958,132.5875188
18.0525,-2.865476112,131.1071604
18.053,-2.853204265,129.8488558
18.0535,-2.837864458,133.3812393
18.054,-2.825592611,131.7818228
18.0545,-2.813320765,130.4223189
18.055,-2.797980957,133.8686828
18.0555,-2.785709111,132.1961499
18.056,-2.773437264,130.7744968
18.0565,-2.761165418,129.5660918
18.057,-2.74582561,133.1408898
18.0575,-2.733553764,131.5775258
18.058,-2.721281918,130.2486664
18.0585,-2.709010071,129.1191359
18.059,-2.696738225,128.159035
18.0595,-2.684466379,127.3429492
18.06,-2.672194532,126.6492762
18.0605,-2.659922686,126.0596543
18.061,-2.644582878,130.1604179
18.0615,-2.632311032,129.0441247
18.062,-2.620039186,128.0952755
18.0625,-2.607767339,127.2887536
18.063,-2.595495493,126.60321
18.0635,-2.583223647,126.020498
18.064,-2.5709518,125.5251927
18.0645,-2.561747916,120.5022409
18.065,-2.549476069,120.8346742
18.0655,-2.537204223,121.1172425
18.066,-2.524932377,121.3574256
18.0665,-2.512660531,121.5615812
18.067,-2.503456646,117.1331711
18.0675,-2.4911848,117.9709649
18.068,-2.478912953,118.6830896
18.0685,-2.469709068,114.6864533
18.069,-2.457437222,115.8912547
18.0695,-2.445165376,116.915336
18.07,-2.435961491,113.1838627
18.0705,-2.423689645,114.6140527
18.071,-2.411417799,115.8297143
18.0715,-2.402213914,112.2610842
18.072,-2.389942068,113.829691
18.0725,-2.380738183,110.5610645
18.073,-2.371534298,107.7827319
18.0735,-2.359262452,110.0230916
18.074,-2.350058567,107.3254549
18.0745,-2.340854682,105.0324638
18.075,-2.331650798,103.0834213
18.0755,-2.319378951,106.0286776
18.076,-2.310175067,103.930203
18.0765,-2.300971182,102.1464997
18.077,-2.291767297,100.6303518
18.0775,-2.282563412,99.34162612
18.078,-2.273359528,98.24620929
18.0785,-2.261087681,101.9170474
18.079,-2.251883797,100.4353173
18.0795,-2.242679912,99.17584683
18.08,-2.233476027,98.1052969
18.0805,-2.227340104,92.59338709
18.081,-2.218136219,92.51020612
18.0815,-2.208932335,92.43950229
18.082,-2.19972845,92.37940404
18.0825,-2.190524565,92.32832052
18.083,-2.184388642,87.68295717
18.0835,-2.175184757,88.33634069
18.084,-2.169048834,84.28977431
18.0845,-2.159844949,85.45213526
18.085,-2.153709026,81.83819969
18.0855,-2.144505141,83.36829683
18.086,-2.138369218,80.06693703
18.0865,-2.129165334,81.86272357
18.087,-2.12302941,78.78719976
18.0875,-2.116893487,76.17300452
18.088,-2.110757564,73.95093857
18.0885,-2.101553679,76.66412488
18.089,-2.095417756,74.36839087
18.0895,-2.089281833,72.41701697
18.09,-2.08314591,70.75834915
18.0905,-2.077009987,69.34848151
18.091,-2.070874064,68.15009401
18.0915,-2.06473814,67.13146463
18.092,-2.058602217,66.26562967
18.0925,-2.052466294,65.52966994
18.093,-2.049398333,60.30216182
18.0935,-2.043262409,60.46072227
18.094,-2.037126486,60.59549866
18.0945,-2.034058525,56.10811622
18.095,-2.027922602,56.89578352
18.0955,-2.021786678,57.56530072
18.096,-2.018718717,53.53244797
18.0965,-2.012582794,54.7064655
18.097,-2.009514832,51.10243804
18.0975,-2.006446871,48.0390147
18.098,-2.000310947,50.03704722
18.0985,-1.997242986,47.1334325
18.099,-1.994175024,44.66535999
18.0995,-1.988039101,47.16944072
18.1,-1.98497114,44.69596697
18.1005,-1.981903178,42.59351429
18.101,-1.978835216,40.80642951
18.1015,-1.975767255,39.28740745
18.102,-1.972699293,37.9962387
18.1025,-1.972699293,32.29680289
18.103,-1.969631332,32.05422482
18.1035,-1.96656337,31.84803346
18.104,-1.963495408,31.67277081
18.1045,-1.960427447,31.52379755
18.105,-1.960427447,26.79522792
18.1055,-1.957359485,27.37788609
18.106,-1.957359485,23.27120318
18.1065,-1.954291524,24.38246507
18.107,-1.954291524,20.72509531
18.1075,-1.951223562,22.21827337
18.108,-1.951223562,18.88553237
18.1085,-1.951223562,16.05270251
18.109,-1.948155601,18.2467395
18.1095,-1.948155601,15.50972857
18.11,-1.948155601,13.18326929
18.1105,-1.948155601,11.20577889
18.111,-1.948155601,9.524912061
18.1115,-1.948155601,8.096175252
18.112,-1.948155601,6.881748964
18.1125,-1.948155601,5.849486619
18.113,-1.948155601,4.972063626
18.1135,-1.948155601,4.226254082
18.114,-1.948155601,3.59231597
18.1145,-1.948155601,3.053468575
18.115,-1.948155601,2.595448288
18.1155,-1.948155601,2.206131045
18.116,-1.948155601,1.875211388
18.1165,-1.948155601,1.59392968
18.117,-1.948155601,1.354840228
18.1175,-1.948155601,1.151614194
18.118,-1.951223562,-3.623070299
18.1185,-1.951223562,-3.079609754
18.119,-1.954291524,-7.219610655
18.1195,-1.954291524,-6.136669056
18.12,-1.954291524,-5.216168698
18.1205,-1.957359485,-9.035685757
18.121,-1.960427447,-12.28227526
18.1215,-1.963495408,-15.04187633
18.122,-1.963495408,-12.78559488
18.1225,-1.96656337,-15.46969801
18.123,-1.969631332,-17.75118568
18.1235,-1.972699293,-19.69045019
18.124,-1.975767255,-21.33882502
18.1245,-1.978835216,-22.73994363
18.125,-1.981903178,-23.93089445
18.1255,-1.98497114,-24.94320265
18.126,-1.988039101,-25.80366461
18.1265,-1.994175024,-31.13699965
18.127,-1.997242986,-31.06839207
18.1275,-2.000310947,-31.01007562
18.128,-2.006446871,-35.562449
18.1285,-2.012582794,-39.43196638
18.129,-2.015650755,-38.11911379
18.1295,-2.021786678,-41.60513145
18.13,-2.02485464,-39.96630409
18.1305,-2.030990563,-43.17524321
18.131,-2.034058525,-41.30089909
18.1315,-2.040194448,-44.30964895
18.132,-2.046330371,-46.86708634
18.1325,-2.052466294,-49.04090811
18.133,-2.058602217,-50.88865662
18.1335,-2.06473814,-52.45924286
18.134,-2.070874064,-53.79424116
18.1345,-2.077009987,-54.92898971
18.135,-2.08314591,-55.89352598
18.1355,-2.089281833,-56.71338181
18.136,-2.095417756,-57.41025927
18.1365,-2.104621641,-62.60454747
18.137,-2.110757564,-62.41775007
18.1375,-2.116893487,-62.25897229
18.138,-2.126097372,-66.72595354
18.1385,-2.132233295,-65.92094523
18.139,-2.14143718,-69.83863054
18.1395,-2.147573103,-68.56672069
18.14,-2.156776988,-72.08753967
18.1405,-2.162912911,-70.47829345
18.141,-2.172116796,-73.71237652
18.1415,-2.18132068,-76.46134714
18.142,-2.187456604,-74.19602979
18.1425,-2.196660488,-76.87245242
18.143,-2.205864373,-79.14741164
18.1435,-2.215068258,-81.08112699
18.144,-2.224272142,-82.72478503
18.1445,-2.233476027,-84.12189437
18.145,-2.242679912,-85.3094373
18.1455,-2.251883797,-86.3188488
18.146,-2.261087681,-87.17684857
18.1465,-2.270291566,-87.90614838
18.147,-2.279495451,-88.52605321
18.1475,-2.288699336,-89.05297232
18.148,-2.300971182,-94.10279593
18.1485,-2.310175067,-93.79320363
18.149,-2.319378951,-93.53005017
18.1495,-2.328582836,-93.30636974
18.15,-2.340854682,-97.71818373
18.1505,-2.350058567,-96.86628326
18.151,-2.359262452,-96.14216787
18.1515,-2.371534298,-100.1286121
18.152,-2.383806144,-103.5170898
18.1525,-2.393010029,-101.7953534
18.153,-2.405281875,-104.9338198
18.1535,-2.417553722,-107.6015163
18.154,-2.426757606,-105.267116
18.1545,-2.439029453,-107.884818
18.155,-2.451301299,-110.1098648
18.1555,-2.463573145,-112.0011545
18.156,-2.475844992,-113.6087508
18.1565,-2.488116838,-114.9752076
18.157,-2.497320723,-111.5347536
18.1575,-2.509592569,-113.21231
18.158,-2.521864415,-114.6382329
18.1585,-2.534136262,-115.8502675
18.159,-2.546408108,-116.8804968
18.1595,-2.558679954,-117.7561917
18.16,-2.5709518,-118.5005324
18.1605,-2.583223647,-119.133222
18.161,-2.598563455,-124.2729505
18.1615,-2.610835301,-124.0397774
18.162,-2.623107147,-123.8415803
18.1625,-2.635378994,-123.6731127
18.163,-2.64765084,-123.5299152
18.1635,-2.662990648,-128.0101398
18.164,-2.675262494,-127.2163882
18.1645,-2.68753434,-126.5416995
18.165,-2.699806187,-125.968214
18.1655,-2.715145995,-130.0826937
18.166,-2.727417841,-128.9780591
18.1665,-2.739689687,-128.0391197
18.167,-2.751961533,-127.2410212
18.1675,-2.767301341,-131.1645798
18.168,-2.779573188,-129.8976623
18.1685,-2.791845034,-128.8207824
18.169,-2.807184842,-132.5073769
18.1695,-2.819456688,-131.0390398
18.17,-2.834796496,-134.3928957
18.1705,-2.847068342,-132.6417308
18.171,-2.86240815,-135.755183
18.1715,-2.874679996,-133.799675
18.172,-2.890019804,-136.7394355
18.1725,-2.902291651,-134.6362897
18.173,-2.917631459,-137.450558
18.1735,-2.929903305,-135.2407438
18.174,-2.942175151,-133.3624017
18.1745,-2.957514959,-136.3677532
18.175,-2.969786805,-134.3203597
18.1755,-2.985126613,-137.1820176
18.176,-2.99739846,-135.0124844
18.1765,-3.009670306,-133.1683812
18.177,-3.025010114,-136.2028358
18.1775,-3.03728196,-134.1801799
18.178,-3.052621768,-137.0628647
18.1785,-3.064893614,-134.9112045
18.179,-3.080233422,-137.6842356
18.1795,-3.092505268,-135.4393697
18.18,-3.104777115,-133.5312337
18.1805,-3.120116923,-136.5112605
18.181,-3.132388769,-134.4423409
18.1815,-3.144660615,-132.6837592
18.182,-3.160000423,-135.7909071
18.1825,-3.172272269,-133.8300405
18.183,-3.187612077,-136.7652463
18.1835,-3.199883924,-134.6582288
18.184,-3.215223731,-137.4692063
18.1845,-3.227495578,-135.2565948
18.185,-3.239767424,-133.375875
18.1855,-3.255107232,-136.3792056
18.186,-3.267379078,-134.3300942
18.1865,-3.282718886,-137.1902919
18.187,-3.294990732,-135.0195176
18.1875,-3.307262579,-133.1743594
18.188,-3.322602387,-136.2079173
18.1885,-3.334874233,-134.1844992
18.189,-3.347146079,-132.4645937
18.1895,-3.362485887,-135.6046165
18.19,-3.374757733,-133.6716935
18.1905,-3.390097541,-136.6306513
18.191,-3.402369388,-134.543823
18.1915,-3.417709195,-137.3719614
18.192,-3.429981042,-135.1739366
18.1925,-3.44532085,-137.907558
18.193,-3.457592696,-135.6291937
18.1935,-3.472932504,-138.2945265
18.194,-3.48520435,-135.958117
18.1945,-3.500544158,-138.5741112
18.195,-3.512816004,-136.195764
18.1955,-3.528155812,-138.7761112
18.196,-3.540427658,-136.367464
18.1965,-3.552699505,-134.3201139
18.197,-3.568039313,-137.1818086
18.1975,-3.583379121,-139.6142491
18.198,-3.595650967,-137.0798812
18.1985,-3.607922813,-134.9256685
18.199,-3.623262621,-137.69653
18.1995,-3.638602429,-140.0517623
18.2,-3.650874275,-137.4517674
18.2005,-3.666214083,-139.8437141
18.201,-3.678485929,-137.2749265
18.2015,-3.693825737,-139.6933993
18.202,-3.706097584,-137.1471589
18.2025,-3.721437391,-139.5847969
18.203,-3.736777199,-141.6567892
18.2035,-3.749049046,-138.8160402
18.204,-3.764388853,-141.003346
18.2045,-3.7766607,-138.2606136
18.205,-3.792000508,-140.5312334
18.2055,-3.807340316,-142.4612602
18.206,-3.822680123,-144.101783
18.2065,-3.83495197,-140.894285
18.207,-3.850291778,-142.769854
18.2075,-3.865631585,-144.3640878
18.208,-3.877903432,-141.117244
18.2085,-3.89324324,-142.9593693
18.209,-3.905515086,-139.9232333
18.2095,-3.920854894,-141.9444601
18.21,-3.93312674,-139.0605606
18.2105,-3.948466548,-141.2111883
18.211,-3.960738394,-138.4372795
18.2115,-3.976078202,-140.6813994
18.212,-3.988350049,-137.986959
18.2125,-4.000621895,-135.6966846
18.213,-4.015961703,-138.3518937
18.2135,-4.028233549,-136.0068791
18.214,-4.040505395,-134.0136167
18.2145,-4.052777242,-132.3193436
18.215,-4.065049088,-130.8792115
18.2155,-4.077320934,-129.6550993
18.216,-4.089592781,-128.6146038
18.2165,-4.101864627,-127.7301827
18.217,-4.114136473,-126.9784248
18.2175,-4.126408319,-126.3394305
18.218,-4.135612204,-121.194343
18.2185,-4.14788405,-121.422961
18.219,-4.160155897,-121.6172863
18.2195,-4.169359781,-117.1805205
18.22,-4.181631628,-118.0112118
18.2205,-4.190835513,-114.1153572
18.221,-4.200039397,-110.8038807
18.2215,-4.212311244,-112.591068
18.222,-4.221515128,-109.5082349
18.2225,-4.230719013,-106.8878268
18.223,-4.239922898,-104.6604798
18.2235,-4.249126782,-102.767235
18.224,-4.258330667,-101.1579768
18.2245,-4.267534552,-99.79010738
18.225,-4.276738437,-98.62741836
18.2255,-4.285942321,-97.6391327
18.226,-4.292078245,-92.19714752
18.2265,-4.301282129,-92.17340248
18.227,-4.310486014,-92.1532192
18.2275,-4.316621937,-87.53412105
18.228,-4.325825822,-88.20982998
18.2285,-4.335029707,-88.78418258
18.229,-4.34116563,-84.67043992
18.2295,-4.350369514,-85.77570102
18.23,-4.359573399,-86.71517296
18.2305,-4.365709322,-82.91178174
18.231,-4.374913207,-84.28084157
18.2315,-4.38104913,-80.84260006
18.232,-4.390253015,-82.52203714
18.2325,-4.396388938,-79.3476163
18.233,-4.405592823,-81.25130095
18.2335,-4.411728746,-78.26749053
18.234,-4.417864669,-75.73125168
18.2345,-4.427068554,-78.17739102
18.235,-4.433204477,-75.65466709
18.2355,-4.442408362,-78.11229412
18.236,-4.448544285,-75.59933473
18.2365,-4.454680208,-73.46331925
18.237,-4.463884093,-76.24964845
18.2375,-4.470020016,-74.01608591
18.238,-4.476155939,-72.11755775
18.2385,-4.485359824,-75.10575118
18.239,-4.491495747,-73.04377323
18.2395,-4.49763167,-71.29109197
18.24,-4.503767593,-69.8013129
18.2405,-4.509903516,-68.5350007
18.241,-4.51603944,-67.45863532
18.2415,-4.522175363,-66.54372475
18.242,-4.528311286,-65.76605076
18.2425,-4.534447209,-65.10502788
18.243,-4.540583132,-64.54315842
18.2435,-4.543651094,-59.46362702
18.244,-4.549787017,-59.7479677
18.2445,-4.55592294,-59.98965727
18.245,-4.558990902,-55.59315104
18.2455,-4.565126825,-56.45806311
18.246,-4.568194786,-52.59129601
18.2465,-4.574330709,-53.90648634
18.247,-4.577398671,-50.42245575
18.2475,-4.580466633,-47.46102975
18.248,-4.586602556,-49.54576002
18.2485,-4.589670517,-46.71583838
18.249,-4.592738479,-44.31040498
18.2495,-4.595806441,-42.2657866
18.25,-4.598874402,-40.52786097
18.2505,-4.601942364,-39.05062419
18.251,-4.601942364,-33.19303056
18.2515,-4.605010325,-32.81601834
18.252,-4.608078287,-32.49555795
18.2525,-4.611146248,-32.22316662
18.253,-4.611146248,-27.38969163
18.2535,-4.61421421,-27.88318025
18.254,-4.617282172,-28.30264558
18.2545,-4.617282172,-24.05724874
18.255,-4.617282172,-20.44866143
18.2555,-4.620350133,-21.98330458
18.256,-4.620350133,-18.68580889
18.2565,-4.620350133,-15.88293756
18.257,-4.623418095,-18.10243929
18.2575,-4.623418095,-15.38707339
18.258,-4.623418095,-13.07901239
18.2585,-4.623418095,-11.11716053
18.259,-4.623418095,-9.449586448
18.2595,-4.623418095,-8.032148481
18.26,-4.623418095,-6.827326209
18.2605,-4.623418095,-5.803227278
18.261,-4.623418095,-4.932743186
18.2615,-4.623418095,-4.192831708
18.262,-4.623418095,-3.563906952
18.2625,-4.623418095,-3.029320909
18.263,-4.623418095,-2.574922773
18.2635,-4.620350133,2.413258007
18.264,-4.620350133,2.051269306
18.2645,-4.620350133,1.74357891
18.265,-4.617282172,6.083984437
18.2655,-4.617282172,5.171386772
18.266,-4.61421421,8.997621119
18.2665,-4.61421421,7.647977952
18.267,-4.611146248,11.10272362
18.2675,-4.611146248,9.437315079
18.268,-4.608078287,12.62366018
18.2685,-4.605010325,15.33205352
18.269,-4.601942364,17.63418785
18.2695,-4.601942364,14.98905968
18.27,-4.598874402,17.34264309
18.2705,-4.595806441,19.34318899
18.271,-4.592738479,21.043653
18.2715,-4.589670517,22.48904742
18.272,-4.586602556,23.71763267
18.2725,-4.580466633,29.3638725
18.273,-4.577398671,29.56123398
18.2735,-4.574330709,29.72899125
18.274,-4.568194786,34.47352729
18.2745,-4.565126825,33.90444056
18.275,-4.558990902,38.0226592
18.2755,-4.55592294,36.92120269
18.276,-4.549787017,40.58690701
18.2765,-4.543651094,43.70275569
18.277,-4.537515171,46.35122706
18.2775,-4.531379247,48.60242773
18.278,-4.525243324,50.5159483
18.2785,-4.519107401,52.14244078
18.279,-4.512971478,53.52495939
18.2795,-4.506835555,54.70010021
18.28,-4.500699632,55.6989699
18.2805,-4.494563709,56.54800915
18.281,-4.485359824,61.87163487
18.2815,-4.479223901,61.79477436
18.282,-4.473087977,61.72944294
18.2825,-4.463884093,66.27585359
18.283,-4.45774817,65.53836028
18.2835,-4.448544285,69.51343333
18.284,-4.4393404,72.89224542
18.2845,-4.430136515,75.7642357
18.285,-4.424000592,73.60348507
18.2855,-4.414796708,76.3687894
18.286,-4.405592823,78.71929808
18.2865,-4.396388938,80.71723046
18.287,-4.387185053,82.41547298
18.2875,-4.377981169,83.85897913
18.288,-4.368777284,85.08595935
18.2885,-4.359573399,86.12889254
18.289,-4.350369514,87.01538575
18.2895,-4.344233591,83.16696261
18.29,-4.331961745,89.09968767
18.2905,-4.325825822,84.93861925
18.291,-4.316621937,86.00365345
18.2915,-4.307418052,86.90893253
18.292,-4.298214168,87.67841974
18.2925,-4.289010283,88.33248387
18.293,-4.279806398,88.88843838
18.2935,-4.270602513,89.36099971
18.294,-4.258330667,94.36461921
18.2945,-4.249126782,94.01575342
18.295,-4.239922898,93.7192175
18.2955,-4.230719013,93.46716196
18.296,-4.221515128,93.25291476
18.2965,-4.209243282,97.672747
18.297,-4.200039397,96.82766204
18.2975,-4.190835513,96.10933983
18.298,-4.181631628,95.49876594
18.2985,-4.169359781,99.58172051
18.299,-4.160155897,98.45028952
18.2995,-4.150952012,97.48857318
18.3,-4.138680166,101.2730567
18.3005,-4.129476281,99.88792525
18.301,-4.117204435,103.3125059
18.3015,-4.10800055,101.6214571
18.302,-4.098796665,100.1840656
18.3025,-4.086524819,103.5642253
18.303,-4.077320934,101.8354186
18.3035,-4.065049088,104.9678752
18.304,-4.052777242,107.6304634
18.3045,-4.043573357,105.291721
18.305,-4.031301511,107.9057323
18.3055,-4.019029664,110.1276419
18.306,-4.00982578,107.4143227
18.3065,-3.997553933,109.7099438
18.307,-3.985282087,111.6612216
18.3075,-3.973010241,113.3198079
18.308,-3.960738394,114.7296061
18.3085,-3.948466548,115.9279347
18.309,-3.936194702,116.9465139
18.3095,-3.923922855,117.8123063
18.31,-3.911651009,118.5482298
18.3105,-3.899379163,119.1737648
18.311,-3.887107317,119.7054695
18.3115,-3.87483547,120.1574185
18.312,-3.859495662,125.1435176
18.3125,-3.847223816,124.7797594
18.313,-3.831884008,129.0725073
18.3135,-3.819612162,128.1194007
18.314,-3.804272354,131.9112024
18.3145,-3.788932546,135.1342338
18.315,-3.773592738,137.8738106
18.3155,-3.75825293,140.2024508
18.316,-3.742913122,142.181795
18.3165,-3.727573315,143.8642376
18.317,-3.712233507,145.2943138
18.3175,-3.696893699,146.5098785
18.318,-3.681553891,147.5431086
18.3185,-3.666214083,148.4213541
18.319,-3.647806314,153.7698052
18.3195,-3.632466506,153.7140462
18.32,-3.614058736,158.2685935
18.3205,-3.598718928,157.5380163
18.321,-3.580311159,161.518968
18.3215,-3.564971351,160.3008346
18.322,-3.546563582,163.8673636
18.3225,-3.531223774,162.2969709
18.323,-3.512816004,165.5640794
18.3235,-3.497476196,163.7391793
18.324,-3.479068427,166.7899566
18.3245,-3.463728619,164.7811749
18.325,-3.44532085,167.6756529
18.3255,-3.429981042,165.5340168
18.326,-3.411573272,168.3155684
18.3265,-3.396233464,166.077945
18.327,-3.380893656,164.1759651
18.3275,-3.362485887,167.1612245
18.328,-3.347146079,165.0967526
18.3285,-3.331806271,163.3419516
18.329,-3.316466463,161.8503706
18.3295,-3.298058694,165.1844692
18.33,-3.282718886,163.4165107
18.3305,-3.267379078,161.9137459
18.331,-3.25203927,160.6363958
18.3315,-3.236699462,159.5506483
18.332,-3.221359655,158.6277628
18.3325,-3.206019847,157.8433102
18.333,-3.190680039,157.1765255
18.3335,-3.178408192,152.0078161
18.334,-3.163068385,152.2163555
18.3345,-3.147728577,152.393614
18.335,-3.13545673,147.9423414
18.3355,-3.120116923,148.760702
18.336,-3.104777115,149.4563085
18.3365,-3.092505268,145.4456317
18.337,-3.07716546,146.6384988
18.3375,-3.064893614,143.0504934
18.338,-3.049553806,144.6026312
18.3385,-3.03728196,141.320006
18.339,-3.021942152,143.1317169
18.3395,-3.006602344,144.6716712
18.34,-2.994330498,141.37869
18.3405,-2.97899069,143.1815983
18.341,-2.966718844,140.112128
18.3415,-2.951379036,142.1050206
18.342,-2.93910719,139.197037
18.3425,-2.923767382,141.3271932
18.343,-2.911495535,138.5358837
18.3435,-2.896155728,140.765213
18.344,-2.883883881,138.0582005
18.3445,-2.868544073,140.3591822
18.345,-2.853204265,142.3150167
18.3455,-2.840932419,139.3755337
18.346,-2.825592611,141.4789154
18.3465,-2.813320765,138.6648476
18.347,-2.797980957,140.8748323
18.3475,-2.785709111,138.1513769
18.348,-2.770369303,140.4383822
18.3485,-2.758097457,137.7803943
18.349,-2.742757649,140.123047
18.3495,-2.730485802,137.5123594
18.35,-2.715145995,139.8952173
18.3505,-2.702874148,137.3187041
18.351,-2.68753434,139.7306103
18.3515,-2.675262494,137.1787882
18.352,-2.659922686,139.6116818
18.3525,-2.64765084,137.077699
18.353,-2.632311032,139.525756
18.3535,-2.620039186,137.004662
18.354,-2.604699378,139.4636745
18.3545,-2.592427532,136.9518928
18.355,-2.577087724,139.4188207
18.3555,-2.564815877,136.9137671
18.356,-2.552544031,134.7844715
18.3565,-2.537204223,137.5765126
18.357,-2.524932377,135.3478051
18.3575,-2.512660531,133.4534038
18.358,-2.497320723,136.4451051
18.3585,-2.485048876,134.3861088
18.359,-2.47277703,132.6359619
18.3595,-2.460505184,131.1483371
18.36,-2.445165376,134.4857983
18.3605,-2.43289353,132.720698
18.361,-2.420621683,131.2203628
18.3615,-2.408349837,129.9450778
18.362,-2.396077991,128.8610856
18.3625,-2.383806144,127.9396922
18.363,-2.371534298,127.1565078
18.3635,-2.359262452,126.4908011
18.364,-2.346990605,125.9249504
18.3645,-2.334718759,125.4439773
18.365,-2.322446913,125.0351502
18.3655,-2.313243028,120.0857047
18.366,-2.300971182,120.4806185
18.3665,-2.288699336,120.8162952
18.367,-2.276427489,121.1016203
18.3675,-2.267223604,116.7422044
18.368,-2.254951758,117.6386432
18.3685,-2.245747873,113.7986738
18.369,-2.233476027,115.1366422
18.3695,-2.221204181,116.2739153
18.37,-2.212000296,112.6386551
18.3705,-2.202796411,109.5486839
18.371,-2.190524565,111.5241508
18.3715,-2.18132068,108.6013553
18.372,-2.172116796,106.1169791
18.3725,-2.162912911,104.0052593
18.373,-2.153709026,102.2102975
18.3735,-2.144505141,100.68458
18.374,-2.135301257,99.38772006
18.3745,-2.126097372,98.28538914
18.375,-2.116893487,97.34840786
18.3755,-2.107689603,96.55197377
18.376,-2.098485718,95.8750048
18.3765,-2.089281833,95.29958117
18.377,-2.080077948,94.81047108
18.3775,-2.073942025,89.79278515
18.378,-2.06473814,90.12969447
18.3785,-2.055534256,90.41606739
18.379,-2.049398333,86.05754201
18.3795,-2.040194448,86.9547378
18.38,-2.034058525,83.11541185
18.3805,-2.02485464,84.45392717
18.381,-2.018718717,80.98972282
18.3815,-2.009514832,82.64709149
18.382,-2.003378909,79.45391249
18.3825,-1.997242986,76.73971035
18.383,-1.991107063,74.43263852
18.3835,-1.981903178,77.07356983
18.384,-1.975767255,74.71641909
18.3845,-1.969631332,72.71284095
18.385,-1.963495408,71.00979954
18.3855,-1.957359485,69.56221433
18.386,-1.951223562,68.33176691
18.3865,-1.945087639,67.2858866
18.387,-1.942019677,61.79494597
18.3875,-1.935883754,61.72958881
18.388,-1.929747831,61.67403521
18.3885,-1.923611908,61.62681466
18.389,-1.920543946,56.98473482
18.3895,-1.914408023,57.64090933
18.39,-1.911340062,53.59671529
18.3905,-1.905204139,54.76109272
18.391,-1.902136177,51.14887118
18.3915,-1.896000254,52.68042523
18.392,-1.892932292,49.38030381
18.3925,-1.889864331,46.5752006
18.393,-1.883728408,48.79280524
18.3935,-1.880660446,46.07582682
18.394,-1.877592484,43.76639516
18.3945,-1.874524523,41.80337825
18.395,-1.871456561,40.13481387
18.3955,-1.8683886,38.71653416
18.396,-1.865320638,37.5109964
18.3965,-1.862252676,36.4862893
18.397,-1.859184715,35.61528827
18.3975,-1.856116753,34.87493739
18.398,-1.853048792,34.24563915
18.3985,-1.853048792,29.10879328
18.399,-1.84998083,29.34441665
18.3995,-1.846912869,29.54469651
18.4,-1.846912869,25.11299204
18.4005,-1.843844907,25.9479856
18.401,-1.843844907,22.05578776
18.4015,-1.843844907,18.74741959
18.402,-1.840776945,20.53724902
18.4025,-1.840776945,17.45666166
18.403,-1.840776945,14.83816241
18.4035,-1.840776945,12.61243805
18.404,-1.837708984,15.32251471
18.4045,-1.837708984,13.0241375
18.405,-1.837708984,11.07051688
18.4055,-1.837708984,9.409939345
18.406,-1.837708984,7.998448444
18.4065,-1.837708984,6.798681177
18.407,-1.837708984,5.778879
18.4075,-1.837708984,4.91204715
18.408,-1.837708984,4.175240078
18.4085,-1.837708984,3.548954066
18.409,-1.837708984,3.016610956
18.4095,-1.840776945,-2.037823051
18.41,-1.840776945,-1.732149593
18.4105,-1.840776945,-1.472327154
18.411,-1.840776945,-1.251478081
18.4115,-1.843844907,-5.665698733
18.412,-1.843844907,-4.815843923
18.4125,-1.846912869,-8.695409698
18.413,-1.84998083,-11.99304061
18.4135,-1.84998083,-10.19408452
18.414,-1.853048792,-13.2669142
18.4145,-1.856116753,-15.87881944
18.415,-1.859184715,-18.09893888
18.4155,-1.862252676,-19.98604041
18.416,-1.865320638,-21.59007672
18.4165,-1.8683886,-22.95350757
18.417,-1.871456561,-24.1124238
18.4175,-1.874524523,-25.09750259
18.418,-1.877592484,-25.93481957
18.4185,-1.883728408,-31.24848136
18.419,-1.886796369,-31.16315152
18.4195,-1.892932292,-35.69256352
18.42,-1.896000254,-34.94062136
18.4205,-1.902136177,-38.90341288
18.421,-1.905204139,-37.66984331
18.4215,-1.911340062,-41.22325154
18.422,-1.914408023,-39.64170617
18.4225,-1.920543946,-42.89933498
18.423,-1.92667987,-45.66831946
18.4235,-1.932815793,-48.02195627
18.424,-1.938951716,-50.02254755
18.4245,-1.942019677,-47.12110778
18.425,-1.948155601,-49.25682634
18.4255,-1.954291524,-51.07218712
18.426,-1.960427447,-52.61524378
18.4265,-1.96656337,-53.92684194
18.427,-1.972699293,-55.04170038
18.4275,-1.981903178,-60.59127241
18.428,-1.988039101,-60.70646628
18.4285,-1.994175024,-60.80438106
18.429,-2.003378909,-65.48955099
18.4295,-2.009514832,-64.87000307
18.43,-2.018718717,-68.9453297
18.4305,-2.027922602,-72.40935734
18.431,-2.034058525,-70.75183846
18.4315,-2.043262409,-73.94488979
18.432,-2.049398333,-72.05704105
18.4325,-2.058602217,-75.05431198
18.433,-2.067806102,-77.60199227
18.4335,-2.077009987,-79.76752052
18.434,-2.086213872,-81.60821954
18.4345,-2.095417756,-83.1728137
18.435,-2.104621641,-84.50271873
18.4355,-2.110757564,-81.03119565
18.436,-2.12302941,-87.28428576
18.4365,-2.132233295,-87.99746998
18.437,-2.14143718,-88.60367658
18.4375,-2.150641065,-89.11895218
18.438,-2.159844949,-89.55693645
18.4385,-2.169048834,-89.92922307
18.439,-2.18132068,-94.84760906
18.4395,-2.190524565,-94.4262948
18.44,-2.19972845,-94.06817767
18.4405,-2.212000296,-98.36572047
18.441,-2.221204181,-97.41668949
18.4415,-2.233476027,-101.2119555
18.442,-2.245747873,-104.4379316
18.4425,-2.254951758,-102.578069
18.443,-2.267223604,-105.5991281
18.4435,-2.279495451,-108.1670283
18.444,-2.288699336,-105.7478012
18.4445,-2.300971182,-108.2934005
18.445,-2.313243028,-110.4571598
18.4455,-2.325514874,-112.2963553
18.446,-2.334718759,-109.2577291
18.4465,-2.346990605,-111.2768392
18.447,-2.359262452,-112.9930828
18.4475,-2.371534298,-114.4518898
18.448,-2.383806144,-115.6918758
18.4485,-2.396077991,-116.7458639
18.449,-2.408349837,-117.6417538
18.4495,-2.420621683,-118.4032601
18.45,-2.435961491,-123.6524829
18.4505,-2.448233337,-123.51238
18.451,-2.460505184,-123.3932924
18.4515,-2.475844992,-127.8940104
18.452,-2.488116838,-127.1176783
18.4525,-2.500388684,-126.457796
18.453,-2.512660531,-125.896896
18.4535,-2.528000338,-130.0220735
18.454,-2.540272185,-128.9265319
18.4545,-2.552544031,-127.9953216
18.455,-2.567883839,-131.8057351
18.4555,-2.580155685,-130.4426443
18.456,-2.592427532,-129.2840171
18.4565,-2.607767339,-132.9011264
18.457,-2.623107147,-135.9756692
18.4575,-2.635378994,-133.9870883
18.458,-2.650718801,-136.8987369
18.4585,-2.662990648,-134.7716958
18.459,-2.678330456,-137.5656533
18.4595,-2.690602302,-135.3385747
18.46,-2.70594211,-138.0475003
18.4605,-2.718213956,-135.7481447
18.461,-2.733553764,-138.3956348
18.4615,-2.74582561,-136.0440591
18.462,-2.761165418,-138.647162
18.4625,-2.773437264,-136.2578572
18.463,-2.788777072,-138.8288904
18.4635,-2.80411688,-141.0142687
18.464,-2.816388727,-138.2698978
18.4645,-2.831728534,-140.539125
18.465,-2.847068342,-142.467968
18.4655,-2.86240815,-144.1074847
18.466,-2.874679996,-140.8991314
18.4665,-2.890019804,-142.7739735
18.467,-2.905359612,-144.3675893
18.4675,-2.917631459,-141.1202204
18.468,-2.932971266,-142.9618991
18.4685,-2.945243113,-139.9253837
18.469,-2.960582921,-141.946288
18.4695,-2.975922728,-143.6640566
18.47,-2.988194575,-140.5222176
18.4705,-3.003534383,-142.4535967
18.471,-3.018874191,-144.0952691
18.4715,-3.031146037,-140.8887482
18.472,-3.046485845,-142.7651477
18.4725,-3.061825653,-144.3600874
18.473,-3.074097499,-141.1138437
18.4735,-3.089437307,-142.956479
18.474,-3.104777115,-144.522719
18.4745,-3.117048961,-141.2520806
18.475,-3.132388769,-143.0739803
18.4755,-3.144660615,-140.0206527
18.476,-3.160000423,-142.0272666
18.4765,-3.172272269,-139.1309461
18.477,-3.187612077,-141.271016
18.4775,-3.199883924,-138.488133
18.478,-3.215223731,-140.7246249
18.4785,-3.230563539,-142.625643
18.479,-3.242835386,-139.639566
18.4795,-3.258175193,-141.7033429
18.48,-3.273515001,-143.4575533
18.4805,-3.285786848,-140.3466898
18.481,-3.301126656,-142.3043981
18.4815,-3.316466463,-143.9684502
18.482,-3.32873831,-140.7809521
18.4825,-3.344078118,-142.6735211
18.483,-3.356349964,-139.6802624
18.4835,-3.371689772,-141.7379349
18.484,-3.383961618,-138.8850141
18.4845,-3.399301426,-141.0619738
18.485,-3.414641234,-142.9123895
18.4855,-3.42691308,-139.8833006
18.486,-3.442252888,-141.9105173
18.4865,-3.457592696,-143.6336515
18.487,-3.469864542,-140.4963733
18.4875,-3.48520435,-142.4316291
18.488,-3.500544158,-144.0765965
18.4885,-3.512816004,-140.8728765
18.489,-3.528155812,-142.7516569
18.4895,-3.540427658,-139.7466778
18.49,-3.555767466,-141.7943879
18.4905,-3.571107274,-143.5349416
18.491,-3.583379121,-140.4124698
18.4915,-3.598718928,-142.3603111
18.492,-3.610990775,-139.4140339
18.4925,-3.626330583,-141.5116406
18.493,-3.64167039,-143.2946064
18.4935,-3.653942237,-140.2081849
18.494,-3.669282045,-142.186669
18.4945,-3.681553891,-139.2664381
18.495,-3.696893699,-141.3861842
18.4955,-3.709165545,-138.586026
18.496,-3.724505353,-140.8078339
18.4965,-3.739845161,-142.6963707
18.497,-3.752117007,-139.6996845
18.4975,-3.767456815,-141.7544437
18.498,-3.779728661,-138.8990466
18.4985,-3.795068469,-141.0739014
18.499,-3.807340316,-138.3205856
18.4995,-3.822680123,-140.5822096
18.5,-3.83495197,-137.9026476
18.5005,-3.850291778,-140.2269623
18.501,-3.862563624,-137.6006874
18.5015,-3.877903432,-139.9702961
18.502,-3.890175278,-137.3825212
18.5025,-3.902447124,-135.1829124
18.503,-3.914718971,-133.313245
18.5035,-3.926990817,-131.7240277
18.504,-3.939262663,-130.373193
18.5045,-3.95153451,-129.2249835
18.505,-3.963806356,-128.2490054
18.5055,-3.976078202,-127.4194241
18.506,-3.988350049,-126.7142799
18.5065,-4.000621895,-126.1149074
18.507,-4.00982578,-121.0034984
18.5075,-4.022097626,-121.2607431
18.508,-4.034369472,-121.4794011
18.5085,-4.043573357,-117.063318
18.509,-4.052777242,-113.3096474
18.5095,-4.065049088,-114.7209697
18.51,-4.074252973,-111.3186514
18.5105,-4.083456857,-108.4266808
18.511,-4.092660742,-105.9685057
18.5115,-4.101864627,-103.879057
18.512,-4.111068512,-102.1030255
18.5125,-4.120272396,-100.5933988
18.513,-4.129476281,-99.31021605
18.5135,-4.138680166,-98.21951073
18.514,-4.144816089,-92.69046885
18.5145,-4.154019974,-92.59272561
18.515,-4.160155897,-87.9077015
18.5155,-4.169359781,-88.52737336
18.516,-4.175495705,-84.45215209
18.5165,-4.184699589,-85.59015637
18.517,-4.190835513,-81.95551764
18.5175,-4.200039397,-83.46801708
18.518,-4.20617532,-80.15169925
18.5185,-4.215379205,-81.93477145
18.519,-4.221515128,-78.84844046
18.5195,-4.227651051,-76.22505912
18.52,-4.233786975,-73.99518498
18.5205,-4.239922898,-72.09979196
18.521,-4.246058821,-70.48870789
18.5215,-4.252194744,-69.11928644
18.522,-4.258330667,-67.9552782
18.5225,-4.26446659,-66.9658712
18.523,-4.270602513,-66.12487524
18.5235,-4.276738437,-65.41002868
18.524,-4.28287436,-64.80240911
18.5245,-4.289010283,-64.28593247
18.525,-4.295146206,-63.84692733
18.5255,-4.298214168,-58.87183059
18.526,-4.304350091,-59.24494073
18.5265,-4.310486014,-59.56208435
18.527,-4.313553976,-55.22971406
18.5275,-4.319689899,-56.14914168
18.528,-4.325825822,-56.93065515
18.5285,-4.328893783,-52.99299924
18.529,-4.335029707,-54.24793408
18.5295,-4.338097668,-50.71268634
18.53,-4.344233591,-52.30966811
18.5305,-4.347301553,-49.06516026
18.531,-4.353437476,-50.90927095
18.5315,-4.356505438,-47.87482267
18.532,-4.359573399,-45.29554163
18.5325,-4.365709322,-47.70509511
18.533,-4.368777284,-45.15127321
18.5335,-4.371845245,-42.98052459
18.534,-4.377981169,-45.73733063
18.5345,-4.38104913,-43.4786734
18.535,-4.384117092,-41.55881475
18.5355,-4.387185053,-39.9269349
18.536,-4.390253015,-38.53983703
18.5365,-4.393320977,-37.36080384
18.537,-4.396388938,-36.35862563
18.5375,-4.3994569,-35.50677415
18.538,-4.402524861,-34.78270039
18.5385,-4.402524861,-29.56529533
18.539,-4.405592823,-29.7324434
18.5395,-4.408660784,-29.87451925
18.54,-4.411728746,-29.99528373
18.5405,-4.411728746,-25.49599117
18.541,-4.414796708,-26.27353486
18.5415,-4.414796708,-22.33250463
18.542,-4.417864669,-23.5845713
18.5425,-4.417864669,-20.0468856
18.543,-4.417864669,-17.03985276
18.5435,-4.417864669,-14.48387485
18.544,-4.417864669,-12.31129362
18.5445,-4.420932631,-15.06654194
18.545,-4.420932631,-12.80656065
18.5455,-4.420932631,-10.88557655
18.546,-4.420932631,-9.25274007
18.5465,-4.420932631,-7.864829059
18.547,-4.420932631,-6.6851047
18.5475,-4.420932631,-5.682338995
18.548,-4.420932631,-4.829988146
18.5485,-4.420932631,-4.105489924
18.549,-4.420932631,-3.489666435
18.5495,-4.420932631,-2.96621647
18.55,-4.417864669,2.080658364
18.5505,-4.417864669,1.768559609
18.551,-4.417864669,1.503275668
18.5515,-4.414796708,5.879726681
18.552,-4.414796708,4.997767679
18.5525,-4.414796708,4.248102527
18.553,-4.411728746,8.212829512
18.5535,-4.411728746,6.980905085
18.554,-4.408660784,10.53571169
18.5545,-4.405592823,13.5572973
18.555,-4.405592823,11.5237027
18.5555,-4.402524861,14.39708966
18.556,-4.3994569,16.83946858
18.5565,-4.396388938,18.91549065
18.557,-4.393320977,20.68010942
18.5575,-4.390253015,22.18003537
18.558,-4.387185053,23.45497243
18.5585,-4.384117092,24.53866893
18.559,-4.38104913,25.45981095
18.5595,-4.377981169,26.24278167
18.56,-4.374913207,26.90830679
18.5605,-4.368777284,32.07594549
18.561,-4.365709322,31.86649603
18.5615,-4.359573399,36.29040636
18.562,-4.356505438,35.44878777
18.5625,-4.350369514,39.33535433
18.563,-4.347301553,38.03699354
18.5635,-4.34116563,41.53532924
18.564,-4.335029707,44.50891458
18.5645,-4.328893783,47.03646212
18.565,-4.32275786,49.18487753
18.5655,-4.316621937,51.01103063
18.566,-4.310486014,52.56326076
18.5665,-4.304350091,53.88265637
18.567,-4.298214168,55.00414265
18.5675,-4.292078245,55.95740598
18.568,-4.285942321,56.76767981
18.5685,-4.279806398,57.45641256
18.569,-4.270602513,62.64377777
18.5695,-4.26446659,62.45109583
18.57,-4.255262706,66.88925855
18.5705,-4.249126782,66.05975449
18.571,-4.239922898,69.95661841
18.5715,-4.233786975,68.66701038
18.572,-4.22458309,72.17278591
18.5725,-4.215379205,75.15269511
18.573,-4.209243282,73.08367557
18.5735,-4.200039397,75.92695133
18.574,-4.190835513,78.34373572
18.5745,-4.181631628,80.39800245
18.575,-4.175495705,77.54218681
18.5755,-4.16629182,79.71668588
18.576,-4.157087935,81.56501009
18.5765,-4.14788405,83.13608567
18.577,-4.138680166,84.47149991
18.5775,-4.132544243,81.00465965
18.578,-4.123340358,82.65978779
18.5785,-4.114136473,84.06664672
18.579,-4.104932588,85.2624768
18.5795,-4.095728704,86.27893237
18.58,-4.086524819,87.14291961
18.5805,-4.077320934,87.87730876
18.581,-4.068117049,88.50153953
18.5815,-4.058913165,89.03213569
18.582,-4.04970928,89.48314243
18.5825,-4.037437434,94.46844052
18.583,-4.028233549,94.10400153
18.5835,-4.019029664,93.79422839
18.584,-4.00982578,93.53092123
18.5845,-3.997553933,97.9090525
18.585,-3.988350049,97.02852171
18.5855,-3.976078202,100.8820129
18.586,-3.966874317,99.55553807
18.5865,-3.954602471,103.0299768
18.587,-3.945398586,101.3813074
18.5875,-3.93312674,104.5818807
18.588,-3.920854894,107.3023681
18.5885,-3.911651009,105.01284
18.589,-3.899379163,107.6686834
18.5895,-3.887107317,109.9261504
18.59,-3.87483547,111.8449973
18.5905,-3.862563624,113.4760171
18.591,-3.850291778,114.862384
18.5915,-3.838019931,116.0407959
18.592,-3.822680123,121.6443883
18.5925,-3.810408277,121.8054995
18.593,-3.795068469,126.5443864
18.5935,-3.782796623,125.9704979
18.594,-3.767456815,130.084635
18.5945,-3.752117007,133.5816516
18.595,-3.736777199,136.5541157
18.5955,-3.724505353,134.4787678
18.596,-3.709165545,137.3166644
18.5965,-3.693825737,139.7288766
18.597,-3.678485929,141.7792569
18.5975,-3.663146121,143.5220802
18.598,-3.647806314,145.00348
18.5985,-3.632466506,146.2626698
18.599,-3.614058736,151.9349235
18.5995,-3.598718928,152.1543968
18.6,-3.583379121,152.3409491
18.6005,-3.564971351,157.1014609
18.601,-3.549631543,156.5459536
18.6015,-3.534291735,156.0737724
18.602,-3.515883966,160.2743607
18.6025,-3.500544158,159.2429184
18.603,-3.48520435,158.3661925
18.6035,-3.466796581,162.2229178
18.604,-3.451456773,160.8991919
18.6045,-3.433049003,164.3759673
18.605,-3.417709195,162.729284
18.6055,-3.402369388,161.3296033
18.606,-3.383961618,164.741817
18.6065,-3.36862181,163.0402562
18.607,-3.353282002,161.5939296
18.6075,-3.337942194,160.364552
18.608,-3.319534425,163.9215234
18.6085,-3.304194617,162.3430067
18.609,-3.288854809,161.0012675
18.6095,-3.273515001,159.8607892
18.61,-3.258175193,158.8913826
18.6105,-3.239767424,162.6693294
18.611,-3.224427616,161.2786418
18.6115,-3.209087808,160.0965574
18.612,-3.193748,159.0917856
18.6125,-3.178408192,158.2377296
18.613,-3.163068385,157.5117819
18.6135,-3.147728577,156.8947265
18.614,-3.132388769,156.3702293
18.6145,-3.117048961,155.9244067
18.615,-3.101709153,155.5454575
18.6155,-3.086369345,155.2233507
18.616,-3.071029537,154.9495599
18.6165,-3.055689729,154.7168378
18.617,-3.040349922,154.5190239
18.6175,-3.025010114,154.3508822
18.618,-3.009670306,154.2079616
18.6185,-2.994330498,154.0864792
18.619,-2.97899069,153.9832192
18.6195,-2.963650882,153.8954481
18.62,-2.948311074,153.8208427
18.6205,-2.932971266,153.7574281
18.621,-2.917631459,153.7035257
18.6215,-2.902291651,153.6577087
18.622,-2.886951843,153.6187642
18.6225,-2.871612035,153.5856614
18.623,-2.856272227,153.557524
18.6235,-2.840932419,153.5336072
18.624,-2.825592611,153.5132779
18.6245,-2.810252803,153.4959981
18.625,-2.794912996,153.4813102
18.6255,-2.779573188,153.4688255
18.626,-2.761165418,158.0601558
18.6265,-2.748893572,152.7589019
18.627,-2.730485802,157.4567208
18.6275,-2.715145995,156.8479245
18.628,-2.702874148,151.7285053
18.6285,-2.684466379,156.5808837
18.629,-2.672194532,151.5015206
18.6295,-2.653786763,156.3879467
18.63,-2.638446955,155.9394665
18.6305,-2.623107147,155.5582583
18.631,-2.607767339,155.2342314
18.6315,-2.592427532,154.9588085
18.632,-2.577087724,154.7246991
18.6325,-2.561747916,154.525706
18.633,-2.546408108,154.3565619
18.6335,-2.534136262,149.6108471
18.634,-2.518796454,150.1789318
18.6345,-2.503456646,150.6618039
18.635,-2.488116838,151.0722451
18.6355,-2.47277703,151.4211202
18.636,-2.457437222,151.717664
18.6365,-2.442097414,151.9697262
18.637,-2.429825568,147.5820367
18.6375,-2.41448576,148.454443
18.638,-2.399145952,149.1959884
18.6385,-2.383806144,149.826302
18.639,-2.368466336,150.3620685
18.6395,-2.35619449,146.2155277
18.64,-2.340854682,147.2929103
18.6405,-2.325514874,148.2086856
18.641,-2.313243028,144.3851522
18.6415,-2.29790322,145.7370912
18.642,-2.285631374,142.284297
18.6425,-2.270291566,143.9513642
18.643,-2.25801972,140.7664291
18.6435,-2.242679912,142.6611765
18.644,-2.230408066,139.6697695
18.6445,-2.215068258,141.7290159
18.645,-2.202796411,138.877433
18.6455,-2.187456604,141.0555298
18.646,-2.175184757,138.3049698
18.6465,-2.162912911,135.9669938
18.647,-2.147573103,138.5816565
18.6475,-2.135301257,136.2021775
18.648,-2.12302941,134.1796203
18.6485,-2.110757564,132.4604467
18.649,-2.098485718,130.9991492
18.6495,-2.086213872,129.7570463
18.65,-2.070874064,133.3032011
18.6505,-2.058602217,131.7154904
18.651,-2.046330371,130.3659363
18.6515,-2.034058525,129.2188153
18.652,-2.021786678,128.2437625
18.6525,-2.009514832,127.4149676
18.653,-2.000310947,122.1085495
18.6535,-1.988039101,122.2000365
18.654,-1.975767255,122.2778005
18.6545,-1.963495408,122.3438999
18.655,-1.951223562,122.4000844
18.6555,-1.942019677,117.8458988
18.656,-1.929747831,118.5767834
18.6565,-1.917475985,119.1980354
18.657,-1.9082721,115.1241572
18.6575,-1.896000254,116.263303
18.658,-1.883728408,117.231577
18.6585,-1.874524523,113.4526676
18.659,-1.862252676,114.8425369
18.6595,-1.853048792,111.4219834
18.66,-1.840776945,113.1164554
18.6605,-1.831573061,109.9548142
18.661,-1.819301214,111.8693615
18.6615,-1.81009733,108.8947844
18.662,-1.800893445,106.3663938
18.6625,-1.788621599,108.8192042
18.663,-1.779417714,106.3021506
18.6635,-1.770213829,104.1626551
18.664,-1.761009944,102.344084
18.6645,-1.75180606,100.7982985
18.665,-1.742602175,99.48438078
18.6655,-1.730330329,102.9694931
18.666,-1.721126444,101.3298962
18.6665,-1.711922559,99.9362389
18.667,-1.705786636,94.14968779
18.6675,-1.696582751,93.83306171
18.668,-1.687378867,93.56392955
18.6685,-1.678174982,93.33516721
18.669,-1.668971097,93.14071922
18.6695,-1.659767212,92.97543842
18.67,-1.650563328,92.83494975
18.6705,-1.644427405,88.11359202
18.671,-1.63522352,88.7023803
18.6715,-1.629087597,84.60090799
18.672,-1.619883712,85.71659888
18.6725,-1.610679827,86.66493614
18.673,-1.604543904,82.86908044
18.6735,-1.598407981,79.64260311
18.674,-1.589204096,81.50203973
18.6745,-1.583068173,78.4806185
18.675,-1.57693225,75.91241045
18.6755,-1.570796327,73.72943361
18.676,-1.564660404,71.8739033
18.6765,-1.55852448,70.29670253
18.677,-1.552388557,68.95608188
18.6775,-1.543184673,72.41849669
18.678,-1.537048749,70.75960691
18.6785,-1.533980788,64.74760824
18.679,-1.527844865,64.23935173
18.6795,-1.521708942,63.8073337
18.68,-1.515573018,63.44011837
18.6805,-1.509437095,63.12798534
18.681,-1.506369134,58.2607299
18.6815,-1.500233211,58.72550515
18.682,-1.497165249,54.51862174
18.6825,-1.491029326,55.5447132
18.683,-1.484893403,56.41689095
18.6835,-1.481825441,52.55629967
18.684,-1.475689518,53.87673945
18.6845,-1.472621556,50.39717089
18.685,-1.469553595,47.43953762
18.6855,-1.466485633,44.92554934
18.686,-1.46034971,47.39060167
18.6865,-1.457281748,44.88395378
18.687,-1.454213787,42.75330308
18.6875,-1.451145825,40.94224998
18.688,-1.448077864,39.40285485
18.6885,-1.445009902,38.09436898
18.689,-1.445009902,32.38021364
18.6895,-1.441941941,32.12512395
18.69,-1.438873979,31.90829773
18.6905,-1.435806017,31.72399543
18.691,-1.435806017,26.96539612
18.6915,-1.432738056,27.52252906
18.692,-1.432738056,23.3941497
18.6925,-1.429670094,24.48696961
18.693,-1.429670094,20.81392417
18.6935,-1.429670094,17.69183554
18.694,-1.426602133,19.64000258
18.6945,-1.426602133,16.69400219
18.695,-1.426602133,14.18990186
18.6955,-1.426602133,12.06141658
18.696,-1.426602133,10.25220409
18.6965,-1.426602133,8.71437348
18.697,-1.426602133,7.407217458
18.6975,-1.426602133,6.29613484
18.698,-1.426602133,5.351714614
18.6985,-1.426602133,4.548957422
18.699,-1.426602133,3.866613808
18.6995,-1.426602133,3.286621737
18.7,-1.426602133,2.793628477
18.7005,-1.426602133,2.374584205
18.701,-1.426602133,2.018396574
18.7015,-1.426602133,1.715637088
18.702,-1.426602133,1.458291525
18.7025,-1.429670094,-3.362394567
18.703,-1.429670094,-2.858035382
18.7035,-1.432738056,-7.031272439
18.704,-1.435806017,-10.57852394
18.7045,-1.435806017,-8.991745346
18.705,-1.438873979,-12.24492591
18.7055,-1.441941941,-15.01012939
18.706,-1.445009902,-17.36055234
18.7065,-1.448077864,-19.35841185
18.707,-1.451145825,-21.05659244
18.7075,-1.454213787,-22.50004594
18.708,-1.457281748,-23.72698141
18.7085,-1.46034971,-24.76987656
18.709,-1.466485633,-30.25827981
18.7095,-1.469553595,-30.3214802
18.71,-1.475689518,-34.9771429
18.7105,-1.47875748,-34.33251383
18.711,-1.481825441,-33.78457911
18.7115,-1.487961364,-37.92077697
18.712,-1.491029326,-36.83460279
18.7125,-1.497165249,-40.5132971
18.713,-1.503301172,-43.64018726
18.7135,-1.506369134,-41.69610154
18.714,-1.512505057,-44.64557103
18.7145,-1.51864098,-47.15262011
18.715,-1.524776903,-49.28361182
18.7155,-1.530912826,-51.09495477
18.716,-1.537048749,-52.63459628
18.7165,-1.543184673,-53.94329157
18.717,-1.549320596,-55.05568256
18.7175,-1.555456519,-56.0012149
18.718,-1.561592442,-56.8049174
18.7185,-1.570796327,-62.09000688
18.719,-1.57693225,-61.98039057
18.7195,-1.583068173,-61.88721671
18.72,-1.589204096,-61.80801893
18.7205,-1.598407981,-66.34264319
18.721,-1.604543904,-65.59513143
18.7215,-1.613747789,-69.56168881
18.722,-1.619883712,-68.33132022
18.7225,-1.629087597,-71.88744927
18.723,-1.638291481,-74.91015897
18.7235,-1.644427405,-72.87751986
18.724,-1.653631289,-75.75171897
18.7245,-1.662835174,-78.19478821
18.725,-1.672039059,-80.27139707
18.7255,-1.678174982,-77.43457224
18.726,-1.687378867,-79.62521349
18.7265,-1.696582751,-81.48725856
18.727,-1.705786636,-83.06999687
18.7275,-1.714990521,-84.41532443
18.728,-1.724194406,-85.55885286
18.7285,-1.73339829,-86.53085202
18.729,-1.742602175,-87.35705131
18.7295,-1.75180606,-88.0593207
18.73,-1.764077906,-93.25819205
18.7305,-1.773281791,-93.07529033
18.731,-1.782485676,-92.91982387
18.7315,-1.79168956,-92.78767738
18.732,-1.803961407,-97.27729523
18.7325,-1.813165291,-96.49152804
18.733,-1.822369176,-95.82362592
18.7335,-1.834641022,-99.85785149
18.734,-1.843844907,-98.68500086
18.7345,-1.856116753,-102.2900202
18.735,-1.8683886,-105.3542866
18.7355,-1.877592484,-103.3569707
18.736,-1.889864331,-106.2611946
18.7365,-1.899068215,-104.1278425
18.737,-1.911340062,-106.9164355
18.7375,-1.920543946,-104.6847973
18.738,-1.932815793,-107.3898472
18.7385,-1.945087639,-109.6891395
18.739,-1.957359485,-111.6435381
18.7395,-1.96656337,-108.7028344
18.74,-1.978835216,-110.8051787
18.7405,-1.991107063,-112.5921714
18.741,-2.003378909,-114.1111151
18.7415,-2.012582794,-110.800275
18.742,-2.02485464,-112.5880032
18.7425,-2.037126486,-114.1075721
18.743,-2.049398333,-115.3992058
18.7435,-2.061670179,-116.4970944
18.744,-2.073942025,-117.4302997
18.7445,-2.086213872,-118.2235242
18.745,-2.098485718,-118.897765
18.7455,-2.110757564,-119.4708697
18.746,-2.12302941,-119.9580087
18.7465,-2.138369218,-124.9740192
18.747,-2.150641065,-124.6356858
18.7475,-2.162912911,-124.3481024
18.748,-2.175184757,-124.1036565
18.7485,-2.187456604,-123.8958775
18.749,-2.19972845,-123.7192653
18.7495,-2.212000296,-123.569145
18.75,-2.227340104,-128.043485
18.7505,-2.23961195,-127.2447317
18.751,-2.251883797,-126.5657914
18.7515,-2.267223604,-130.5906345
18.752,-2.279495451,-129.4098088
18.7525,-2.291767297,-128.4061069
18.753,-2.307107105,-132.1549027
18.7535,-2.319378951,-130.7394368
18.754,-2.331650798,-129.5362907
18.7545,-2.346990605,-133.1155589
18.755,-2.359262452,-131.5559945
18.7555,-2.371534298,-130.2303648
18.756,-2.386874106,-133.7055219
18.7565,-2.399145952,-132.0574631
18.757,-2.41448576,-135.2585554
18.7575,-2.426757606,-133.3775416
18.758,-2.442097414,-136.3806222
18.7585,-2.454369261,-134.3312983
18.759,-2.469709068,-137.1913154
18.7595,-2.481980915,-135.0203875
18.76,-2.497320723,-137.7770412
18.7605,-2.509592569,-135.5182545
18.761,-2.521864415,-133.5982858
18.7615,-2.537204223,-136.5682547
18.762,-2.549476069,-134.490786
18.7625,-2.564815877,-137.3268799
18.763,-2.577087724,-135.1356174
18.7635,-2.592427532,-137.8749866
18.764,-2.604699378,-135.601508
18.7645,-2.620039186,-138.2709937
18.765,-2.635378994,-140.5400564
18.7655,-2.64765084,-137.8668174
18.766,-2.659922686,-135.5945643
18.7665,-2.675262494,-138.2650914
18.767,-2.68753434,-135.9330972
18.7675,-2.702874148,-138.5528444
18.768,-2.715145995,-136.1776872
18.7685,-2.730485802,-138.7607459
18.769,-2.742757649,-136.3544035
18.7695,-2.755029495,-134.3090124
18.77,-2.770369303,-137.1723724
18.7705,-2.782641149,-135.004286
18.771,-2.797980957,-137.7633549
18.7715,-2.810252803,-135.5066211
18.772,-2.82252465,-133.5883974
18.7725,-2.837864458,-136.5598496
18.773,-2.850136304,-134.4836416
18.7735,-2.865476112,-137.3208072
18.774,-2.877747958,-135.1304556
18.7745,-2.890019804,-133.2686567
18.775,-2.905359612,-136.28807
18.7755,-2.917631459,-134.252629
18.776,-2.929903305,-132.5225041
18.7765,-2.945243113,-135.6538403
18.777,-2.957514959,-133.7135337
18.7775,-2.957514959,-113.6565036
18.778,-2.969786805,-115.0157975
18.7785,-2.985126613,-120.7731397
18.779,-2.99739846,-121.0649382
18.7795,-3.009670306,-121.3129669
18.78,-3.021942152,-121.5237914
18.7805,-3.03728196,-126.3049345
18.781,-3.049553806,-125.7669638
18.7815,-3.061825653,-125.3096886
18.782,-3.074097499,-124.9210048
18.7825,-3.089437307,-129.1925659
18.783,-3.101709153,-128.2214505
18.7835,-3.113980999,-127.3960024
18.784,-3.126252846,-126.6943715
18.7845,-3.138524692,-126.0979852
18.785,-3.150796538,-125.5910569
18.7855,-3.163068385,-125.1601678
18.786,-3.175340231,-124.7939121
18.7865,-3.187612077,-124.4825947
18.787,-3.199883924,-124.217975
18.7875,-3.21215577,-123.9930482
18.788,-3.224427616,-123.8018604
18.7885,-3.236699462,-123.6393508
18.789,-3.248971309,-123.5012176
18.7895,-3.261243155,-123.3838044
18.79,-3.273515001,-123.2840032
18.7905,-3.285786848,-123.1991722
18.791,-3.298058694,-123.1270658
18.7915,-3.31033054,-123.0657754
18.792,-3.322602387,-123.0136786
18.7925,-3.334874233,-122.9693962
18.793,-3.347146079,-122.9317562
18.7935,-3.359417925,-122.8997623
18.794,-3.36862181,-118.270625
18.7945,-3.380893656,-118.9378007
18.795,-3.393165503,-119.5049001
18.7955,-3.405437349,-119.9869345
18.796,-3.417709195,-120.3966638
18.7965,-3.42691308,-116.1429913
18.797,-3.439184926,-117.1293121
18.7975,-3.451456773,-117.9676847
18.798,-3.463728619,-118.6803015
18.7985,-3.476000465,-119.2860257
18.799,-3.48520435,-115.1989489
18.7995,-3.497476196,-116.326876
18.8,-3.509748043,-117.2856141
18.8005,-3.518951927,-113.4985991
18.801,-3.531223774,-114.8815787
18.8015,-3.54349562,-116.0571113
18.802,-3.552699505,-112.4543717
18.8025,-3.564971351,-113.9939854
18.803,-3.574175236,-110.7007147
18.8035,-3.586447082,-112.5033769
18.804,-3.595650967,-109.4336975
18.8045,-3.607922813,-111.4264123
18.805,-3.617126698,-108.5182776
18.8055,-3.629398544,-110.6483054
18.806,-3.638602429,-107.8568867
18.8065,-3.650874275,-110.0861231
18.807,-3.66007816,-107.3790317
18.8075,-3.672350006,-109.6799464
18.808,-3.681553891,-107.0337816
18.8085,-3.693825737,-109.3864838
18.809,-3.703029622,-106.7843383
18.8095,-3.712233507,-104.5725147
18.81,-3.721437391,-102.6924645
18.8105,-3.733709238,-105.6963643
18.811,-3.742913122,-103.6477368
18.8115,-3.752117007,-101.9064033
18.812,-3.764388853,-105.0282123
18.8125,-3.773592738,-103.0798075
18.813,-3.782796623,-101.4236635
18.8135,-3.792000508,-100.0159411
18.814,-3.804272354,-103.4213194
18.8145,-3.813476239,-101.7139485
18.815,-3.822680123,-100.2626834
18.8155,-3.831884008,-99.02910794
18.816,-3.841087893,-97.98056884
18.8165,-3.850291778,-97.08931061
18.817,-3.862563624,-100.9336835
18.8175,-3.871767509,-99.59945804
18.818,-3.880971393,-98.46536643
18.8185,-3.887107317,-92.89944619
18.819,-3.896311201,-92.77035635
18.8195,-3.905515086,-92.66062999
18.82,-3.914718971,-92.56736258
18.8205,-3.920854894,-87.88614292
18.821,-3.930058779,-88.50904858
18.8215,-3.939262663,-89.03851838
18.822,-3.945398586,-84.88662535
18.8225,-3.954602471,-85.95945864
18.823,-3.963806356,-86.87136693
18.8235,-3.969942279,-83.04454662
18.824,-3.979146164,-84.39369172
18.8245,-3.985282087,-80.93852269
18.825,-3.99141801,-78.00162901
18.8255,-4.000621895,-80.10721175
18.826,-4.006757818,-77.29501472
18.8265,-4.012893741,-74.90464724
18.827,-4.019029664,-72.87283488
18.8275,-4.025165587,-71.14579437
18.828,-4.034369472,-74.27975231
18.8285,-4.037437434,-67.73973183
18.829,-4.043573357,-66.78265678
18.8295,-4.04970928,-65.96914299
18.83,-4.055845203,-65.27765627
18.8305,-4.061981126,-64.68989256
18.831,-4.068117049,-64.1902934
18.8315,-4.074252973,-63.76563412
18.832,-4.077320934,-58.80273136
18.8325,-4.083456857,-59.18620639
18.833,-4.086524819,-54.91021779
18.8335,-4.092660742,-55.87756985
18.834,-4.095728704,-52.09787674
18.8345,-4.101864627,-53.48707995
18.835,-4.104932588,-50.06596032
18.8355,-4.10800055,-47.15800864
18.836,-4.114136473,-49.28819207
18.8365,-4.117204435,-46.49690562
18.837,-4.120272396,-44.12431214
18.8375,-4.123340358,-42.10760769
18.838,-4.126408319,-40.3934089
18.8385,-4.129476281,-38.93633993
18.839,-4.132544243,-37.6978313
18.8395,-4.135612204,-36.64509897
18.84,-4.135612204,-31.14833412
18.8405,-4.138680166,-31.07802637
18.841,-4.141748127,-31.01826478
18.8415,-4.144816089,-30.96746742
18.842,-4.144816089,-26.32234731
18.8425,-4.14788405,-26.97593758
18.843,-4.150952012,-27.5314893
18.8435,-4.150952012,-23.40176591
18.844,-4.150952012,-19.89150102
18.8445,-4.154019974,-21.50971823
18.845,-4.154019974,-18.2832605
18.8455,-4.154019974,-15.54077142
18.846,-4.157087935,-17.81159807
18.8465,-4.157087935,-15.13985836
18.847,-4.157087935,-12.86887961
18.8475,-4.157087935,-10.93854767
18.848,-4.157087935,-9.297765517
18.8485,-4.157087935,-7.903100689
18.849,-4.157087935,-6.717635586
18.8495,-4.157087935,-5.709990248
18.85,-4.157087935,-4.853491711
18.8505,-4.157087935,-4.125467954
18.851,-4.157087935,-3.506647761
18.8515,-4.157087935,-2.980650597
18.852,-4.157087935,-2.533553007
18.8525,-4.157087935,-2.153520056
18.853,-4.157087935,-1.830492048
18.8535,-4.157087935,-1.555918241
18.854,-4.157087935,-1.322530505
18.8545,-4.157087935,-1.124150929
18.855,-4.154019974,3.646414074
18.8555,-4.154019974,3.099451963
18.856,-4.154019974,2.634534169
18.8565,-4.154019974,2.239354043
18.857,-4.150952012,6.5053933
18.8575,-4.150952012,5.529584305
18.858,-4.150952012,4.70014666
18.8585,-4.14788405,8.597067024
18.859,-4.14788405,7.307506971
18.8595,-4.144816089,10.81332329
18.86,-4.144816089,9.191324795
18.8605,-4.141748127,12.41456844
18.861,-4.141748127,10.55238317
18.8615,-4.138680166,13.57146806
18.862,-4.135612204,16.13769022
18.8625,-4.132544243,18.31897905
18.863,-4.132544243,15.57113219
18.8635,-4.129476281,17.83740473
18.864,-4.126408319,19.76373638
18.8645,-4.123340358,21.40111829
18.865,-4.120272396,22.79289291
18.8655,-4.117204435,23.97590133
18.866,-4.114136473,24.9814585
18.8665,-4.111068512,25.83618209
18.867,-4.104932588,31.1646395
18.8675,-4.101864627,31.09188594
18.868,-4.098796665,31.03004541
18.8685,-4.092660742,35.57942333
18.869,-4.089592781,34.84445219
18.8695,-4.083456857,38.82166909
18.87,-4.080388896,37.60036109
18.8705,-4.074252973,41.16419165
18.871,-4.068117049,44.19344763
18.8715,-4.065049088,42.16637285
18.872,-4.058913165,45.04530165
18.8725,-4.052777242,47.49239113
18.873,-4.046641318,49.57241719
18.8735,-4.040505395,51.34043934
18.874,-4.034369472,52.84325816
18.8745,-4.028233549,54.12065417
18.875,-4.022097626,55.20644077
18.8755,-4.015961703,56.12935938
18.876,-4.00982578,56.9138402
18.8765,-4.000621895,62.18259126
18.877,-3.994485972,62.0590873
18.8775,-3.988350049,61.95410893
18.878,-3.979146164,66.46681968
18.8785,-3.973010241,65.70068146
18.879,-3.963806356,69.65140633
18.8795,-3.957670433,68.40758011
18.88,-3.948466548,71.95227018
18.8805,-3.939262663,74.96525675
18.881,-3.93312674,72.92435296
18.8815,-3.923922855,75.79152711
18.882,-3.914718971,78.22862513
18.8825,-3.905515086,80.30015845
18.883,-3.899379163,77.45901941
18.8835,-3.890175278,79.64599359
18.884,-3.880971393,81.50492164
18.8845,-3.871767509,83.08501049
18.885,-3.859495662,89.03002837
18.8855,-3.850291778,89.48135121
18.886,-3.841087893,89.86497562
18.8865,-3.828816047,94.79299873
18.887,-3.819612162,94.37987601
18.8875,-3.807340316,98.63066406
18.888,-3.798136431,97.64189154
18.8885,-3.785864585,101.4033773
18.889,-3.773592738,104.6006401
18.8895,-3.764388853,102.7163712
18.89,-3.752117007,105.716685
18.8905,-3.739845161,108.2669517
18.891,-3.727573315,110.4346784
18.8915,-3.71836943,107.6753037
18.892,-3.706097584,109.9317776
18.8925,-3.693825737,111.8497804
18.893,-3.681553891,113.4800828
18.8935,-3.669282045,114.8658399
18.894,-3.657010198,116.0437333
18.8945,-3.64167039,121.6468851
18.895,-3.629398544,121.8076218
18.8955,-3.617126698,121.944248
18.896,-3.604854852,122.0603803
18.8965,-3.592583005,122.1590927
18.897,-3.577243197,126.8449406
18.8975,-3.564971351,126.225969
18.898,-3.552699505,125.6998431
18.8985,-3.540427658,125.2526361
18.899,-3.525087851,129.4744525
18.8995,-3.512816004,128.4610541
18.9,-3.500544158,127.5996654
18.9005,-3.488272312,126.867485
18.901,-3.472932504,130.8470741
18.9015,-3.460660657,129.6277824
18.902,-3.448388811,128.5913845
18.9025,-3.433049003,132.3123887
18.903,-3.420777157,130.8732998
18.9035,-3.408505311,129.6500743
18.904,-3.393165503,133.212275
18.9045,-3.380893656,131.6382032
18.905,-3.36862181,130.3002422
18.9055,-3.353282002,133.7649177
18.906,-3.341010156,132.1079495
18.9065,-3.32873831,130.6995265
18.907,-3.313398502,134.1043093
18.9075,-3.301126656,132.3964324
18.908,-3.288854809,130.944737
18.9085,-3.276582963,129.7107959
18.909,-3.261243155,133.2638883
18.9095,-3.248971309,131.6820745
18.91,-3.236699462,130.3375328
18.9105,-3.224427616,129.1946723
18.911,-3.209087808,132.8251833
18.9115,-3.196815962,131.3091753
18.912,-3.184544116,130.0205684
18.9125,-3.172272269,128.9252526
18.913,-3.156932461,132.5961765
18.9135,-3.144660615,131.1145195
18.914,-3.132388769,129.855111
18.9145,-3.120116923,128.7846138
18.915,-3.107845076,127.8746912
18.9155,-3.09557323,127.101257
18.916,-3.080233422,131.0457803
18.9165,-3.067961576,129.7966827
18.917,-3.055689729,128.7349497
18.9175,-3.043417883,127.8324767
18.918,-3.031146037,127.0653747
18.9185,-3.015806229,131.0152803
18.919,-3.003534383,129.7707577
18.9195,-2.991262536,128.7129135
18.92,-2.97899069,127.8137459
18.9205,-2.963650882,131.6513959
18.921,-2.951379036,130.3114559
18.9215,-2.93910719,129.172507
18.922,-2.926835343,128.2044004
18.9225,-2.911495535,131.9834522
18.923,-2.899223689,130.5937038
18.9235,-2.886951843,129.4124177
18.924,-2.874679996,128.4083245
18.9245,-2.859340189,132.1567876
18.925,-2.847068342,130.7410389
18.9255,-2.834796496,129.5376526
18.926,-2.819456688,133.1167165
18.9265,-2.807184842,131.5569785
18.927,-2.794912996,130.2312012
18.9275,-2.779573188,133.7062328
18.928,-2.767301341,132.0580673
18.9285,-2.755029495,130.6571267
18.929,-2.742757649,129.4663271
18.9295,-2.727417841,133.0560899
18.93,-2.715145995,131.5054459
18.9305,-2.702874148,130.1873984
18.931,-2.690602302,129.0670581
18.9315,-2.678330456,128.1147689
18.932,-2.662990648,131.9072653
18.9325,-2.650718801,130.528945
18.933,-2.638446955,129.3573727
18.9335,-2.623107147,132.9634786
18.934,-2.610835301,131.4267263
18.9345,-2.598563455,130.1204868
18.935,-2.586291608,129.0101832
18.9355,-2.574019762,128.0664252
18.936,-2.561747916,127.2642309
18.9365,-2.549476069,126.5823657
18.937,-2.537204223,126.0027803
18.9375,-2.524932377,125.5101327
18.938,-2.512660531,125.0913823
18.9385,-2.500388684,124.7354444
18.939,-2.488116838,124.4328972
18.9395,-2.475844992,124.175732
18.94,-2.463573145,123.9571417
18.9405,-2.451301299,123.7713399
18.941,-2.439029453,123.6134084
18.9415,-2.426757606,123.4791666
18.942,-2.417553722,118.7631187
18.9425,-2.405281875,119.3564203
18.943,-2.393010029,119.8607267
18.9435,-2.380738183,120.2893872
18.944,-2.371534298,116.0518062
18.9445,-2.359262452,117.0518047
18.945,-2.346990605,117.9018035
18.9455,-2.337786721,114.02236
18.946,-2.325514874,115.3267755
18.9465,-2.31631099,111.8335863
18.947,-2.304039143,113.4663178
18.9475,-2.294835259,110.2521972
18.948,-2.282563412,112.1221371
18.9485,-2.273359528,109.1096436
18.949,-2.261087681,111.1509665
18.9495,-2.251883797,108.2841486
18.95,-2.242679912,105.8473534
18.9505,-2.230408066,108.3780199
18.951,-2.221204181,105.927144
18.9515,-2.212000296,103.8438995
18.952,-2.202796411,102.0731416
18.9525,-2.190524565,105.1699399
18.953,-2.18132068,103.200276
18.9535,-2.172116796,101.5260617
18.954,-2.162912911,100.1029795
18.9545,-2.153709026,98.89335967
18.955,-2.144505141,97.86518281
18.9555,-2.135301257,96.99123248
18.956,-2.126097372,96.2483747
18.9565,-2.116893487,95.61694558
18.957,-2.110757564,90.47828847
18.9575,-2.101553679,90.71237229
18.958,-2.092349795,90.91134354
18.9585,-2.08314591,91.0804691
18.959,-2.077009987,86.62228346
18.9595,-2.067806102,87.43476803
18.96,-2.058602217,88.12537992
18.9605,-2.049398333,88.71240002
18.961,-2.043262409,84.60942475
18.9615,-2.034058525,85.72383813
18.962,-2.027922602,82.06914713
18.9625,-2.018718717,83.56460216
18.963,-2.012582794,80.23379656
18.9635,-2.003378909,82.00455417
18.964,-1.997242986,78.90775577
18.9645,-1.988039101,80.87741949
18.965,-1.981903178,77.9496913
18.9655,-1.975767255,75.46112233
18.966,-1.969631332,73.34583871
18.9665,-1.963495408,71.54784763
18.967,-1.957359485,70.01955521
18.9675,-1.948155601,73.32244902
18.968,-1.942019677,71.5279664
18.9685,-1.935883754,70.00265616
18.969,-1.929747831,68.70614247
18.9695,-1.923611908,67.60410582
18.97,-1.917475985,66.66737468
18.9705,-1.914408023,61.26921084
18.971,-1.9082721,61.28271394
18.9715,-1.902136177,61.29419158
18.972,-1.896000254,61.30394757
18.9725,-1.889864331,61.31224016
18.973,-1.886796369,56.7173465
18.9735,-1.880660446,57.41362925
18.974,-1.877592484,53.40352723
18.9745,-1.871456561,54.59688287
18.975,-1.8683886,51.0092928
18.9755,-1.862252676,52.56178361
18.976,-1.859184715,49.27945843
18.9765,-1.853048792,51.0914244
18.977,-1.84998083,48.0296531
18.9775,-1.843844907,50.02908986
18.978,-1.840776945,47.12666875
18.9785,-1.837708984,44.6596108
18.979,-1.834641022,42.56261154
18.9795,-1.831573061,40.78016217
18.98,-1.828505099,39.26508021
18.9805,-1.825437138,37.97726054
18.981,-1.822369176,36.88261383
18.9815,-1.819301214,35.95216412
18.982,-1.816233253,35.16128186
18.9825,-1.813165291,34.48903195
18.983,-1.81009733,33.91761952
18.9835,-1.807029368,33.43191895
18.984,-1.807029368,28.41713111
18.9845,-1.803961407,28.75650381
18.985,-1.800893445,29.0449706
18.9855,-1.800893445,24.68822501
18.986,-1.797825483,25.58693362
18.9865,-1.797825483,21.74889358
18.987,-1.794757522,23.08850191
18.9875,-1.794757522,19.62522662
18.988,-1.794757522,16.68144263
18.9885,-1.79168956,18.7811686
18.989,-1.79168956,15.96399331
18.9895,-1.79168956,13.56939431
18.99,-1.79168956,11.53398516
18.9905,-1.79168956,9.80388739
18.991,-1.788621599,12.93524664
18.9915,-1.788621599,10.99495965
18.992,-1.788621599,9.345715701
18.9925,-1.788621599,7.943858346
18.993,-1.788621599,6.752279594
18.9935,-1.788621599,5.739437655
18.994,-1.788621599,4.878522007
18.9945,-1.788621599,4.146743706
18.995,-1.788621599,3.52473215
18.9955,-1.788621599,2.996022327
18.996,-1.79168956,-2.055323385
18.9965,-1.79168956,-1.747024878
18.997,-1.79168956,-1.484971146
18.9975,-1.79168956,-1.262225474
18.998,-1.794757522,-5.674834017
18.9985,-1.794757522,-4.823608914
18.999,-1.797825483,-8.702009941
18.9995,-1.797825483,-7.39670845
19,-1.800893445,-10.88914455
19.0005,-1.803961407,-13.85771523
19.001,-1.803961407,-11.77905794
19.0015,-1.807029368,-14.61414162
19.002,-1.81009733,-17.02396274
19.0025,-1.813165291,-19.07231069
19.003,-1.816233253,-20.81340645
19.0035,-1.819301214,-22.29333785
19.004,-1.822369176,-23.55127953
19.0045,-1.825437138,-24.62052997
19.005,-1.828505099,-25.52939284
19.0055,-1.831573061,-26.30192627
19.006,-1.834641022,-26.9585797
19.0065,-1.840776945,-32.11867747
19.007,-1.843844907,-31.90281821
19.0075,-1.84998083,-36.32128021
19.008,-1.853048792,-35.47503054
19.0085,-1.856116753,-34.75571832
19.009,-1.862252676,-38.7462453
19.0095,-1.8683886,-42.13819323
19.01,-1.871456561,-40.41940661
19.0105,-1.877592484,-43.56038035
19.011,-1.883728408,-46.23020802
19.0115,-1.886796369,-43.89761918
19.012,-1.892932292,-46.51686103
19.0125,-1.899068215,-48.74321661
19.013,-1.905204139,-50.63561884
19.0135,-1.911340062,-52.24416074
19.014,-1.917475985,-53.61142136
19.0145,-1.923611908,-54.77359288
19.015,-1.929747831,-55.76143868
19.0155,-1.935883754,-56.6011076
19.016,-1.945087639,-61.91676855
19.0165,-1.951223562,-61.833138
19.017,-1.957359485,-61.76205203
19.0175,-1.963495408,-61.70162895
19.018,-1.972699293,-66.2522117
19.0185,-1.978835216,-65.51826467
19.019,-1.988039101,-69.49635206
19.0195,-1.994175024,-68.27578398
19.02,-2.003378909,-71.84024347
19.0205,-2.009514832,-70.26809168
19.021,-2.018718717,-73.53370502
19.0215,-2.027922602,-76.30947636
19.022,-2.034058525,-74.06693963
19.0225,-2.043262409,-76.76272578
19.023,-2.052466294,-79.054144
19.0235,-2.061670179,-81.00184949
19.024,-2.070874064,-82.65739916
19.0245,-2.080077948,-84.06461638
19.025,-2.089281833,-85.26075101
19.0255,-2.098485718,-86.27746545
19.026,-2.107689603,-87.14167272
19.0265,-2.116893487,-87.87624891
19.027,-2.126097372,-88.50063866
19.0275,-2.135301257,-89.03136995
19.028,-2.144505141,-89.48249155
19.0285,-2.153709026,-89.86594491
19.029,-2.165980872,-94.79382263
19.0295,-2.175184757,-94.38057632
19.03,-2.184388642,-94.02931697
19.0305,-2.196660488,-98.33268888
19.031,-2.205864373,-97.38861264
19.0315,-2.215068258,-96.58614783
19.032,-2.227340104,-100.5059951
19.0325,-2.23961195,-103.8378653
19.033,-2.248815835,-102.0680126
19.0335,-2.261087681,-105.1655802
19.034,-2.270291566,-103.1965702
19.0345,-2.282563412,-106.1248541
19.035,-2.294835259,-108.6138955
19.0355,-2.304039143,-106.1276382
19.036,-2.31631099,-108.616262
19.0365,-2.328582836,-110.7315921
19.037,-2.337786721,-107.9276804
19.0375,-2.350058567,-110.1462978
19.038,-2.362330413,-112.0321226
19.0385,-2.37460226,-113.6350736
19.039,-2.386874106,-114.9975821
19.0395,-2.399145952,-116.1557142
19.04,-2.411417799,-117.1401265
19.0405,-2.423689645,-117.976877
19.041,-2.435961491,-118.6881149
19.0415,-2.448233337,-119.2926671
19.042,-2.460505184,-119.8065365
19.0425,-2.47277703,-120.2433255
19.043,-2.47277703,-102.2068267
19.0435,-2.47277703,-86.87580267
19.044,-2.488116838,-96.85414408
19.0445,-2.488116838,-82.32602247
19.045,-2.488116838,-69.9771191
19.0455,-2.488116838,-59.48055124
19.046,-2.488116838,-50.55846855
19.0465,-2.488116838,-42.97469827
19.047,-2.488116838,-36.52849353
19.0475,-2.497320723,-44.85504659
19.048,-2.512660531,-61.13650142
19.0485,-2.524932377,-70.37379566
19.049,-2.537204223,-78.22549577
19.0495,-2.549476069,-84.89944086
19.05,-2.561747916,-90.57229418
19.0505,-2.574019762,-95.39421951
19.051,-2.58935957,-104.0947984
19.0515,-2.601631416,-106.8883481
19.052,-2.613903263,-109.2628653
19.0525,-2.62924307,-115.8831474
19.053,-2.641514917,-116.9084447
19.0535,-2.653786763,-117.7799475
19.054,-2.669126571,-123.1226672
19.0545,-2.681398417,-123.0620365
19.055,-2.693670264,-123.0105005
19.0555,-2.709010071,-127.5686373
19.056,-2.721281918,-126.8411111
19.0565,-2.733553764,-126.2227139
19.057,-2.748893572,-130.2990186
19.0575,-2.761165418,-129.1619353
19.058,-2.773437264,-128.1954145
19.0585,-2.788777072,-131.9758141
19.059,-2.801048919,-130.5872114
19.0595,-2.816388727,-134.0088415
19.06,-2.828660573,-132.3152848
19.0605,-2.844000381,-135.4777039
19.061,-2.856272227,-133.5638177
19.0615,-2.871612035,-136.5389569
19.062,-2.883883881,-134.4658828
19.0625,-2.896155728,-132.7037699
19.063,-2.911495535,-135.8079162
19.0635,-2.923767382,-133.8444982
19.064,-2.93910719,-136.7775353
19.0645,-2.951379036,-134.6686745
19.065,-2.966718844,-137.4780851
19.0655,-2.97899069,-135.2641418
19.066,-2.994330498,-137.9842323
19.0665,-3.006602344,-135.694367
19.067,-3.021942152,-138.3499237
19.0675,-3.034213998,-136.0052046
19.068,-3.049553806,-138.6141357
19.0685,-3.061825653,-136.2297848
19.069,-3.07716546,-138.8050289
19.0695,-3.089437307,-136.392044
19.07,-3.104777115,-138.9429493
19.0705,-3.117048961,-136.5092763
19.071,-3.129320807,-134.4406543
19.0715,-3.144660615,-137.284268
19.072,-3.156932461,-135.0993973
19.0725,-3.172272269,-137.8441995
19.073,-3.184544116,-135.575339
19.0735,-3.199883924,-138.24875
19.074,-3.21215577,-135.9192069
19.0745,-3.227495578,-138.5410377
19.075,-3.239767424,-136.1676515
19.0755,-3.255107232,-138.7522156
19.076,-3.267379078,-136.3471527
19.0765,-3.279650924,-134.3028493
19.077,-3.294990732,-137.1671337
19.0775,-3.307262579,-134.9998331
19.078,-3.322602387,-137.7595699
19.0785,-3.334874233,-135.5034039
19.079,-3.350214041,-138.1876051
19.0795,-3.362485887,-135.8672338
19.08,-3.374757733,-133.8949182
19.0805,-3.390097541,-136.8203923
19.081,-3.402369388,-134.7051029
19.0815,-3.417709195,-137.5090493
19.082,-3.433049003,-139.8924037
19.0825,-3.44532085,-137.3163126
19.083,-3.457592696,-135.1266352
19.0835,-3.472932504,-137.8673517
19.084,-3.48520435,-135.5950184
19.0845,-3.500544158,-138.2654775
19.085,-3.512816004,-135.9334253
19.0855,-3.528155812,-138.5531233
19.086,-3.540427658,-136.1779243
19.0865,-3.555767466,-138.7609475
19.087,-3.568039313,-136.3545748
19.0875,-3.580311159,-134.309158
19.088,-3.595650967,-137.1724961
19.0885,-3.607922813,-135.0043912
19.089,-3.623262621,-137.7634443
19.0895,-3.635534467,-135.5066971
19.09,-3.650874275,-138.1904044
19.0905,-3.663146121,-135.8696132
19.091,-3.678485929,-138.498883
19.0915,-3.690757776,-136.13182
19.092,-3.703029622,-134.1198165
19.0925,-3.71836943,-137.0115558
19.093,-3.730641276,-134.8675919
19.0935,-3.745981084,-137.6471649
19.094,-3.75825293,-135.4078596
19.0945,-3.773592738,-138.1063925
19.095,-3.785864585,-135.7982031
19.0955,-3.798136431,-133.8362421
19.096,-3.813476239,-136.7705176
19.0965,-3.825748085,-134.6627094
19.097,-3.841087893,-137.4730148
19.0975,-3.853359739,-135.259832
19.098,-3.868699547,-137.9805691
19.0985,-3.880971393,-135.6912532
19.099,-3.89324324,-133.7453346
19.0995,-3.905515086,-132.0913039
19.1,-3.917786932,-130.6853778
19.1005,-3.930058779,-129.4903406
19.101,-3.942330625,-128.4745589
19.1015,-3.954602471,-127.6111445
19.102,-3.966874317,-126.8772423
19.1025,-3.979146164,-126.2534254
19.103,-3.99141801,-125.7231811
19.1035,-4.000621895,-120.670531
19.104,-4.012893741,-120.9777208
19.1045,-4.022097626,-116.6368898
19.105,-4.034369472,-117.5491258
19.1055,-4.043573357,-113.722584
19.106,-4.055845203,-115.0719658
19.1065,-4.065049088,-111.6169981
19.107,-4.074252973,-108.6802754
19.1075,-4.083456857,-106.1840612
19.108,-4.089592781,-99.46033676
19.1085,-4.098796665,-98.34711334
19.109,-4.10800055,-97.40087343
19.1095,-4.117204435,-96.5965695
19.11,-4.123340358,-91.31096881
19.1105,-4.132544243,-91.42015058
19.111,-4.141748127,-91.51295508
19.1115,-4.14788405,-86.98989655
19.112,-4.154019974,-83.14529679
19.1125,-4.163223858,-84.47932936
19.113,-4.169359781,-81.01131469
19.1135,-4.175495705,-78.06350221
19.114,-4.181631628,-75.55786161
19.1145,-4.187767551,-73.42806709
19.115,-4.193903474,-71.61774176
19.1155,-4.200039397,-70.07896522
19.116,-4.20617532,-68.77100516
19.1165,-4.212311244,-67.65923912
19.117,-4.218447167,-66.71423798
19.1175,-4.22458309,-65.91098701
19.118,-4.230719013,-65.22822368
19.1185,-4.233786975,-60.04593249
19.119,-4.239922898,-60.24292735
19.1195,-4.246058821,-60.41037297
19.12,-4.249126782,-55.95075939
19.1205,-4.255262706,-56.76203021
19.121,-4.258330667,-52.84966804
19.1215,-4.26446659,-54.12610256
19.122,-4.267534552,-50.60912954
19.1225,-4.270602513,-47.61970247
19.123,-4.276738437,-49.68063183
19.1235,-4.279806398,-46.83047942
19.124,-4.285942321,-49.00979223
19.1245,-4.289010283,-46.26026576
19.125,-4.292078245,-43.92316826
19.1255,-4.295146206,-41.93663539
19.126,-4.298214168,-40.24808244
19.1265,-4.304350091,-43.4147548
19.127,-4.307418052,-41.50448395
19.1275,-4.310486014,-39.88075372
19.128,-4.313553976,-38.50058302
19.1285,-4.316621937,-37.32743793
19.129,-4.319689899,-36.33026461
19.1295,-4.32275786,-35.48266728
19.13,-4.32275786,-30.16026719
19.1305,-4.325825822,-30.23816947
19.131,-4.328893783,-30.30438642
19.1315,-4.331961745,-30.36067082
19.132,-4.335029707,-30.40851256
19.1325,-4.338097668,-30.44917804
19.133,-4.34116563,-30.4837437
19.1335,-4.34116563,-25.91118214
19.134,-4.344233591,-26.62644718
19.1345,-4.347301553,-27.23442247
19.135,-4.347301553,-23.1492591
19.1355,-4.350369514,-24.2788126
19.136,-4.353437476,-25.23893307
19.1365,-4.353437476,-21.45309311
19.137,-4.356505438,-22.83707151
19.1375,-4.356505438,-19.41151078
19.138,-4.359573399,-21.10172653
19.1385,-4.359573399,-17.93646755
19.139,-4.362641361,-19.84793978
19.1395,-4.362641361,-16.87074881
19.14,-4.362641361,-14.34013649
19.1405,-4.365709322,-16.79105838
19.141,-4.365709322,-14.27239962
19.1415,-4.365709322,-12.13153968
19.142,-4.365709322,-10.31180873
19.1425,-4.368777284,-13.36697978
19.143,-4.368777284,-11.36193282
19.1435,-4.368777284,-9.657642893
19.144,-4.368777284,-8.208996459
19.1445,-4.368777284,-6.97764699
19.145,-4.368777284,-5.930999942
19.1455,-4.368777284,-5.04134995
19.146,-4.368777284,-4.285147458
19.1465,-4.368777284,-3.642375339
19.147,-4.368777284,-3.096019038
19.1475,-4.368777284,-2.631616183
19.148,-4.368777284,-2.236873755
19.1485,-4.368777284,-1.901342692
19.149,-4.368777284,-1.616141288
19.1495,-4.365709322,3.228222269
19.15,-4.365709322,2.743988928
19.1505,-4.365709322,2.332390589
19.151,-4.365709322,1.982532001
19.1515,-4.362641361,6.287094564
19.152,-4.362641361,5.34403038
19.1525,-4.359573399,9.144368186
19.153,-4.359573399,7.772712958
19.1535,-4.356505438,11.20874838
19.154,-4.356505438,9.527436122
19.1545,-4.353437476,12.70026307
19.155,-4.350369514,15.39716597
19.1555,-4.350369514,13.08759108
19.156,-4.347301553,15.72639478
19.1565,-4.344233591,17.96937792
19.157,-4.34116563,19.8759136
19.1575,-4.338097668,21.49646892
19.158,-4.335029707,22.87394095
19.1585,-4.331961745,24.04479217
19.159,-4.328893783,25.04001571
19.1595,-4.325825822,25.88595572
19.16,-4.319689899,31.20694709
19.1605,-4.316621937,31.12784739
19.161,-4.310486014,35.66255501
19.1615,-4.307418052,34.91511412
19.162,-4.304350091,34.27978936
19.1625,-4.298214168,38.34170569
19.163,-4.295146206,37.1923922
19.1635,-4.289010283,40.8174181
19.164,-4.28287436,43.89869011
19.1645,-4.279806398,41.91582896
19.165,-4.273670475,44.83233934
19.1655,-4.267534552,47.31137317
19.166,-4.26446659,44.81660955
19.1665,-4.258330667,47.29800285
19.167,-4.252194744,49.40718715
19.1675,-4.246058821,51.1999938
19.168,-4.239922898,52.72387946
19.1685,-4.233786975,54.01918227
19.169,-4.227651051,55.12018966
19.1695,-4.221515128,56.05604593
19.17,-4.215379205,56.85152377
19.1705,-4.209243282,57.52767993
19.171,-4.203107359,58.10241267
19.1715,-4.193903474,63.19287786
19.172,-4.187767551,62.91783091
19.1725,-4.181631628,62.684041
19.173,-4.175495705,62.48531958
19.1735,-4.16629182,66.91834873
19.174,-4.160155897,66.08448115
19.1745,-4.154019974,65.3756937
19.175,-4.144816089,69.37516674
19.1755,-4.138680166,68.17277646
19.176,-4.129476281,71.75268708
19.1765,-4.123340358,70.19366874
19.177,-4.114136473,73.47044552
19.1775,-4.104932588,76.25570579
19.178,-4.098796665,74.02123465
19.1785,-4.089592781,76.72387654
19.179,-4.083456857,74.41917979
19.1795,-4.074252973,77.06212991
19.18,-4.065049088,79.30863751
19.1805,-4.055845203,81.21816898
19.181,-4.046641318,82.84127072
19.1815,-4.040505395,79.61896484
19.182,-4.031301511,81.48194721
19.1825,-4.019029664,87.66742458
19.183,-4.00982578,88.32313798
19.1835,-4.000621895,88.88049438
19.184,-3.99141801,89.35424731
19.1845,-3.982214125,89.75693731
19.185,-3.973010241,90.0992238
19.1855,-3.963806356,90.39016732
19.186,-3.95153451,95.23941168
19.1865,-3.942330625,94.75932702
19.187,-3.93312674,94.35125506
19.1875,-3.923922855,94.00439389
19.188,-3.911651009,98.31150426
19.1885,-3.902447124,97.37060571
19.189,-3.89324324,96.57084195
19.1895,-3.880971393,100.4929851
19.19,-3.868699547,103.8268068
19.1905,-3.859495662,102.0586129
19.191,-3.844155854,109.7595328
19.1915,-3.83495197,107.1014299
19.192,-3.822680123,109.4439849
19.1925,-3.810408277,111.4351566
19.193,-3.795068469,117.7295949
19.1935,-3.782796623,118.4779252
19.194,-3.770524777,119.1140058
19.1945,-3.75825293,119.6546744
19.195,-3.742913122,124.7161851
19.1955,-3.730641276,124.4165268
19.196,-3.715301468,128.7637596
19.1965,-3.703029622,127.8569651
19.197,-3.687689814,131.6881321
19.1975,-3.672350006,134.9446241
19.198,-3.657010198,137.7126423
19.1985,-3.64167039,140.0654578
19.199,-3.626330583,142.065351
19.1995,-3.610990775,143.7652601
19.2,-3.595650967,145.2101829
19.2005,-3.580311159,146.4383673
19.201,-3.564971351,147.482324
19.2015,-3.549631543,148.3696872
19.202,-3.534291735,149.123946
19.2025,-3.515883966,154.3670083
19.203,-3.500544158,154.2216688
19.2035,-3.48520435,154.0981303
19.204,-3.469864542,153.9931226
19.2045,-3.454524734,153.903866
19.205,-3.439184926,153.8279979
19.2055,-3.420777157,158.3654524
19.206,-3.405437349,157.6203464
19.2065,-3.390097541,156.9870062
19.207,-3.374757733,156.4486671
19.2075,-3.359417925,155.9910789
19.208,-3.344078118,155.6021289
19.2085,-3.32873831,155.2715214
19.209,-3.316466463,150.3885626
19.2095,-3.301126656,150.83999
19.21,-3.285786848,151.2237033
19.2105,-3.27044704,151.5498597
19.211,-3.258175193,147.2251502
19.2115,-3.242835386,148.1510895
19.212,-3.227495578,148.9381379
19.2125,-3.215223731,145.0051866
19.213,-3.199883924,146.2641205
19.2135,-3.184544116,147.3342142
19.214,-3.172272269,143.6418515
19.2145,-3.156932461,145.1052856
19.215,-3.144660615,141.7472622
19.2155,-3.129320807,143.4948847
19.216,-3.117048961,140.3784215
19.2165,-3.104777115,137.7294277
19.217,-3.089437307,140.0797254
19.2175,-3.07716546,137.475536
19.218,-3.061825653,139.8639174
19.2185,-3.046485845,141.8940416
19.219,-3.034213998,139.0177048
19.2195,-3.018874191,141.1747609
19.22,-3.006602344,138.4063162
19.2205,-2.991262536,140.6550806
19.221,-2.97899069,137.964588
19.2215,-2.963650882,140.2796116
19.222,-2.951379036,137.6454393
19.2225,-2.936039228,140.0083352
19.223,-2.923767382,137.4148544
19.2235,-2.908427574,139.8123381
19.224,-2.896155728,137.2482568
19.2245,-2.883883881,135.0687877
19.225,-2.868544073,137.8181814
19.2255,-2.856272227,135.5532236
19.226,-2.840932419,138.2299519
19.2265,-2.828660573,135.9032286
19.227,-2.816388727,133.9255138
19.2275,-2.801048919,136.8463985
19.228,-2.788777072,134.7272082
19.2285,-2.773437264,137.5278388
19.229,-2.761165418,135.3064324
19.2295,-2.748893572,133.418237
19.23,-2.733553764,136.4152133
19.2305,-2.721281918,134.3607007
19.231,-2.709010071,132.6143651
19.2315,-2.693670264,135.7319221
19.232,-2.681398417,133.7799033
19.2325,-2.666058609,136.7226296
19.233,-2.653786763,134.6220046
19.2335,-2.641514917,132.8364734
19.234,-2.626175109,135.9207142
19.2345,-2.613903263,133.9403765
19.235,-2.598563455,136.8590319
19.2355,-2.586291608,134.7379465
19.236,-2.5709518,137.5369664
19.2365,-2.555611993,139.9161332
19.237,-2.543340146,137.3364827
19.2375,-2.528000338,139.7457221
19.238,-2.512660531,141.7935756
19.2385,-2.500388684,138.9323087
19.239,-2.485048876,141.1021742
19.2395,-2.469709068,142.9465599
19.24,-2.454369261,144.5142878
19.2405,-2.439029453,145.8468564
19.241,-2.423689645,146.9795398
19.2415,-2.405281875,152.544263
19.242,-2.389942068,152.6723354
19.2425,-2.37460226,152.7811969
19.243,-2.359262452,152.8737292
19.2435,-2.343922644,152.9523816
19.244,-2.328582836,153.0192362
19.2445,-2.313243028,153.0760626
19.245,-2.29790322,153.124365
19.2455,-2.282563412,153.1654221
19.246,-2.267223604,153.2003206
19.2465,-2.251883797,153.2299843
19.247,-2.236543989,153.2551985
19.2475,-2.221204181,153.2766305
19.248,-2.205864373,153.2948478
19.2485,-2.190524565,153.3103324
19.249,-2.178252719,148.721552
19.2495,-2.162912911,149.423031
19.25,-2.150641065,145.4173458
19.2505,-2.135301257,146.6144558
19.251,-2.12302941,143.0300569
19.2515,-2.110757564,139.9833178
19.252,-2.095417756,141.9955319
19.2525,-2.08314591,139.1039716
19.253,-2.070874064,136.6461453
19.2535,-2.058602217,134.556993
19.254,-2.046330371,132.7812135
19.2545,-2.034058525,131.2718009
19.255,-2.021786678,129.9888002
19.2555,-2.009514832,128.8982497
19.256,-1.997242986,127.9712817
19.2565,-1.98497114,127.1833589
19.257,-1.975767255,121.9116821
19.2575,-1.963495408,122.0326993
19.258,-1.951223562,122.1355638
19.2585,-1.942019677,117.6210563
19.259,-1.929747831,118.3856673
19.2595,-1.920543946,114.4336443
19.26,-1.9082721,115.6763671
19.2605,-1.899068215,112.1307392
19.261,-1.889864331,109.1169554
19.2615,-1.880660446,106.5552392
19.262,-1.871456561,104.3777804
19.2625,-1.862252676,102.5269404
19.263,-1.853048792,100.9537264
19.2635,-1.843844907,99.61649457
19.264,-1.834641022,98.47984747
19.2645,-1.825437138,97.51369744
19.265,-1.816233253,96.69246992
19.2655,-1.807029368,95.99442652
19.266,-1.797825483,95.40108963
19.2665,-1.79168956,90.29481092
19.267,-1.782485676,90.55641637
19.2675,-1.773281791,90.778781
19.268,-1.764077906,90.96779095
19.2685,-1.757941983,86.52650703
19.269,-1.748738098,87.35335807
19.2695,-1.739534213,88.05618145
19.27,-1.73339829,84.05163896
19.2705,-1.724194406,85.24972021
19.271,-1.714990521,86.26808927
19.2715,-1.708854598,82.5317606
19.272,-1.699650713,83.9578236
19.2725,-1.690446828,85.16997715
19.273,-1.684310905,81.59836531
19.2735,-1.67510702,83.1644376
19.274,-1.668971097,79.89365669
19.2745,-1.659767212,81.71543528
19.275,-1.653631289,78.66200471
19.2755,-1.644427405,80.6685311
19.276,-1.638291481,77.77213616
19.2765,-1.632155558,75.31020046
19.277,-1.622951674,77.81949748
19.2775,-1.61681575,75.35045759
19.278,-1.610679827,73.25177368
19.2785,-1.604543904,71.46789235
19.279,-1.598407981,69.95159323
19.2795,-1.592272058,68.66273897
19.28,-1.586136135,67.56721285
19.2805,-1.580000212,66.63601565
19.281,-1.573864288,65.84449803
19.2815,-1.567728365,65.17170805
19.282,-1.561592442,64.59983657
19.2825,-1.555456519,64.11374581
19.283,-1.549320596,63.70056867
19.2835,-1.543184673,63.3493681
19.284,-1.540116711,58.44890525
19.2845,-1.533980788,58.88545419
19.285,-1.527844865,59.25652079
19.2855,-1.524776903,54.96998503
19.286,-1.51864098,55.928372
19.2865,-1.515573018,52.14105857
19.287,-1.509437095,53.52378451
19.2875,-1.506369134,50.0971592
19.288,-1.500233211,51.78647004
19.2885,-1.497165249,48.6204419
19.289,-1.494097287,45.92931798
19.2895,-1.487961364,48.24380501
19.29,-1.484893403,45.60917662
19.2905,-1.481825441,43.36974249
19.291,-1.47875748,41.46622348
19.2915,-1.475689518,39.84823232
19.292,-1.469553595,43.0748822
19.2925,-1.469553595,36.61364987
19.293,-1.466485633,35.72354475
19.2935,-1.463417672,34.96695541
19.294,-1.46034971,34.32385446
19.2945,-1.457281748,33.77721865
19.295,-1.454213787,33.31257822
19.2955,-1.451145825,32.91763385
19.296,-1.451145825,27.97998877
19.2965,-1.448077864,28.38493282
19.297,-1.448077864,24.1271929
19.2975,-1.445009902,25.11005633
19.298,-1.441941941,25.94549024
19.2985,-1.441941941,22.0536667
19.299,-1.441941941,18.7456167
19.2995,-1.438873979,20.53571656
19.3,-1.438873979,17.45535907
19.3005,-1.438873979,14.83705521
19.301,-1.438873979,12.61149693
19.3015,-1.435806017,15.32171476
19.302,-1.435806017,13.02345754
19.3025,-1.435806017,11.06993891
19.303,-1.435806017,9.409448074
19.3035,-1.435806017,7.998030863
19.304,-1.435806017,6.798326233
19.3045,-1.435806017,5.778577298
19.305,-1.435806017,4.911790704
19.3055,-1.435806017,4.175022098
19.306,-1.435806017,3.548768783
19.3065,-1.435806017,3.016453466
19.307,-1.435806017,2.563985446
19.3075,-1.435806017,2.179387629
19.308,-1.438873979,-2.749462879
19.3085,-1.438873979,-2.337043447
19.309,-1.438873979,-1.98648693
19.3095,-1.441941941,-6.290456254
19.31,-1.441941941,-5.346887816
19.3105,-1.445009902,-9.146797007
19.311,-1.445009902,-7.774777456
19.3115,-1.448077864,-11.2105032
19.312,-1.451145825,-14.13087008
19.3125,-1.454213787,-16.61318194
19.313,-1.454213787,-14.12120465
19.3135,-1.457281748,-16.60496631
19.314,-1.46034971,-18.71616373
19.3145,-1.463417672,-20.51068153
19.315,-1.466485633,-22.03602167
19.3155,-1.469553595,-23.33256078
19.316,-1.472621556,-24.43461903
19.3165,-1.47875748,-29.9733109
19.317,-1.481825441,-30.07925663
19.3175,-1.484893403,-30.1693105
19.318,-1.491029326,-34.84779865
19.3185,-1.494097287,-34.22257122
19.319,-1.500233211,-38.29307026
19.3195,-1.503301172,-37.15105209
19.32,-1.506369134,-36.18033664
19.3205,-1.512505057,-39.95717087
19.321,-1.51864098,-43.16747997
19.3215,-1.521708942,-41.29430033
19.322,-1.527844865,-44.30404001
19.3225,-1.533980788,-46.86231874
19.323,-1.537048749,-44.43491329
19.3235,-1.543184673,-46.97356102
19.324,-1.549320596,-49.1314116
19.3245,-1.555456519,-50.96558459
19.325,-1.561592442,-52.52463162
19.3255,-1.567728365,-53.84982161
19.326,-1.573864288,-54.97623309
19.3265,-1.580000212,-55.93368286
19.327,-1.586136135,-56.74751516
19.3275,-1.592272058,-57.43927261
19.328,-1.598407981,-58.02726645
19.3285,-1.607611866,-63.12900357
19.329,-1.613747789,-62.86353776
19.3295,-1.619883712,-62.63789182
19.33,-1.629087597,-67.04803514
19.3305,-1.63522352,-66.1947146
19.331,-1.644427405,-70.0713345
19.3315,-1.650563328,-68.76451905
19.332,-1.659767212,-72.25566828
19.3325,-1.665903136,-70.62120277
19.333,-1.67510702,-73.83384945
19.3335,-1.684310905,-76.56459912
19.334,-1.690446828,-74.28379398
19.3345,-1.699650713,-76.94705197
19.335,-1.708854598,-79.21082127
19.3355,-1.714990521,-76.53308281
19.336,-1.724194406,-78.85894748
19.3365,-1.73339829,-80.83593244
19.337,-1.739534213,-77.91442731
19.3375,-1.748738098,-80.0330903
19.338,-1.757941983,-81.83395385
19.3385,-1.767145868,-83.36468786
19.339,-1.776349752,-84.66581177
19.3395,-1.785553637,-85.7717671
19.34,-1.794757522,-86.71182912
19.3405,-1.803961407,-87.51088185
19.341,-1.813165291,-88.19007666
19.3415,-1.822369176,-88.76739225
19.342,-1.831573061,-89.25811051
19.3425,-1.840776945,-89.67522102
19.343,-1.853048792,-94.63170732
19.3435,-1.862252676,-94.24277831
19.344,-1.871456561,-93.91218866
19.3445,-1.880660446,-93.63118745
19.345,-1.892932292,-97.99427879
19.3455,-1.902136177,-97.10096406
19.346,-1.911340062,-96.34164654
19.3465,-1.920543946,-95.69622665
19.347,-1.932815793,-99.74956211
19.3475,-1.942019677,-98.59295488
19.348,-1.951223562,-97.60983874
19.3485,-1.963495408,-101.3761324
19.349,-1.972699293,-99.97553962
19.3495,-1.981903178,-98.78503577
19.35,-1.994175024,-102.3750499
19.3505,-2.003378909,-100.8246195
19.351,-2.015650755,-104.108696
19.3515,-2.02485464,-102.2982187
19.352,-2.037126486,-105.3612553
19.3525,-2.049398333,-107.9648365
19.353,-2.058602217,-105.5759381
19.3535,-2.070874064,-108.1473169
19.354,-2.08314591,-110.3329888
19.3545,-2.092349795,-107.5888676
19.355,-2.104621641,-109.8583069
19.3555,-2.113825526,-107.1853879
19.356,-2.126097372,-109.5153492
19.3565,-2.138369218,-111.4958163
19.357,-2.150641065,-113.1792133
19.3575,-2.159844949,-110.0081584
19.358,-2.172116796,-111.9147041
19.3585,-2.184388642,-113.5352679
19.359,-2.196660488,-114.9127472
19.3595,-2.208932335,-116.0836046
19.36,-2.218136219,-112.476891
19.3605,-2.230408066,-114.0131268
19.361,-2.242679912,-115.3189272
19.3615,-2.254951758,-116.4288576
19.362,-2.270291566,-121.9742408
19.3625,-2.282563412,-122.0858741
19.363,-2.294835259,-122.1807624
19.3635,-2.307107105,-122.2614175
19.364,-2.319378951,-122.3299744
19.3645,-2.334718759,-126.99019
19.365,-2.346990605,-126.349431
19.3655,-2.359262452,-125.8047858
19.366,-2.371534298,-125.3418374
19.3665,-2.386874106,-129.5502736
19.367,-2.399145952,-128.525502
19.3675,-2.41448576,-132.2563885
19.368,-2.426757606,-130.8256997
19.3685,-2.442097414,-134.2115566
19.369,-2.454369261,-132.4875925
19.3695,-2.469709068,-135.6241655
19.37,-2.481980915,-133.6883101
19.3705,-2.497320723,-136.6447754
19.371,-2.509592569,-134.5558285
19.3715,-2.524932377,-137.3821661
19.372,-2.537204223,-135.1826106
19.3725,-2.552544031,-137.9149309
19.373,-2.567883839,-140.237403
19.3735,-2.580155685,-137.609562
19.374,-2.595495493,-139.9778396
19.3745,-2.607767339,-137.3889331
19.375,-2.623107147,-139.7903049
19.3755,-2.638446955,-141.831471
19.376,-2.650718801,-138.9645198
19.3765,-2.666058609,-141.1295537
19.377,-2.678330456,-138.3678901
19.3775,-2.693670264,-140.6224184
19.378,-2.709010071,-142.5387674
19.3785,-2.721281918,-139.5657218
19.379,-2.733553764,-137.038633
19.3795,-2.748893572,-139.4925498
19.38,-2.761165418,-136.9764368
19.3805,-2.773437264,-134.8377407
19.381,-2.788777072,-137.6217915
19.3815,-2.801048919,-135.3862922
19.382,-2.816388727,-138.0880602
19.3825,-2.828660573,-135.7826206
19.383,-2.840932419,-133.822997
19.3835,-2.856272227,-136.7592592
19.384,-2.868544073,-134.6531398
19.3845,-2.88081592,-132.8629383
19.385,-2.893087766,-131.341267
19.3855,-2.908427574,-134.6497888
19.386,-2.92069942,-132.8600899
19.3865,-2.932971266,-131.3388459
19.387,-2.945243113,-130.0457885
19.3875,-2.957514959,-128.9466896
19.388,-2.969786805,-128.0124556
19.3885,-2.985126613,-131.8202991
19.389,-2.99739846,-130.4550237
19.3895,-3.009670306,-129.2945396
19.39,-3.021942152,-128.3081281
19.3905,-3.034213998,-127.4696784
19.391,-3.046485845,-126.7569961
19.3915,-3.058757691,-126.1512161
19.392,-3.071029537,-125.6363031
19.3925,-3.083301384,-125.1986271
19.393,-3.09557323,-124.8266025
19.3935,-3.107845076,-124.5103816
19.394,-3.120116923,-124.2415938
19.3945,-3.132388769,-124.0131242
19.395,-3.141592654,-119.2169827
19.3955,-3.1538645,-119.7422047
19.396,-3.166136346,-120.1886435
19.3965,-3.175340231,-115.966174
19.397,-3.187612077,-116.9790174
19.3975,-3.199883924,-117.8399342
19.398,-3.209087808,-113.9697712
19.3985,-3.221359655,-115.282075
19.399,-3.230563539,-111.7955908
19.3995,-3.242835386,-113.4340216
19.4,-3.255107232,-114.8266878
19.4005,-3.264311117,-111.4085118
19.401,-3.276582963,-113.1050045
19.4015,-3.285786848,-109.9450809
19.402,-3.294990732,-107.2591458
19.4025,-3.307262579,-109.5780434
19.403,-3.316466463,-106.947164
19.4035,-3.325670348,-104.7109165
19.404,-3.337942194,-107.4120485
19.4045,-3.347146079,-105.1060683
19.405,-3.356349964,-103.1459851
19.4055,-3.365553849,-101.4799145
19.406,-3.377825695,-104.6656967
19.4065,-3.38702958,-102.7716693
19.407,-3.399301426,-105.7636884
19.4075,-3.408505311,-103.7049622
19.408,-3.417709195,-101.955045
19.4085,-3.429981042,-105.0695577
19.409,-3.439184926,-103.1149511
19.4095,-3.448388811,-101.4535355
19.41,-3.457592696,-100.0413323
19.4105,-3.469864542,-103.4429019
19.411,-3.479068427,-101.7322937
19.4115,-3.488272312,-100.2782767
19.412,-3.500544158,-103.6443047
19.4125,-3.509748043,-101.9034861
19.413,-3.518951927,-100.4237903
19.4135,-3.531223774,-103.7679912
19.414,-3.540427658,-102.0086196
19.4145,-3.549631543,-100.5131537
19.415,-3.558835428,-99.24200777
19.4155,-3.571107274,-102.7634761
19.416,-3.580311159,-101.1547817
19.4165,-3.589515044,-99.78739157
19.417,-3.60178689,-103.2270523
19.4175,-3.610990775,-101.5488215
19.418,-3.620194659,-100.1223254
19.4185,-3.629398544,-98.90980368
19.419,-3.64167039,-102.4811026
19.4195,-3.650874275,-100.9147643
19.42,-3.66007816,-99.58337673
19.4205,-3.669282045,-98.45169731
19.421,-3.681553891,-102.0917122
19.4215,-3.690757776,-100.5837824
19.422,-3.69996166,-99.30204216
19.4225,-3.709165545,-98.21256293
19.423,-3.71836943,-97.28650558
19.4235,-3.727573315,-96.49935683
19.424,-3.736777199,-95.8302804
19.4245,-3.745981084,-95.26156543
19.425,-3.755184969,-94.77815771
19.4255,-3.764388853,-94.36726114
19.426,-3.773592738,-94.01799906
19.4265,-3.782796623,-93.72112629
19.427,-3.792000508,-93.46878444
19.4275,-3.798136431,-88.6523515
19.428,-3.807340316,-89.16032587
19.4285,-3.8165442,-89.59210408
19.429,-3.822680123,-85.35717319
19.4295,-3.831884008,-86.35942431
19.43,-3.838019931,-82.60939539
19.4305,-3.847223816,-84.02381317
19.431,-3.853359739,-80.62412592
19.4315,-3.862563624,-82.33633412
19.432,-3.868699547,-79.18976873
19.4325,-3.877903432,-81.11713051
19.433,-3.884039355,-78.15344566
19.4335,-3.890175278,-75.63431354
19.434,-3.896311201,-73.49305124
19.4345,-3.905515086,-76.27492064
19.435,-3.908583048,-69.43562491
19.4355,-3.914718971,-68.2241659
19.436,-3.920854894,-67.19442574
19.4365,-3.926990817,-66.31914661
19.437,-3.93312674,-65.57515935
19.4375,-3.939262663,-64.94277017
19.438,-3.945398586,-64.40523937
19.4385,-3.948466548,-59.34639583
19.439,-3.954602471,-59.64832118
19.4395,-3.960738394,-59.90495773
19.44,-3.963806356,-55.52115644
19.4405,-3.969942279,-56.3968677
19.441,-3.973010241,-52.53927991
19.4415,-3.979146164,-53.86227265
19.442,-3.982214125,-50.38487411
19.4425,-3.988350049,-52.03102772
19.443,-3.99141801,-48.82831593
19.4435,-3.994485972,-46.1060109
19.444,-3.997553933,-43.79205163
19.4445,-4.000621895,-41.82518625
19.445,-4.006757818,-44.75529304
19.4455,-4.00982578,-42.64394145
19.446,-4.012893741,-40.84929259
19.4465,-4.015961703,-39.32384107
19.447,-4.015961703,-33.42526491
19.4475,-4.019029664,-33.01341754
19.448,-4.022097626,-32.66334727
19.4485,-4.025165587,-32.36578754
19.449,-4.028233549,-32.11286177
19.4495,-4.028233549,-27.29593251
19.45,-4.031301511,-27.803485
19.4505,-4.034369472,-28.23490461
19.451,-4.034369472,-23.99966892
19.4515,-4.037437434,-25.00166094
19.452,-4.037437434,-21.2514118
19.4525,-4.037437434,-18.06370003
19.453,-4.037437434,-15.35414503
19.4535,-4.040505395,-17.65296564
19.454,-4.040505395,-15.00502079
19.4545,-4.040505395,-12.75426767
19.455,-4.040505395,-10.84112752
19.4555,-4.040505395,-9.214958394
19.456,-4.043573357,-12.434657
19.4565,-4.043573357,-10.56945845
19.457,-4.043573357,-8.984039681
19.4575,-4.043573357,-7.636433729
19.458,-4.043573357,-6.49096867
19.4585,-4.043573357,-5.517323369
19.459,-4.043573357,-4.689724864
19.4595,-4.043573357,-3.986266134
19.46,-4.043573357,-3.388326214
19.4605,-4.040505395,1.721865082
19.461,-4.040505395,1.463585319
19.4615,-4.040505395,1.244047521
19.462,-4.040505395,1.057440393
19.4625,-4.040505395,0.898824334
19.463,-4.037437434,5.365943048
19.4635,-4.037437434,4.561051591
19.464,-4.034369472,8.478836216
19.4645,-4.034369472,7.207010783
19.465,-4.034369472,6.125959166
19.4655,-4.031301511,9.809007655
19.466,-4.031301511,8.337656506
19.4665,-4.028233549,11.68895039
19.467,-4.028233549,9.935607835
19.4675,-4.025165587,13.04720902
19.468,-4.025165587,11.09012767
19.4685,-4.022097626,14.02855088
19.469,-4.019029664,16.52621061
19.4695,-4.015961703,18.64922139
19.47,-4.015961703,15.85183818
19.4705,-4.012893741,18.07600481
19.471,-4.00982578,19.96654646
19.4715,-4.006757818,21.57350685
19.472,-4.003689856,22.93942319
19.4725,-4.000621895,24.10045207
19.473,-3.997553933,25.08732663
19.4735,-3.99141801,30.52811236
19.474,-3.988350049,30.55083787
19.4745,-3.985282087,30.57015455
19.475,-3.979146164,35.1885161
19.4755,-3.976078202,34.51218105
19.476,-3.969942279,38.53923862
19.4765,-3.966874317,37.36029519
19.477,-3.963806356,36.35819327
19.4775,-3.957670433,40.10834901
19.478,-3.95153451,43.29598139
19.4785,-3.948466548,41.40352654
19.479,-3.942330625,44.39688229
19.4795,-3.936194702,46.94123467
19.48,-3.930058779,49.1039342
19.4805,-3.926990817,46.34028643
19.481,-3.920854894,48.59312819
19.4815,-3.914718971,50.50804369
19.482,-3.908583048,52.13572187
19.4825,-3.902447124,53.51924831
19.483,-3.896311201,54.69524579
19.4835,-3.890175278,55.69484365
19.484,-3.884039355,56.54450183
19.4845,-3.87483547,61.86865365
19.485,-3.868699547,61.79224033
19.4855,-3.862563624,61.72728901
19.486,-3.853359739,66.27402275
19.4865,-3.847223816,65.53680406
19.487,-3.838019931,69.51211054
19.4875,-3.831884008,68.28917869
19.488,-3.822680123,71.85162898
19.4885,-3.813476239,74.87971172
19.489,-3.807340316,72.85163969
19.4895,-3.798136431,75.72972083
19.49,-3.788932546,78.17608979
19.4905,-3.779728661,80.25550342
19.491,-3.770524777,82.02300499
19.4915,-3.764388853,78.92343897
19.492,-3.755184969,80.89075022
19.4925,-3.745981084,82.56296478
19.493,-3.736777199,83.98434715
19.4935,-3.727573315,85.19252217
19.494,-3.71836943,86.21947093
19.4945,-3.709165545,87.09237739
19.495,-3.69996166,87.83434787
19.4955,-3.687689814,93.06696514
19.496,-3.678485929,92.91274746
19.4965,-3.669282045,92.78166243
19.497,-3.66007816,92.67024016
19.4975,-3.650874275,92.57553123
19.498,-3.638602429,97.096971
19.4985,-3.629398544,96.33825244
19.499,-3.617126698,100.295284
19.4995,-3.607922813,99.05681851
19.5,-3.598718928,98.00412283
19.5005,-3.586447082,101.7112739
19.501,-3.577243197,100.2604099
19.5015,-3.564971351,103.6291178
19.502,-3.555767466,101.8905773
19.5025,-3.54349562,105.0147601
19.503,-3.531223774,107.6703156
19.5035,-3.522019889,105.3255953
19.504,-3.509748043,107.9345255
19.5045,-3.500544158,105.5501737
19.505,-3.488272312,108.1254171
19.5055,-3.476000465,110.314374
19.506,-3.466796581,107.573045
19.5065,-3.454524734,109.8448577
19.507,-3.442252888,111.7758985
19.5075,-3.433049003,108.8153408
19.508,-3.420777157,110.9008092
19.5085,-3.408505311,112.6734572
19.509,-3.399301426,109.5782657
19.5095,-3.38702958,111.5492953
19.51,-3.377825695,108.6227281
19.5105,-3.365553849,110.7370884
19.511,-3.353282002,112.5342946
19.5115,-3.344078118,109.4599775
19.512,-3.331806271,111.4487503
19.5125,-3.322602387,108.5372648
19.513,-3.31033054,110.6644446
19.5135,-3.301126656,107.870605
19.514,-3.288854809,110.0977837
19.5145,-3.279650924,107.3889432
19.515,-3.267379078,109.6883712
19.5155,-3.258175193,107.0409426
19.516,-3.245903347,109.3925707
19.5165,-3.236699462,106.7895122
19.517,-3.224427616,109.1788548
19.5175,-3.215223731,106.6078537
19.518,-3.202951885,109.0244451
19.5185,-3.193748,106.4766054
19.519,-3.184544116,104.3109417
19.5195,-3.172272269,107.0720699
19.52,-3.163068385,104.8170865
19.5205,-3.1538645,102.9003506
19.521,-3.141592654,105.8730675
19.5215,-3.132388769,103.7979344
19.522,-3.123184884,102.0340714
19.5225,-3.110913038,105.1367301
19.523,-3.101709153,103.1720477
19.5235,-3.092505268,101.5020676
19.524,-3.083301384,100.0825846
19.5245,-3.071029537,103.4779663
19.525,-3.061825653,101.7620985
19.5255,-3.049553806,104.9055532
19.526,-3.040349922,102.9755473
19.5265,-3.031146037,101.3350423
19.527,-3.018874191,104.5425554
19.5275,-3.009670306,102.6669992
19.528,-2.99739846,105.6747188
19.5285,-2.988194575,103.629338
19.529,-2.97899069,101.8907644
19.5295,-2.969786805,100.4129768
19.53,-2.957514959,103.7587998
19.5305,-2.948311074,102.0008069
19.531,-2.93910719,100.506513
19.5315,-2.926835343,103.8383055
19.532,-2.917631459,102.0683867
19.5325,-2.908427574,100.5639558
19.533,-2.896155728,103.8871319
19.5335,-2.886951843,102.1098892
19.534,-2.877747958,100.5992329
19.5345,-2.868544073,99.31517507
19.535,-2.856272227,102.8256683
19.5355,-2.847068342,101.2076451
19.536,-2.834796496,104.4342678
19.5365,-2.825592611,102.5749547
19.537,-2.816388727,100.9945386
19.5375,-2.80411688,104.2531273
19.538,-2.794912996,102.4209853
19.5385,-2.785709111,100.8636646
19.539,-2.773437264,104.1418843
19.5395,-2.76423338,102.3264288
19.54,-2.755029495,100.7832916
19.5405,-2.742757649,104.0735673
19.541,-2.733553764,102.2683593
19.5415,-2.724349879,100.7339325
19.542,-2.712078033,104.0316121
19.5425,-2.702874148,102.2326973
19.543,-2.693670264,100.7036198
19.5435,-2.681398417,104.0058463
19.544,-2.672194532,102.2107965
19.5445,-2.662990648,100.6850041
19.545,-2.650718801,103.9900229
19.5455,-2.641514917,102.1973466
19.546,-2.632311032,100.6735717
19.5465,-2.620039186,103.9803054
19.547,-2.610835301,102.1890867
19.5475,-2.601631416,100.6665508
19.548,-2.592427532,99.37239523
19.5485,-2.583223647,98.27236304
19.549,-2.5709518,101.939278
19.5495,-2.561747916,100.4542134
19.55,-2.552544031,99.1919085
19.5505,-2.543340146,98.11894932
19.551,-2.534136262,97.20693401
19.5515,-2.524932377,96.431721
19.552,-2.515728492,95.77278994
19.5525,-2.506524607,95.21269854
19.553,-2.497320723,94.73662085
19.5535,-2.488116838,94.33195481
19.554,-2.478912953,93.98798868
19.5545,-2.469709068,93.69561747
19.555,-2.460505184,93.44710194
19.5555,-2.451301299,93.23586374
19.556,-2.442097414,93.05631127
19.5565,-2.43289353,92.90369167
19.557,-2.423689645,92.77396501
19.5575,-2.41448576,92.66369735
19.558,-2.408349837,87.96802748
19.5585,-2.399145952,88.57865045
19.559,-2.389942068,89.09767997
19.5595,-2.380738183,89.53885506
19.56,-2.37460226,85.31191153
19.5605,-2.365398375,86.32095189
19.561,-2.359262452,82.57669384
19.5615,-2.350058567,83.99601685
19.562,-2.343922644,80.60049905
19.5625,-2.334718759,82.31625128
19.563,-2.328582836,79.17269832
19.5635,-2.319378951,81.10262066
19.564,-2.313243028,78.14111229
19.5645,-2.307107105,75.62383017
19.565,-2.29790322,78.08608274
19.5655,-2.291767297,75.57705506
19.566,-2.285631374,73.44438152
19.5665,-2.279495451,71.63160902
19.567,-2.270291566,74.69269476
19.5675,-2.264155643,72.69267527
19.568,-2.25801972,70.99265871
19.5685,-2.251883797,69.54764463
19.569,-2.245747873,68.31938266
19.5695,-2.23961195,67.27535999
19.57,-2.233476027,66.38794072
19.5705,-2.230408066,61.03169198
19.571,-2.224272142,61.08082291
19.5715,-2.218136219,61.1225842
19.572,-2.212000296,61.1580813
19.5725,-2.208932335,56.58631146
19.573,-2.202796411,57.30224947
19.5735,-2.19972845,53.30885442
19.574,-2.193592527,54.51641098
19.5745,-2.190524565,50.9408917
19.575,-2.184388642,52.50364267
19.5755,-2.18132068,49.23003863
19.576,-2.175184757,51.04941757
19.5765,-2.172116796,47.99394729
19.577,-2.169048834,45.39679756
19.5775,-2.165980872,43.18922029
19.578,-2.162912911,41.31277961
19.5785,-2.156776988,44.3197474
19.579,-2.153709026,42.27372765
19.5795,-2.150641065,40.53461087
19.58,-2.147573103,39.0563616
19.5805,-2.144505141,37.79984972
19.581,-2.14143718,36.73181463
19.5815,-2.138369218,35.8239848
19.582,-2.135301257,35.05232944
19.5825,-2.135301257,29.79448003
19.583,-2.132233295,29.92725039
19.5835,-2.129165334,30.04010519
19.584,-2.126097372,30.13603178
19.5845,-2.12302941,30.21756937
19.585,-2.12302941,25.68493397
19.5855,-2.119961449,26.43413624
19.586,-2.116893487,27.07095816
19.5865,-2.116893487,23.01031444
19.587,-2.113825526,24.16070964
19.5875,-2.113825526,20.53660319
19.588,-2.110757564,22.05805508
19.5885,-2.110757564,18.74934682
19.589,-2.107689603,20.53888716
19.5895,-2.107689603,17.45805408
19.59,-2.107689603,14.83934597
19.5905,-2.104621641,17.21538644
19.591,-2.104621641,14.63307847
19.5915,-2.104621641,12.4381167
19.592,-2.104621641,10.5723992
19.5925,-2.101553679,13.58848168
19.593,-2.101553679,11.55020943
19.5935,-2.101553679,9.817678014
19.594,-2.101553679,8.345026312
19.5945,-2.101553679,7.093272365
19.595,-2.101553679,6.029281511
19.5955,-2.101553679,5.124889284
19.596,-2.101553679,4.356155891
19.5965,-2.101553679,3.702732508
19.597,-2.101553679,3.147322632
19.5975,-2.101553679,2.675224237
19.598,-2.101553679,2.273940601
19.5985,-2.101553679,1.932849511
19.599,-2.101553679,1.642922084
19.5995,-2.104621641,-3.205458592
19.6,-2.104621641,-2.724639803
19.6005,-2.104621641,-2.315943833
19.601,-2.104621641,-1.968552258
19.6015,-2.107689603,-6.275211783
19.602,-2.107689603,-5.333930015
19.6025,-2.107689603,-4.533840513
19.603,-2.110757564,-8.4557068
19.6035,-2.110757564,-7.18735078
19.604,-2.113825526,-10.71119053
19.6045,-2.113825526,-9.104511947
19.605,-2.116893487,-12.34077752
19.6055,-2.119961449,-15.09160325
19.606,-2.119961449,-12.82786277
19.6065,-2.12302941,-15.50562572
19.607,-2.126097372,-17.78172422
19.6075,-2.129165334,-19.71640795
19.608,-2.132233295,-21.36088912
19.6085,-2.132233295,-18.15675575
19.609,-2.135301257,-20.03518475
19.6095,-2.138369218,-21.63184941
19.61,-2.14143718,-22.98901436
19.6105,-2.144505141,-24.14260457
19.611,-2.147573103,-25.12315625
19.6115,-2.150641065,-25.95662517
19.612,-2.156776988,-31.26701612
19.6125,-2.159844949,-31.17890607
19.613,-2.162912911,-31.10401252
19.6135,-2.165980872,-31.04035301
19.614,-2.172116796,-35.58818478
19.6145,-2.175184757,-34.85189943
19.615,-2.18132068,-38.82799924
19.6155,-2.184388642,-37.60574172
19.616,-2.187456604,-36.56682283
19.6165,-2.193592527,-40.28568413
19.617,-2.196660488,-38.84477387
19.6175,-2.202796411,-42.22194252
19.618,-2.205864373,-40.49059351
19.6185,-2.212000296,-43.62088921
19.619,-2.218136219,-46.28164055
19.6195,-2.221204181,-43.94133683
19.62,-2.227340104,-46.55402104
19.6205,-2.233476027,-48.77480261
19.621,-2.23961195,-50.66246694
19.6215,-2.245747873,-52.26698163
19.622,-2.251883797,-53.63081911
19.6225,-2.25801972,-54.79008097
19.623,-2.264155643,-55.77545355
19.6235,-2.270291566,-56.61302025
19.624,-2.276427489,-57.32495194
19.6245,-2.282563412,-57.93009388
19.625,-2.288699336,-58.44446452
19.6255,-2.294835259,-58.88167957
19.626,-2.300971182,-59.25331236
19.6265,-2.307107105,-59.56920024
19.627,-2.31631099,-64.43964729
19.6275,-2.322446913,-63.97758492
19.628,-2.328582836,-63.58483191
19.6285,-2.337786721,-67.85293422
19.629,-2.343922644,-66.87887881
19.6295,-2.353126529,-70.65287408
19.63,-2.359262452,-69.2588277
19.6305,-2.368466336,-72.67583063
19.631,-2.377670221,-75.58028313
19.6315,-2.383806144,-73.44712539
19.632,-2.393010029,-76.23588367
19.6325,-2.399145952,-74.00438585
19.633,-2.408349837,-76.70955506
19.6335,-2.417553722,-79.00894889
19.634,-2.426757606,-80.96343365
19.6345,-2.435961491,-82.62474569
19.635,-2.445165376,-84.03686093
19.6355,-2.454369261,-85.23715888
19.636,-2.463573145,-86.25741214
19.6365,-2.47277703,-87.12462741
19.637,-2.481980915,-87.86176039
19.6375,-2.4911848,-88.48832342
19.638,-2.500388684,-89.020902
19.6385,-2.509592569,-89.47359379
19.639,-2.518796454,-89.85838181
19.6395,-2.528000338,-90.18545163
19.64,-2.540272185,-95.06540334
19.6405,-2.549476069,-94.61141993
19.641,-2.558679954,-94.22553403
19.6415,-2.567883839,-93.89753102
19.642,-2.580155685,-98.22067082
19.6425,-2.58935957,-97.29339729
19.643,-2.601631416,-101.1071571
19.6435,-2.610835301,-99.74691067
19.644,-2.623107147,-103.1926435
19.6445,-2.632311032,-101.5195741
19.645,-2.644582878,-104.6994074
19.6455,-2.656854725,-107.4022658
19.646,-2.666058609,-105.097753
19.6465,-2.678330456,-107.7408595
19.647,-2.690602302,-109.9875
19.6475,-2.699806187,-107.2952021
19.648,-2.712078033,-109.6086913
19.6485,-2.724349879,-111.575157
19.649,-2.736621726,-113.2466529
19.6495,-2.74582561,-110.0654821
19.65,-2.758097457,-111.9634292
19.6505,-2.770369303,-113.5766843
19.651,-2.782641149,-114.9479511
19.6515,-2.794912996,-116.1135279
19.652,-2.807184842,-117.1042682
19.6525,-2.819456688,-117.9463974
19.653,-2.831728534,-118.6622072
19.6535,-2.844000381,-119.2706456
19.654,-2.856272227,-119.7878182
19.6545,-2.868544073,-120.2274149
19.655,-2.88081592,-120.6010722
19.6555,-2.893087766,-120.9186808
19.656,-2.905359612,-121.1886481
19.6565,-2.917631459,-121.4181204
19.657,-2.929903305,-121.6131718
19.6575,-2.942175151,-121.7789655
19.658,-2.954446997,-121.9198901
19.6585,-2.966718844,-122.039676
19.659,-2.97899069,-122.1414941
19.6595,-2.994330498,-126.8299818
19.66,-3.006602344,-126.213254
19.6605,-3.018874191,-125.6890353
19.661,-3.031146037,-125.2434495
19.6615,-3.043417883,-124.8647015
19.662,-3.055689729,-124.5427657
19.6625,-3.067961576,-124.2691203
19.663,-3.080233422,-124.0365217
19.6635,-3.092505268,-123.8388129
19.664,-3.104777115,-123.6707604
19.6645,-3.117048961,-123.5279158
19.665,-3.129320807,-123.4064979
19.6655,-3.141592654,-123.3032927
19.666,-3.1538645,-123.2155682
19.6665,-3.166136346,-123.1410025
19.667,-3.178408192,-123.0776215
19.6675,-3.190680039,-123.0237478
19.668,-3.199883924,-118.3760127
19.6685,-3.21215577,-119.0273802
19.669,-3.224427616,-119.5810427
19.6695,-3.236699462,-120.0516557
19.67,-3.248971309,-120.4516768
19.6705,-3.261243155,-120.7916947
19.671,-3.273515001,-121.08071
19.6715,-3.282718886,-116.7244306
19.672,-3.294990732,-117.6235354
19.6725,-3.307262579,-118.3877746
19.673,-3.319534425,-119.0373779
19.6735,-3.32873831,-114.9875983
19.674,-3.341010156,-116.147228
19.6745,-3.353282002,-117.1329132
19.675,-3.362485887,-113.3688033
19.6755,-3.374757733,-114.7712523
19.676,-3.383961618,-111.3613915
19.6765,-3.396233464,-113.0649523
19.677,-3.408505311,-114.5129789
19.6775,-3.417709195,-111.1418591
19.678,-3.429981042,-112.8783497
19.6785,-3.442252888,-114.3543667
19.679,-3.454524734,-115.6089812
19.6795,-3.463728619,-112.0734611
19.68,-3.476000465,-113.6702114
19.6805,-3.488272312,-115.0274491
19.681,-3.497476196,-111.5791588
19.6815,-3.509748043,-113.2500545
19.682,-3.522019889,-114.6703158
19.6825,-3.531223774,-111.2755955
19.683,-3.54349562,-112.9920256
19.6835,-3.552699505,-109.8490489
19.684,-3.564971351,-111.779461
19.6845,-3.577243197,-113.4203113
19.685,-3.589515044,-114.8150341
19.6855,-3.598718928,-111.398606
19.686,-3.610990775,-113.0965846
19.6865,-3.623262621,-114.5398664
19.687,-3.632466506,-111.1647135
19.6875,-3.644738352,-112.8977759
19.688,-3.657010198,-114.370879
19.6885,-3.669282045,-115.6230166
19.689,-3.681553891,-116.6873336
19.6895,-3.693825737,-117.592003
19.69,-3.706097584,-118.360972
19.6905,-3.715301468,-114.4126533
19.691,-3.727573315,-115.6585247
19.6915,-3.739845161,-116.7175155
19.692,-3.752117007,-117.6176576
19.6925,-3.764388853,-118.3827784
19.693,-3.7766607,-119.0331311
19.6935,-3.788932546,-119.5859309
19.694,-3.801204392,-120.0558107
19.6945,-3.813476239,-120.4552086
19.695,-3.825748085,-120.7946967
19.6955,-3.838019931,-121.0832617
19.696,-3.850291778,-121.3285419
19.6965,-3.862563624,-121.5370301
19.697,-3.87483547,-121.714245
19.6975,-3.887107317,-121.8648777
19.698,-3.899379163,-121.9929155
19.6985,-3.908583048,-117.4998053
19.699,-3.920854894,-118.2826039
19.6995,-3.93312674,-118.9479828
19.7,-3.945398586,-119.5135548
19.7005,-3.954602471,-115.3923487
19.701,-3.966874317,-116.4912658
19.7015,-3.979146164,-117.4253454
19.702,-3.988350049,-113.6173707
19.7025,-4.000621895,-114.9825346
19.703,-4.00982578,-111.5409815
19.7035,-4.022097626,-113.2176037
19.704,-4.034369472,-114.6427326
19.7045,-4.043573357,-111.2521498
19.705,-4.052777242,-108.3701544
19.7055,-4.061981126,-105.9204583
19.706,-4.074252973,-108.440159
19.7065,-4.083456857,-105.9799623
19.707,-4.092660742,-103.888795
19.7075,-4.101864627,-102.1113029
19.708,-4.111068512,-100.6004345
19.7085,-4.120272396,-99.31619644
19.709,-4.126408319,-93.6226517
19.7095,-4.135612204,-93.38508104
19.71,-4.144816089,-93.18314597
19.7105,-4.150952012,-88.4095588
19.711,-4.160155897,-88.95395207
19.7115,-4.169359781,-89.41668635
19.712,-4.175495705,-85.20806813
19.7125,-4.184699589,-86.232685
19.713,-4.190835513,-82.50166698
19.7135,-4.200039397,-83.93224402
19.714,-4.20617532,-80.54629215
19.7145,-4.212311244,-77.66823305
19.715,-4.218447167,-75.22188282
19.7155,-4.22458309,-73.14248513
19.716,-4.233786975,-75.97693945
19.7165,-4.239922898,-73.78428326
19.717,-4.246058821,-71.9205255
19.7175,-4.252194744,-70.3363314
19.718,-4.258330667,-68.98976642
19.7185,-4.26446659,-67.84518618
19.719,-4.270602513,-66.87229298
19.7195,-4.276738437,-66.04533376
19.72,-4.279806398,-60.74047606
19.7205,-4.285942321,-60.83328938
19.721,-4.292078245,-60.9121807
19.7215,-4.298214168,-60.97923832
19.722,-4.301282129,-56.43429494
19.7225,-4.307418052,-57.17303542
19.723,-4.310486014,-53.19902247
19.7235,-4.316621937,-54.42305383
19.724,-4.32275786,-55.46348048
19.7245,-4.325825822,-51.74590077
19.725,-4.331961745,-53.18790039
19.7255,-4.335029707,-49.81165769
19.726,-4.338097668,-46.9418514
19.7265,-4.344233591,-49.10445842
19.727,-4.347301553,-46.34073202
19.7275,-4.353437476,-48.59350694
19.728,-4.356505438,-45.90642327
19.7285,-4.359573399,-43.62240214
19.729,-4.362641361,-41.68098418
19.7295,-4.368777284,-44.63272128
19.73,-4.371845245,-42.53975545
19.7305,-4.374913207,-40.7607345
19.731,-4.377981169,-39.24856669
19.7315,-4.38104913,-37.96322405
19.732,-4.384117092,-36.8706828
19.7325,-4.387185053,-35.94202275
19.733,-4.390253015,-35.1526617
19.7335,-4.393320977,-34.48170481
19.734,-4.393320977,-29.30944909
19.7345,-4.396388938,-29.51497409
19.735,-4.3994569,-29.68967034
19.7355,-4.402524861,-29.83816215
19.736,-4.405592823,-29.96438019
19.7365,-4.405592823,-25.46972316
19.737,-4.408660784,-26.25120705
19.7375,-4.408660784,-22.31352599
19.738,-4.411728746,-23.56843946
19.7385,-4.411728746,-20.03317354
19.739,-4.414796708,-21.63013987
19.7395,-4.414796708,-18.38561889
19.74,-4.414796708,-15.62777606
19.7405,-4.417864669,-17.88555201
19.741,-4.417864669,-15.20271921
19.7415,-4.417864669,-12.92231133
19.742,-4.417864669,-10.98396463
19.7425,-4.420932631,-13.9383123
19.743,-4.420932631,-11.84756545
19.7435,-4.420932631,-10.07043064
19.744,-4.420932631,-8.559866041
19.7445,-4.420932631,-7.275886135
19.745,-4.420932631,-6.184503214
19.7455,-4.420932631,-5.256827732
19.746,-4.420932631,-4.468303572
19.7465,-4.420932631,-3.798058037
19.747,-4.420932631,-3.228349331
19.7475,-4.420932631,-2.744096931
19.748,-4.420932631,-2.332482392
19.7485,-4.420932631,-1.982610033
19.749,-4.420932631,-1.685218528
19.7495,-4.417864669,3.169506615
19.75,-4.417864669,2.694080623
19.7505,-4.417864669,2.289968529
19.751,-4.417864669,1.94647325
19.7515,-4.414796708,6.256444626
19.752,-4.414796708,5.317977932
19.7525,-4.414796708,4.520281242
19.753,-4.411728746,8.44418142
19.7535,-4.411728746,7.177554207
19.754,-4.411728746,6.100921076
19.7545,-4.408660784,9.787725278
19.755,-4.405592823,12.92150885
19.7555,-4.405592823,10.98328252
19.756,-4.402524861,13.93773251
19.7565,-4.402524861,11.84707263
19.757,-4.3994569,14.6719541
19.7575,-4.396388938,17.07310335
19.758,-4.393320977,19.11408021
19.7585,-4.390253015,20.84891054
19.759,-4.387185053,22.32351632
19.7595,-4.387185053,18.97498888
19.76,-4.38104913,25.33262527
19.7605,-4.377981169,26.13467384
19.761,-4.374913207,26.81641513
19.7615,-4.371845245,27.39589523
19.762,-4.368777284,27.88845331
19.7625,-4.362641361,32.90907004
19.763,-4.359573399,32.5746519
19.7635,-4.356505438,32.29039647
19.764,-4.350369514,36.65072173
19.7645,-4.347301553,35.75505583
19.765,-4.34116563,39.59568219
19.7655,-4.338097668,38.25827222
19.766,-4.331961745,41.72341612
19.7665,-4.328893783,40.06684606
19.767,-4.32275786,43.26070388
19.7675,-4.316621937,45.97548303
19.768,-4.313553976,43.68110294
19.7685,-4.307418052,46.33282222
19.769,-4.301282129,48.58678362
19.7695,-4.295146206,50.5026508
19.77,-4.289010283,52.13113791
19.7705,-4.28287436,53.51535195
19.771,-4.276738437,54.69193388
19.7715,-4.270602513,55.69202853
19.772,-4.267534552,51.94016661
19.7725,-4.261398629,53.35302635
19.773,-4.255262706,54.55395712
19.7735,-4.249126782,55.57474828
19.774,-4.242990859,56.44242077
19.7745,-4.233786975,61.78188474
19.775,-4.227651051,61.71848676
19.7755,-4.221515128,61.66459847
19.776,-4.215379205,61.61879343
19.7765,-4.209243282,61.57985914
19.777,-4.200039397,66.14870736
19.7775,-4.193903474,65.43028598
19.778,-4.187767551,64.81962781
19.7785,-4.178563666,68.90251073
19.779,-4.172427743,67.77101885
19.7795,-4.163223858,71.41119311
19.78,-4.157087935,69.90339887
19.7805,-4.14788405,73.22371613
19.781,-4.141748127,71.44404344
19.7815,-4.132544243,74.53326402
19.782,-4.126408319,72.55715914
19.7825,-4.117204435,75.47941236
19.783,-4.10800055,77.9633276
19.7835,-4.101864627,75.47271319
19.784,-4.092660742,77.9576333
19.7845,-4.083456857,80.06981539
19.785,-4.077320934,77.26322781
19.7855,-4.068117049,79.47957073
19.786,-4.058913165,81.36346221
19.7865,-4.04970928,82.96476997
19.787,-4.040505395,84.32588157
19.7875,-4.031301511,85.48282642
19.788,-4.022097626,86.46622955
19.7885,-4.012893741,87.30212221
19.789,-4.000621895,92.61457333
19.7895,-3.99141801,92.52821442
19.79,-3.982214125,92.45480935
19.7905,-3.973010241,92.39241504
19.791,-3.960738394,96.94132224
19.7915,-3.95153451,96.20595099
19.792,-3.939262663,100.1828278
19.7925,-3.930058779,98.96123072
19.793,-3.917786932,102.5248156
19.7935,-3.905515086,105.5538627
19.794,-3.89324324,108.1285527
19.7945,-3.884039355,105.7150969
19.795,-3.871767509,108.2656018
19.7955,-3.859495662,110.433531
19.796,-3.847223816,112.2762708
19.7965,-3.831884008,118.444542
19.797,-3.819612162,119.0856302
19.7975,-3.807340316,119.6305551
19.798,-3.795068469,120.0937413
19.7985,-3.779728661,125.0893919
19.799,-3.767456815,124.7337526
19.7995,-3.752117007,129.0334015
19.8,-3.739845161,128.0861607
19.8005,-3.727573315,127.2810061
19.801,-3.712233507,131.198567
19.8015,-3.69996166,129.9265514
19.802,-3.684621853,133.4472805
19.8025,-3.669282045,136.4399002
19.803,-3.657010198,134.3816847
19.8035,-3.64167039,137.2341438
19.804,-3.626330583,139.658734
19.8045,-3.614058736,137.1176934
19.805,-3.598718928,139.5597512
19.8055,-3.583379121,141.6355003
19.806,-3.568039313,143.3998871
19.8065,-3.552699505,144.8996159
19.807,-3.540427658,141.5724429
19.8075,-3.525087851,143.3462883
19.808,-3.509748043,144.8540569
19.8085,-3.497476196,141.5337178
19.809,-3.482136389,143.313372
19.8095,-3.466796581,144.826078
19.81,-3.454524734,141.5099357
19.8105,-3.439184926,143.2931572
19.811,-3.42691308,140.2069531
19.8115,-3.411573272,142.1856219
19.812,-3.399301426,139.2655481
19.8125,-3.383961618,141.3854277
19.813,-3.371689772,138.585383
19.8135,-3.359417925,136.205345
19.814,-3.344078118,138.7842551
19.8145,-3.331806271,136.3743863
19.815,-3.319534425,134.3259978
19.8155,-3.307262579,132.5848676
19.816,-3.294990732,131.1049069
19.8165,-3.282718886,129.8469403
19.817,-3.27044704,128.7776687
19.8175,-3.258175193,127.8687879
19.818,-3.245903347,127.0962391
19.8185,-3.233631501,126.4395727
19.819,-3.221359655,125.8814063
19.8195,-3.209087808,125.4069648
19.82,-3.196815962,125.0036895
19.8205,-3.184544116,124.6609055
19.821,-3.172272269,124.3695392
19.8215,-3.160000423,124.1218777
19.822,-3.150796538,119.3094232
19.8225,-3.138524692,119.8207792
19.823,-3.126252846,120.2554317
19.8235,-3.113980999,120.6248864
19.824,-3.101709153,120.9389229
19.8245,-3.092505268,116.6039116
19.825,-3.080233422,117.5210943
19.8255,-3.067961576,118.3006996
19.826,-3.055689729,118.9633641
19.8265,-3.043417883,119.526629
19.827,-3.034213998,115.4034617
19.8275,-3.021942152,116.5007119
19.828,-3.009670306,117.4333746
19.8285,-2.99739846,118.2261378
19.829,-2.988194575,114.2980443
19.8295,-2.975922728,115.5611071
19.83,-2.963650882,116.6347105
19.8305,-2.951379036,117.5472734
19.831,-2.942175151,113.7210094
19.8315,-2.929903305,115.0706275
19.832,-2.917631459,116.2178028
19.8325,-2.905359612,117.1929018
19.833,-2.896155728,113.4197937
19.8335,-2.883883881,114.8145941
19.834,-2.871612035,116.0001744
19.8345,-2.859340189,117.0079177
19.835,-2.847068342,117.8644995
19.8355,-2.834796496,118.592594
19.836,-2.825592611,114.609532
19.8365,-2.813320765,115.8258717
19.837,-2.801048919,116.8597604
19.8375,-2.788777072,117.7385658
19.838,-2.776505226,118.4855504
19.8385,-2.767301341,114.5185449
19.839,-2.755029495,115.7485326
19.8395,-2.742757649,116.7940222
19.84,-2.730485802,117.6826883
19.8405,-2.721281918,113.8361122
19.841,-2.709010071,115.1684648
19.8415,-2.696738225,116.3009645
19.842,-2.684466379,117.2635893
19.8425,-2.675262494,113.479878
19.843,-2.662990648,114.8656657
19.8435,-2.650718801,116.0435853
19.844,-2.641514917,112.4428746
19.8445,-2.62924307,113.9842129
19.845,-2.616971224,115.2943504
19.8455,-2.607767339,111.8060249
19.846,-2.595495493,113.4428907
19.8465,-2.583223647,114.8342265
19.847,-2.574019762,111.4149196
19.8475,-2.561747916,113.1104511
19.848,-2.552544031,109.9497106
19.8485,-2.543340146,107.2630811
19.849,-2.5310683,109.5813884
19.8495,-2.521864415,106.9500072
19.85,-2.509592569,109.3152756
19.8505,-2.500388684,106.7238113
19.851,-2.4911848,104.5210667
19.8515,-2.481980915,102.6487338
19.852,-2.469709068,105.6591932
19.8525,-2.460505184,103.6161413
19.853,-2.451301299,101.8795472
19.8535,-2.442097414,100.4034422
19.854,-2.43289353,99.14875297
19.8545,-2.420621683,102.6842095
19.855,-2.411417799,101.0874051
19.8555,-2.402213914,99.73012147
19.856,-2.393010029,98.57643034
19.8565,-2.383806144,97.59579288
19.857,-2.377670221,92.16030867
19.8575,-2.368466336,92.14208946
19.858,-2.359262452,92.12660313
19.8585,-2.350058567,92.11343976
19.859,-2.343922644,87.50030852
19.8595,-2.334718759,88.18108933
19.86,-2.328582836,84.15781066
19.8605,-2.319378951,85.33996615
19.861,-2.310175067,86.34479832
19.8615,-2.304039143,82.5969633
19.862,-2.294835259,84.0132459
19.8625,-2.288699336,80.61514374
19.863,-2.282563412,77.7267569
19.8635,-2.273359528,79.87357046
19.864,-2.267223604,77.09641962
19.8645,-2.261087681,74.7358414
19.865,-2.251883797,77.33129228
19.8655,-2.245747873,74.93548317
19.866,-2.23961195,72.89904542
19.8665,-2.233476027,71.16807333
19.867,-2.227340104,69.69674706
19.8675,-2.221204181,68.44611973
19.868,-2.215068258,67.3830865
19.8685,-2.208932335,66.47950825
19.869,-2.202796411,65.71146674
19.8695,-2.196660488,65.05863146
19.87,-2.190524565,64.50372147
19.8705,-2.187456604,59.43010561
19.871,-2.18132068,59.7194745
19.8715,-2.175184757,59.96543805
19.872,-2.172116796,55.5725647
19.8725,-2.165980872,56.44056473
19.873,-2.162912911,52.57642238
19.8735,-2.156776988,53.89384375
19.874,-2.153709026,50.41170955
19.8745,-2.147573103,52.05383785
19.875,-2.144505141,48.84770453
19.8755,-2.14143718,46.12249122
19.876,-2.135301257,48.40800226
19.8765,-2.132233295,45.74874429
19.877,-2.129165334,43.48837501
19.8775,-2.126097372,41.56706112
19.878,-2.12302941,39.93394432
19.8785,-2.119961449,38.54579503
19.879,-2.116893487,37.36586814
19.8795,-2.113825526,36.36293028
19.88,-2.110757564,35.5104331
19.8805,-2.107689603,34.7858105
19.881,-2.104621641,34.16988129
19.8815,-2.104621641,29.0443991
19.882,-2.101553679,29.2896816
19.8825,-2.098485718,29.49817172
19.883,-2.098485718,25.07344596
19.8835,-2.095417756,25.91437143
19.884,-2.092349795,26.62915808
19.8845,-2.092349795,22.63478437
19.885,-2.089281833,23.84150908
19.8855,-2.089281833,20.26528272
19.886,-2.089281833,17.22549031
19.8865,-2.086213872,19.24360913
19.887,-2.086213872,16.35706776
19.8875,-2.086213872,13.90350759
19.888,-2.08314591,16.41992382
19.8885,-2.08314591,13.95693525
19.889,-2.08314591,11.86339496
19.8895,-2.08314591,10.08388571
19.89,-2.08314591,8.571302857
19.8905,-2.08314591,7.285607429
19.891,-2.08314591,6.192766314
19.8915,-2.08314591,5.263851367
19.892,-2.08314591,4.474273662
19.8925,-2.08314591,3.803132613
19.893,-2.08314591,3.232662721
19.8935,-2.08314591,2.747763313
19.894,-2.08314591,2.335598816
19.8945,-2.08314591,1.985258994
19.895,-2.08314591,1.687470144
19.8955,-2.086213872,-3.167592741
19.896,-2.086213872,-2.69245383
19.8965,-2.086213872,-2.288585755
19.897,-2.086213872,-1.945297892
19.8975,-2.089281833,-6.255445572
19.898,-2.089281833,-5.317128736
19.8985,-2.092349795,-9.121501789
19.899,-2.095417756,-12.35521888
19.8995,-2.095417756,-10.50193605
19.9,-2.098485718,-13.52858801
19.9005,-2.101553679,-16.10124217
19.901,-2.101553679,-13.68605584
19.9015,-2.104621641,-16.23508983
19.902,-2.107689603,-18.40176872
19.9025,-2.110757564,-20.24344578
19.903,-2.113825526,-21.80887127
19.9035,-2.116893487,-23.13948295
19.904,-2.119961449,-24.27050287
19.9045,-2.12302941,-25.2318698
19.905,-2.126097372,-26.04903169
19.9055,-2.132233295,-31.34556167
19.906,-2.135301257,-31.24566978
19.9065,-2.138369218,-31.16076168
19.907,-2.144505141,-35.69053215
19.9075,-2.147573103,-34.93889469
19.908,-2.150641065,-34.30000285
19.9085,-2.156776988,-38.35888715
19.909,-2.159844949,-37.20699644
19.9095,-2.165980872,-40.8298317
19.91,-2.172116796,-43.90924168
19.9105,-2.175184757,-41.92479779
19.911,-2.18132068,-44.83996285
19.9115,-2.187456604,-47.31785315
19.912,-2.193592527,-49.4240599
19.9125,-2.19972845,-51.21433564
19.913,-2.205864373,-52.73607003
19.9135,-2.212000296,-54.02954425
19.914,-2.218136219,-55.12899734
19.9145,-2.224272142,-56.06353247
19.915,-2.230408066,-56.85788732
19.9155,-2.236543989,-57.53308895
19.916,-2.242679912,-58.10701034
19.9165,-2.251883797,-63.19678588
19.917,-2.25801972,-62.92115272
19.9175,-2.264155643,-62.68686454
19.918,-2.273359528,-67.08966195
19.9185,-2.279495451,-66.23009739
19.919,-2.288699336,-70.10140987
19.9195,-2.294835259,-68.79008312
19.92,-2.304039143,-72.27739774
19.9205,-2.310175067,-70.63967281
19.921,-2.319378951,-73.84954898
19.9215,-2.328582836,-76.57794372
19.922,-2.334718759,-74.29513689
19.9225,-2.343922644,-76.95669345
19.923,-2.353126529,-79.21901652
19.9235,-2.362330413,-81.14199113
19.924,-2.371534298,-82.77651955
19.9245,-2.380738183,-84.16586871
19.925,-2.389942068,-85.3468155
19.9255,-2.399145952,-86.35062026
19.926,-2.408349837,-87.20385431
19.9265,-2.417553722,-87.92910326
19.927,-2.426757606,-88.54556486
19.9275,-2.435961491,-89.06955722
19.928,-2.448233337,-94.11689309
19.9285,-2.457437222,-93.80518622
19.929,-2.466641107,-93.54023538
19.9295,-2.475844992,-93.31502716
19.93,-2.488116838,-97.72554254
19.9305,-2.497320723,-96.87253825
19.931,-2.509592569,-100.749427
19.9315,-2.518796454,-99.44284001
19.932,-2.5310683,-102.9341835
19.9325,-2.540272185,-101.299883
19.933,-2.552544031,-104.51267
19.9335,-2.561747916,-102.6415966
19.934,-2.574019762,-105.6531266
19.9345,-2.586291608,-108.2129271
19.935,-2.598563455,-110.3887574
19.9355,-2.607767339,-107.6362709
19.936,-2.620039186,-109.8985997
19.9365,-2.632311032,-111.8215792
19.937,-2.644582878,-113.4561118
19.9375,-2.656854725,-114.8454645
19.938,-2.669126571,-116.0264143
19.9385,-2.681398417,-117.0302216
19.939,-2.693670264,-117.8834578
19.9395,-2.702874148,-114.0067662
19.94,-2.715145995,-115.3135207
19.9405,-2.727417841,-116.4242621
19.941,-2.739689687,-117.3683922
19.9415,-2.755029495,-122.7728452
19.942,-2.767301341,-122.7646879
19.9425,-2.779573188,-122.7577542
19.943,-2.791845034,-122.7518605
19.9435,-2.80411688,-122.7468509
19.944,-2.816388727,-122.7425927
19.9445,-2.828660573,-122.7389732
19.945,-2.840932419,-122.7358967
19.9455,-2.856272227,-127.335224
19.946,-2.868544073,-126.6427099
19.9465,-2.88081592,-126.0540728
19.947,-2.893087766,-125.5537314
19.9475,-2.905359612,-125.1284411
19.948,-2.917631459,-124.7669444
19.9485,-2.929903305,-124.4596722
19.949,-2.942175151,-124.1984908
19.9495,-2.954446997,-123.9764867
19.95,-2.969786805,-128.3897255
19.9505,-2.982058652,-127.5390361
19.951,-2.994330498,-126.8159501
19.9515,-3.006602344,-126.2013271
19.952,-3.018874191,-125.6788975
19.9525,-3.031146037,-125.2348323
19.953,-3.043417883,-124.8573769
19.9535,-3.055689729,-124.5365398
19.954,-3.067961576,-124.2638283
19.9545,-3.080233422,-124.0320235
19.955,-3.092505268,-123.8349894
19.9555,-3.104777115,-123.6675105
19.956,-3.117048961,-123.5251534
19.9565,-3.129320807,-123.4041498
19.957,-3.141592654,-123.3012968
19.9575,-3.1538645,-123.2138717
19.958,-3.166136346,-123.1395604
19.9585,-3.178408192,-123.0763958
19.959,-3.190680039,-123.0227059
19.9595,-3.202951885,-122.9770695
19.96,-3.215223731,-122.9382785
19.9605,-3.227495578,-122.9053062
19.961,-3.239767424,-122.8772797
19.9615,-3.25203927,-122.8534572
19.962,-3.261243155,-118.2312657
19.9625,-3.273515001,-118.9043453
19.963,-3.285786848,-119.476463
19.9635,-3.298058694,-119.962763
19.964,-3.31033054,-120.376118
19.9645,-3.322602387,-120.7274697
19.965,-3.334874233,-121.0261187
19.9655,-3.344078118,-116.678028
19.966,-3.356349964,-117.5840933
19.9665,-3.36862181,-118.3542487
19.967,-3.380893656,-119.0088809
19.9675,-3.393165503,-119.5653182
19.968,-3.402369388,-115.4363476
19.9685,-3.414641234,-116.5286649
19.969,-3.42691308,-117.4571346
19.9695,-3.439184926,-118.2463339
19.97,-3.451456773,-118.9171532
19.9705,-3.463728619,-119.4873497
19.971,-3.476000465,-119.9720167
19.9715,-3.48520435,-115.7820413
19.972,-3.497476196,-116.8225046
19.9725,-3.509748043,-117.7068983
19.973,-3.522019889,-118.458633
19.9735,-3.534291735,-119.0976075
19.974,-3.54349562,-115.0387935
19.9745,-3.555767466,-116.1907439
19.975,-3.568039313,-117.1699018
19.9755,-3.580311159,-118.002186
19.976,-3.592583005,-118.7096275
19.9765,-3.60178689,-114.7090105
19.977,-3.614058736,-115.9104284
19.9775,-3.626330583,-116.9316336
19.978,-3.638602429,-117.799658
19.9785,-3.650874275,-118.5374787
19.979,-3.663146121,-119.1646264
19.9795,-3.672350006,-115.0957595
19.98,-3.684621853,-116.239165
19.9805,-3.696893699,-117.2110597
19.981,-3.709165545,-118.0371702
19.9815,-3.721437391,-118.7393642
19.982,-3.733709238,-119.336229
19.9825,-3.742913122,-115.2416217
19.983,-3.755184969,-116.3631479
19.9835,-3.767456815,-117.3164452
19.984,-3.779728661,-118.1267479
19.9845,-3.792000508,-118.8155051
19.985,-3.804272354,-119.4009488
19.9855,-3.813476239,-115.2966336
19.986,-3.825748085,-116.409908
19.9865,-3.838019931,-117.3561913
19.987,-3.850291778,-118.160532
19.9875,-3.862563624,-118.8442217
19.988,-3.87483547,-119.4253579
19.9885,-3.884039355,-115.3173813
19.989,-3.896311201,-116.4275436
19.9895,-3.908583048,-117.3711815
19.99,-3.917786932,-113.5713313
19.9905,-3.930058779,-114.9434011
19.991,-3.942330625,-116.1096604
19.9915,-3.95153451,-112.4990384
19.992,-3.963806356,-114.0319521
19.9925,-3.973010241,-110.7329864
19.993,-3.985282087,-112.5308079
19.9935,-3.997553933,-114.0589562
19.994,-4.006757818,-110.7559398
19.9945,-4.019029664,-112.5503183
19.995,-4.028233549,-109.4735976
19.9955,-4.037437434,-106.8583851
19.996,-4.046641318,-104.6354544
19.9965,-4.058913165,-107.3479057
19.997,-4.068117049,-105.0515469
19.9975,-4.077320934,-103.099642
19.998,-4.086524819,-101.4405228
19.9985,-4.095728704,-100.0302715
19.999,-4.104932588,-98.83155783
19.9995,-4.111068512,-93.21070888
20,-4.120272396,-93.03492964
20.0005,-4.129476281,-92.88551729
20.001,-4.135612204,-88.15657442
20.0015,-4.144816089,-88.73891535
20.002,-4.154019974,-89.23390514
20.0025,-4.160155897,-85.05270409
20.003,-4.16629182,-81.49868321
20.0035,-4.175495705,-83.07970782
20.004,-4.181631628,-79.82163637
20.0045,-4.190835513,-81.65421801
20.005,-4.196971436,-78.60997003
20.0055,-4.203107359,-76.02235926
20.006,-4.209243282,-73.82289009
20.0065,-4.215379205,-71.95334131
20.007,-4.221515128,-70.36422484
20.0075,-4.227651051,-69.01347584
20.008,-4.233786975,-67.86533919
20.0085,-4.239922898,-66.88942304
20.009,-4.242990859,-61.45795195
20.0095,-4.249126782,-61.44314388
20.01,-4.255262706,-61.43055703
20.0105,-4.261398629,-61.4198582
20.011,-4.26446659,-56.80882183
20.0115,-4.270602513,-57.49138329
20.012,-4.273670475,-53.46961816
20.0125,-4.279806398,-54.65306016
20.013,-4.28287436,-51.0570435
20.0135,-4.289010283,-52.6023717
20.014,-4.292078245,-49.31395831
20.0145,-4.298214168,-51.12074929
20.015,-4.301282129,-48.05457926
20.0155,-4.307418052,-50.0502771
20.016,-4.310486014,-47.1446779
20.0165,-4.313553976,-44.67491858
20.017,-4.319689899,-47.17756552
20.0175,-4.32275786,-44.70287305
20.018,-4.325825822,-42.59938446
20.0185,-4.328893783,-40.81141915
20.019,-4.331961745,-39.29164864
20.0195,-4.338097668,-42.60178608
20.02,-4.338097668,-36.21151816
20.0205,-4.34116563,-35.3817328
20.021,-4.344233591,-34.67641525
20.0215,-4.347301553,-34.07689532
20.022,-4.350369514,-33.56730339
20.0225,-4.353437476,-33.13415024
20.023,-4.356505438,-32.76597007
20.0235,-4.356505438,-27.85107456
20.024,-4.359573399,-28.27535574
20.0245,-4.362641361,-28.63599474
20.025,-4.362641361,-24.34059553
20.0255,-4.365709322,-25.29144857
20.026,-4.368777284,-26.09967364
20.0265,-4.368777284,-22.1847226
20.027,-4.371845245,-23.45895657
20.0275,-4.371845245,-19.94011309
20.028,-4.374913207,-21.55103849
20.0285,-4.374913207,-18.31838271
20.029,-4.374913207,-15.57062531
20.0295,-4.377981169,-17.83697387
20.03,-4.377981169,-15.16142779
20.0305,-4.377981169,-12.88721362
20.031,-4.38104913,-15.55607394
20.0315,-4.38104913,-13.22266285
20.032,-4.38104913,-11.23926342
20.0325,-4.384117092,-14.15531627
20.033,-4.384117092,-12.03201883
20.0335,-4.384117092,-10.22721601
20.034,-4.384117092,-8.693133607
20.0345,-4.384117092,-7.389163566
20.035,-4.387185053,-10.88273139
20.0355,-4.387185053,-9.250321686
20.036,-4.387185053,-7.862773433
20.0365,-4.387185053,-6.683357418
20.037,-4.387185053,-5.680853805
20.0375,-4.387185053,-4.828725734
20.038,-4.387185053,-4.104416874
20.0385,-4.387185053,-3.488754343
20.039,-4.387185053,-2.965441192
20.0395,-4.387185053,-2.520625013
20.04,-4.387185053,-2.142531261
20.0405,-4.387185053,-1.821151572
20.041,-4.387185053,-1.547978836
20.0415,-4.387185053,-1.315782011
20.042,-4.387185053,-1.118414709
20.0425,-4.384117092,3.651289861
20.043,-4.384117092,3.103596382
20.0435,-4.384117092,2.638056925
20.044,-4.384117092,2.242348386
20.0445,-4.38104913,6.507938492
20.045,-4.38104913,5.531747718
20.0455,-4.377981169,9.303927924
20.046,-4.377981169,7.908338735
20.0465,-4.374913207,11.32403029
20.047,-4.374913207,9.625425745
20.0475,-4.371845245,12.78355425
20.048,-4.371845245,10.86602111
20.0485,-4.368777284,13.83806031
20.049,-4.365709322,16.36429362
20.0495,-4.365709322,13.90964958
20.05,-4.362641361,16.42514451
20.0505,-4.359573399,18.5633152
20.051,-4.356505438,20.38076028
20.0515,-4.353437476,21.9255886
20.052,-4.350369514,23.23869267
20.0525,-4.347301553,24.35483114
20.053,-4.344233591,25.30354883
20.0535,-4.34116563,26.10995887
20.054,-4.338097668,26.7954074
20.0545,-4.331961745,31.97998102
20.055,-4.328893783,31.78492623
20.0555,-4.325825822,31.61912966
20.056,-4.319689899,36.08014494
20.0565,-4.316621937,35.27006556
20.057,-4.313553976,34.58149809
20.0575,-4.307418052,38.5981581
20.058,-4.304350091,37.41037675
20.0585,-4.298214168,41.00270497
20.059,-4.295146206,39.45424159
20.0595,-4.289010283,42.73999007
20.06,-4.28287436,45.53287629
20.0605,-4.279806398,43.30488721
20.061,-4.273670475,46.01303886
20.0615,-4.267534552,48.31496776
20.062,-4.26446659,45.66966496
20.0625,-4.258330667,48.02309994
20.063,-4.252194744,50.02351968
20.0635,-4.246058821,51.72387645
20.064,-4.239922898,53.16917971
20.0645,-4.233786975,54.39768748
20.065,-4.227651051,55.44191909
20.0655,-4.221515128,56.32951595
20.066,-4.215379205,57.08397329
20.0665,-4.209243282,57.72526202
20.067,-4.203107359,58.27035744
20.0675,-4.193903474,63.33563092
20.068,-4.187767551,63.03917101
20.0685,-4.181631628,62.78718008
20.069,-4.175495705,62.5729878
20.0695,-4.169359781,62.39092436
20.07,-4.160155897,66.83811279
20.0705,-4.154019974,66.0162806
20.071,-4.14788405,65.31772324
20.0715,-4.138680166,69.32589184
20.072,-4.132544243,68.13089279
20.0725,-4.126408319,67.1151436
20.073,-4.117204435,70.85369915
20.0735,-4.111068512,69.42952901
20.074,-4.101864627,72.82092675
20.0745,-4.095728704,71.10167246
20.075,-4.086524819,74.24224868
20.0755,-4.080388896,72.30979611
20.076,-4.071185011,75.26915378
20.0765,-4.061981126,77.78460781
20.077,-4.055845203,75.32080136
20.0775,-4.046641318,77.82850825
20.078,-4.037437434,79.9600591
20.0785,-4.028233549,81.77187733
20.079,-4.019029664,83.31192282
20.0795,-4.012893741,80.01901912
20.08,-4.000621895,86.42393571
20.0805,-3.99141801,87.26617244
20.081,-3.982214125,87.98207367
20.0815,-3.973010241,88.59058971
20.082,-3.963806356,89.10782834
20.0825,-3.954602471,89.54748118
20.083,-3.945398586,89.9211861
20.0835,-3.93312674,94.84077764
20.084,-3.923922855,94.42048808
20.0845,-3.914718971,94.06324196
20.085,-3.902447124,98.36152512
20.0855,-3.89324324,97.41312344
20.086,-3.880971393,101.2089244
20.0865,-3.868699547,104.4353552
20.087,-3.856427701,107.1778214
20.0875,-3.847223816,104.9069752
20.088,-3.83495197,107.5786984
20.0885,-3.819612162,114.4516055
20.089,-3.810408277,111.0896917
20.0895,-3.795068469,117.4359498
20.09,-3.782796623,118.2283268
20.0905,-3.770524777,118.9018472
20.091,-3.75825293,119.4743396
20.0915,-3.742913122,124.5629005
20.092,-3.730641276,124.2862349
20.0925,-3.71836943,124.0510691
20.093,-3.706097584,123.8511782
20.0935,-3.690757776,128.2832133
20.094,-3.678485929,127.4485007
20.0945,-3.666214083,126.7389951
20.095,-3.650874275,130.7378576
20.0955,-3.638602429,129.5349484
20.096,-3.623262621,133.114418
20.0965,-3.607922813,136.1569671
20.097,-3.595650967,134.1411915
20.0975,-3.580311159,137.0297246
20.098,-3.564971351,139.4849777
20.0985,-3.552699505,136.9700005
20.099,-3.537359697,139.4342123
20.0995,-3.522019889,141.5287922
20.1,-3.509748043,138.7072429
20.1005,-3.494408235,140.9108682
20.101,-3.482136389,138.1820075
20.1015,-3.466796581,140.4644182
20.102,-3.451456773,142.4044673
20.1025,-3.439184926,139.4515666
20.103,-3.423845119,141.5435434
20.1035,-3.408505311,143.3217237
20.104,-3.396233464,140.2312346
20.1045,-3.380893656,142.2062613
20.105,-3.36862181,139.2830915
20.1055,-3.356349964,136.7983973
20.106,-3.341010156,139.2883495
20.1065,-3.32873831,136.8028665
20.107,-3.316466463,134.690206
20.1075,-3.301126656,137.4963869
20.108,-3.288854809,135.2796983
20.1085,-3.276582963,133.395513
20.109,-3.264311117,131.7939555
20.1095,-3.25203927,130.4326317
20.11,-3.239767424,129.2755064
20.1105,-3.227495578,128.2919499
20.111,-3.215223731,127.4559268
20.1115,-3.202951885,126.7453073
20.112,-3.190680039,126.1412806
20.1125,-3.178408192,125.627858
20.113,-3.166136346,125.1914487
20.1135,-3.1538645,124.8205009
20.114,-3.141592654,124.5051952
20.1145,-3.129320807,124.2371854
20.115,-3.117048961,124.009377
20.1155,-3.107845076,119.2137976
20.116,-3.09557323,119.7394974
20.1165,-3.083301384,120.1863422
20.117,-3.071029537,120.5661604
20.1175,-3.058757691,120.8890058
20.118,-3.046485845,121.1634243
20.1185,-3.034213998,121.3966801
20.119,-3.021942152,121.5949476
20.1195,-3.009670306,121.7634749
20.12,-2.99739846,121.9067231
20.1205,-2.982058652,126.6304265
20.121,-2.972854767,121.4416896
20.1215,-2.957514959,126.235148
20.122,-2.945243113,125.7076452
20.1225,-2.932971266,125.2592679
20.123,-2.92069942,124.8781472
20.1235,-2.908427574,124.5541945
20.124,-2.896155728,124.2788348
20.1245,-2.883883881,124.0447791
20.125,-2.868544073,128.447774
20.1255,-2.856272227,127.5883774
20.126,-2.844000381,126.8578902
20.1265,-2.831728534,126.2369761
20.127,-2.816388727,130.3111415
20.1275,-2.80411688,129.1722398
20.128,-2.791845034,128.2041733
20.1285,-2.776505226,131.9832591
20.129,-2.76423338,130.5935397
20.1295,-2.751961533,129.4122782
20.13,-2.739689687,128.4082059
20.1305,-2.724349879,132.1566868
20.131,-2.712078033,130.7409533
20.1315,-2.699806187,129.5375797
20.132,-2.68753434,128.5147122
20.1325,-2.672194532,132.2472172
20.133,-2.659922686,130.8179041
20.1335,-2.64765084,129.6029879
20.134,-2.635378994,128.5703092
20.1345,-2.620039186,132.2944746
20.135,-2.607767339,130.8580729
20.1355,-2.595495493,129.6371314
20.136,-2.583223647,128.5993312
20.1365,-2.567883839,132.3191433
20.137,-2.555611993,130.8790413
20.1375,-2.543340146,129.6549545
20.138,-2.5310683,128.6144808
20.1385,-2.518796454,127.7300781
20.139,-2.506524607,126.9783359
20.1395,-2.494252761,126.3393549
20.14,-2.481980915,125.7962212
20.1405,-2.47277703,120.7326151
20.141,-2.460505184,121.0304923
20.1415,-2.448233337,121.2836879
20.142,-2.435961491,121.4989042
20.1425,-2.423689645,121.681838
20.143,-2.411417799,121.8373317
20.1435,-2.399145952,121.9695014
20.144,-2.386874106,122.0818457
20.1445,-2.377670221,117.5753959
20.145,-2.365398375,118.346856
20.1455,-2.353126529,119.002597
20.146,-2.343922644,114.9580346
20.1465,-2.331650798,116.1220988
20.147,-2.322446913,112.5096111
20.1475,-2.310175067,114.0409389
20.148,-2.300971182,110.7406252
20.1485,-2.291767297,107.9353585
20.149,-2.279495451,110.1528242
20.1495,-2.270291566,107.4357276
20.15,-2.261087681,105.1261956
20.1505,-2.248815835,107.7650357
20.151,-2.23961195,105.4061074
20.1515,-2.230408066,103.4010184
20.152,-2.221204181,101.6966927
20.1525,-2.212000296,100.2480159
20.153,-2.19972845,103.618583
20.1535,-2.190524565,101.8816226
20.154,-2.18132068,100.4052063
20.1545,-2.172116796,99.15025247
20.155,-2.165980872,93.48159932
20.1555,-2.156776988,93.26518652
20.156,-2.147573103,93.08123563
20.1565,-2.138369218,92.92487738
20.157,-2.132233295,88.1900305
20.1575,-2.12302941,88.76735301
20.158,-2.113825526,89.25807715
20.1585,-2.107689603,85.07325031
20.159,-2.098485718,86.11808985
20.1595,-2.092349795,82.4042611
20.16,-2.08314591,83.84944903
20.1605,-2.073942025,85.07785876
20.161,-2.067806102,81.52006468
20.1615,-2.061670179,78.4959397
20.162,-2.052466294,80.52737584
20.1625,-2.046330371,77.65215419
20.163,-2.037126486,79.81015815
20.1635,-2.030990563,77.04251916
20.164,-2.02485464,74.69002601
20.1645,-2.015650755,77.2923492
20.165,-2.009514832,74.90238155
20.1655,-2.003378909,72.87090904
20.166,-1.997242986,71.14415741
20.1665,-1.991107063,69.67641853
20.167,-1.98497114,68.42884048
20.1675,-1.978835216,67.36839913
20.168,-1.972699293,66.46702399
20.1685,-1.96656337,65.70085512
20.169,-1.960427447,65.04961158
20.1695,-1.954291524,64.49605457
20.17,-1.948155601,64.02553111
20.1705,-1.945087639,59.02364381
20.171,-1.938951716,59.37398196
20.1715,-1.932815793,59.6717694
20.172,-1.92667987,59.92488871
20.1725,-1.923611908,55.53809777
20.173,-1.917475985,56.41126783
20.1735,-1.914408023,52.55152002
20.174,-1.9082721,53.87267675
20.1745,-1.905204139,50.3937176
20.175,-1.899068215,52.03854469
20.1755,-1.896000254,48.83470535
20.176,-1.889864331,50.71338427
20.1765,-1.886796369,47.70831899
20.177,-1.883728408,45.15401351
20.1775,-1.877592484,47.58479621
20.178,-1.874524523,45.04901914
20.1785,-1.871456561,42.89360863
20.179,-1.8683886,41.0615097
20.1795,-1.865320638,39.50422561
20.18,-1.859184715,42.7824765
20.1805,-1.856116753,40.96704739
20.181,-1.856116753,34.82199028
20.1815,-1.853048792,34.2006341
20.182,-1.84998083,33.67248135
20.1825,-1.846912869,33.22355151
20.183,-1.843844907,32.84196115
20.1835,-1.840776945,32.51760934
20.184,-1.837708984,32.2419103
20.1845,-1.837708984,27.40562376
20.185,-1.834641022,27.89672256
20.1855,-1.831573061,28.31415654
20.186,-1.831573061,24.06703306
20.1865,-1.828505099,25.05892046
20.187,-1.828505099,21.30008239
20.1875,-1.825437138,22.7070124
20.188,-1.825437138,19.30096054
20.1885,-1.825437138,16.40581646
20.189,-1.822369176,18.54688635
20.1895,-1.822369176,15.7648534
20.19,-1.822369176,13.40012539
20.1905,-1.822369176,11.39010658
20.191,-1.822369176,9.681590594
20.1915,-1.819301214,12.83129437
20.192,-1.819301214,10.90660021
20.1925,-1.819301214,9.270610181
20.193,-1.819301214,7.880018654
20.1935,-1.819301214,6.698015856
20.194,-1.819301214,5.693313477
20.1945,-1.819301214,4.839316456
20.195,-1.819301214,4.113418987
20.1955,-1.819301214,3.496406139
20.196,-1.819301214,2.971945218
20.1965,-1.819301214,2.526153436
20.197,-1.819301214,2.14723042
20.1975,-1.822369176,-2.776796506
20.198,-1.822369176,-2.36027703
20.1985,-1.822369176,-2.006235476
20.199,-1.822369176,-1.705300154
20.1995,-1.825437138,-6.051447495
20.2,-1.825437138,-5.143730371
20.2005,-1.828505099,-8.974113179
20.201,-1.828505099,-7.627996202
20.2015,-1.831573061,-11.08573914
20.202,-1.831573061,-9.422878265
20.2025,-1.834641022,-12.61138889
20.203,-1.834641022,-10.71968056
20.2035,-1.837708984,-13.71367084
20.204,-1.840776945,-16.25856257
20.2045,-1.843844907,-18.42172055
20.205,-1.846912869,-20.26040483
20.2055,-1.846912869,-17.22134411
20.206,-1.84998083,-19.24008486
20.2065,-1.853048792,-20.95601449
20.207,-1.856116753,-22.41455468
20.2075,-1.859184715,-23.65431384
20.208,-1.862252676,-24.70810913
20.2085,-1.865320638,-25.60383512
20.209,-1.871456561,-30.96714458
20.2095,-1.874524523,-30.92401526
20.21,-1.877592484,-30.88735533
20.2105,-1.883728408,-35.45813676
20.211,-1.886796369,-34.74135861
20.2115,-1.889864331,-34.13209718
20.212,-1.896000254,-38.21616733
20.2125,-1.899068215,-37.0856846
20.213,-1.905204139,-40.72671663
20.2135,-1.9082721,-39.2196515
20.214,-1.914408023,-42.5405885
20.2145,-1.917475985,-40.76144259
20.215,-1.923611908,-43.85111093
20.2155,-1.929747831,-46.47732902
20.216,-1.935883754,-48.70961439
20.2165,-1.942019677,-50.60705696
20.217,-1.945087639,-47.61794078
20.2175,-1.951223562,-49.67913439
20.218,-1.957359485,-51.43114896
20.2185,-1.963495408,-52.92036134
20.219,-1.969631332,-54.18619187
20.2195,-1.975767255,-55.26214782
20.22,-1.981903178,-56.17671037
20.2205,-1.988039101,-56.95408854
20.221,-1.994175024,-57.61485999
20.2215,-2.000310947,-58.17651572
20.222,-2.009514832,-63.25586545
20.2225,-2.015650755,-62.97137036
20.223,-2.021786678,-62.72954953
20.2235,-2.027922602,-62.52400183
20.224,-2.037126486,-66.95122865
20.2245,-2.043262409,-66.11242908
20.225,-2.052466294,-70.00139181
20.2255,-2.058602217,-68.70506776
20.226,-2.067806102,-72.20513469
20.2265,-2.073942025,-70.57824921
20.227,-2.08314591,-73.79733892
20.2275,-2.089281833,-71.93162281
20.228,-2.098485718,-74.94770648
20.2285,-2.107689603,-77.5113776
20.229,-2.116893487,-79.69049805
20.2295,-2.12302941,-76.94080807
20.23,-2.132233295,-79.20551395
20.2305,-2.14143718,-81.13051395
20.231,-2.150641065,-82.76676395
20.2315,-2.156776988,-79.55563408
20.232,-2.165980872,-81.42811606
20.2325,-2.175184757,-83.01972574
20.233,-2.184388642,-84.37259397
20.2335,-2.193592527,-85.52253197
20.234,-2.202796411,-86.49997926
20.2345,-2.212000296,-87.33080946
20.235,-2.221204181,-88.03701514
20.2355,-2.233476027,-93.23923232
20.236,-2.242679912,-93.05917456
20.2365,-2.251883797,-92.90612547
20.237,-2.261087681,-92.77603374
20.2375,-2.270291566,-92.66545577
20.238,-2.282563412,-97.17340686
20.2385,-2.291767297,-96.40322292
20.239,-2.300971182,-95.74856657
20.2395,-2.310175067,-95.19210868
20.24,-2.322446913,-99.32106183
20.2405,-2.331650798,-98.22872965
20.241,-2.340854682,-97.30024729
20.2415,-2.353126529,-101.1129797
20.242,-2.362330413,-99.7518598
20.2425,-2.37460226,-103.1968503
20.243,-2.383806144,-101.5231498
20.2435,-2.396077991,-104.7024468
20.244,-2.405281875,-102.8029069
20.2445,-2.417553722,-105.7902403
20.245,-2.429825568,-108.3294737
20.2455,-2.442097414,-110.4878221
20.246,-2.451301299,-107.7204759
20.2465,-2.463573145,-109.970174
20.247,-2.475844992,-111.8824173
20.2475,-2.485048876,-108.9058818
20.248,-2.497320723,-110.977769
20.2485,-2.509592569,-112.7388731
20.249,-2.521864415,-114.2358116
20.2495,-2.5310683,-110.9062669
20.25,-2.543340146,-112.6780964
20.2505,-2.555611993,-114.1841514
20.251,-2.567883839,-115.4642981
20.2515,-2.580155685,-116.5524228
20.252,-2.592427532,-117.4773289
20.2525,-2.604699378,-118.263499
20.253,-2.616971224,-118.9317436
20.2535,-2.62924307,-119.4997515
20.254,-2.641514917,-119.9825582
20.2545,-2.653786763,-120.392944
20.255,-2.666058609,-120.7417718
20.2555,-2.681398417,-125.6402179
20.256,-2.693670264,-125.2019546
20.2565,-2.70594211,-124.8294309
20.257,-2.718213956,-124.5127857
20.2575,-2.730485802,-124.2436373
20.258,-2.742757649,-124.0148612
20.2585,-2.755029495,-123.8204015
20.259,-2.767301341,-123.6551107
20.2595,-2.782641149,-128.1165559
20.26,-2.794912996,-127.306842
20.2605,-2.807184842,-126.6185851
20.261,-2.819456688,-126.0335668
20.2615,-2.834796496,-130.1382436
20.262,-2.847068342,-129.0252765
20.2625,-2.859340189,-128.0792545
20.263,-2.871612035,-127.2751358
20.2635,-2.886951843,-131.1935772
20.264,-2.899223689,-129.9223101
20.2645,-2.911495535,-128.841733
20.265,-2.923767382,-127.9232425
20.2655,-2.93910719,-131.744468
20.266,-2.951379036,-130.3905672
20.2665,-2.963650882,-129.2397516
20.267,-2.975922728,-128.2615583
20.2675,-2.991262536,-132.0320364
20.268,-3.003534383,-130.6350004
20.2685,-3.015806229,-129.4475198
20.269,-3.028078075,-128.4381613
20.2695,-3.043417883,-132.1821489
20.27,-3.055689729,-130.762596
20.2705,-3.067961576,-129.5559761
20.271,-3.080233422,-128.5303491
20.2715,-3.09557323,-132.2605086
20.272,-3.107845076,-130.8292017
20.2725,-3.120116923,-129.6125909
20.273,-3.132388769,-128.5784717
20.2735,-3.144660615,-127.6994704
20.274,-3.156932461,-126.9523193
20.2745,-3.169204308,-126.3172409
20.275,-3.181476154,-125.7774242
20.2755,-3.193748,-125.31858
20.276,-3.206019847,-124.9285625
20.2765,-3.218291693,-124.5970476
20.277,-3.230563539,-124.3152599
20.2775,-3.242835386,-124.0757404
20.278,-3.255107232,-123.8721488
20.2785,-3.267379078,-123.6990959
20.279,-3.279650924,-123.552001
20.2795,-3.291922771,-123.4269703
20.28,-3.304194617,-123.3206942
20.2805,-3.316466463,-123.2303595
20.281,-3.325670348,-118.5516327
20.2815,-3.337942194,-119.1766572
20.282,-3.350214041,-119.7079281
20.2825,-3.362485887,-120.1595083
20.283,-3.371689772,-115.9414092
20.2835,-3.383961618,-116.9579673
20.284,-3.396233464,-117.8220416
20.2845,-3.408505311,-118.5565048
20.285,-3.417709195,-114.5788562
20.2855,-3.429981042,-115.7997972
20.286,-3.442252888,-116.8375971
20.2865,-3.454524734,-117.719727
20.287,-3.463728619,-113.867595
20.2875,-3.476000465,-115.1952252
20.288,-3.488272312,-116.3237109
20.2885,-3.497476196,-112.6809814
20.289,-3.509748043,-114.1866036
20.2895,-3.518951927,-110.8644402
20.29,-3.531223774,-112.6425436
20.2905,-3.54349562,-114.1539315
20.291,-3.552699505,-110.8366689
20.2915,-3.564971351,-112.618938
20.292,-3.577243197,-114.1338667
20.2925,-3.586447082,-110.8196138
20.293,-3.598718928,-112.6044412
20.2935,-3.610990775,-114.1215445
20.294,-3.620194659,-110.8091399
20.2945,-3.632466506,-112.5955384
20.295,-3.644738352,-114.1139771
20.2955,-3.653942237,-110.8027076
20.296,-3.666214083,-112.5900709
20.2965,-3.678485929,-114.1093297
20.297,-3.687689814,-110.7987574
20.2975,-3.69996166,-112.5867132
20.298,-3.709165545,-109.5045333
20.2985,-3.721437391,-111.4866228
20.299,-3.733709238,-113.1713988
20.2995,-3.742913122,-110.0015161
20.3,-3.755184969,-111.9090581
20.3005,-3.764388853,-108.9285265
20.301,-3.7766607,-110.997017
20.3015,-3.788932546,-112.7552339
20.302,-3.798136431,-109.6477759
20.3025,-3.810408277,-111.608379
20.303,-3.822680123,-113.2748916
20.3035,-3.831884008,-110.0894849
20.304,-3.844155854,-111.9838316
20.3045,-3.853359739,-108.992084
20.305,-3.865631585,-111.0510408
20.3055,-3.87483547,-108.1992118
20.306,-3.887107317,-110.3770995
20.3065,-3.896311201,-107.6263617
20.307,-3.905515086,-105.2882345
20.3075,-3.917786932,-107.9027688
20.308,-3.926990817,-105.5231806
20.3085,-3.936194702,-103.5005306
20.309,-3.945398586,-101.7812781
20.3095,-3.954602471,-100.3199134
20.31,-3.966874317,-103.6796959
20.3105,-3.976078202,-101.9335686
20.311,-3.985282087,-100.4493604
20.3115,-3.994485972,-99.18778343
20.312,-4.006757818,-102.7173854
20.3125,-4.015961703,-101.1156047
20.313,-4.025165587,-99.75409105
20.3135,-4.034369472,-98.59680448
20.314,-4.043573357,-97.6131109
20.3145,-4.052777242,-96.77697136
20.315,-4.061981126,-96.06625274
20.3155,-4.071185011,-95.46214192
20.316,-4.080388896,-94.94864773
20.3165,-4.089592781,-94.51217766
20.317,-4.095728704,-89.53923574
20.3175,-4.104932588,-89.91417747
20.318,-4.111068512,-85.63093557
20.3185,-4.120272396,-86.59212233
20.319,-4.126408319,-82.80718871
20.3195,-4.135612204,-84.19193749
20.32,-4.144816089,-85.36897396
20.3205,-4.150952012,-81.76751259
20.321,-4.157087935,-78.70627043
20.3215,-4.163223858,-76.10421459
20.322,-4.172427743,-78.4944095
20.3225,-4.178563666,-75.9241328
20.323,-4.184699589,-73.73939761
20.3235,-4.190835513,-71.88237269
20.324,-4.196971436,-70.30390152
20.3245,-4.200039397,-64.36025865
20.325,-4.20617532,-63.91010458
20.3255,-4.212311244,-63.52747362
20.326,-4.218447167,-63.20223731
20.3265,-4.22458309,-62.92578644
20.327,-4.227651051,-58.08886084
20.3275,-4.233786975,-58.57941644
20.328,-4.236854936,-54.39444634
20.3285,-4.239922898,-50.83722175
20.329,-4.246058821,-52.41552321
20.3295,-4.249126782,-49.1551371
20.33,-4.252194744,-46.38380889
20.3305,-4.258330667,-48.63012229
20.331,-4.261398629,-45.93754631
20.3315,-4.26446659,-43.64885673
20.332,-4.267534552,-41.70347058
20.3325,-4.267534552,-35.44794999
20.333,-4.270602513,-34.73269986
20.3335,-4.273670475,-34.12473724
20.334,-4.276738437,-33.60796902
20.3345,-4.279806398,-33.16871603
20.335,-4.279806398,-28.19340863
20.3355,-4.28287436,-28.5663397
20.336,-4.28287436,-24.28138874
20.3365,-4.285942321,-25.24112279
20.337,-4.285942321,-21.45495437
20.3375,-4.289010283,-22.83865358
20.338,-4.289010283,-19.41285554
20.3385,-4.292078245,-21.10286958
20.339,-4.292078245,-17.93743914
20.3395,-4.292078245,-15.24682327
20.34,-4.295146206,-17.56174214
20.3405,-4.295146206,-14.92748082
20.341,-4.295146206,-12.6883587
20.3415,-4.295146206,-10.78510489
20.342,-4.295146206,-9.167339159
20.3425,-4.298214168,-12.39418065
20.343,-4.298214168,-10.53505355
20.3435,-4.298214168,-8.954795519
20.344,-4.298214168,-7.611576191
20.3445,-4.298214168,-6.469839762
20.345,-4.298214168,-5.499363798
20.3455,-4.298214168,-4.674459228
20.346,-4.298214168,-3.973290344
20.3465,-4.298214168,-3.377296792
20.347,-4.298214168,-2.870702274
20.3475,-4.298214168,-2.440096933
20.348,-4.298214168,-2.074082393
20.3485,-4.298214168,-1.762970034
20.349,-4.298214168,-1.498524529
20.3495,-4.298214168,-1.273745849
20.35,-4.298214168,-1.082683972
20.3505,-4.298214168,-0.920281376
20.351,-4.298214168,-0.78223917
20.3515,-4.298214168,-0.664903294
20.352,-4.298214168,-0.5651678
20.3525,-4.298214168,-0.48039263
20.353,-4.298214168,-0.408333736
20.3535,-4.295146206,4.254858688
20.354,-4.295146206,3.616629885
20.3545,-4.295146206,3.074135402
20.355,-4.295146206,2.613015092
20.3555,-4.295146206,2.221062828
20.356,-4.295146206,1.887903404
20.3565,-4.295146206,1.604717893
20.357,-4.295146206,1.364010209
20.3575,-4.292078245,5.761351042
20.358,-4.292078245,4.897148385
20.3585,-4.292078245,4.162576128
20.359,-4.292078245,3.538189708
20.3595,-4.292078245,3.007461252
20.36,-4.289010283,7.158284428
20.3605,-4.289010283,6.084541764
20.361,-4.289010283,5.171860499
20.3615,-4.285942321,8.998023788
20.362,-4.285942321,7.64832022
20.3625,-4.285942321,6.501072187
20.363,-4.28287436,10.12785372
20.3635,-4.28287436,8.608675664
20.364,-4.279806398,11.91931668
20.3645,-4.279806398,10.13141918
20.365,-4.276738437,13.21364866
20.3655,-4.276738437,11.23160136
20.366,-4.273670475,14.14880352
20.3665,-4.273670475,12.02648299
20.367,-4.270602513,14.82445291
20.3675,-4.267534552,17.20272734
20.368,-4.26446659,19.2242606
20.3685,-4.26446659,16.34062151
20.369,-4.261398629,18.49147065
20.3695,-4.258330667,20.31969241
20.37,-4.255262706,21.87368092
20.3705,-4.252194744,23.19457114
20.371,-4.249126782,24.31732783
20.3715,-4.242990859,29.87361339
20.372,-4.239922898,29.99451374
20.3725,-4.236854936,30.09727904
20.373,-4.230719013,34.78657191
20.3735,-4.227651051,34.17052849
20.374,-4.221515128,38.24883394
20.3745,-4.215379205,41.71539358
20.375,-4.212311244,40.06002691
20.3755,-4.20617532,43.2549076
20.376,-4.200039397,45.97055619
20.3765,-4.193903474,48.27885749
20.377,-4.187767551,50.24091359
20.3775,-4.181631628,51.90866128
20.378,-4.175495705,53.32624681
20.3785,-4.16629182,59.13313688
20.379,-4.160155897,59.46705108
20.3795,-4.154019974,59.75087814
20.38,-4.14788405,59.99213115
20.3805,-4.138680166,64.79913857
20.381,-4.132544243,64.28315251
20.3815,-4.126408319,63.84456436
20.382,-4.117204435,68.0737068
20.3825,-4.111068512,67.06653551
20.383,-4.101864627,70.81238227
20.3835,-4.095728704,69.39440966
20.384,-4.086524819,72.7910753
20.3845,-4.080388896,71.07629873
20.385,-4.071185011,74.22068101
20.3855,-4.065049088,72.29146359
20.386,-4.055845203,75.25357114
20.3865,-4.046641318,77.77136256
20.387,-4.037437434,79.91148527
20.3875,-4.031301511,77.1286472
20.388,-4.022097626,79.36517722
20.3885,-4.012893741,81.26622772
20.389,-4.003689856,82.88212066
20.3895,-3.994485972,84.25562965
20.39,-3.985282087,85.42311229
20.3905,-3.973010241,91.0174149
20.391,-3.963806356,91.17062976
20.3915,-3.954602471,91.30086239
20.392,-3.945398586,91.41156012
20.3925,-3.936194702,91.50565319
20.393,-3.923922855,96.18757467
20.3935,-3.914718971,95.56526556
20.394,-3.902447124,99.63824518
20.3945,-3.89324324,98.49833549
20.395,-3.880971393,102.1313546
20.3955,-3.868699547,105.2194209
20.396,-3.856427701,107.8442772
20.3965,-3.844155854,110.0754051
20.397,-3.831884008,111.9718638
20.3975,-3.822680123,108.9819113
20.398,-3.807340316,115.6443364
20.3985,-3.795068469,116.7054554
20.399,-3.782796623,117.6074066
20.3995,-3.770524777,118.374065
20.4,-3.75825293,119.0257247
20.4005,-3.742913122,124.1815778
20.401,-3.730641276,123.9621106
20.4015,-3.71836943,123.7755635
20.402,-3.703029622,128.2189408
20.4025,-3.690757776,127.3938691
20.403,-3.678485929,126.6925582
20.4035,-3.663146121,130.6983863
20.404,-3.647806314,134.1033402
20.4045,-3.635534467,132.3956086
20.405,-3.620194659,135.5459791
20.4055,-3.604854852,138.2237941
20.406,-3.592583005,135.8979944
20.4065,-3.577243197,138.5230071
20.407,-3.564971351,136.1523255
20.4075,-3.549631543,138.7391885
20.408,-3.534291735,140.938022
20.4085,-3.522019889,138.2050882
20.409,-3.509748043,135.8820944
20.4095,-3.494408235,138.5094921
20.41,-3.482136389,136.1408377
20.4105,-3.466796581,138.7294239
20.411,-3.454524734,136.3277797
20.4115,-3.439184926,138.8883246
20.412,-3.42691308,136.4628454
20.4125,-3.411573272,139.0031304
20.413,-3.399301426,136.5604303
20.4135,-3.38702958,134.4841352
20.414,-3.371689772,137.3212267
20.4145,-3.359417925,135.1308122
20.415,-3.344078118,137.8709022
20.4155,-3.331806271,135.5980363
20.416,-3.319534425,133.6661003
20.4165,-3.307262579,132.0239547
20.417,-3.291922771,135.2300733
20.4175,-3.279650924,133.3533318
20.418,-3.267379078,131.7581015
20.4185,-3.25203927,135.0040981
20.419,-3.239767424,133.1612528
20.4195,-3.227495578,131.5948343
20.42,-3.21215577,134.865321
20.4205,-3.199883924,133.0432923
20.421,-3.184544116,136.0965103
20.4215,-3.172272269,134.0898032
20.422,-3.156932461,136.9860445
20.4225,-3.144660615,134.8459073
20.423,-3.129320807,137.628733
20.4235,-3.117048961,135.3921925
20.424,-3.104777115,133.4911331
20.4245,-3.089437307,136.477175
20.425,-3.07716546,134.4133682
20.4255,-3.061825653,137.2610748
20.426,-3.049553806,135.079683
20.4265,-3.03728196,133.2255
20.427,-3.021942152,136.2513868
20.4275,-3.009670306,134.2214483
20.428,-2.99739846,132.4960005
20.4285,-2.985126613,131.0293699
20.429,-2.969786805,134.3846762
20.4295,-2.957514959,132.6347442
20.43,-2.945243113,131.147302
20.4305,-2.932971266,129.8829762
20.431,-2.917631459,133.4102416
20.4315,-2.905359612,131.8064748
20.432,-2.893087766,130.443273
20.4325,-2.88081592,129.2845515
20.433,-2.865476112,132.9015806
20.4335,-2.853204265,131.374113
20.434,-2.840932419,130.0757655
20.4345,-2.825592611,133.5741125
20.435,-2.813320765,131.9457651
20.4355,-2.801048919,130.5616698
20.436,-2.785709111,133.9871311
20.4365,-2.773437264,132.2968309
20.437,-2.758097457,135.4620181
20.4375,-2.74582561,133.5504848
20.438,-2.730485802,136.5276239
20.4385,-2.718213956,134.4562498
20.439,-2.702874148,137.2975241
20.4395,-2.690602302,135.110665
20.44,-2.675262494,137.853777
20.4405,-2.659922686,140.1854223
20.441,-2.644582878,142.1673208
20.4415,-2.62924307,143.8519345
20.442,-2.613903263,145.2838561
20.4425,-2.598563455,146.5009895
20.443,-2.583223647,147.5355529
20.4435,-2.5709518,143.8129894
20.444,-2.555611993,145.2507528
20.4445,-2.540272185,146.4728517
20.445,-2.524932377,147.5116358
20.4455,-2.509592569,148.3946022
20.446,-2.494252761,149.1451237
20.4465,-2.478912953,149.783067
20.447,-2.463573145,150.3253188
20.4475,-2.448233337,150.7862328
20.448,-2.43289353,151.1780097
20.4485,-2.417553722,151.51102
20.449,-2.402213914,151.7940788
20.4495,-2.386874106,152.0346788
20.45,-2.371534298,152.2391888
20.4505,-2.35619449,152.4130223
20.451,-2.343922644,147.9588384
20.4515,-2.328582836,148.7747245
20.452,-2.31631099,144.8662853
20.4525,-2.300971182,146.1460543
20.453,-2.288699336,142.6319156
20.4535,-2.276427489,139.6448977
20.454,-2.261087681,141.7078749
20.4545,-2.248815835,138.8594631
20.455,-2.233476027,141.0402555
20.4555,-2.221204181,138.2919866
20.456,-2.208932335,135.9559581
20.4565,-2.196660488,133.9703338
20.457,-2.184388642,132.2825532
20.4575,-2.172116796,130.8479397
20.458,-2.159844949,129.6285182
20.4585,-2.147573103,128.5920099
20.459,-2.135301257,127.7109779
20.4595,-2.126097372,122.3601583
20.46,-2.113825526,122.413904
20.4605,-2.101553679,122.4595878
20.461,-2.092349795,117.8964768
20.4615,-2.080077948,118.6197747
20.462,-2.067806102,119.234578
20.4625,-2.058602217,115.1552183
20.463,-2.049398333,111.6877627
20.4635,-2.037126486,113.3423677
20.464,-2.027922602,110.1468397
20.4645,-2.018718717,107.4306408
20.465,-2.009514832,105.1218718
20.4655,-2.000310947,103.1594181
20.466,-1.991107063,101.4913325
20.4665,-1.981903178,100.0734597
20.467,-1.972699293,98.86826783
20.4675,-1.963495408,97.84385475
20.468,-1.954291524,96.97310363
20.4685,-1.945087639,96.23296518
20.469,-1.935883754,95.60384749
20.4695,-1.92667987,95.06909746
20.47,-1.917475985,94.61455993
20.4705,-1.9082721,94.22820303
20.471,-1.899068215,93.89979967
20.4715,-1.889864331,93.62065681
20.472,-1.880660446,93.38338538
20.4725,-1.871456561,93.18170466
20.473,-1.862252676,93.01027605
20.4735,-1.853048792,92.86456174
20.474,-1.846912869,88.1387622
20.4745,-1.837708984,88.72377496
20.475,-1.828505099,89.22103581
20.4755,-1.819301214,89.64370753
20.476,-1.81009733,90.00297849
20.4765,-1.800893445,90.30835881
20.477,-1.794757522,85.96598971
20.4775,-1.785553637,86.87691835
20.478,-1.776349752,87.65120769
20.4785,-1.767145868,88.30935363
20.479,-1.761009944,84.26683531
20.4795,-1.75180606,85.4326371
20.48,-1.742602175,86.42356863
20.4805,-1.73339829,87.26586043
20.481,-1.727262367,83.37986609
20.4815,-1.718058482,84.67871327
20.482,-1.708854598,85.78273337
20.4825,-1.702718675,82.11920809
20.483,-1.69351479,83.60715397
20.4835,-1.687378867,80.2699656
20.484,-1.678174982,82.03529785
20.4845,-1.668971097,83.53583026
20.485,-1.662835174,80.20934045
20.4855,-1.653631289,81.98376647
20.486,-1.647495366,78.89008623
20.4865,-1.638291481,80.86240039
20.487,-1.632155558,77.93692506
20.4875,-1.626019635,75.45027103
20.488,-1.61681575,77.93855746
20.4885,-1.610679827,75.45165857
20.489,-1.604543904,73.33779451
20.4895,-1.598407981,71.54101006
20.49,-1.589204096,74.61568564
20.4905,-1.583068173,72.62721752
20.491,-1.57693225,70.93701962
20.4915,-1.570796327,69.50035141
20.492,-1.564660404,68.27918342
20.4925,-1.55852448,67.24119064
20.493,-1.552388557,66.35889677
20.4935,-1.546252634,65.60894698
20.494,-1.540116711,64.97148966
20.4945,-1.533980788,64.42965094
20.495,-1.530912826,59.36714566
20.4955,-1.524776903,59.66595854
20.496,-1.51864098,59.91994949
20.4965,-1.512505057,60.13584179
20.497,-1.509437095,55.71740789
20.4975,-1.503301172,56.56368143
20.498,-1.497165249,57.28301394
20.4985,-1.494097287,53.29250422
20.499,-1.487961364,54.50251331
20.4995,-1.484893403,50.92907868
20.5,-1.47875748,52.4936016
20.5005,-1.475689518,49.22150373
20.501,-1.469553595,51.04216289
20.5015,-1.466485633,47.98778082
20.502,-1.46034971,49.99349843
20.5025,-1.457281748,47.09641603
20.503,-1.454213787,44.63389599
20.5035,-1.448077864,47.14269632
20.504,-1.445009902,44.67323423
20.5045,-1.441941941,42.57419146
20.505,-1.438873979,40.79000511
20.5055,-1.435806017,39.2734467
20.506,-1.432738056,37.98437206
20.5065,-1.429670094,36.88865862
20.507,-1.426602133,35.95730219
20.5075,-1.423534171,35.16564922
20.508,-1.42046621,34.4927442
20.5085,-1.417398248,33.92077494
20.509,-1.414330286,33.43460106
20.5095,-1.414330286,28.4194109
20.51,-1.411262325,28.75844163
20.5105,-1.408194363,29.04661775
20.511,-1.405126402,29.29156745
20.5115,-1.405126402,24.89783233
20.512,-1.40205844,25.76509985
20.5125,-1.40205844,21.90033487
20.513,-1.398990479,23.217227
20.5135,-1.398990479,19.73464295
20.514,-1.395922517,21.37638887
20.5145,-1.395922517,18.16993054
20.515,-1.392854555,20.04638332
20.5155,-1.392854555,17.03942583
20.516,-1.392854555,14.48351195
20.5165,-1.392854555,12.31098516
20.517,-1.389786594,15.06627975
20.5175,-1.389786594,12.80633779
20.518,-1.389786594,10.88538712
20.5185,-1.389786594,9.252579051
20.519,-1.389786594,7.864692193
20.5195,-1.389786594,6.684988364
20.52,-1.389786594,5.68224011
20.5205,-1.389786594,4.829904093
20.521,-1.389786594,4.105418479
20.5215,-1.389786594,3.489605707
20.522,-1.389786594,2.966164851
20.5225,-1.389786594,2.521240124
20.523,-1.389786594,2.143054105
20.5235,-1.389786594,1.821595989
20.524,-1.389786594,1.548356591
20.5245,-1.389786594,1.316103102
20.525,-1.389786594,1.118687637
20.5255,-1.392854555,-3.651057872
20.526,-1.392854555,-3.103399191
20.5265,-1.392854555,-2.637889313
20.527,-1.392854555,-2.242205916
20.5275,-1.395922517,-6.507817392
20.528,-1.395922517,-5.531644783
20.5285,-1.398990479,-9.303840429
20.529,-1.40205844,-12.51020673
20.5295,-1.40205844,-10.63367572
20.53,-1.405126402,-13.64056673
20.5305,-1.408194363,-16.19642408
20.531,-1.411262325,-18.36890283
20.5315,-1.411262325,-15.61356741
20.532,-1.414330286,-17.87347466
20.5325,-1.417398248,-19.79439582
20.533,-1.42046621,-21.42717881
20.5335,-1.423534171,-22.81504436
20.534,-1.426602133,-23.99473007
20.5345,-1.429670094,-24.99746292
20.535,-1.435806017,-30.45172821
20.5355,-1.438873979,-30.48591134
20.536,-1.441941941,-30.514967
20.5365,-1.445009902,-30.53966432
20.537,-1.451145825,-35.1625994
20.5375,-1.454213787,-34.49015185
20.538,-1.46034971,-38.5205138
20.5385,-1.463417672,-37.34437909
20.539,-1.466485633,-36.34466459
20.5395,-1.472621556,-40.09684963
20.54,-1.47875748,-43.28620691
20.5405,-1.481825441,-41.39521824
20.541,-1.487961364,-44.38982023
20.5415,-1.494097287,-46.93523192
20.542,-1.497165249,-44.4968895
20.5425,-1.503301172,-47.0262408
20.543,-1.509437095,-49.17618941
20.5435,-1.515573018,-51.00364572
20.544,-1.521708942,-52.55698359
20.5445,-1.527844865,-53.87732078
20.545,-1.533980788,-54.99960739
20.5455,-1.540116711,-55.95355101
20.546,-1.546252634,-56.76440309
20.5465,-1.552388557,-57.45362735
20.547,-1.55852448,-58.03946798
20.5475,-1.564660404,-58.53743251
20.548,-1.570796327,-58.96070236
20.5485,-1.57693225,-59.32048173
20.549,-1.586136135,-64.22823656
20.5495,-1.592272058,-63.79788581
20.55,-1.598407981,-63.43208766
20.5505,-1.607611866,-67.7231016
20.551,-1.613747789,-66.76852109
20.5515,-1.622951674,-70.55907002
20.552,-1.629087597,-69.17909424
20.5525,-1.638291481,-72.6080572
20.553,-1.644427405,-70.92073334
20.5535,-1.653631289,-74.08845043
20.554,-1.662835174,-76.78100996
20.5545,-1.668971097,-74.46774319
20.555,-1.678174982,-77.10340881
20.5555,-1.687378867,-79.34372458
20.556,-1.69351479,-76.64605062
20.5565,-1.702718675,-78.95497011
20.557,-1.711922559,-80.91755169
20.5575,-1.721126444,-82.58574603
20.558,-1.730330329,-84.00371121
20.5585,-1.736466252,-80.60703926
20.559,-1.745670137,-82.32181046
20.5595,-1.754874021,-83.77936598
20.56,-1.764077906,-85.01828818
20.5605,-1.773281791,-86.07137204
20.561,-1.782485676,-86.96649333
20.5615,-1.794757522,-92.32928878
20.562,-1.803961407,-92.28572256
20.5625,-1.813165291,-92.24869126
20.563,-1.822369176,-92.21721466
20.5635,-1.831573061,-92.19045956
20.564,-1.840776945,-92.16771771
20.5645,-1.853048792,-96.75032951
20.565,-1.862252676,-96.04360718
20.5655,-1.871456561,-95.44289319
20.566,-1.880660446,-94.9322863
20.5665,-1.892932292,-99.10021281
20.567,-1.902136177,-98.04100798
20.5675,-1.911340062,-97.14068387
20.568,-1.923611908,-100.9773507
20.5685,-1.932815793,-99.63657523
20.569,-1.942019677,-98.49691603
20.5695,-1.951223562,-97.52820572
20.57,-1.963495408,-101.3067443
20.5705,-1.972699293,-99.91655976
20.571,-1.98497114,-103.3368453
20.5715,-1.994175024,-101.6421456
20.572,-2.003378909,-100.2016508
20.5725,-2.015650755,-103.5791726
20.573,-2.02485464,-101.8481238
20.5735,-2.034058525,-100.3767324
20.574,-2.046330371,-103.727992
20.5745,-2.055534256,-101.9746203
20.575,-2.067806102,-105.0861967
20.5755,-2.077009987,-103.1290943
20.576,-2.086213872,-101.4655572
20.5765,-2.098485718,-104.6534931
20.577,-2.107689603,-102.7612962
20.5775,-2.119961449,-105.7548712
20.578,-2.129165334,-103.6974676
20.5785,-2.14143718,-106.5506169
20.579,-2.150641065,-104.3738515
20.5795,-2.162912911,-107.1255432
20.58,-2.175184757,-109.4644812
20.5805,-2.184388642,-106.8506361
20.581,-2.196660488,-109.2308101
20.5815,-2.205864373,-106.6520157
20.582,-2.218136219,-109.0619828
20.5825,-2.230408066,-111.1104548
20.583,-2.23961195,-108.2497137
20.5835,-2.251883797,-110.4200261
20.584,-2.264155643,-112.2647916
20.5845,-2.276427489,-113.8328424
20.585,-2.285631374,-110.5637431
20.5855,-2.29790322,-112.3869511
20.586,-2.310175067,-113.9366779
20.5865,-2.322446913,-115.2539456
20.587,-2.331650798,-111.7716809
20.5875,-2.343922644,-113.4136982
20.588,-2.35619449,-114.8094129
20.5885,-2.368466336,-115.9957704
20.589,-2.380738183,-117.0041743
20.5895,-2.393010029,-117.8613176
20.59,-2.405281875,-118.5898894
20.5905,-2.417553722,-119.2091755
20.591,-2.429825568,-119.7355686
20.5915,-2.445165376,-124.7849451
20.592,-2.457437222,-124.4749728
20.5925,-2.469709068,-124.2114964
20.593,-2.481980915,-123.9875414
20.5935,-2.497320723,-128.399122
20.594,-2.509592569,-127.5470231
20.5945,-2.521864415,-126.8227391
20.595,-2.534136262,-126.2070977
20.5955,-2.549476069,-130.2857449
20.596,-2.561747916,-129.1506526
20.5965,-2.574019762,-128.1858242
20.597,-2.58935957,-131.9676624
20.5975,-2.601631416,-130.5802825
20.598,-2.616971224,-134.0029519
20.5985,-2.62924307,-132.3102786
20.599,-2.644582878,-135.4734486
20.5995,-2.656854725,-133.5602008
20.6,-2.672194532,-136.5358825
20.6005,-2.684466379,-134.4632696
20.601,-2.699806187,-137.3034909
20.6015,-2.712078033,-135.1157368
20.602,-2.727417841,-137.8580881
20.6025,-2.739689687,-135.5871443
20.603,-2.755029495,-138.2587845
20.6035,-2.767301341,-135.9277363
20.604,-2.782641149,-138.5482876
20.6045,-2.794912996,-136.1738139
20.605,-2.810252803,-138.7574537
20.6055,-2.82252465,-136.3516051
20.606,-2.837864458,-138.9085761
20.6065,-2.850136304,-136.4800592
20.607,-2.865476112,-139.0177621
20.6075,-2.88081592,-141.1748096
20.608,-2.893087766,-138.4063576
20.6085,-2.908427574,-140.6551158
20.609,-2.92069942,-137.9646179
20.6095,-2.932971266,-135.6776947
20.61,-2.948311074,-138.3357523
20.6105,-2.960582921,-135.9931589
20.611,-2.975922728,-138.6038969
20.6115,-2.988194575,-136.2210818
20.612,-3.003534383,-138.7976313
20.6125,-3.015806229,-136.3857561
20.613,-3.028078075,-134.3356621
20.6135,-3.043417883,-137.1950246
20.614,-3.055689729,-135.0235404
20.6145,-3.071029537,-137.7797212
20.615,-3.083301384,-135.5205324
20.6155,-3.09557323,-133.600222
20.616,-3.107845076,-131.9679582
20.6165,-3.123184884,-135.1824763
20.617,-3.13545673,-133.3128743
20.6175,-3.147728577,-131.7237126
20.618,-3.160000423,-130.3729252
20.6185,-3.175340231,-133.8266982
20.619,-3.187612077,-132.1604629
20.6195,-3.199883924,-130.7441629
20.62,-3.21215577,-129.540308
20.6205,-3.224427616,-128.5170312
20.621,-3.236699462,-127.647246
20.6215,-3.248971309,-126.9079285
20.622,-3.261243155,-126.2795087
20.6225,-3.273515001,-125.7453519
20.623,-3.285786848,-125.2913185
20.6235,-3.294990732,-120.3034479
20.624,-3.307262579,-120.6657001
20.6245,-3.319534425,-120.9736146
20.625,-3.32873831,-116.6333995
20.6255,-3.341010156,-117.546159
20.626,-3.350214041,-113.7200622
20.6265,-3.362485887,-115.0698224
20.627,-3.371689772,-111.6151761
20.6275,-3.383961618,-113.2806691
20.628,-3.393165503,-110.0943959
20.6285,-3.405437349,-111.9880059
20.629,-3.414641234,-108.9956321
20.6295,-3.42691308,-111.0540568
20.63,-3.436116965,-108.2017753
20.6305,-3.448388811,-110.3792785
20.631,-3.457592696,-107.6282138
20.6315,-3.466796581,-105.2898088
20.632,-3.476000465,-103.3021646
20.6325,-3.48520435,-101.612667
20.633,-3.497476196,-104.7785364
20.6335,-3.506680081,-102.867583
20.634,-3.515883966,-101.2432727
20.6345,-3.525087851,-99.86260886
20.635,-3.534291735,-98.68904462
20.6355,-3.546563582,-102.2934574
20.636,-3.555767466,-100.7552659
20.6365,-3.564971351,-99.44780308
20.637,-3.574175236,-98.33645971
20.6375,-3.583379121,-97.39181784
20.638,-3.592583005,-96.58887226
20.6385,-3.604854852,-100.5083109
20.639,-3.614058736,-99.23789133
20.6395,-3.623262621,-98.15803472
20.64,-3.632466506,-97.24015661
20.6405,-3.64167039,-96.45996021
20.641,-3.650874275,-95.79679327
20.6415,-3.66007816,-95.23310137
20.642,-3.672350006,-99.35590562
20.6425,-3.681553891,-98.25834687
20.643,-3.690757776,-97.32542193
20.6435,-3.69996166,-96.53243573
20.644,-3.709165545,-95.85839746
20.6445,-3.71836943,-95.28546493
20.645,-3.727573315,-94.79847228
20.6455,-3.736777199,-94.38452853
20.646,-3.745981084,-94.03267634
20.6465,-3.755184969,-93.73360198
20.647,-3.764388853,-93.47938878
20.6475,-3.773592738,-93.26330755
20.648,-3.782796623,-93.07963851
20.6485,-3.792000508,-92.92351982
20.649,-3.801204392,-92.79081894
20.6495,-3.810408277,-92.67802319
20.65,-3.819612162,-92.5821468
20.6505,-3.831884008,-97.10259424
20.651,-3.838019931,-91.74108983
20.6515,-3.847223816,-91.78575345
20.652,-3.856427701,-91.82371752
20.6525,-3.865631585,-91.85598698
20.653,-3.87483547,-91.88341603
20.6535,-3.884039355,-91.90673071
20.654,-3.89324324,-91.9265482
20.6545,-3.899379163,-87.3414507
20.655,-3.908583048,-88.04606018
20.6555,-3.917786932,-88.64497825
20.656,-3.926990817,-89.1540586
20.6565,-3.93312674,-84.98483454
20.657,-3.942330625,-86.04293645
20.6575,-3.95153451,-86.94232307
20.658,-3.957670433,-83.10485934
20.6585,-3.966874317,-84.44495753
20.659,-3.976078202,-85.58404099
20.6595,-3.982214125,-81.95031957
20.66,-3.99141801,-83.46359872
20.6605,-3.997553933,-80.14794364
20.661,-4.006757818,-81.93157919
20.6615,-4.012893741,-78.84572704
20.662,-4.022097626,-80.82469507
20.6625,-4.028233549,-77.90487554
20.663,-4.037437434,-80.0249713
20.6635,-4.043573357,-77.22511033
20.664,-4.04970928,-74.84522851
20.6645,-4.055845203,-72.82232896
20.665,-4.061981126,-71.10286434
20.6655,-4.068117049,-69.64131942
20.666,-4.074252973,-68.39900623
20.6665,-4.080388896,-67.34304003
20.667,-4.086524819,-66.44546875
20.6675,-4.092660742,-65.68253316
20.668,-4.098796665,-65.03403792
20.6685,-4.104932588,-64.48281696
20.669,-4.10800055,-59.41233678
20.6695,-4.114136473,-59.70437099
20.67,-4.120272396,-59.95260007
20.6705,-4.123340358,-55.56165242
20.671,-4.129476281,-56.43128928
20.6715,-4.132544243,-52.56853826
20.672,-4.135612204,-49.28519988
20.6725,-4.141748127,-51.09630463
20.673,-4.144816089,-48.0338013
20.6735,-4.14788405,-45.43067347
20.674,-4.154019974,-47.81995717
20.6745,-4.157087935,-45.24890596
20.675,-4.160155897,-43.06351243
20.6755,-4.163223858,-41.20592793
20.676,-4.16629182,-39.6269811
20.6765,-4.169359781,-38.2848763
20.677,-4.172427743,-37.14408722
20.6775,-4.175495705,-36.1744165
20.678,-4.178563666,-35.35019639
20.6785,-4.181631628,-34.64960929
20.679,-4.184699589,-34.05411026
20.6795,-4.187767551,-33.54793609
20.68,-4.187767551,-28.51574567
20.6805,-4.190835513,-28.84032619
20.681,-4.193903474,-29.11621962
20.6815,-4.193903474,-24.74878668
20.682,-4.196971436,-25.63841104
20.6825,-4.200039397,-26.39459175
20.683,-4.200039397,-22.43540299
20.6835,-4.203107359,-23.6720349
20.684,-4.203107359,-20.12122967
20.6845,-4.203107359,-17.10304522
20.685,-4.20617532,-19.1395308
20.6855,-4.20617532,-16.26860118
20.686,-4.20617532,-13.828311
20.6865,-4.209243282,-16.35600671
20.687,-4.209243282,-13.90260571
20.6875,-4.209243282,-11.81721485
20.688,-4.209243282,-10.04463262
20.6885,-4.209243282,-8.53793773
20.689,-4.212311244,-11.85918943
20.6895,-4.212311244,-10.08031102
20.69,-4.212311244,-8.568264366
20.6905,-4.212311244,-7.283024711
20.691,-4.212311244,-6.190571005
20.6915,-4.212311244,-5.261985354
20.692,-4.212311244,-4.472687551
20.6925,-4.212311244,-3.801784418
20.693,-4.212311244,-3.231516756
20.6935,-4.212311244,-2.746789242
20.694,-4.212311244,-2.334770856
20.6945,-4.212311244,-1.984555227
20.695,-4.212311244,-1.686871943
20.6955,-4.212311244,-1.433841152
20.696,-4.212311244,-1.218764979
20.6965,-4.212311244,-1.035950232
20.697,-4.212311244,-0.880557697
20.6975,-4.209243282,3.853468321
20.698,-4.209243282,3.275448073
20.6985,-4.209243282,2.784130862
20.699,-4.209243282,2.366511233
20.6995,-4.209243282,2.011534548
20.7,-4.209243282,1.709804366
20.7005,-4.20617532,6.055276074
20.701,-4.20617532,5.146984663
20.7015,-4.20617532,4.374936964
20.702,-4.203107359,8.320638783
20.7025,-4.203107359,7.072542965
20.703,-4.203107359,6.011661521
20.7035,-4.200039397,9.711854656
20.704,-4.200039397,8.255076458
20.7045,-4.196971436,11.61875735
20.705,-4.196971436,9.87594375
20.7055,-4.193903474,12.99649455
20.706,-4.193903474,11.04702037
20.7065,-4.190835513,13.99190968
20.707,-4.187767551,16.49506559
20.7075,-4.184699589,18.62274811
20.708,-4.184699589,15.8293359
20.7085,-4.181631628,18.05687788
20.709,-4.178563666,19.95028856
20.7095,-4.175495705,21.55968764
20.71,-4.172427743,22.92767686
20.7105,-4.169359781,24.09046769
20.711,-4.16629182,25.0788399
20.7115,-4.163223858,25.91895628
20.712,-4.160155897,26.6330552
20.7125,-4.154019974,31.84198165
20.713,-4.150952012,31.66762676
20.7135,-4.144816089,36.12136748
20.714,-4.141748127,35.30510472
20.7145,-4.138680166,34.61128138
20.715,-4.132544243,38.6234739
20.7155,-4.129476281,37.43189518
20.716,-4.123340358,41.02099563
20.7165,-4.117204435,44.07173101
20.717,-4.114136473,42.06291372
20.7175,-4.10800055,44.95736139
20.718,-4.104932588,42.81569955
20.7185,-4.098796665,45.59722934
20.719,-4.092660742,47.96152967
20.7195,-4.086524819,49.97118494
20.72,-4.083456857,47.07744957
20.7205,-4.077320934,49.21971686
20.721,-4.071185011,51.04064406
20.7215,-4.065049088,52.58843218
20.722,-4.058913165,53.90405208
20.7225,-4.052777242,55.02232899
20.723,-4.046641318,55.97286437
20.7235,-4.040505395,56.78081944
20.724,-4.034369472,57.46758125
20.7245,-4.028233549,58.05132879
20.725,-4.022097626,58.5475142
20.7255,-4.015961703,58.9692718
20.726,-4.00982578,59.32776576
20.7265,-4.003689856,59.63248562
20.727,-3.997553933,59.8914975
20.7275,-3.988350049,64.71359997
20.728,-3.982214125,64.2104447
20.7285,-3.976078202,63.78276272
20.729,-3.966874317,68.02117541
20.7295,-3.960738394,67.02188382
20.73,-3.95153451,70.77442834
20.7305,-3.945398586,69.36214882
20.731,-3.936194702,72.76365358
20.7315,-3.930058779,71.05299027
20.732,-3.920854894,74.20086882
20.7325,-3.911651009,76.87656559
20.733,-3.905515086,74.54896548
20.7335,-3.896311201,77.17244775
20.734,-3.887107317,79.40240768
20.7345,-3.877903432,81.29787362
20.735,-3.868699547,82.90901967
20.7355,-3.859495662,84.27849381
20.736,-3.850291778,85.44254683
20.7365,-3.841087893,86.43199189
20.737,-3.831884008,87.2730202
20.7375,-3.819612162,92.58983663
20.738,-3.810408277,92.50718822
20.7385,-3.801204392,92.43693708
20.739,-3.788932546,96.97916597
20.7395,-3.779728661,96.23811817
20.74,-3.770524777,95.60822753
20.7405,-3.75825293,99.67476286
20.741,-3.749049046,98.52937552
20.7415,-3.736777199,102.1577386
20.742,-3.724505353,105.2418473
20.7425,-3.715301468,103.2613973
20.743,-3.703029622,106.1799572
20.7435,-3.690757776,108.660733
20.744,-3.681553891,106.1674502
20.7445,-3.669282045,108.6501021
20.745,-3.657010198,110.7603562
20.7455,-3.644738352,112.5540723
20.746,-3.635534467,109.4767885
20.7465,-3.623262621,111.4630397
20.747,-3.610990775,113.1513532
20.7475,-3.598718928,114.5864197
20.748,-3.586447082,115.8062262
20.7485,-3.574175236,116.8430617
20.749,-3.564971351,113.1224295
20.7495,-3.552699505,114.5618346
20.75,-3.540427658,115.7853288
20.7505,-3.528155812,116.825299
20.751,-3.518951927,113.1073312
20.7515,-3.506680081,114.549001
20.752,-3.494408235,115.7744203
20.7525,-3.482136389,116.8160267
20.753,-3.472932504,113.0994498
20.7535,-3.460660657,114.5423018
20.754,-3.448388811,115.768726
20.7545,-3.439184926,112.2092442
20.755,-3.42691308,113.785627
20.7555,-3.414641234,115.1255524
20.756,-3.402369388,116.264489
20.7565,-3.393165503,112.6306427
20.757,-3.380893656,114.1438158
20.7575,-3.36862181,115.4300129
20.758,-3.359417925,111.921338
20.7585,-3.347146079,113.5409068
20.759,-3.334874233,114.9175402
20.7595,-3.325670348,111.4857363
20.76,-3.313398502,113.1706453
20.7605,-3.301126656,114.6028179
20.761,-3.291922771,111.2182223
20.7615,-3.279650924,112.9432585
20.762,-3.267379078,114.4095391
20.7625,-3.255107232,115.6558777
20.763,-3.245903347,112.1133232
20.7635,-3.233631501,113.7040941
20.764,-3.221359655,115.0562495
20.7645,-3.209087808,116.2055815
20.765,-3.196815962,117.1825137
20.7655,-3.187612077,113.4109638
20.766,-3.175340231,114.8070887
20.7665,-3.163068385,115.9937948
20.767,-3.150796538,117.002495
20.7675,-3.138524692,117.8598902
20.768,-3.129320807,113.9867338
20.7685,-3.117048961,115.2964932
20.769,-3.104777115,116.4097887
20.7695,-3.092505268,117.3560898
20.77,-3.083301384,113.5585034
20.7705,-3.071029537,114.9324974
20.771,-3.058757691,116.1003922
20.7715,-3.046485845,117.0931028
20.772,-3.034213998,117.9369069
20.7725,-3.021942152,118.6541403
20.773,-3.012738267,114.6618463
20.7735,-3.000466421,115.8703388
20.774,-2.988194575,116.8975575
20.7745,-2.97899069,113.1687509
20.775,-2.966718844,114.6012078
20.7755,-2.954446997,115.818796
20.776,-2.945243113,112.2518037
20.7765,-2.932971266,113.8218026
20.777,-2.923767382,110.5543593
20.7775,-2.911495535,112.3789749
20.778,-2.899223689,113.9298981
20.7785,-2.890019804,110.6462405
20.779,-2.877747958,112.4570739
20.7795,-2.868544073,109.3943399
20.78,-2.856272227,111.3929583
20.7805,-2.844000381,113.091784
20.781,-2.834796496,109.9338435
20.7815,-2.82252465,111.8515365
20.782,-2.810252803,113.4815754
20.7825,-2.797980957,114.8671086
20.783,-2.788777072,111.4428694
20.7835,-2.776505226,113.1342084
20.784,-2.76423338,114.5718466
20.7845,-2.755029495,111.1918967
20.785,-2.742757649,112.9208817
20.7855,-2.730485802,114.3905189
20.786,-2.718213956,115.6397105
20.7865,-2.709010071,112.099581
20.787,-2.696738225,113.6924133
20.7875,-2.684466379,115.0463208
20.788,-2.672194532,116.1971421
20.7885,-2.659922686,117.1753402
20.789,-2.64765084,118.0068087
20.7895,-2.635378994,118.7135568
20.79,-2.623107147,119.3142928
20.7905,-2.610835301,119.8249183
20.791,-2.598563455,120.25895
20.7915,-2.586291608,120.627877
20.792,-2.574019762,120.9414649
20.7925,-2.561747916,121.2080146
20.793,-2.549476069,121.4345819
20.7935,-2.537204223,121.627164
20.794,-2.524932377,121.7908589
20.7945,-2.512660531,121.9299995
20.795,-2.500388684,122.048269
20.7955,-2.488116838,122.1487981
20.796,-2.475844992,122.2342479
20.7965,-2.463573145,122.3068801
20.797,-2.451301299,122.3686176
20.7975,-2.439029453,122.4210944
20.798,-2.423689645,127.0676421
20.7985,-2.411417799,126.4152652
20.799,-2.402213914,121.2588025
20.7995,-2.389942068,121.4777516
20.8,-2.377670221,121.6638583
20.8005,-2.365398375,121.822049
20.801,-2.353126529,121.9565111
20.8015,-2.340854682,122.0708039
20.802,-2.328582836,122.1679528
20.8025,-2.319378951,117.6485869
20.803,-2.307107105,118.4090684
20.8035,-2.294835259,119.0554776
20.804,-2.285631374,115.002983
20.8045,-2.273359528,116.160305
20.805,-2.261087681,117.1440287
20.8055,-2.251883797,113.3782515
20.806,-2.242679912,110.1773409
20.8065,-2.230408066,112.0585092
20.807,-2.221204181,109.0555599
20.8075,-2.212000296,106.503053
20.808,-2.19972845,108.9353645
20.8085,-2.190524565,106.4008869
20.809,-2.18132068,104.246581
20.8095,-2.172116796,102.4154209
20.81,-2.162912911,100.8589349
20.8105,-2.153709026,99.53592174
20.811,-2.144505141,98.41136057
20.8115,-2.135301257,97.45548357
20.812,-2.126097372,96.64298813
20.8125,-2.119961449,91.35042464
20.813,-2.110757564,91.45368803
20.8135,-2.101553679,91.54146192
20.814,-2.095417756,87.01412736
20.8145,-2.086213872,87.76783534
20.815,-2.080077948,83.80654477
20.8155,-2.070874064,85.04139015
20.816,-2.06473814,81.48906635
20.8165,-2.055534256,83.07153349
20.817,-2.049398333,79.81468819
20.8175,-2.040194448,81.64831206
20.818,-2.034058525,78.60494997
20.8185,-2.027922602,76.01809221
20.819,-2.018718717,78.42120547
20.8195,-2.012582794,75.86190937
20.82,-2.006446871,73.68650769
20.8205,-1.997242986,76.43935863
20.821,-1.991107063,74.17733956
20.8215,-1.98497114,72.25462336
20.822,-1.978835216,70.62031458
20.8225,-1.972699293,69.23115212
20.823,-1.963495408,72.65230639
20.8235,-1.957359485,70.95834516
20.824,-1.951223562,69.51847811
20.8245,-1.945087639,68.29459112
20.825,-1.938951716,67.25428718
20.8255,-1.932815793,66.37002883
20.826,-1.92667987,65.61840924
20.8265,-1.920543946,64.97953258
20.827,-1.914408023,64.43648742
20.8275,-1.9082721,63.97489903
20.828,-1.902136177,63.58254891
20.8285,-1.896000254,63.2490513
20.829,-1.889864331,62.96557833
20.8295,-1.883728408,62.72462631
20.83,-1.877592484,62.51981709
20.8305,-1.871456561,62.34572925
20.831,-1.865320638,62.19775459
20.8315,-1.859184715,62.07197613
20.832,-1.853048792,61.96506444
20.8325,-1.846912869,61.8741895
20.833,-1.840776945,61.7969458
20.8335,-1.837708984,57.1293463
20.834,-1.831573061,57.76382908
20.8345,-1.825437138,58.30313944
20.835,-1.819301214,58.76155325
20.8355,-1.816233253,54.54926263
20.836,-1.81009733,55.57075796
20.8365,-1.803961407,56.439029
20.837,-1.800893445,52.57511701
20.8375,-1.794757522,53.89273419
20.838,-1.79168956,50.41076642
20.8385,-1.785553637,52.05303619
20.839,-1.779417714,53.44896549
20.8395,-1.776349752,50.03356303
20.84,-1.770213829,51.7324133
20.8405,-1.767145868,48.57449367
20.841,-1.764077906,45.89026198
20.8415,-1.757941983,48.21060741
20.842,-1.754874021,45.58095866
20.8425,-1.748738098,47.94769959
20.843,-1.745670137,45.35748702
20.8435,-1.742602175,43.15580633
20.844,-1.736466252,45.88632011
20.8445,-1.73339829,43.60531445
20.845,-1.730330329,41.66645965
20.8455,-1.727262367,40.01843307
20.846,-1.724194406,38.61761047
20.8465,-1.718058482,42.02885363
20.847,-1.714990521,40.32646795
20.8475,-1.711922559,38.87944012
20.848,-1.708854598,37.64946646
20.8485,-1.705786636,36.60398886
20.849,-1.702718675,35.71533289
20.8495,-1.699650713,34.95997532
20.85,-1.696582751,34.31792139
20.8505,-1.69351479,33.77217554
20.851,-1.690446828,33.30829158
20.8515,-1.687378867,32.9139902
20.852,-1.687378867,27.97689167
20.8525,-1.684310905,28.38230029
20.853,-1.681242944,28.72689761
20.8535,-1.678174982,29.01980533
20.854,-1.67510702,29.26877689
20.8545,-1.67510702,24.87846036
20.855,-1.672039059,25.74863367
20.8555,-1.668971097,26.48828098
20.856,-1.668971097,22.51503883
20.8565,-1.665903136,23.73972537
20.857,-1.665903136,20.17876657
20.8575,-1.662835174,21.75389395
20.858,-1.662835174,18.49080985
20.8585,-1.659767212,20.31913074
20.859,-1.659767212,17.27126113
20.8595,-1.656699251,19.28251432
20.86,-1.656699251,16.39013717
20.8605,-1.656699251,13.9316166
20.861,-1.653631289,16.44381647
20.8615,-1.653631289,13.977244
20.862,-1.653631289,11.8806574
20.8625,-1.653631289,10.09855879
20.863,-1.650563328,13.18571734
20.8635,-1.650563328,11.20785974
20.864,-1.650563328,9.526680775
20.8645,-1.650563328,8.097678659
20.865,-1.650563328,6.88302686
20.8655,-1.650563328,5.850572831
20.866,-1.650563328,4.972986906
20.8665,-1.650563328,4.22703887
20.867,-1.650563328,3.59298304
20.8675,-1.650563328,3.054035584
20.868,-1.650563328,2.595930246
20.8685,-1.650563328,2.206540709
20.869,-1.650563328,1.875559603
20.8695,-1.650563328,1.594225663
20.87,-1.650563328,1.355091813
20.8705,-1.650563328,1.151828041
20.871,-1.650563328,0.979053835
20.8715,-1.650563328,0.83219576
20.872,-1.650563328,0.707366396
20.8725,-1.650563328,0.601261436
20.873,-1.650563328,0.511072221
20.8735,-1.650563328,0.434411388
20.874,-1.653631289,-4.232692684
20.8745,-1.653631289,-3.597788781
20.875,-1.653631289,-3.058120464
20.8755,-1.656699251,-7.201344758
20.876,-1.656699251,-6.121143044
20.8765,-1.656699251,-5.202971588
20.877,-1.659767212,-9.024468213
20.8775,-1.659767212,-7.670797981
20.878,-1.662835174,-11.12212065
20.8785,-1.662835174,-9.453802551
20.879,-1.665903136,-12.63767453
20.8795,-1.668971097,-15.34396572
20.88,-1.668971097,-13.04237086
20.8805,-1.672039059,-15.68795759
20.881,-1.67510702,-17.93670632
20.8815,-1.678174982,-19.84814273
20.882,-1.681242944,-21.47286369
20.8825,-1.681242944,-18.25193413
20.883,-1.684310905,-20.11608638
20.8835,-1.687378867,-21.70061578
20.884,-1.690446828,-23.04746578
20.8845,-1.69351479,-24.19228828
20.885,-1.696582751,-25.1653874
20.8855,-1.699650713,-25.99252165
20.886,-1.702718675,-26.69558577
20.8865,-1.708854598,-31.89513263
20.887,-1.711922559,-31.7128051
20.8875,-1.714990521,-31.5578267
20.888,-1.718058482,-31.42609506
20.8885,-1.721126444,-31.31412316
20.889,-1.727262367,-35.82088942
20.8895,-1.730330329,-35.04969837
20.89,-1.736466252,-38.99612834
20.8905,-1.739534213,-37.74865145
20.891,-1.742602175,-36.6882961
20.8915,-1.748738098,-40.38893641
20.892,-1.75180606,-38.93253831
20.8925,-1.757941983,-42.29654229
20.893,-1.764077906,-45.15594568
20.8935,-1.767145868,-42.98449619
20.894,-1.773281791,-45.74070649
20.8945,-1.776349752,-43.48154288
20.895,-1.782485676,-46.16319617
20.8955,-1.785553637,-43.84065911
20.896,-1.79168956,-46.46844497
20.8965,-1.797825483,-48.70206295
20.897,-1.803961407,-50.60063824
20.8975,-1.81009733,-52.21442723
20.898,-1.816233253,-53.58614787
20.8985,-1.822369176,-54.75211042
20.899,-1.828505099,-55.74317858
20.8995,-1.831573061,-51.98364416
20.9,-1.837708984,-53.38998226
20.9005,-1.843844907,-54.58536965
20.901,-1.84998083,-55.60144893
20.9015,-1.856116753,-56.46511632
20.902,-1.862252676,-57.1992336
20.9025,-1.871456561,-62.42517565
20.903,-1.877592484,-62.26528403
20.9035,-1.883728408,-62.12937615
20.904,-1.889864331,-62.01385446
20.9045,-1.896000254,-61.91566102
20.905,-1.902136177,-61.83219659
20.9055,-1.911340062,-66.36319419
20.906,-1.917475985,-65.61259979
20.9065,-1.923611908,-64.97459455
20.907,-1.932815793,-69.03423246
20.9075,-1.938951716,-67.88298232
20.908,-1.948155601,-71.50636206
20.9085,-1.954291524,-69.98429248
20.909,-1.960427447,-68.69053333
20.9095,-1.969631332,-72.19278042
20.91,-1.975767255,-70.56774809
20.9105,-1.98497114,-73.78841297
20.911,-1.994175024,-76.52597811
20.9115,-2.000310947,-74.25096612
20.912,-2.009514832,-76.9191483
20.9125,-2.015650755,-74.58516078
20.913,-2.02485464,-77.20321375
20.9135,-2.034058525,-79.42855878
20.914,-2.040194448,-76.71815969
20.9145,-2.049398333,-79.01626283
20.915,-2.058602217,-80.96965049
20.9155,-2.06473814,-78.02808765
20.916,-2.073942025,-80.12970159
20.9165,-2.08314591,-81.91607344
20.917,-2.092349795,-83.43448952
20.9175,-2.098485718,-80.12320082
20.918,-2.107689603,-81.91054779
20.9185,-2.116893487,-83.42979271
20.919,-2.126097372,-84.72115089
20.9195,-2.135301257,-85.81880535
20.92,-2.144505141,-86.75181164
20.9205,-2.150641065,-82.94292462
20.921,-2.159844949,-84.30731302
20.9215,-2.169048834,-85.46704316
20.922,-2.178252719,-86.45281377
20.9225,-2.187456604,-87.2907188
20.923,-2.196660488,-88.00293807
20.9235,-2.205864373,-88.60832445
20.924,-2.215068258,-89.12290287
20.9245,-2.224272142,-89.56029453
20.925,-2.236543989,-94.53401981
20.9255,-2.245747873,-94.15974393
20.926,-2.254951758,-93.84160943
20.9265,-2.264155643,-93.57119511
20.927,-2.276427489,-97.9432853
20.9275,-2.285631374,-97.05761959
20.928,-2.294835259,-96.30480374
20.9285,-2.307107105,-100.2668526
20.929,-2.31631099,-99.03265183
20.9295,-2.325514874,-97.98358115
20.93,-2.337786721,-101.6938134
20.9305,-2.346990605,-100.2455685
20.931,-2.359262452,-103.6165027
20.9315,-2.368466336,-101.8798544
20.932,-2.380738183,-105.0056457
20.9325,-2.389942068,-103.0606259
20.933,-2.402213914,-106.0093015
20.9335,-2.411417799,-103.9137333
20.934,-2.423689645,-106.7344428
20.9345,-2.435961491,-109.1320458
20.935,-2.445165376,-106.5680661
20.9355,-2.457437222,-108.9906256
20.936,-2.466641107,-106.4478588
20.9365,-2.478912953,-108.8884495
20.937,-2.4911848,-110.9629515
20.9375,-2.500388684,-108.1243359
20.938,-2.512660531,-110.3134549
20.9385,-2.524932377,-112.1742062
20.939,-2.534136262,-109.1539023
20.9395,-2.546408108,-111.1885864
20.94,-2.558679954,-112.9180679
20.9405,-2.567883839,-109.7861848
20.941,-2.580155685,-111.7260266
20.9415,-2.592427532,-113.374892
20.942,-2.601631416,-110.1744853
20.9425,-2.613903263,-112.056082
20.943,-2.626175109,-113.6554391
20.9435,-2.635378994,-110.4129504
20.944,-2.64765084,-112.2587773
20.9445,-2.659922686,-113.8277301
20.945,-2.672194532,-115.1613401
20.9455,-2.681398417,-111.6929661
20.946,-2.693670264,-113.3467907
20.9465,-2.70594211,-114.7525415
20.947,-2.718213956,-115.9474298
20.9475,-2.727417841,-112.3611424
20.948,-2.739689687,-113.9147405
20.9485,-2.748893572,-110.6333565
20.949,-2.761165418,-112.4461225
20.9495,-2.773437264,-113.9869736
20.95,-2.782641149,-110.6947546
20.9505,-2.794912996,-112.4983109
20.951,-2.807184842,-114.0313337
20.9515,-2.816388727,-110.7324607
20.952,-2.828660573,-112.5303611
20.9525,-2.840932419,-114.0585764
20.953,-2.850136304,-110.755617
20.9535,-2.86240815,-112.5500439
20.954,-2.874679996,-114.0753068
20.9545,-2.883883881,-110.7698379
20.955,-2.896155728,-112.5621316
20.9555,-2.905359612,-109.483639
20.956,-2.917631459,-111.4688626
20.9565,-2.929903305,-113.1563027
20.957,-2.93910719,-109.9886843
20.9575,-2.951379036,-111.8981511
20.958,-2.960582921,-108.9192556
20.9585,-2.972854767,-110.9891367
20.959,-2.985126613,-112.7485356
20.9595,-2.994330498,-109.6420824
20.96,-3.006602344,-111.6035395
20.9605,-3.015806229,-108.6688356
20.961,-3.028078075,-110.7762798
20.9615,-3.03728196,-107.9656649
20.962,-3.049553806,-110.1785846
20.9625,-3.058757691,-107.457624
20.963,-3.071029537,-109.7467499
20.9635,-3.080233422,-107.0905645
20.964,-3.092505268,-109.4347493
20.9645,-3.101709153,-106.825364
20.965,-3.110913038,-104.6073865
20.9655,-3.123184884,-107.3240479
20.966,-3.132388769,-105.0312678
20.9665,-3.141592654,-103.0824048
20.967,-3.150796538,-101.4258711
20.9675,-3.160000423,-100.0178176
20.968,-3.172272269,-103.4229144
20.9685,-3.181476154,-101.7153043
20.969,-3.190680039,-100.2638358
20.9695,-3.199883924,-99.03008748
20.97,-3.209087808,-97.98140145
20.9705,-3.221359655,-101.6919607
20.971,-3.230563539,-100.2439937
20.9715,-3.239767424,-99.01322172
20.972,-3.248971309,-97.96706555
20.9725,-3.258175193,-97.07783281
20.973,-3.267379078,-96.32198498
20.9735,-3.276582963,-95.67951432
20.974,-3.285786848,-95.13341426
20.9745,-3.294990732,-94.66922922
20.975,-3.304194617,-94.27467192
20.9755,-3.313398502,-93.93929823
20.976,-3.322602387,-93.65423058
20.9765,-3.331806271,-93.41192309
20.977,-3.341010156,-93.20596172
20.9775,-3.350214041,-93.03089455
20.978,-3.359417925,-92.88208746
20.9785,-3.36862181,-92.75560143
20.979,-3.377825695,-92.64808831
20.9795,-3.38702958,-92.55670215
20.98,-3.396233464,-92.47902392
20.9805,-3.405437349,-92.41299742
20.981,-3.414641234,-92.3568749
20.9815,-3.423845119,-92.30917076
20.982,-3.433049003,-92.26862223
20.9825,-3.442252888,-92.23415599
20.983,-3.451456773,-92.20485968
20.9835,-3.460660657,-92.17995782
20.984,-3.469864542,-92.15879124
20.9845,-3.476000465,-87.53885728
20.985,-3.48520435,-88.21385578
20.9855,-3.494408235,-88.7876045
20.986,-3.500544158,-84.67334856
20.9865,-3.509748043,-85.77817336
20.987,-3.518951927,-86.71727445
20.9875,-3.525087851,-82.91356801
20.988,-3.534291735,-84.2823599
20.9885,-3.54349562,-85.445833
20.989,-3.549631543,-81.83284278
20.9895,-3.558835428,-83.36374346
20.99,-3.564971351,-80.06306666
20.9905,-3.574175236,-81.85943376
20.991,-3.580311159,-78.78440342
20.9915,-3.589515044,-80.77257
20.992,-3.595650967,-77.86056923
20.9925,-3.604854852,-79.98731093
20.993,-3.610990775,-77.19309902
20.9935,-3.617126698,-74.81801889
20.994,-3.626330583,-77.40114315
20.9945,-3.632466506,-74.99485641
20.995,-3.64167039,-77.55145504
20.9955,-3.647806314,-75.12262151
20.996,-3.653942237,-73.05811301
20.9965,-3.66007816,-71.30328078
20.997,-3.666214083,-69.81167339
20.9975,-3.672350006,-68.54380711
20.998,-3.681553891,-72.06806314
20.9985,-3.687689814,-70.46173839
20.999,-3.693825737,-69.09636236
20.9995,-3.69996166,-67.93579273
21,-3.706097584,-66.94930855
21.0005,-3.712233507,-66.110797
21.001,-3.71836943,-65.39806217
21.0015,-3.724505353,-64.79223758
21.002,-3.730641276,-64.27728667
21.0025,-3.736777199,-63.83957839
21.003,-3.742913122,-63.46752636
21.0035,-3.745981084,-58.54933977
21.004,-3.752117007,-58.97082353
21.0045,-3.75825293,-59.32908473
21.005,-3.764388853,-59.63360675
21.0055,-3.770524777,-59.89245046
21.006,-3.7766607,-60.11246762
21.0065,-3.779728661,-55.69753984
21.007,-3.785864585,-56.54679359
21.0075,-3.792000508,-57.26865928
21.008,-3.795068469,-53.28030275
21.0085,-3.801204392,-54.49214207
21.009,-3.804272354,-50.92026312
21.0095,-3.810408277,-52.48610838
21.01,-3.813476239,-49.21513449
21.0105,-3.819612162,-51.03674904
21.011,-3.822680123,-47.98317905
21.0115,-3.825748085,-45.38764455
21.012,-3.831884008,-47.7833826
21.0125,-3.83495197,-45.21781757
21.013,-3.838019931,-43.0370873
21.0135,-3.844155854,-45.78540893
21.014,-3.847223816,-43.51953996
21.0145,-3.850291778,-41.59355133
21.015,-3.853359739,-39.95646099
21.0155,-3.856427701,-38.56493421
21.016,-3.862563624,-41.9840788
21.0165,-3.865631585,-40.28840935
21.017,-3.868699547,-38.84709031
21.0175,-3.871767509,-37.62196913
21.018,-3.871767509,-31.97867376
21.0185,-3.87483547,-31.78381506
21.019,-3.877903432,-31.61818516
21.0195,-3.880971393,-31.47739975
21.02,-3.884039355,-31.35773215
21.0205,-3.887107317,-31.25601469
21.021,-3.887107317,-26.56761249
21.0215,-3.890175278,-27.18441298
21.022,-3.89324324,-27.7086934
21.0225,-3.89324324,-23.55238939
21.023,-3.896311201,-24.62147334
21.0235,-3.899379163,-25.5301947
21.024,-3.899379163,-21.7006655
21.0245,-3.902447124,-23.04750804
21.025,-3.902447124,-19.59038183
21.0255,-3.902447124,-16.65182456
21.026,-3.905515086,-18.75599324
21.0265,-3.905515086,-15.94259425
21.027,-3.905515086,-13.55120511
21.0275,-3.908583048,-16.12046671
21.028,-3.908583048,-13.7023967
21.0285,-3.908583048,-11.6470372
21.029,-3.908583048,-9.899981619
21.0295,-3.911651009,-13.01692674
21.03,-3.911651009,-11.06438773
21.0305,-3.911651009,-9.404729569
21.031,-3.911651009,-7.994020134
21.0315,-3.911651009,-6.794917114
21.032,-3.911651009,-5.775679547
21.0325,-3.911651009,-4.909327615
21.033,-3.911651009,-4.172928473
21.0335,-3.911651009,-3.546989202
21.034,-3.911651009,-3.014940821
21.0345,-3.911651009,-2.562699698
21.035,-3.911651009,-2.178294743
21.0355,-3.911651009,-1.851550532
21.036,-3.911651009,-1.573817952
21.0365,-3.911651009,-1.337745259
21.037,-3.908583048,3.464858893
21.0375,-3.908583048,2.945130059
21.038,-3.908583048,2.50336055
21.0385,-3.908583048,2.127856468
21.039,-3.908583048,1.808677998
21.0395,-3.905515086,6.139318662
21.04,-3.905515086,5.218420862
21.0405,-3.905515086,4.435657733
21.041,-3.905515086,3.770309073
21.0415,-3.902447124,7.806705076
21.042,-3.902447124,6.635699314
21.0425,-3.902447124,5.640344417
21.043,-3.899379163,9.396235118
21.0435,-3.899379163,7.986799851
21.044,-3.896311201,11.39072224
21.0445,-3.896311201,9.682113901
21.045,-3.89324324,12.83173918
21.0455,-3.89324324,10.9069783
21.046,-3.890175278,13.87287392
21.0465,-3.887107317,16.3938852
21.047,-3.884039355,18.53674478
21.0475,-3.884039355,15.75623306
21.048,-3.880971393,17.99474047
21.0485,-3.877903432,19.89747176
21.049,-3.87483547,21.51479336
21.0495,-3.871767509,22.88951672
21.05,-3.868699547,24.05803158
21.0505,-3.865631585,25.0512692
21.051,-3.862563624,25.89552119
21.0515,-3.859495662,26.61313537
21.052,-3.856427701,27.22310743
21.0525,-3.853359739,27.74158368
21.053,-3.847223816,32.78423085
21.0535,-3.844155854,32.46853859
21.054,-3.838019931,36.80214253
21.0545,-3.83495197,35.88376351
21.055,-3.831884008,35.10314135
21.0555,-3.825748085,39.04155487
21.056,-3.822680123,37.78726401
21.0565,-3.8165442,41.32305913
21.057,-3.813476239,39.72654263
21.0575,-3.807340316,42.97144596
21.058,-3.801204392,45.72961379
21.0585,-3.795068469,48.07405645
21.059,-3.792000508,45.46489035
21.0595,-3.785864585,47.84904152
21.06,-3.779728661,49.87557002
21.0605,-3.773592738,51.59811925
21.061,-3.767456815,53.06228609
21.0615,-3.761320892,54.3068279
21.062,-3.755184969,55.36468844
21.0625,-3.749049046,56.2638699
21.063,-3.742913122,57.02817415
21.0635,-3.736777199,57.67783275
21.064,-3.730641276,58.23004257
21.0645,-3.724505353,58.69942091
21.065,-3.71836943,59.0983925
21.0655,-3.712233507,59.43751835
21.066,-3.703029622,64.32771769
21.0665,-3.696893699,63.88244476
21.067,-3.690757776,63.50396278
21.0675,-3.684621853,63.18225309
21.068,-3.675417968,67.51074222
21.0685,-3.669282045,66.58801561
21.069,-3.66007816,70.40564036
21.0695,-3.653942237,69.04867903
21.07,-3.644738352,72.49720427
21.0705,-3.638602429,70.82650836
21.071,-3.629398544,74.00835919
21.0715,-3.620194659,76.71293241
21.072,-3.614058736,74.40987727
21.0725,-3.604854852,77.05422277
21.073,-3.595650967,79.30191645
21.0735,-3.589515044,76.61051371
21.074,-3.580311159,78.92476374
21.0745,-3.571107274,80.89187627
21.075,-3.561903389,82.56392192
21.0755,-3.552699505,83.98516072
21.076,-3.546563582,80.59127134
21.0765,-3.537359697,82.30840773
21.077,-3.528155812,83.76797366
21.0775,-3.518951927,85.00860471
21.078,-3.509748043,86.06314109
21.0785,-3.500544158,86.95949702
21.079,-3.491340273,87.72139956
21.0795,-3.482136389,88.36901671
21.08,-3.472932504,88.9194913
21.0805,-3.463728619,89.38739469
21.081,-3.454524734,89.78511258
21.0815,-3.44532085,90.12317278
21.082,-3.436116965,90.41052396
21.0825,-3.42691308,90.65477246
21.083,-3.417709195,90.86238368
21.0835,-3.408505311,91.03885322
21.084,-3.399301426,91.18885233
21.0845,-3.390097541,91.31635157
21.085,-3.380893656,91.42472592
21.0855,-3.371689772,91.51684413
21.086,-3.362485887,91.5951446
21.0865,-3.353282002,91.6617
21.087,-3.344078118,91.71827209
21.0875,-3.334874233,91.76635837
21.088,-3.325670348,91.8072317
21.0885,-3.316466463,91.84197404
21.089,-3.307262579,91.87150502
21.0895,-3.298058694,91.89660636
21.09,-3.288854809,91.9179425
21.0905,-3.279650924,91.93607821
21.091,-3.27044704,91.95149357
21.0915,-3.261243155,91.96459663
21.092,-3.25203927,91.97573422
21.0925,-3.239767424,96.58714355
21.093,-3.230563539,95.9048991
21.0935,-3.221359655,95.32499133
21.094,-3.21215577,94.83206972
21.0945,-3.202951885,94.41308635
21.095,-3.190680039,98.65889286
21.0955,-3.181476154,97.66588602
21.096,-3.172272269,96.82183021
21.0965,-3.163068385,96.10438277
21.097,-3.150796538,100.0964948
21.0975,-3.141592654,98.88784768
21.098,-3.132388769,97.86049762
21.0985,-3.123184884,96.98725006
21.099,-3.113980999,96.24498965
21.0995,-3.101709153,100.2160107
21.1,-3.092505268,98.98943615
21.1005,-3.083301384,97.94684782
21.101,-3.074097499,97.06064773
21.1015,-3.061825653,100.90932
21.102,-3.052621768,99.57874912
21.1025,-3.043417883,98.44776384
21.103,-3.031146037,102.0883687
21.1035,-3.021942152,100.5809405
21.104,-3.012738267,99.29962652
21.1045,-3.003534383,98.21050963
21.105,-2.994330498,97.28476028
21.1055,-2.982058652,101.0998157
21.106,-2.972854767,99.74067043
21.1065,-2.963650882,98.58539695
21.107,-2.954446997,97.6034145
21.1075,-2.945243113,96.76872942
21.108,-2.936039228,96.0592471
21.1085,-2.926835343,95.45618712
21.109,-2.917631459,94.94358615
21.1095,-2.908427574,94.50787531
21.11,-2.899223689,94.13752111
21.1105,-2.890019804,93.82272003
21.111,-2.88081592,93.55513912
21.1115,-2.871612035,93.32769534
21.112,-2.86240815,93.13436813
21.1125,-2.853204265,92.97004
21.113,-2.844000381,92.83036109
21.1135,-2.834796496,92.71163402
21.114,-2.825592611,92.61071601
21.1145,-2.816388727,92.5249357
21.115,-2.807184842,92.45202243
21.1155,-2.797980957,92.39004616
21.116,-2.788777072,92.33736633
21.1165,-2.779573188,92.29258847
21.117,-2.770369303,92.25452729
21.1175,-2.761165418,92.22217529
21.118,-2.751961533,92.19467609
21.1185,-2.742757649,92.17130176
21.119,-2.730485802,96.75337595
21.1195,-2.721281918,96.04619665
21.12,-2.712078033,95.44509424
21.1205,-2.702874148,94.9341572
21.121,-2.693670264,94.49986071
21.1215,-2.684466379,94.13070869
21.122,-2.675262494,93.81692948
21.1225,-2.666058609,93.55021715
21.123,-2.653786763,97.92545403
21.1235,-2.644582878,97.04246302
21.124,-2.635378994,96.29192066
21.1245,-2.623107147,100.255902
21.125,-2.613903263,99.0233438
21.1255,-2.604699378,97.97566932
21.126,-2.595495493,97.08514602
21.1265,-2.583223647,100.9301436
21.127,-2.574019762,99.59644912
21.1275,-2.564815877,98.46280885
21.128,-2.552544031,102.101157
21.1285,-2.543340146,100.5918105
21.129,-2.534136262,99.30886603
21.1295,-2.524932377,98.21836322
21.13,-2.512660531,101.8933782
21.1305,-2.503456646,100.4151986
21.131,-2.494252761,99.15874586
21.1315,-2.481980915,102.6927034
21.132,-2.47277703,101.094625
21.1325,-2.463573145,99.73625835
21.133,-2.451301299,103.1835891
21.1335,-2.442097414,101.5118778
21.134,-2.429825568,104.6928656
21.1345,-2.420621683,102.7947628
21.135,-2.408349837,105.7833179
21.1355,-2.399145952,103.7216473
21.136,-2.389942068,101.9692273
21.1365,-2.377670221,105.0816126
21.137,-2.368466336,103.1251978
21.1375,-2.359262452,101.4622452
21.138,-2.350058567,100.0487356
21.1385,-2.337786721,103.4491947
21.139,-2.328582836,101.7376426
21.1395,-2.319378951,100.2828233
21.14,-2.307107105,103.6481692
21.1405,-2.29790322,101.9067709
21.141,-2.288699336,100.4265824
21.1415,-2.279495451,99.16842212
21.142,-2.270291566,98.09898589
21.1425,-2.25801972,101.7919075
21.143,-2.248815835,100.3289484
21.1435,-2.23961195,99.08543326
21.144,-2.230408066,98.02844536
21.1445,-2.221204181,97.13000565
21.145,-2.212000296,96.36633189
21.1455,-2.202796411,95.7172092
21.146,-2.193592527,95.16545491
21.1465,-2.184388642,94.69646377
21.147,-2.175184757,94.29782129
21.1475,-2.165980872,93.95897519
21.148,-2.156776988,93.670956
21.1485,-2.150641065,88.82419733
21.149,-2.14143718,89.30639482
21.1495,-2.132233295,89.71626269
21.15,-2.126097372,85.46270801
21.1505,-2.116893487,86.4491289
21.151,-2.110757564,82.68564429
21.1515,-2.104621641,79.48668238
21.152,-2.098485718,76.76756475
21.1525,-2.089281833,79.05825713
21.153,-2.08314591,76.40340328
21.1535,-2.077009987,74.14677752
21.154,-2.070874064,72.22864562
21.1545,-2.06473814,70.5982335
21.155,-2.058602217,69.21238321
21.1555,-2.052466294,68.03441045
21.156,-2.046330371,67.03313361
21.1565,-2.040194448,66.1820483
21.157,-2.034058525,65.45862578
21.1575,-2.027922602,64.84371664
21.158,-2.021786678,64.32104387
21.1585,-2.015650755,63.87677202
21.159,-2.009514832,63.49914094
21.1595,-2.003378909,63.17815453
21.16,-1.997242986,62.90531608
21.1605,-1.991107063,62.67340339
21.161,-1.988039101,57.87433525
21.1615,-1.981903178,58.39706969
21.162,-1.975767255,58.84139396
21.1625,-1.972699293,54.61712723
21.163,-1.96656337,55.62844287
21.1635,-1.960427447,56.48806117
21.164,-1.957359485,52.61679436
21.1645,-1.951223562,53.92815993
21.165,-1.948155601,50.44087831
21.1655,-1.942019677,52.07863129
21.166,-1.938951716,48.86877896
21.1665,-1.932815793,50.74234684
21.167,-1.929747831,47.73293718
21.1675,-1.923611908,49.77688133
21.168,-1.920543946,46.91229149
21.1685,-1.914408023,49.0793325
21.169,-1.911340062,46.31937499
21.1695,-1.9082721,43.9734111
21.17,-1.902136177,46.58128416
21.1705,-1.899068215,44.1960339
21.171,-1.896000254,42.16857118
21.1715,-1.892932292,40.44522787
21.172,-1.889864331,38.98038605
21.1725,-1.883728408,42.33721287
21.173,-1.880660446,40.5885733
21.1735,-1.877592484,39.10222967
21.174,-1.874524523,37.83883758
21.1745,-1.871456561,36.76495431
21.175,-1.8683886,35.85215353
21.1755,-1.865320638,35.07627286
21.176,-1.862252676,34.4167743
21.1765,-1.859184715,33.85620052
21.177,-1.859184715,28.77777044
21.1775,-1.856116753,29.06304724
21.178,-1.853048792,29.30553251
21.1785,-1.84998083,29.511645
21.179,-1.846912869,29.68684061
21.1795,-1.846912869,25.23381452
21.18,-1.843844907,26.05068471
21.1805,-1.840776945,26.74502437
21.181,-1.837708984,27.33521307
21.1815,-1.837708984,23.23493111
21.182,-1.834641022,24.35163381
21.1825,-1.834641022,20.69888874
21.183,-1.831573061,22.19599779
21.1835,-1.831573061,18.86659812
21.184,-1.828505099,20.63855077
21.1845,-1.828505099,17.54276815
21.185,-1.825437138,19.51329529
21.1855,-1.825437138,16.586301
21.186,-1.825437138,14.09835585
21.1865,-1.822369176,16.58554484
21.187,-1.822369176,14.09771311
21.1875,-1.822369176,11.98305614
21.188,-1.822369176,10.18559772
21.1885,-1.822369176,8.657758064
21.189,-1.819301214,11.96103672
21.1895,-1.819301214,10.16688121
21.19,-1.819301214,8.641849029
21.1905,-1.819301214,7.345571674
21.191,-1.819301214,6.243735923
21.1915,-1.819301214,5.307175535
21.192,-1.819301214,4.511099205
21.1925,-1.819301214,3.834434324
21.193,-1.819301214,3.259269175
21.1935,-1.819301214,2.770378799
21.194,-1.819301214,2.354821979
21.1945,-1.819301214,2.001598682
21.195,-1.819301214,1.70135888
21.1955,-1.819301214,1.446155048
21.196,-1.819301214,1.229231791
21.1965,-1.819301214,1.044847022
21.197,-1.822369176,-3.713822395
21.1975,-1.822369176,-3.156749036
21.198,-1.822369176,-2.68323668
21.1985,-1.822369176,-2.280751178
21.199,-1.825437138,-6.540580865
21.1995,-1.825437138,-5.559493735
21.2,-1.825437138,-4.725569675
21.2005,-1.828505099,-8.618676587
21.201,-1.828505099,-7.325875099
21.2015,-1.831573061,-10.8289362
21.202,-1.831573061,-9.204595768
21.2025,-1.834641022,-12.42584877
21.203,-1.837708984,-15.16391382
21.2035,-1.840776945,-17.49126911
21.204,-1.840776945,-14.86757874
21.2045,-1.843844907,-17.23938429
21.205,-1.846912869,-19.25541901
21.2055,-1.84998083,-20.96904852
21.206,-1.853048792,-22.42563361
21.2065,-1.856116753,-23.66373093
21.207,-1.856116753,-20.11417129
21.2075,-1.859184715,-21.69898796
21.208,-1.862252676,-23.04608213
21.2085,-1.8683886,-28.79305454
21.209,-1.871456561,-29.07603872
21.2095,-1.874524523,-29.31657528
21.21,-1.877592484,-29.52103135
21.2105,-1.880660446,-29.69481901
21.211,-1.883728408,-29.84253852
21.2115,-1.889864331,-34.57004247
21.212,-1.892932292,-33.98647846
21.2125,-1.896000254,-33.49044906
21.213,-1.902136177,-37.67076643
21.2135,-1.905204139,-36.62209383
21.214,-1.911340062,-40.33266448
21.2145,-1.914408023,-38.88470717
21.215,-1.917475985,-37.65394346
21.2155,-1.923611908,-41.20973667
21.216,-1.92667987,-39.63021853
21.2165,-1.932815793,-42.88957048
21.217,-1.938951716,-45.66001963
21.2175,-1.942019677,-43.41295905
21.218,-1.948155601,-46.10489992
21.2185,-1.954291524,-48.39304966
21.219,-1.957359485,-45.73603458
21.2195,-1.963495408,-48.07951412
21.22,-1.969631332,-50.07147173
21.2205,-1.975767255,-51.76463569
21.221,-1.981903178,-53.20382507
21.2215,-1.988039101,-54.42713604
21.222,-1.994175024,-55.46695036
21.2225,-2.000310947,-56.35079253
21.223,-2.006446871,-57.10205838
21.2235,-2.012582794,-57.74063435
21.224,-2.018718717,-58.28342392
21.2245,-2.02485464,-58.74479506
21.225,-2.030990563,-59.13696053
21.2255,-2.037126486,-59.47030118
21.226,-2.043262409,-59.75364073
21.2265,-2.049398333,-59.99447935
21.227,-2.058602217,-64.80113454
21.2275,-2.06473814,-64.28484908
21.228,-2.070874064,-63.84600645
21.2285,-2.080077948,-68.07493257
21.229,-2.086213872,-67.06757741
21.2295,-2.095417756,-70.81326789
21.23,-2.101553679,-69.39516244
21.2305,-2.107689603,-68.1897728
21.231,-2.116893487,-71.76713397
21.2315,-2.126097372,-74.80789096
21.232,-2.132233295,-72.79059205
21.2325,-2.14143718,-75.67783033
21.233,-2.147573103,-73.53004051
21.2335,-2.156776988,-76.30636152
21.234,-2.165980872,-78.66623439
21.2345,-2.172116796,-76.07018396
21.235,-2.18132068,-78.46548345
21.2355,-2.190524565,-80.50148803
21.236,-2.19972845,-82.23209191
21.2365,-2.205864373,-79.10116285
21.237,-2.215068258,-81.04181552
21.2375,-2.224272142,-82.69137028
21.238,-2.233476027,-84.09349183
21.2385,-2.242679912,-85.28529515
21.239,-2.251883797,-86.29832796
21.2395,-2.261087681,-87.15940586
21.24,-2.270291566,-87.89132207
21.2405,-2.282563412,-93.11539322
21.241,-2.291767297,-92.95391132
21.2415,-2.300971182,-92.81665172
21.242,-2.310175067,-92.69998105
21.2425,-2.319378951,-92.60081098
21.243,-2.328582836,-92.51651643
21.2435,-2.337786721,-92.44486605
21.244,-2.350058567,-96.9859056
21.2445,-2.359262452,-96.24384685
21.245,-2.368466336,-95.61309691
21.2455,-2.380738183,-99.67890183
21.246,-2.389942068,-98.53289365
21.2465,-2.399145952,-97.55878669
21.247,-2.411417799,-101.3327381
21.2475,-2.423689645,-104.5405969
21.248,-2.43289353,-102.6653344
21.2485,-2.445165376,-105.6733037
21.249,-2.454369261,-103.6281353
21.2495,-2.466641107,-106.4916844
21.25,-2.475844992,-104.3237589
21.2505,-2.488116838,-107.0829645
21.251,-2.500388684,-109.4282893
21.2515,-2.509592569,-106.819873
21.252,-2.521864415,-109.2046615
21.2525,-2.534136262,-111.2317317
21.253,-2.543340146,-108.352799
21.2535,-2.555611993,-110.5076486
21.254,-2.564815877,-107.7373284
21.2545,-2.577087724,-109.9844986
21.255,-2.58935957,-111.8945933
21.2555,-2.601631416,-113.5181737
21.256,-2.613903263,-114.8982171
21.2565,-2.623107147,-111.4693117
21.257,-2.635378994,-113.1566844
21.2575,-2.64765084,-114.5909512
21.258,-2.659922686,-115.8100779
21.2585,-2.672194532,-116.8463357
21.259,-2.684466379,-117.7271548
21.2595,-2.693670264,-113.8739087
21.26,-2.70594211,-115.2005918
21.2605,-2.718213956,-116.3282725
21.261,-2.730485802,-117.2868011
21.2615,-2.742757649,-118.1015504
21.262,-2.751961533,-114.1921449
21.2625,-2.76423338,-115.4710926
21.263,-2.776505226,-116.5581982
21.2635,-2.788777072,-117.4822379
21.264,-2.801048919,-118.2676717
21.2645,-2.810252803,-114.333348
21.265,-2.82252465,-115.5911153
21.2655,-2.834796496,-116.6602174
21.266,-2.847068342,-117.5689543
21.2665,-2.859340189,-118.3413806
21.267,-2.871612035,-118.997943
21.2675,-2.88081592,-114.9540786
21.268,-2.893087766,-116.1187363
21.2685,-2.905359612,-117.1086953
21.269,-2.917631459,-117.9501604
21.2695,-2.929903305,-118.6654058
21.27,-2.93910719,-114.671422
21.2705,-2.951379036,-115.8784782
21.271,-2.963650882,-116.9044759
21.2715,-2.975922728,-117.776574
21.272,-2.985126613,-113.915915
21.2725,-2.99739846,-115.2362972
21.273,-3.009670306,-116.3586221
21.2735,-3.021942152,-117.3125982
21.274,-3.031146037,-113.5215356
21.2745,-3.043417883,-114.9010747
21.275,-3.055689729,-116.0736829
21.2755,-3.064893614,-112.4684576
21.276,-3.07716546,-114.0059584
21.2765,-3.086369345,-110.7108917
21.277,-3.098641192,-112.5120274
21.2775,-3.107845076,-109.4410504
21.278,-3.120116923,-111.4326623
21.2785,-3.129320807,-108.52359
21.279,-3.141592654,-110.652821
21.2795,-3.150796538,-107.8607249
21.28,-3.163068385,-110.0893857
21.2805,-3.172272269,-107.3818049
21.281,-3.181476154,-105.0803613
21.2815,-3.193748,-107.7260765
21.282,-3.202951885,-105.3729921
21.2825,-3.215223731,-107.9748128
21.283,-3.227495578,-110.1863603
21.2835,-3.236699462,-107.4642334
21.284,-3.248971309,-109.7523678
21.2845,-3.258175193,-107.0953397
21.285,-3.27044704,-109.4388082
21.2855,-3.279650924,-106.8288141
21.286,-3.291922771,-109.2122614
21.2865,-3.301126656,-106.6362493
21.287,-3.31033054,-104.446639
21.2875,-3.322602387,-107.1874126
21.288,-3.331806271,-104.9151278
21.2885,-3.344078118,-107.5856281
21.289,-3.353282002,-105.253611
21.2895,-3.365553849,-107.8733388
21.29,-3.374757733,-105.498165
21.2905,-3.38702958,-108.0812097
21.291,-3.399301426,-110.2767977
21.2915,-3.408505311,-107.5411052
21.292,-3.420777157,-109.8177088
21.2925,-3.429981042,-107.1508796
21.293,-3.442252888,-109.4860171
21.2935,-3.454524734,-111.470884
21.294,-3.463728619,-108.5560785
21.2945,-3.476000465,-110.6804362
21.295,-3.488272312,-112.4861402
21.2955,-3.497476196,-109.4190463
21.296,-3.509748043,-111.4139588
21.2965,-3.518951927,-108.5076921
21.297,-3.531223774,-110.6393077
21.2975,-3.540427658,-107.8492386
21.298,-3.552699505,-110.0796223
21.2985,-3.561903389,-107.373506
21.299,-3.574175236,-109.6752496
21.2995,-3.583379121,-107.0297892
21.3,-3.595650967,-109.3830903
21.3005,-3.607922813,-111.3833962
21.301,-3.617126698,-108.4817139
21.3015,-3.629398544,-110.6172263
21.302,-3.638602429,-107.8304694
21.3025,-3.650874275,-110.0636684
21.303,-3.66007816,-107.3599453
21.3035,-3.672350006,-109.6637229
21.304,-3.681553891,-107.0199916
21.3045,-3.693825737,-109.3747623
21.305,-3.706097584,-111.3763174
21.3055,-3.715301468,-108.4756969
21.306,-3.727573315,-110.6121118
21.3065,-3.736777199,-107.8261221
21.307,-3.749049046,-110.0599733
21.3075,-3.75825293,-107.3568044
21.308,-3.770524777,-109.6610532
21.3085,-3.782796623,-111.6196646
21.309,-3.792000508,-108.682542
21.3095,-3.804272354,-110.7879302
21.31,-3.813476239,-107.9755678
21.3105,-3.825748085,-110.187002
21.311,-3.838019931,-112.0667212
21.3115,-3.847223816,-109.0625401
21.312,-3.859495662,-111.1109285
21.3125,-3.868699547,-108.2501164
21.313,-3.880971393,-110.4203684
21.3135,-3.890175278,-107.6631402
21.314,-3.899379163,-105.3194963
21.3145,-3.908583048,-103.3273989
21.315,-3.920854894,-106.2360585
21.3155,-3.930058779,-104.1064768
21.316,-3.939262663,-102.2963324
21.3165,-3.948466548,-100.7577096
21.317,-3.957670433,-99.44988028
21.3175,-3.966874317,-98.33822533
21.318,-3.976078202,-97.39331862
21.3185,-3.985282087,-96.59014792
21.319,-3.994485972,-95.90745282
21.3195,-4.003689856,-95.32716199
21.32,-4.012893741,-94.83391478
21.3205,-4.022097626,-94.41465466
21.321,-4.031301511,-94.05828355
21.3215,-4.037437434,-89.15342574
21.322,-4.046641318,-89.58623897
21.3225,-4.055845203,-89.95413022
21.323,-4.061981126,-85.66489541
21.3235,-4.071185011,-86.62098819
21.324,-4.077320934,-82.83172469
21.3245,-4.086524819,-84.21279308
21.325,-4.092660742,-80.78475884
21.3255,-4.098796665,-77.87092974
21.326,-4.10800055,-79.99611737
21.3265,-4.114136473,-77.20058449
21.327,-4.120272396,-74.82438155
21.3275,-4.126408319,-72.80460904
21.328,-4.132544243,-71.08780241
21.3285,-4.138680166,-69.62851678
21.329,-4.144816089,-68.38812399
21.3295,-4.150952012,-67.33379012
21.33,-4.157087935,-66.43760633
21.3305,-4.160155897,-61.07390774
21.331,-4.16629182,-61.11670631
21.3315,-4.172427743,-61.15308509
21.332,-4.178563666,-61.18400705
21.3325,-4.181631628,-56.60834836
21.333,-4.187767551,-57.32098083
21.3335,-4.190835513,-53.32477607
21.334,-4.196971436,-54.52994439
21.3345,-4.200039397,-50.95239509
21.335,-4.20617532,-52.51342056
21.3355,-4.209243282,-49.23834984
21.336,-4.212311244,-46.45453972
21.3365,-4.218447167,-48.69024349
21.337,-4.221515128,-45.98864933
21.3375,-4.22458309,-43.6922943
21.338,-4.230719013,-46.34233488
21.3385,-4.233786975,-43.99292701
21.339,-4.236854936,-41.99593032
21.3395,-4.239922898,-40.29848314
21.34,-4.242990859,-38.85565303
21.3405,-4.246058821,-37.62924744
21.341,-4.249126782,-36.58680269
21.3415,-4.252194744,-35.70072465
21.342,-4.255262706,-34.94755831
21.3425,-4.255262706,-29.70542457
21.343,-4.258330667,-29.85155325
21.3435,-4.261398629,-29.97576262
21.344,-4.26446659,-30.08134059
21.3445,-4.26446659,-25.5691395
21.345,-4.267534552,-26.33571094
21.3455,-4.270602513,-26.98729666
21.346,-4.270602513,-22.93920216
21.3465,-4.273670475,-24.1002642
21.347,-4.276738437,-25.08716694
21.3475,-4.276738437,-21.3240919
21.348,-4.279806398,-22.72742048
21.3485,-4.279806398,-19.3183074
21.349,-4.28287436,-21.02250366
21.3495,-4.28287436,-17.86912811
21.35,-4.28287436,-15.18875889
21.3505,-4.285942321,-17.51238742
21.351,-4.285942321,-14.88552931
21.3515,-4.289010283,-17.25464228
21.352,-4.289010283,-14.66644593
21.3525,-4.292078245,-17.06842141
21.353,-4.292078245,-14.5081582
21.3535,-4.295146206,-16.93387683
21.354,-4.295146206,-14.39379531
21.3545,-4.295146206,-12.23472601
21.355,-4.298214168,-15.00145947
21.3555,-4.298214168,-12.75124055
21.356,-4.301282129,-15.44049683
21.3565,-4.301282129,-13.12442231
21.357,-4.304350091,-15.75770133
21.3575,-4.304350091,-13.39404613
21.358,-4.307418052,-15.98688157
21.3585,-4.307418052,-13.58884934
21.359,-4.307418052,-11.55052194
21.3595,-4.310486014,-14.41988601
21.36,-4.310486014,-12.25690311
21.3605,-4.313553976,-15.02031
21.361,-4.313553976,-12.7672635
21.3615,-4.316621937,-15.45411634
21.362,-4.316621937,-13.13599889
21.3625,-4.316621937,-11.16559906
21.363,-4.319689899,-14.09270156
21.3635,-4.319689899,-11.97879633
21.364,-4.32275786,-14.78391924
21.3645,-4.32275786,-12.56633136
21.365,-4.32275786,-10.68138165
21.3655,-4.325825822,-13.68111677
21.366,-4.325825822,-11.62894925
21.3665,-4.325825822,-9.884606865
21.367,-4.325825822,-8.401915835
21.3675,-4.328893783,-11.74357082
21.368,-4.328893783,-9.9820352
21.3685,-4.328893783,-8.48472992
21.369,-4.328893783,-7.212020432
21.3695,-4.328893783,-6.130217367
21.37,-4.328893783,-5.210684762
21.3705,-4.328893783,-4.429082048
21.371,-4.328893783,-3.764719741
21.3715,-4.328893783,-3.20001178
21.372,-4.328893783,-2.720010013
21.3725,-4.328893783,-2.312008511
21.373,-4.328893783,-1.965207234
21.3735,-4.328893783,-1.670426149
21.374,-4.328893783,-1.419862227
21.3745,-4.328893783,-1.206882893
21.375,-4.325825822,3.576091905
21.3755,-4.325825822,3.039678119
21.376,-4.325825822,2.583726401
21.3765,-4.325825822,2.196167441
21.377,-4.32275786,6.468684689
21.3775,-4.32275786,5.498381985
21.378,-4.32275786,4.673624688
21.3785,-4.32275786,3.972580984
21.379,-4.319689899,7.9786362
21.3795,-4.319689899,6.78184077
21.38,-4.316621937,10.36650702
21.3805,-4.316621937,8.811530966
21.381,-4.313553976,12.09174368
21.3815,-4.313553976,10.27798213
21.382,-4.310486014,13.33822718
21.3825,-4.307418052,15.93943546
21.383,-4.307418052,13.54852014
21.3835,-4.304350091,16.11818449
21.384,-4.301282129,18.30239918
21.3845,-4.298214168,20.15898166
21.385,-4.298214168,17.13513441
21.3855,-4.295146206,19.16680662
21.386,-4.292078245,20.89372799
21.3865,-4.289010283,22.36161115
21.387,-4.285942321,23.60931184
21.3875,-4.28287436,24.66985743
21.388,-4.279806398,25.57132118
21.3885,-4.273670475,30.93950773
21.389,-4.270602513,30.90052393
21.3895,-4.267534552,30.86738771
21.39,-4.26446659,30.83922192
21.3905,-4.258330667,35.41722336
21.391,-4.255262706,34.70658222
21.3915,-4.252194744,34.10253725
21.392,-4.246058821,38.19104139
21.3925,-4.242990859,37.06432754
21.393,-4.236854936,40.70856314
21.3935,-4.233786975,39.20422103
21.394,-4.227651051,42.5274726
21.3945,-4.22458309,40.75029408
21.395,-4.218447167,43.84163469
21.3955,-4.212311244,46.46927422
21.396,-4.209243282,44.10082545
21.3965,-4.203107359,46.68958636
21.397,-4.196971436,48.89003313
21.3975,-4.193903474,46.15847053
21.398,-4.187767551,48.43858467
21.3985,-4.181631628,50.3766817
21.399,-4.175495705,52.02406417
21.3995,-4.169359781,53.42433927
21.4,-4.163223858,54.61457311
21.4005,-4.160155897,51.02432951
21.401,-4.154019974,52.57456481
21.4015,-4.14788405,53.89226481
21.402,-4.141748127,55.01230982
21.4025,-4.135612204,55.96434807
21.403,-4.129476281,56.77358059
21.4035,-4.123340358,57.46142823
21.404,-4.117204435,58.04609872
21.4045,-4.111068512,58.54306864
21.405,-4.104932588,58.96549307
21.4055,-4.098796665,59.32455384
21.406,-4.092660742,59.62975549
21.4065,-4.086524819,59.88917689
21.407,-4.080388896,60.10968509
21.4075,-4.074252973,60.29711705
21.408,-4.065049088,65.05837658
21.4085,-4.058913165,64.50350482
21.409,-4.052777242,64.03186383
21.4095,-4.046641318,63.63096898
21.41,-4.037437434,67.89215072
21.4105,-4.031301511,66.91221284
21.411,-4.025165587,66.07926564
21.4115,-4.015961703,69.97320289
21.412,-4.00982578,68.68110718
21.4125,-4.000621895,72.1847682
21.413,-3.994485972,70.56093769
21.4135,-3.985282087,73.78262413
21.414,-3.979146164,71.91911524
21.4145,-3.969942279,74.93707504
21.415,-3.960738394,77.50234088
21.4155,-3.954602471,75.08087447
21.416,-3.945398586,77.62457039
21.4165,-3.939262663,75.18476956
21.417,-3.930058779,77.71288122
21.4175,-3.920854894,79.86177613
21.418,-3.911651009,81.6883368
21.4185,-3.902447124,83.24091337
21.419,-3.896311201,79.95866109
21.4195,-3.887107317,81.77068902
21.42,-3.877903432,83.31091276
21.4205,-3.865631585,89.2220453
21.421,-3.856427701,89.64456559
21.4215,-3.847223816,90.00370785
21.422,-3.838019931,90.30897876
21.4225,-3.828816047,90.56845904
21.423,-3.8165442,95.39095964
21.4235,-3.807340316,94.88814278
21.424,-3.798136431,94.46074846
21.4245,-3.785864585,98.69940564
21.425,-3.7766607,97.70032189
21.4255,-3.764388853,101.4530431
21.426,-3.755184969,100.0409137
21.4265,-3.742913122,103.4425461
21.427,-3.730641276,106.3339336
21.4275,-3.721437391,104.1896707
21.428,-3.709165545,106.9689895
21.4285,-3.696893699,109.3314106
21.429,-3.687689814,106.7375261
21.4295,-3.675417968,109.1346666
21.43,-3.663146121,111.1722361
21.4305,-3.650874275,112.9041701
21.431,-3.64167039,109.7743717
21.4315,-3.629398544,111.7159854
21.432,-3.617126698,113.366357
21.4325,-3.604854852,114.7691729
21.433,-3.592583005,115.9615665
21.4335,-3.580311159,116.9751009
21.434,-3.568039313,117.8366053
21.4345,-3.555767466,118.5688839
21.435,-3.546563582,114.5893784
21.4355,-3.534291735,115.8087411
21.436,-3.522019889,116.8451994
21.4365,-3.509748043,117.7261889
21.437,-3.497476196,118.4750301
21.4375,-3.48520435,119.111545
21.438,-3.476000465,115.0506403
21.4385,-3.463728619,116.2008137
21.439,-3.451456773,117.1784611
21.4395,-3.439184926,118.0094614
21.44,-3.429981042,114.1138693
21.4405,-3.417709195,115.4045584
21.441,-3.405437349,116.5016441
21.4415,-3.396233464,112.8322245
21.442,-3.383961618,114.3151603
21.4425,-3.374757733,110.9737134
21.443,-3.362485887,112.7354258
21.4435,-3.353282002,109.630939
21.444,-3.341010156,111.5940676
21.4445,-3.331806271,108.6607846
21.445,-3.319534425,110.7694363
21.4455,-3.31033054,107.959848
21.446,-3.301126656,105.5716979
21.4465,-3.288854809,108.1437127
21.447,-3.279650924,105.7279828
21.4475,-3.27044704,103.6746125
21.448,-3.258175193,106.5311901
21.4485,-3.248971309,104.3573387
21.449,-3.236699462,107.1115073
21.4495,-3.227495578,104.8506083
21.45,-3.215223731,107.5307865
21.4505,-3.206019847,105.2069956
21.451,-3.193748,107.8337157
21.4515,-3.184544116,105.4644855
21.452,-3.172272269,108.0525821
21.4525,-3.163068385,105.6505219
21.453,-3.1538645,103.6087707
21.4535,-3.141592654,106.4752245
21.454,-3.132388769,104.309768
21.4545,-3.120116923,107.0710722
21.455,-3.110913038,104.8162385
21.4555,-3.101709153,102.8996298
21.456,-3.089437307,105.8724548
21.4565,-3.080233422,103.7974137
21.457,-3.067961576,106.6355711
21.4575,-3.058757691,104.4460625
21.458,-3.049553806,102.5849802
21.4585,-3.03728196,105.6050026
21.459,-3.028078075,103.5700793
21.4595,-3.018874191,101.8403945
21.46,-3.006602344,104.9721048
21.4605,-2.99739846,103.0321162
21.461,-2.988194575,101.3831258
21.4615,-2.97899069,99.98148405
21.462,-2.966718844,103.3920309
21.4625,-2.957514959,101.6890534
21.463,-2.948311074,100.2415224
21.4635,-2.93910719,99.01112117
21.464,-2.929903305,97.96528008
21.4645,-2.917631459,101.6782575
21.465,-2.908427574,100.232346
21.4655,-2.899223689,99.00332118
21.466,-2.890019804,97.95865009
21.4665,-2.88081592,97.07067967
21.467,-2.871612035,96.31590481
21.4675,-2.86240815,95.67434618
21.468,-2.853204265,95.12902134
21.4685,-2.844000381,94.66549523
21.469,-2.834796496,94.27149804
21.4695,-2.82252465,98.53854279
21.47,-2.813320765,97.56358846
21.4705,-2.80411688,96.73487728
21.471,-2.794912996,96.03047278
21.4715,-2.785709111,95.43172896
21.472,-2.776505226,94.9227967
21.4725,-2.767301341,94.49020429
21.473,-2.758097457,94.12250074
21.4735,-2.748893572,93.80995272
21.474,-2.739689687,93.5442869
21.4745,-2.730485802,93.31847096
21.475,-2.721281918,93.1265274
21.4755,-2.712078033,92.96337538
21.476,-2.702874148,92.82469617
21.4765,-2.693670264,92.70681883
21.477,-2.684466379,92.6066231
21.4775,-2.675262494,92.52145673
21.478,-2.666058609,92.44906531
21.4785,-2.656854725,92.3875326
21.479,-2.64765084,92.3352298
21.4795,-2.635378994,96.89271479
21.48,-2.626175109,96.16463466
21.4805,-2.616971224,95.54576655
21.481,-2.607767339,95.01972866
21.4815,-2.598563455,94.57259645
21.482,-2.58935957,94.19253408
21.4825,-2.580155685,93.86948105
21.483,-2.5709518,93.59488599
21.4835,-2.561747916,93.36148018
21.484,-2.552544031,93.16308524
21.4845,-2.543340146,92.99444955
21.485,-2.534136262,92.85110921
21.4855,-2.524932377,92.72926992
21.486,-2.515728492,92.62570652
21.4865,-2.506524607,92.53767763
21.487,-2.497320723,92.46285308
21.4875,-2.488116838,92.39925221
21.488,-2.478912953,92.34519147
21.4885,-2.469709068,92.29923984
21.489,-2.460505184,92.26018095
21.4895,-2.451301299,92.2269809
21.49,-2.442097414,92.19876086
21.4905,-2.43289353,92.17477382
21.491,-2.423689645,92.15438484
21.4915,-2.41448576,92.1370542
21.492,-2.405281875,92.12232316
21.4925,-2.399145952,87.50785942
21.493,-2.389942068,88.18750759
21.4935,-2.380738183,88.76520855
21.494,-2.371534298,89.25625436
21.4945,-2.365398375,85.07170093
21.495,-2.35619449,86.11677288
21.4955,-2.346990605,87.00508404
21.496,-2.340854682,83.15820616
21.4965,-2.331650798,84.49030233
21.497,-2.322446913,85.62258407
21.4975,-2.31631099,81.98308119
21.498,-2.307107105,83.4914461
21.4985,-2.300971182,80.17161391
21.499,-2.291767297,81.95169892
21.4995,-2.285631374,78.86282881
21.5,-2.276427489,80.83923158
21.5005,-2.270291566,77.91723157
21.501,-2.264155643,75.43353156
21.5015,-2.254951758,77.92432892
21.502,-2.248815835,75.43956431
21.5025,-2.242679912,73.32751439
21.503,-2.236543989,71.53227196
21.5035,-2.230408066,70.00631589
21.504,-2.224272142,68.70925323
21.5045,-2.218136219,67.60674998
21.505,-2.208932335,71.27156457
21.5055,-2.205864373,65.18277225
21.506,-2.196660488,69.2111835
21.5065,-2.193592527,63.43144834
21.507,-2.187456604,63.12061582
21.5075,-2.18132068,62.85640817
21.508,-2.175184757,62.63183167
21.5085,-2.169048834,62.44094165
21.509,-2.162912911,62.27868513
21.5095,-2.156776988,62.14076709
21.51,-2.153709026,57.42159439
21.5105,-2.147573103,58.01223996
21.511,-2.14143718,58.51428869
21.5115,-2.135301257,58.94103011
21.512,-2.132233295,54.70181796
21.5125,-2.126097372,55.70042999
21.513,-2.12302941,51.94730786
21.5135,-2.116893487,53.35909641
21.514,-2.110757564,54.55911667
21.5145,-2.107689603,50.97719154
21.515,-2.101553679,52.53449753
21.5155,-2.098485718,49.25626527
21.516,-2.092349795,51.0717102
21.5165,-2.089281833,48.01289604
21.517,-2.08314591,50.01484636
21.5175,-2.080077948,47.11456177
21.518,-2.077009987,44.64931987
21.5185,-2.070874064,47.15580661
21.519,-2.067806102,44.68437799
21.5195,-2.061670179,47.18560602
21.52,-2.058602217,44.70970748
21.5205,-2.055534256,42.60519372
21.521,-2.052466294,40.81635702
21.5215,-2.046330371,43.8977882
21.522,-2.043262409,41.91506233
21.5225,-2.040194448,40.22974535
21.523,-2.037126486,38.79722591
21.5235,-2.034058525,37.57958439
21.524,-2.030990563,36.54458909
21.5245,-2.027922602,35.66484309
21.525,-2.02485464,34.91705899
21.5255,-2.021786678,34.28144251
21.526,-2.018718717,33.74116849
21.5265,-2.015650755,33.28193558
21.527,-2.012582794,32.89158761
21.5275,-2.009514832,32.55979183
21.528,-2.006446871,32.27776542
21.5285,-2.003378909,32.03804297
21.529,-2.000310947,31.83427889
21.5295,-1.997242986,31.66107942
21.53,-1.994175024,31.51385987
21.5305,-1.991107063,31.38872325
21.531,-1.991107063,26.68041477
21.5315,-1.988039101,27.28029491
21.532,-1.98497114,27.79019304
21.5325,-1.981903178,28.22360645
21.533,-1.978835216,28.59200784
21.5335,-1.978835216,24.30320667
21.534,-1.975767255,25.25966803
21.5345,-1.972699293,26.07266019
21.535,-1.972699293,22.16176116
21.5355,-1.969631332,23.43943935
21.536,-1.96656337,24.52546581
21.5365,-1.96656337,20.84664594
21.537,-1.963495408,22.32159141
21.5375,-1.963495408,18.9733527
21.538,-1.960427447,20.72929216
21.5385,-1.960427447,17.61989834
21.539,-1.957359485,19.57885595
21.5395,-1.954291524,21.24396992
21.54,-1.954291524,18.05737443
21.5405,-1.954291524,15.34876827
21.541,-1.951223562,17.64839539
21.5415,-1.951223562,15.00113608
21.542,-1.948155601,17.35290803
21.5425,-1.948155601,14.74997183
21.543,-1.945087639,17.13941842
21.5435,-1.945087639,14.56850566
21.544,-1.945087639,12.38322981
21.5445,-1.942019677,15.1276877
21.545,-1.942019677,12.85853454
21.5455,-1.942019677,10.92975436
21.546,-1.938951716,13.89223357
21.5465,-1.938951716,11.80839854
21.547,-1.938951716,10.03713876
21.5475,-1.935883754,13.13351031
21.548,-1.935883754,11.16348376
21.5485,-1.935883754,9.488961196
21.549,-1.935883754,8.065617017
21.5495,-1.932815793,11.45771683
21.55,-1.932815793,9.739059304
21.5505,-1.932815793,8.278200408
21.551,-1.932815793,7.036470347
21.5515,-1.932815793,5.980999795
21.552,-1.929747831,9.685792189
21.5525,-1.929747831,8.232923361
21.553,-1.929747831,6.997984857
21.5535,-1.929747831,5.948287128
21.554,-1.929747831,5.056044059
21.5545,-1.929747831,4.29763745
21.555,-1.929747831,3.652991833
21.5555,-1.929747831,3.105043058
21.556,-1.929747831,2.639286599
21.5565,-1.929747831,2.243393609
21.557,-1.92667987,6.508826931
21.5575,-1.92667987,5.532502892
21.558,-1.92667987,4.702627458
21.5585,-1.92667987,3.997233339
21.559,-1.92667987,3.397648338
21.5595,-1.92667987,2.888001088
21.56,-1.92667987,2.454800925
21.5605,-1.92667987,2.086580786
21.561,-1.92667987,1.773593668
21.5615,-1.92667987,1.507554618
21.562,-1.92667987,1.281421425
21.5625,-1.92667987,1.089208211
21.563,-1.92667987,0.92582698
21.5635,-1.92667987,0.786952933
21.564,-1.92667987,0.668909993
21.5645,-1.92667987,0.568573494
21.565,-1.92667987,0.48328747
21.5655,-1.92667987,0.410794349
21.566,-1.92667987,0.349175197
21.5665,-1.92667987,0.296798917
21.567,-1.92667987,0.25227908
21.5675,-1.92667987,0.214437218
21.568,-1.929747831,-4.419670729
21.5685,-1.929747831,-3.756720119
21.569,-1.929747831,-3.193212101
21.5695,-1.929747831,-2.714230286
21.57,-1.929747831,-2.307095743
21.5705,-1.929747831,-1.961031382
21.571,-1.929747831,-1.666876674
21.5715,-1.932815793,-6.018787537
21.572,-1.932815793,-5.115969406
21.5725,-1.932815793,-4.348573995
21.573,-1.932815793,-3.696287896
21.5735,-1.932815793,-3.141844712
21.574,-1.932815793,-2.670568005
21.5745,-1.935883754,-6.871925168
21.575,-1.935883754,-5.841136393
21.5755,-1.935883754,-4.964965934
21.576,-1.935883754,-4.220221044
21.5765,-1.938951716,-8.189130251
21.577,-1.938951716,-6.960760713
21.5775,-1.938951716,-5.916646606
21.578,-1.938951716,-5.029149615
21.5785,-1.942019677,-8.876719537
21.579,-1.942019677,-7.545211606
21.5795,-1.942019677,-6.413429865
21.58,-1.945087639,-10.05335775
21.5805,-1.945087639,-8.545354087
21.581,-1.945087639,-7.263550974
21.5815,-1.948155601,-10.77596069
21.582,-1.948155601,-9.159566588
21.5825,-1.948155601,-7.785631599
21.583,-1.951223562,-11.21972922
21.5835,-1.951223562,-9.53676984
21.584,-1.954291524,-12.70819673
21.5845,-1.954291524,-10.80196722
21.585,-1.954291524,-9.181672136
21.5855,-1.957359485,-12.40636368
21.586,-1.957359485,-10.54540913
21.5865,-1.960427447,-13.56554012
21.587,-1.960427447,-11.5307091
21.5875,-1.960427447,-9.801102738
21.588,-1.963495408,-12.93287969
21.5885,-1.963495408,-10.99294774
21.589,-1.96656337,-13.94594794
21.5895,-1.96656337,-11.85405575
21.59,-1.969631332,-14.67788975
21.5905,-1.969631332,-12.47620629
21.591,-1.972699293,-15.20671771
21.5915,-1.972699293,-12.92571005
21.592,-1.975767255,-15.58879591
21.5925,-1.975767255,-13.25047652
21.593,-1.978835216,-15.86484741
21.5935,-1.978835216,-13.4851203
21.594,-1.981903178,-16.06429462
21.5945,-1.981903178,-13.65465042
21.595,-1.98497114,-16.20839522
21.5955,-1.98497114,-13.77713594
21.596,-1.988039101,-16.31250791
21.5965,-1.988039101,-13.86563173
21.597,-1.991107063,-16.38772933
21.5975,-1.991107063,-13.92956993
21.598,-1.994175024,-16.4420768
21.5985,-1.994175024,-13.97576528
21.599,-1.997242986,-16.48134286
21.5995,-1.997242986,-14.00914143
21.6,-2.000310947,-16.50971258
21.6005,-2.003378909,-18.63519805
21.601,-2.003378909,-15.83991835
21.6015,-2.006446871,-18.06587296
21.602,-2.006446871,-15.35599201
21.6025,-2.009514832,-17.65453558
21.603,-2.009514832,-15.00635524
21.6035,-2.012582794,-17.35734432
21.604,-2.015650755,-19.35568503
21.6045,-2.015650755,-16.45233228
21.605,-2.018718717,-18.5864248
21.6055,-2.018718717,-15.79846108
21.606,-2.021786678,-18.03063428
21.6065,-2.021786678,-15.32603914
21.607,-2.02485464,-17.62907563
21.6075,-2.02485464,-14.98471429
21.608,-2.027922602,-17.33894951
21.6085,-2.030990563,-19.34004945
21.609,-2.030990563,-16.43904203
21.6095,-2.034058525,-18.57512809
21.61,-2.034058525,-15.78885887
21.6105,-2.037126486,-18.02247241
21.611,-2.037126486,-15.31910155
21.6115,-2.040194448,-17.62317868
21.612,-2.040194448,-14.97970188
21.6125,-2.043262409,-17.33468896
21.613,-2.043262409,-14.73448561
21.6135,-2.046330371,-17.12625514
21.614,-2.049398333,-19.15925923
21.6145,-2.049398333,-16.28537034
21.615,-2.052466294,-18.44450716
21.6155,-2.052466294,-15.67783108
21.616,-2.055534256,-17.92809878
21.6165,-2.055534256,-15.23888397
21.617,-2.058602217,-17.55499374
21.6175,-2.058602217,-14.92174468
21.618,-2.061670179,-17.28542534
21.6185,-2.061670179,-14.69261154
21.619,-2.06473814,-17.09066217
21.6195,-2.06473814,-14.52706284
21.62,-2.067806102,-16.94994578
21.6205,-2.067806102,-14.40745391
21.621,-2.070874064,-16.84827819
21.6215,-2.070874064,-14.32103646
21.622,-2.073942025,-16.77482336
21.6225,-2.073942025,-14.25859985
21.623,-2.073942025,-12.11980988
21.6235,-2.077009987,-14.90378076
21.624,-2.077009987,-12.66821364
21.6245,-2.080077948,-15.36992396
21.625,-2.080077948,-13.06443537
21.6255,-2.08314591,-15.70671243
21.626,-2.08314591,-13.35070556
21.6265,-2.08314591,-11.34809973
21.627,-2.086213872,-14.24782713
21.6275,-2.086213872,-12.11065306
21.628,-2.089281833,-14.89599747
21.6285,-2.089281833,-12.66159785
21.629,-2.089281833,-10.76235817
21.6295,-2.092349795,-13.74994681
21.63,-2.092349795,-11.68745479
21.6305,-2.092349795,-9.934336569
21.631,-2.095417756,-13.04612845
21.6315,-2.095417756,-11.08920918
21.632,-2.095417756,-9.425827803
21.6325,-2.095417756,-8.011953632
21.633,-2.098485718,-11.41210295
21.6335,-2.098485718,-9.700287509
21.634,-2.098485718,-8.245244382
21.6345,-2.098485718,-7.008457725
21.635,-2.101553679,-10.55913143
21.6355,-2.101553679,-8.975261715
21.636,-2.101553679,-7.628972458
21.6365,-2.101553679,-6.484626589
21.637,-2.104621641,-10.11387496
21.6375,-2.104621641,-8.59679372
21.638,-2.104621641,-7.307274662
21.6385,-2.104621641,-6.211183463
21.639,-2.104621641,-5.279505943
21.6395,-2.104621641,-4.487580052
21.64,-2.104621641,-3.814443044
21.6405,-2.104621641,-3.242276587
21.641,-2.107689603,-7.357877463
21.6415,-2.107689603,-6.254195844
21.642,-2.107689603,-5.316066467
21.6425,-2.107689603,-4.518656497
21.643,-2.107689603,-3.840858022
21.6435,-2.107689603,-3.264729319
21.644,-2.107689603,-2.775019921
21.6445,-2.107689603,-2.358766933
21.645,-2.107689603,-2.004951893
21.6455,-2.107689603,-1.704209109
21.646,-2.107689603,-1.448577743
21.6465,-2.107689603,-1.231291081
21.647,-2.107689603,-1.046597419
21.6475,-2.107689603,-0.889607806
21.648,-2.107689603,-0.756166635
21.6485,-2.107689603,-0.64274164
21.649,-2.107689603,-0.546330394
21.6495,-2.107689603,-0.464380835
21.65,-2.107689603,-0.39472371
21.6505,-2.107689603,-0.335515153
21.651,-2.107689603,-0.28518788
21.6515,-2.107689603,-0.242409698
21.652,-2.107689603,-0.206048243
21.6525,-2.107689603,-0.175141007
21.653,-2.107689603,-0.148869856
21.6535,-2.107689603,-0.126539378
21.654,-2.107689603,-0.107558471
21.6545,-2.107689603,-0.0914247
21.655,-2.107689603,-0.077710995
21.6555,-2.107689603,-0.066054346
21.656,-2.107689603,-0.056146194
21.6565,-2.107689603,-0.047724265
21.657,-2.107689603,-0.040565625
21.6575,-2.104621641,4.567461582
21.658,-2.104621641,3.882342345
21.6585,-2.104621641,3.299990993
21.659,-2.104621641,2.804992344
21.6595,-2.104621641,2.384243493
21.66,-2.104621641,2.026606969
21.6605,-2.101553679,6.324558287
21.661,-2.101553679,5.375874544
21.6615,-2.101553679,4.569493362
21.662,-2.101553679,3.884069358
21.6625,-2.101553679,3.301458954
21.663,-2.101553679,2.806240111
21.6635,-2.098485718,6.987246458
21.664,-2.098485718,5.939159489
21.6645,-2.098485718,5.048285566
21.665,-2.098485718,4.291042731
21.6655,-2.095417756,8.249328685
21.666,-2.095417756,7.011929382
21.6665,-2.095417756,5.960139975
21.667,-2.095417756,5.066118979
21.6675,-2.092349795,8.908143496
21.668,-2.092349795,7.571921971
21.6685,-2.092349795,6.436133676
21.669,-2.089281833,10.07265599
21.6695,-2.089281833,8.56175759
21.67,-2.089281833,7.277493951
21.6705,-2.086213872,10.78781222
21.671,-2.086213872,9.169640389
21.6715,-2.086213872,7.794194331
21.672,-2.08314591,11.22700754
21.6725,-2.08314591,9.542956413
21.673,-2.080077948,12.71345531
21.6735,-2.080077948,10.80643702
21.674,-2.080077948,9.185471465
21.6745,-2.077009987,12.40959311
21.675,-2.077009987,10.54815414
21.6755,-2.073942025,13.56787338
21.676,-2.073942025,11.53269238
21.6765,-2.070874064,14.40473088
21.677,-2.070874064,12.24402125
21.6775,-2.070874064,10.40741806
21.678,-2.067806102,13.44824772
21.6785,-2.067806102,11.43101056
21.679,-2.06473814,14.31830134
21.6795,-2.06473814,12.17055614
21.68,-2.061670179,14.94691508
21.6805,-2.061670179,12.70487782
21.681,-2.058602217,15.40108851
21.6815,-2.058602217,13.09092523
21.682,-2.055534256,15.72922881
21.6825,-2.055534256,13.36984449
21.683,-2.052466294,15.96631018
21.6835,-2.052466294,13.57136365
21.684,-2.049398333,16.13760147
21.6845,-2.049398333,13.71696125
21.685,-2.046330371,16.26135943
21.6855,-2.046330371,13.82215551
21.686,-2.043262409,16.35077455
21.6865,-2.043262409,13.89815837
21.687,-2.040194448,16.41537697
21.6875,-2.040194448,13.95307043
21.688,-2.037126486,16.46205223
21.6885,-2.037126486,13.99274439
21.689,-2.034058525,16.4957751
21.6895,-2.034058525,14.02140883
21.69,-2.034058525,11.91819751
21.6905,-2.030990563,14.73241025
21.691,-2.030990563,12.52254871
21.6915,-2.027922602,15.24610877
21.692,-2.02485464,17.56113482
21.6925,-2.018718717,24.13084932
21.693,-2.018718717,20.51122192
21.6935,-2.018718717,17.43453863
21.694,-2.018718717,14.81935784
21.6945,-2.018718717,12.59645416
21.695,-2.018718717,10.70698604
21.6955,-2.015650755,13.7028805
21.696,-2.015650755,11.64744842
21.6965,-2.012582794,14.50227352
21.697,-2.012582794,12.32693249
21.6975,-2.012582794,10.47789262
21.698,-2.009514832,13.50815109
21.6985,-2.009514832,11.48192843
21.699,-2.006446871,14.36158153
21.6995,-2.006446871,12.2073443
21.7,-2.003378909,14.97818502
21.7005,-2.003378909,12.73145726
21.701,-2.000310947,15.42368104
21.7015,-2.000310947,13.11012888
21.702,-1.997242986,15.74555191
21.7025,-1.997242986,13.38371913
21.703,-1.994175024,15.97810362
21.7035,-1.994175024,13.58138808
21.704,-1.991107063,16.14612223
21.7045,-1.991107063,13.7242039
21.705,-1.988039101,16.26751567
21.7055,-1.988039101,13.82738832
21.706,-1.98497114,16.35522244
21.7065,-1.98497114,13.90193907
21.707,-1.981903178,16.41859058
21.7075,-1.978835216,18.55774435
21.708,-1.978835216,15.7740827
21.7085,-1.975767255,18.00991266
21.709,-1.975767255,15.30842576
21.7095,-1.972699293,17.61410426
21.71,-1.972699293,14.97198862
21.7105,-1.969631332,17.32813269
21.711,-1.96656337,19.33085515
21.7115,-1.96656337,16.43122688
21.712,-1.963495408,18.56848521
21.7125,-1.963495408,15.78321243
21.713,-1.960427447,18.01767293
21.7135,-1.960427447,15.31502199
21.714,-1.957359485,17.61971105
21.7145,-1.954291524,19.57869676
21.715,-1.954291524,16.64189225
21.7155,-1.951223562,18.74755077
21.716,-1.951223562,15.93541816
21.7165,-1.948155601,18.1470478
21.717,-1.945087639,20.02693299
21.7175,-1.945087639,17.02289304
21.718,-1.942019677,19.07140145
21.7185,-1.942019677,16.21069123
21.719,-1.938951716,18.38102991
21.7195,-1.935883754,20.22581779
21.72,-1.935883754,17.19194512
21.7205,-1.932815793,19.21509572
21.721,-1.929747831,20.93477372
21.7215,-1.929747831,17.79455766
21.722,-1.92667987,19.72731638
21.7225,-1.92667987,16.76821892
21.723,-1.923611908,18.85492845
21.7235,-1.920543946,20.62863154
21.724,-1.920543946,17.53433681
21.7245,-1.917475985,19.50612865
21.725,-1.917475985,16.58020936
21.7255,-1.914408023,18.69512032
21.726,-1.911340062,20.49279463
21.7265,-1.911340062,17.41887544
21.727,-1.9082721,19.40798649
21.7275,-1.905204139,21.09873088
21.728,-1.905204139,17.93392124
21.7285,-1.902136177,19.84577542
21.729,-1.899068215,21.47085147
21.7295,-1.899068215,18.25022375
21.73,-1.896000254,20.11463255
21.7305,-1.892932292,21.69938003
21.731,-1.892932292,18.44447303
21.7315,-1.889864331,20.27974444
21.732,-1.886796369,21.83972514
21.7325,-1.886796369,18.56376637
21.733,-1.883728408,20.38114377
21.7335,-1.880660446,21.92591457
21.734,-1.880660446,18.63702739
21.7345,-1.877592484,20.44341564
21.735,-1.874524523,21.97884566
21.7355,-1.871456561,23.28396117
21.736,-1.871456561,19.791367
21.7365,-1.8683886,21.42460431
21.737,-1.865320638,22.81285603
21.7375,-1.865320638,19.39092762
21.738,-1.862252676,21.08423084
21.7385,-1.859184715,22.52353858
21.739,-1.859184715,19.14500779
21.7395,-1.856116753,20.87519899
21.74,-1.853048792,22.3458615
21.7405,-1.84998083,23.59592464
21.741,-1.84998083,20.05653595
21.7415,-1.846912869,21.64999792
21.742,-1.843844907,23.00444059
21.7425,-1.840776945,24.15571687
21.743,-1.840776945,20.53235934
21.7435,-1.837708984,22.0544478
21.744,-1.834641022,23.34822299
21.7445,-1.834641022,19.84598955
21.745,-1.831573061,21.47103348
21.7455,-1.828505099,22.85232082
21.746,-1.825437138,24.02641506
21.7465,-1.825437138,20.4224528
21.747,-1.822369176,21.96102724
21.7475,-1.819301214,23.26881552
21.748,-1.816233253,24.38043556
21.7485,-1.816233253,20.72337022
21.749,-1.813165291,22.21680705
21.7495,-1.81009733,23.48622836
21.75,-1.807029368,24.56523647
21.7505,-1.807029368,20.880451
21.751,-1.803961407,22.35032571
21.7515,-1.800893445,23.59971922
21.752,-1.797825483,24.6617037
21.7525,-1.794757522,25.56439051
21.753,-1.794757522,21.72973193
21.7535,-1.79168956,23.07221451
21.754,-1.788621599,24.21332469
21.7545,-1.785553637,25.18326835
21.755,-1.782485676,26.00772046
21.7555,-1.782485676,22.10656239
21.756,-1.779417714,23.3925204
21.7565,-1.776349752,24.4855847
21.757,-1.773281791,25.41468936
21.7575,-1.770213829,26.20442832
21.758,-1.770213829,22.27376407
21.7585,-1.767145868,23.53464183
21.759,-1.764077906,24.60638792
21.7595,-1.761009944,25.51737209
21.76,-1.757941983,26.29170864
21.7605,-1.757941983,22.34795235
21.761,-1.754874021,23.59770186
21.7615,-1.75180606,24.65998894
21.762,-1.748738098,25.56293296
21.7625,-1.745670137,26.33043538
21.763,-1.745670137,22.38087008
21.7635,-1.742602175,23.62568193
21.764,-1.739534213,24.683772
21.7645,-1.736466252,25.58314857
21.765,-1.73339829,26.34761864
21.7655,-1.73339829,22.39547585
21.766,-1.730330329,23.63809683
21.7665,-1.727262367,24.69432467
21.767,-1.724194406,25.59211834
21.7675,-1.721126444,26.35524295
21.768,-1.721126444,22.40195651
21.7685,-1.718058482,23.64360539
21.769,-1.714990521,24.69900695
21.7695,-1.711922559,25.59609827
21.77,-1.708854598,26.35862589
21.7705,-1.708854598,22.40483201
21.771,-1.705786636,23.64604957
21.7715,-1.702718675,24.7010845
21.772,-1.699650713,25.59786419
21.7725,-1.696582751,26.36012692
21.773,-1.696582751,22.40610789
21.7735,-1.69351479,23.64713407
21.774,-1.690446828,24.70200632
21.7745,-1.687378867,25.59864774
21.775,-1.684310905,26.36079294
21.7755,-1.681242944,27.00861636
21.776,-1.681242944,22.95732391
21.7765,-1.678174982,24.11566768
21.777,-1.67510702,25.1002599
21.7775,-1.672039059,25.93716328
21.778,-1.668971097,26.64853115
21.7785,-1.668971097,22.65125148
21.779,-1.665903136,23.85550612
21.7795,-1.662835174,24.87912256
21.78,-1.659767212,25.74919654
21.7805,-1.656699251,26.48875943
21.781,-1.656699251,22.51544551
21.7815,-1.653631289,23.74007105
21.782,-1.650563328,24.78100275
21.7825,-1.647495366,25.66579471
21.783,-1.644427405,26.41786786
21.7835,-1.644427405,22.45518768
21.784,-1.641359443,23.68885189
21.7845,-1.638291481,24.73746647
21.785,-1.63522352,25.62878887
21.7855,-1.63522352,21.78447054
21.786,-1.632155558,23.11874232
21.7865,-1.629087597,24.25287334
21.787,-1.626019635,25.2168847
21.7875,-1.622951674,26.03629436
21.788,-1.622951674,22.1308502
21.7885,-1.619883712,23.41316504
21.789,-1.61681575,24.50313265
21.7895,-1.613747789,25.42960511
21.79,-1.613747789,21.61516435
21.7905,-1.610679827,22.97483206
21.791,-1.607611866,24.13054961
21.7915,-1.604543904,25.11290953
21.792,-1.604543904,21.3459731
21.7925,-1.601475943,22.7460195
21.793,-1.598407981,23.93605894
21.7935,-1.595340019,24.94759246
21.794,-1.592272058,25.80739596
21.7945,-1.592272058,21.93628656
21.795,-1.589204096,23.24778594
21.7955,-1.586136135,24.36256041
21.796,-1.583068173,25.31011872
21.7965,-1.580000212,26.11554327
21.797,-1.580000212,22.19821178
21.7975,-1.57693225,23.47042238
21.798,-1.573864288,24.55180139
21.7985,-1.570796327,25.47097354
21.799,-1.567728365,26.25226987
21.7995,-1.567728365,22.31442939
21.8,-1.564660404,23.56920735
21.8005,-1.561592442,24.63576861
21.801,-1.55852448,25.54234568
21.8015,-1.555456519,26.31293619
21.802,-1.555456519,22.36599576
21.8025,-1.552388557,23.61303876
21.803,-1.549320596,24.67302531
21.8035,-1.546252634,25.57401388
21.804,-1.543184673,26.33985416
21.8045,-1.543184673,22.38887604
21.805,-1.540116711,23.63248699
21.8055,-1.537048749,24.68955631
21.806,-1.533980788,25.58806523
21.8065,-1.530912826,26.35179781
21.807,-1.530912826,22.39902814
21.8075,-1.527844865,23.64111628
21.808,-1.524776903,24.6968912
21.8085,-1.521708942,25.59429988
21.809,-1.51864098,26.35709727
21.8095,-1.515573018,27.00547504
21.81,-1.515573018,22.95465378
21.8105,-1.512505057,24.11339808
21.811,-1.509437095,25.09833073
21.8115,-1.506369134,25.93552349
21.812,-1.503301172,26.64713733
21.8125,-1.500233211,27.25200909
21.813,-1.500233211,23.16420773
21.8135,-1.497165249,24.29151893
21.814,-1.494097287,25.24973346
21.8145,-1.491029326,26.0642158
21.815,-1.487961364,26.75652579
21.8155,-1.484893403,27.34498929
21.816,-1.481825441,27.84518326
21.8165,-1.481825441,23.66840577
21.817,-1.47875748,24.72008727
21.8175,-1.475689518,25.61401654
21.818,-1.472621556,26.37385642
21.8185,-1.469553595,27.01972032
21.819,-1.466485633,27.56870464
21.8195,-1.463417672,28.03534131
21.82,-1.46034971,28.43198247
21.8205,-1.457281748,28.76912747
21.821,-1.454213787,29.05570071
21.8215,-1.454213787,24.6973456
21.822,-1.451145825,25.59468613
21.8225,-1.448077864,26.35742557
21.823,-1.445009902,27.0057541
21.8235,-1.441941941,27.55683335
21.824,-1.438873979,28.02525071
21.8245,-1.435806017,28.42340547
21.825,-1.432738056,28.76183701
21.8255,-1.429670094,29.04950382
21.826,-1.426602133,29.29402061
21.8265,-1.426602133,24.89991752
21.827,-1.423534171,25.76687226
21.8275,-1.42046621,26.50378378
21.828,-1.417398248,27.13015858
21.8285,-1.414330286,27.66257716
21.829,-1.411262325,28.11513295
21.8295,-1.408194363,28.49980537
21.83,-1.405126402,28.82677693
21.8305,-1.40205844,29.10470275
21.831,-1.398990479,29.3409397
21.8315,-1.395922517,29.54174111
21.832,-1.395922517,25.11047994
21.8325,-1.392854555,25.94585032
21.833,-1.389786594,26.65591513
21.8335,-1.386718632,27.25947023
21.834,-1.383650671,27.77249206
21.8345,-1.380582709,28.20856061
21.835,-1.377514748,28.57921888
21.8355,-1.374446786,28.89427841
21.836,-1.371378824,29.16207902
21.8365,-1.371378824,24.78776716
21.837,-1.368310863,25.67154445
21.8375,-1.365242901,26.42275515
21.838,-1.36217494,27.06128424
21.8385,-1.359106978,27.60403397
21.839,-1.356039016,28.06537124
21.8395,-1.352971055,28.45750791
21.84,-1.349903093,28.79082409
21.8405,-1.346835132,29.07414284
21.841,-1.346835132,24.71302141
21.8415,-1.34376717,25.60801057
21.842,-1.340699209,26.36875134
21.8425,-1.337631247,27.01538101
21.843,-1.334563285,27.56501622
21.8435,-1.331495324,28.03220615
21.844,-1.328427362,28.42931759
21.8445,-1.325359401,28.76686232
21.845,-1.325359401,24.45183297
21.8455,-1.322291439,25.38600039
21.846,-1.319223478,26.18004269
21.8465,-1.316155516,26.85497865
21.847,-1.313087554,27.42867422
21.8475,-1.310019593,27.91631545
21.848,-1.306951631,28.3308105
21.8485,-1.30388367,28.68313128
21.849,-1.30388367,24.38066159
21.8495,-1.300815708,25.32550472
21.85,-1.297747747,26.12862137
21.8505,-1.294679785,26.81127053
21.851,-1.291611823,27.39152231
21.8515,-1.288543862,27.88473633
21.852,-1.288543862,23.70202588
21.8525,-1.2854759,24.74866436
21.853,-1.282407939,25.63830707
21.8535,-1.279339977,26.39450338
21.854,-1.276272016,27.03727023
21.8545,-1.273204054,27.58362206
21.855,-1.270136092,28.04802112
21.8555,-1.270136092,23.84081795
21.856,-1.267068131,24.86663762
21.8565,-1.264000169,25.73858434
21.857,-1.260932208,26.47973905
21.8575,-1.257864246,27.10972056
21.858,-1.254796284,27.64520484
21.8585,-1.251728323,28.10036648
21.859,-1.248660361,28.48725387
21.8595,-1.248660361,24.21416579
21.86,-1.2455924,25.18398328
21.8605,-1.242524438,26.00832815
21.861,-1.239456477,26.7090213
21.8615,-1.236388515,27.30461046
21.862,-1.233320553,27.81086126
21.8625,-1.230252592,28.24117443
21.863,-1.22718463,28.60694063
21.8635,-1.22718463,24.31589954
21.864,-1.224116669,25.27045697
21.8645,-1.221048707,26.08183079
21.865,-1.217980746,26.77149853
21.8655,-1.214912784,27.35771612
21.866,-1.211844822,27.85600106
21.8665,-1.208776861,28.27954327
21.867,-1.205708899,28.63955414
21.8675,-1.202640938,28.94556338
21.868,-1.199572976,29.20567124
21.8685,-1.199572976,24.82482055
21.869,-1.196505015,25.70303983
21.8695,-1.193437053,26.44952622
21.87,-1.190369091,27.08403965
21.8705,-1.18730113,27.62337607
21.871,-1.184233168,28.08181202
21.8715,-1.181165207,28.47148258
21.872,-1.178097245,28.80270256
21.8725,-1.175029284,29.08423954
21.873,-1.171961322,29.32354597
21.8735,-1.16889336,29.52695644
21.874,-1.16889336,25.09791297
21.8745,-1.165825399,25.93516839
21.875,-1.162757437,26.6468355
21.8755,-1.159689476,27.25175254
21.876,-1.156621514,27.76593202
21.8765,-1.153553552,28.20298458
21.877,-1.150485591,28.57447926
21.8775,-1.147417629,28.89024973
21.878,-1.144349668,29.15865464
21.8785,-1.141281706,29.3867988
21.879,-1.138213745,29.58072135
21.8795,-1.135145783,29.74555551
21.88,-1.132077821,29.88566455
21.8805,-1.12900986,30.00475723
21.881,-1.12900986,25.50404364
21.8815,-1.125941898,26.28037946
21.882,-1.122873937,26.94026491
21.8825,-1.119805975,27.50116753
21.883,-1.116738014,27.97793477
21.8835,-1.113670052,28.38318692
21.884,-1.11060209,28.72765124
21.8845,-1.107534129,29.02044592
21.885,-1.104466167,29.26932139
21.8855,-1.101398206,29.48086555
21.886,-1.098330244,29.66067808
21.8865,-1.095262283,29.81351873
21.887,-1.092194321,29.94343329
21.8875,-1.089126359,30.05386066
21.888,-1.086058398,30.14772392
21.8885,-1.082990436,30.2275077
21.889,-1.082990436,25.69338154
21.8895,-1.079922475,26.44131667
21.89,-1.076854513,27.07706154
21.8905,-1.073786552,27.61744467
21.891,-1.07071859,28.07677033
21.8915,-1.067650628,28.46719715
21.892,-1.064582667,28.79905994
21.8925,-1.061514705,29.08114331
21.893,-1.058446744,29.32091418
21.8935,-1.055378782,29.52471942
21.894,-1.05231082,29.69795387
21.8945,-1.049242859,29.84520315
21.895,-1.046174897,29.97036504
21.8955,-1.043106936,30.07675265
21.896,-1.040038974,30.16718212
21.8965,-1.036971013,30.24404716
21.897,-1.033903051,30.30938245
21.8975,-1.030835089,30.36491745
21.898,-1.027767128,30.41212219
21.8985,-1.024699166,30.45224623
21.899,-1.021631205,30.48635166
21.8995,-1.018563243,30.51534127
21.9,-1.015495282,30.53998245
21.9005,-1.01242732,30.56092744
21.901,-1.009359358,30.57873069
21.9015,-1.006291397,30.59386345
21.902,-1.003223435,30.6067263
21.9025,-1.000155474,30.61765972
21.903,-0.994019551,35.22889549
21.9035,-0.990951589,34.54650353
21.904,-0.987883627,33.96647036
21.9045,-0.984815666,33.47344217
21.905,-0.981747704,33.05436821
21.9055,-0.978679743,32.69815534
21.906,-0.975611781,32.3953744
21.9065,-0.97254382,32.13801061
21.907,-0.969475858,31.91925138
21.9075,-0.966407896,31.73330604
21.908,-0.963339935,31.57525249
21.9085,-0.957204012,36.04284935
21.909,-0.95413605,35.23836431
21.9095,-0.951068088,34.55455203
21.91,-0.948000127,33.97331159
21.9105,-0.944932165,33.47925721
21.911,-0.941864204,33.05931099
21.9115,-0.938796242,32.70235671
21.912,-0.932660319,37.00088793
21.9125,-0.929592357,36.0526971
21.913,-0.926524396,35.2467349
21.9135,-0.923456434,34.56166703
21.914,-0.920388473,33.97935934
21.9145,-0.917320511,33.4843978
21.915,-0.911184588,37.66562286
21.9155,-0.908116626,36.61772179
21.916,-0.905048665,35.72700589
21.9165,-0.901980703,34.96989737
21.917,-0.898912742,34.32635513
21.9175,-0.892776819,38.38128659
21.918,-0.889708857,37.22603596
21.9185,-0.886640895,36.24407293
21.919,-0.883572934,35.40940435
21.9195,-0.877437011,39.30187843
21.92,-0.874369049,38.00853903
21.9205,-0.871301088,36.90920054
21.921,-0.868233126,35.97476282
21.9215,-0.865165164,35.18049076
21.922,-0.859029241,39.10730187
21.9225,-0.85596128,37.84314896
21.923,-0.852893318,36.76861898
21.9235,-0.849825356,35.85526849
21.924,-0.843689433,39.68086295
21.9245,-0.840621472,38.33067587
21.925,-0.83755351,37.18301685
21.9255,-0.834485549,36.20750669
21.926,-0.828349625,39.98026541
21.9265,-0.825281664,38.58516796
21.927,-0.822213702,37.39933513
21.9275,-0.819145741,36.39137723
21.928,-0.813009818,40.13655537
21.9285,-0.809941856,38.71801443
21.929,-0.806873894,37.51225463
21.9295,-0.803805933,36.4873588
21.93,-0.79767001,40.2181397
21.9305,-0.794602048,38.78736111
21.931,-0.791534087,37.57119931
21.9315,-0.788466125,36.53746178
21.932,-0.782330202,40.26072724
21.9325,-0.77926224,38.82356052
21.933,-0.776194279,37.6019688
21.9335,-0.773126317,36.56361585
21.934,-0.766990394,40.2829582
21.9345,-0.763922432,38.84245683
21.935,-0.760854471,37.61803067
21.9355,-0.757786509,36.57726843
21.936,-0.751650586,40.29456289
21.9365,-0.748582624,38.85232082
21.937,-0.745514663,37.62641506
21.9375,-0.742446701,36.58439517
21.938,-0.736310778,40.30062062
21.9385,-0.733242817,38.85746989
21.939,-0.730174855,37.63079177
21.9395,-0.727106893,36.58811537
21.94,-0.72097097,40.30378279
21.9405,-0.717903009,38.86015774
21.941,-0.714835047,37.63307644
21.9415,-0.711767086,36.59005734
21.942,-0.705631162,40.30543346
21.9425,-0.702563201,38.86156081
21.943,-0.699495239,37.63426905
21.9435,-0.696427278,36.59107106
21.944,-0.693359316,35.70435276
21.9445,-0.687223393,39.55258457
21.945,-0.684155431,38.22163925
21.9455,-0.68108747,37.09033573
21.946,-0.678019508,36.12872773
21.9465,-0.674951547,35.31136094
21.947,-0.668815624,39.21854152
21.9475,-0.665747662,37.93770266
21.948,-0.6626797,36.84898962
21.9485,-0.659611739,35.92358354
21.949,-0.656543777,35.13698838
21.9495,-0.653475816,34.46838248
21.95,-0.650407854,33.90006747
21.9505,-0.644271931,38.01894208
21.951,-0.641203969,36.91804313
21.9515,-0.638136008,35.98227903
21.952,-0.635068046,35.18687954
21.9525,-0.632000085,34.51078997
21.953,-0.628932123,33.93611384
21.9535,-0.625864161,33.44763913
21.954,-0.6227962,33.03243562
21.9545,-0.619728238,32.67951264
21.955,-0.616660277,32.37952811
21.9555,-0.613592315,32.12454126
21.956,-0.610524354,31.90780243
21.9565,-0.607456392,31.72357443
21.957,-0.60438843,31.56698063
21.9575,-0.601320469,31.4338759
21.958,-0.598252507,31.32073688
21.9585,-0.595184546,31.22456871
21.959,-0.592116584,31.14282577
21.9595,-0.589048623,31.07334427
21.96,-0.585980661,31.01428499
21.9605,-0.582912699,30.9640846
21.961,-0.579844738,30.92141428
21.9615,-0.576776776,30.8851445
21.962,-0.573708815,30.85431519
21.9625,-0.570640853,30.82811027
21.963,-0.567572892,30.8058361
21.9635,-0.56450493,30.78690305
21.964,-0.561436968,30.77080995
21.9645,-0.558369007,30.75713082
21.965,-0.555301045,30.74550356
21.9655,-0.552233084,30.73562039
21.966,-0.552233084,26.12527733
21.9665,-0.549165122,26.8084281
21.967,-0.54609716,27.38910625
21.9675,-0.543029199,27.88268267
21.968,-0.539961237,28.30222264
21.9685,-0.536893276,28.6588316
21.969,-0.533825314,28.96194923
21.9695,-0.530757353,29.21959921
21.97,-0.530757353,24.83665933
21.9705,-0.527689391,25.71310279
21.971,-0.524621429,26.45807974
21.9715,-0.521553468,27.09131014
21.972,-0.518485506,27.62955598
21.9725,-0.515417545,28.08706495
21.973,-0.515417545,23.87400521
21.9735,-0.512349583,24.89484679
21.974,-0.509281622,25.76256213
21.9745,-0.50621366,26.50012018
21.975,-0.503145698,27.12704451
21.9755,-0.500077737,27.6599302
21.976,-0.500077737,23.51094067
21.9765,-0.497009775,24.58624193
21.977,-0.493941814,25.50024801
21.9775,-0.490873852,26.27715317
21.978,-0.490873852,22.33558019
21.9785,-0.487805891,23.58718553
21.979,-0.484737929,24.65105006
21.9795,-0.481669967,25.55533492
21.98,-0.481669967,21.72203468
21.9805,-0.478602006,23.06567184
21.981,-0.475534044,24.20776343
21.9815,-0.472466083,25.17854128
21.982,-0.472466083,21.40176009
21.9825,-0.469398121,22.79343844
21.983,-0.46633016,23.97636504
21.9835,-0.46633016,20.37991028
21.984,-0.463262198,21.9248661
21.9845,-0.460194236,23.23807855
21.985,-0.457126275,24.35430913
21.9855,-0.457126275,20.70116276
21.986,-0.454058313,22.19793071
21.9865,-0.450990352,23.47018347
21.987,-0.450990352,19.94965595
21.9875,-0.44792239,21.55914992
21.988,-0.444854428,22.9272198
21.9885,-0.441786467,24.09007919
21.989,-0.441786467,20.47656731
21.9895,-0.438718505,22.00702458
21.99,-0.435650544,23.30791325
21.9905,-0.435650544,19.81172627
21.991,-0.432582582,21.44190969
21.9915,-0.429514621,22.8275656
21.992,-0.429514621,19.40343076
21.9925,-0.426446659,21.09485851
21.993,-0.423378697,22.5325721
21.9935,-0.423378697,19.15268628
21.994,-0.420310736,20.8817257
21.9945,-0.417242774,22.35140921
21.995,-0.417242774,18.99869783
21.9955,-0.414174813,20.75083552
21.996,-0.411106851,22.24015256
21.9965,-0.411106851,18.90412967
21.997,-0.40803889,20.67045258
21.9975,-0.404970928,22.17182706
21.998,-0.404970928,18.846053
21.9985,-0.401902966,20.62108741
21.999,-0.398835005,22.12986667
21.9995,-0.398835005,18.81038667
22,-0.395767043,20.59077103
22.0005,-0.392699082,22.10409774
22.001,-0.392699082,18.78848308
22.0015,-0.38963112,20.57215298
22.002,-0.38963112,17.48633003
22.0025,-0.386563159,19.46532289
22.003,-0.383495197,21.14746682
22.0035,-0.383495197,17.9753468
22.004,-0.380427235,19.88098714
22.0045,-0.380427235,16.89883907
22.005,-0.377359274,18.96595557
22.0055,-0.374291312,20.7230046
22.006,-0.374291312,17.61455391
22.0065,-0.371223351,19.57431319
22.007,-0.371223351,16.63816621
22.0075,-0.368155389,18.74438364
22.008,-0.368155389,15.9327261
22.0085,-0.365087428,18.14475955
22.009,-0.365087428,15.42304561
22.0095,-0.362019466,17.71153114
22.01,-0.362019466,15.05480146
22.0105,-0.358951504,17.39852361
22.011,-0.358951504,14.78874507
22.0115,-0.355883543,17.17237567
22.012,-0.355883543,14.59651932
22.0125,-0.352815581,17.00898379
22.013,-0.352815581,14.45763622
22.0135,-0.34974762,16.89093315
22.014,-0.34974762,14.35729318
22.0145,-0.346679658,16.80564156
22.015,-0.346679658,14.28479533
22.0155,-0.343611696,16.74401839
22.016,-0.343611696,14.23241563
22.0165,-0.340543735,16.69949565
22.017,-0.340543735,14.19457131
22.0175,-0.340543735,12.06538561
22.018,-0.337475773,14.85752013
22.0185,-0.337475773,12.62889211
22.019,-0.334407812,15.33650066
22.0195,-0.334407812,13.03602556
22.02,-0.334407812,11.08062173
22.0205,-0.33133985,14.02047083
22.021,-0.33133985,11.91740021
22.0215,-0.328271889,14.73173254
22.022,-0.328271889,12.52197266
22.0225,-0.328271889,10.64367676
22.023,-0.325203927,13.64906761
22.0235,-0.325203927,11.60170747
22.024,-0.325203927,9.861451348
22.0245,-0.322135965,12.98417601
22.025,-0.322135965,11.03654961
22.0255,-0.319068004,13.98300953
22.026,-0.319068004,11.8855581
22.0265,-0.319068004,10.10272439
22.027,-0.316000042,13.18925809
22.0275,-0.316000042,11.21086938
22.028,-0.316000042,9.529238971
22.0285,-0.312932081,12.70179549
22.029,-0.312932081,10.79652617
22.0295,-0.312932081,9.177047241
22.03,-0.309864119,12.40243252
22.0305,-0.309864119,10.54206764
22.031,-0.309864119,8.960757495
22.0315,-0.306796158,12.21858623
22.032,-0.306796158,10.3857983
22.0325,-0.303728196,13.42987092
22.033,-0.303728196,11.41539028
22.0335,-0.303728196,9.703081738
22.034,-0.300660234,12.84956184
22.0345,-0.300660234,10.92212756
22.035,-0.300660234,9.28380843
22.0355,-0.297592273,12.49317953
22.036,-0.297592273,10.6192026
22.0365,-0.297592273,9.02632221
22.037,-0.294524311,12.27431624
22.0375,-0.294524311,10.43316881
22.038,-0.294524311,8.868193485
22.0385,-0.29145635,12.13990683
22.039,-0.29145635,10.3189208
22.0395,-0.29145635,8.771082682
22.04,-0.288388388,12.05736264
22.0405,-0.288388388,10.24875825
22.041,-0.288388388,8.71144451
22.0415,-0.285320427,12.0066702
22.042,-0.285320427,10.20566967
22.0425,-0.285320427,8.674819217
22.043,-0.282252465,11.9755387
22.0435,-0.282252465,10.17920789
22.044,-0.282252465,8.65232671
22.0445,-0.279184503,11.95642007
22.045,-0.279184503,10.16295706
22.0455,-0.279184503,8.638513498
22.046,-0.276116542,11.94467884
22.0465,-0.276116542,10.15297701
22.047,-0.276116542,8.63003046
22.0475,-0.276116542,7.335525891
22.048,-0.27304858,10.83713937
22.0485,-0.27304858,9.211568465
22.049,-0.27304858,7.829833195
22.0495,-0.269980619,11.25730058
22.05,-0.269980619,9.568705493
22.0505,-0.269980619,8.133399669
22.051,-0.266912657,11.51533208
22.0515,-0.266912657,9.78803227
22.052,-0.266912657,8.319827429
22.0525,-0.266912657,7.071853315
22.053,-0.263844696,10.61301768
22.0535,-0.263844696,9.021065029
22.054,-0.263844696,7.667905275
22.0545,-0.263844696,6.517719484
22.055,-0.260776734,10.14200392
22.0555,-0.260776734,8.620703336
22.056,-0.260776734,7.327597836
22.0565,-0.260776734,6.22845816
22.057,-0.257708772,9.8961318
22.0575,-0.257708772,8.41171203
22.058,-0.257708772,7.149955225
22.0585,-0.257708772,6.077461942
22.059,-0.254640811,9.767785014
22.0595,-0.254640811,8.302617262
22.06,-0.254640811,7.057224673
22.0605,-0.254640811,5.998640972
22.061,-0.251572849,9.70078719
22.0615,-0.251572849,8.245669111
22.062,-0.251572849,7.008818745
22.0625,-0.251572849,5.957495933
22.063,-0.248504888,9.665813907
22.0635,-0.248504888,8.215941821
22.064,-0.248504888,6.983550547
22.0645,-0.248504888,5.936017965
22.065,-0.248504888,5.045615271
22.0655,-0.245436926,8.890715344
22.066,-0.245436926,7.557108042
22.0665,-0.245436926,6.423541836
22.067,-0.245436926,5.46001056
22.0675,-0.245436926,4.641008976
22.068,-0.242368964,8.546799994
22.0685,-0.242368964,7.264779995
22.069,-0.242368964,6.175062995
22.0695,-0.242368964,5.248803546
22.07,-0.242368964,4.461483014
22.0705,-0.242368964,3.792260562
22.071,-0.242368964,3.223421478
22.0715,-0.239301003,7.34185062
22.072,-0.239301003,6.240573027
22.0725,-0.239301003,5.304487073
22.073,-0.239301003,4.508814012
22.0735,-0.239301003,3.83249191
22.074,-0.239301003,3.257618124
22.0745,-0.236233041,7.370917769
22.075,-0.236233041,6.265280103
22.0755,-0.236233041,5.325488088
22.076,-0.236233041,4.526664875
22.0765,-0.236233041,3.847665143
22.077,-0.236233041,3.270515372
22.0775,-0.236233041,2.779938066
22.078,-0.236233041,2.362947356
22.0785,-0.23316508,6.610447616
22.079,-0.23316508,5.618880474
22.0795,-0.23316508,4.776048403
22.08,-0.23316508,4.059641142
22.0805,-0.23316508,3.450694971
22.081,-0.23316508,2.933090725
22.0815,-0.23316508,2.493127117
22.082,-0.23316508,2.119158049
22.0825,-0.23316508,1.801284342
22.083,-0.23316508,1.53109169
22.0835,-0.230097118,5.903370301
22.084,-0.230097118,5.017864755
22.0845,-0.230097118,4.265185042
22.085,-0.230097118,3.625407286
22.0855,-0.230097118,3.081596193
22.086,-0.230097118,2.619356764
22.0865,-0.230097118,2.226453249
22.087,-0.230097118,1.892485262
22.0875,-0.230097118,1.608612473
22.088,-0.230097118,1.367320602
22.0885,-0.230097118,1.162222512
22.089,-0.230097118,0.987889135
22.0895,-0.227029157,5.441648128
22.09,-0.227029157,4.625400909
22.0905,-0.227029157,3.931590773
22.091,-0.227029157,3.341852157
22.0915,-0.227029157,2.840574333
22.092,-0.227029157,2.414488183
22.0925,-0.227029157,2.052314956
22.093,-0.227029157,1.744467712
22.0935,-0.227029157,1.482797556
22.094,-0.227029157,1.260377922
22.0945,-0.227029157,1.071321234
22.095,-0.227029157,0.910623049
22.0955,-0.227029157,0.774029591
22.096,-0.227029157,0.657925153
22.0965,-0.227029157,0.55923638
22.097,-0.227029157,0.475350923
22.0975,-0.227029157,0.404048284
22.098,-0.223961195,4.945383405
22.0985,-0.223961195,4.203575895
22.099,-0.223961195,3.57303951
22.0995,-0.223961195,3.037083584
22.1,-0.223961195,2.581521046
22.1005,-0.223961195,2.194292889
22.101,-0.223961195,1.865148956
22.1015,-0.223961195,1.585376613
22.102,-0.223961195,1.347570121
22.1025,-0.223961195,1.145434603
22.103,-0.223961195,0.973619412
22.1035,-0.223961195,0.8275765
22.104,-0.223961195,0.703440025
22.1045,-0.223961195,0.597924022
22.105,-0.223961195,0.508235418
22.1055,-0.223961195,0.432000106
22.106,-0.223961195,0.36720009
22.1065,-0.223961195,0.312120076
22.107,-0.223961195,0.265302065
22.1075,-0.223961195,0.225506755
22.108,-0.223961195,0.191680742
22.1085,-0.223961195,0.162928631
22.109,-0.223961195,0.138489336
22.1095,-0.223961195,0.117715936
22.11,-0.223961195,0.100058545
22.1105,-0.223961195,0.085049763
22.111,-0.223961195,0.072292299
22.1115,-0.223961195,0.061448454
22.112,-0.223961195,0.052231186
22.1125,-0.223961195,0.044396508
22.113,-0.223961195,0.037737032
22.1135,-0.223961195,0.032076477
22.114,-0.223961195,0.027265006
22.1145,-0.223961195,0.023175255
22.115,-0.223961195,0.019698966
22.1155,-0.223961195,0.016744122
22.116,-0.223961195,0.014232503
22.1165,-0.223961195,0.012097628
22.117,-0.223961195,0.010282984
22.1175,-0.223961195,0.008740536
22.118,-0.223961195,0.007429456
22.1185,-0.223961195,0.006315037
22.119,-0.223961195,0.005367782
22.1195,-0.223961195,0.004562614
22.12,-0.223961195,0.003878222
22.1205,-0.223961195,0.003296489
22.121,-0.223961195,0.002802016
22.1215,-0.223961195,0.002381713
22.122,-0.223961195,0.002024456
22.1225,-0.223961195,0.001720788
22.123,-0.223961195,0.00146267
22.1235,-0.223961195,0.001243269
22.124,-0.223961195,0.001056779
22.1245,-0.223961195,0.000898262
22.125,-0.223961195,0.000763523
22.1255,-0.223961195,0.000648994
22.126,-0.223961195,0.000551645
22.1265,-0.223961195,0.000468898
22.127,-0.223961195,0.000398564
22.1275,-0.223961195,0.000338779
22.128,-0.223961195,0.000287962
22.1285,-0.223961195,0.000244768
22.129,-0.223961195,0.000208053
22.1295,-0.223961195,0.000176845
22.13,-0.223961195,0.000150318
22.1305,-0.223961195,0.00012777
22.131,-0.223961195,0.000108605
22.1315,-0.223961195,9.23141E-05
22.132,-0.223961195,7.8467E-05
22.1325,-0.223961195,6.66969E-05
22.133,-0.223961195,5.66924E-05
22.1335,-0.223961195,4.81885E-05
22.134,-0.223961195,4.09603E-05
22.1345,-0.223961195,3.48162E-05
22.135,-0.223961195,2.95938E-05
22.1355,-0.223961195,2.51547E-05
22.136,-0.223961195,2.13815E-05
22.1365,-0.220893233,4.601960538
22.137,-0.220893233,3.911666457
22.1375,-0.220893233,3.324916489
22.138,-0.220893233,2.826179015
22.1385,-0.220893233,2.402252163
22.139,-0.220893233,2.041914339
22.1395,-0.220893233,1.735627188
22.14,-0.220893233,1.47528311
22.1405,-0.220893233,1.253990643
22.141,-0.220893233,1.065892047
22.1415,-0.220893233,0.90600824
22.142,-0.220893233,0.770107004
22.1425,-0.220893233,0.654590953
22.143,-0.220893233,0.55640231
22.1435,-0.220893233,0.472941964
22.144,-0.220893233,0.402000669
22.1445,-0.220893233,0.341700569
22.145,-0.220893233,0.290445483
22.1455,-0.220893233,0.246878661
22.146,-0.220893233,0.209846862
22.1465,-0.220893233,0.178369833
22.147,-0.220893233,0.151614358
22.1475,-0.220893233,0.128872204
22.148,-0.220893233,0.109541373
22.1485,-0.220893233,0.093110167
22.149,-0.220893233,0.079143642
22.1495,-0.220893233,0.067272096
22.15,-0.220893233,0.057181282
22.1505,-0.220893233,0.048604089
22.151,-0.220893233,0.041313476
22.1515,-0.220893233,0.035116455
22.152,-0.220893233,0.029848986
22.1525,-0.220893233,0.025371638
22.153,-0.220893233,0.021565893
22.1535,-0.220893233,0.018331009
22.154,-0.220893233,0.015581357
22.1545,-0.220893233,0.013244154
22.155,-0.220893233,0.011257531
22.1555,-0.220893233,0.009568901
22.156,-0.220893233,0.008133566
22.1565,-0.220893233,0.006913531
22.157,-0.217825272,4.607818865
22.1575,-0.217825272,3.916646035
22.158,-0.217825272,3.32914913
22.1585,-0.217825272,2.829776761
22.159,-0.217825272,2.405310246
22.1595,-0.217825272,2.044513709
22.16,-0.217825272,1.737836653
22.1605,-0.217825272,1.477161155
22.161,-0.217825272,1.255586982
22.1615,-0.217825272,1.067248935
22.162,-0.217825272,0.907161594
22.1625,-0.217825272,0.771087355
22.163,-0.21475731,5.257366616
22.1635,-0.21475731,4.468761623
22.164,-0.21475731,3.79844738
22.1645,-0.21475731,3.228680273
22.165,-0.21475731,2.744378232
22.1655,-0.21475731,2.332721497
22.166,-0.21475731,1.982813273
22.1665,-0.21475731,1.685391282
22.167,-0.211689349,6.034524953
22.1675,-0.211689349,5.12934621
22.168,-0.211689349,4.359944279
22.1685,-0.211689349,3.705952637
22.169,-0.211689349,3.150059741
22.1695,-0.211689349,2.67755078
22.17,-0.208621387,6.877860527
22.1705,-0.208621387,5.846181448
22.171,-0.208621387,4.969254231
22.1715,-0.208621387,4.223866096
22.172,-0.208621387,3.590286182
22.1725,-0.205553426,7.653685618
22.173,-0.205553426,6.505632775
22.1735,-0.205553426,5.529787859
22.174,-0.205553426,4.70031968
22.1745,-0.205553426,3.995271728
22.175,-0.202485464,7.997923333
22.1755,-0.202485464,6.798234833
22.176,-0.202485464,5.778499608
22.1765,-0.202485464,4.911724667
22.177,-0.199417502,8.77690833
22.1775,-0.199417502,7.460372081
22.178,-0.199417502,6.341316269
22.1785,-0.199417502,5.390118828
22.179,-0.199417502,4.581601004
22.1795,-0.196349541,8.496303217
22.18,-0.196349541,7.221857735
22.1805,-0.196349541,6.138579074
22.181,-0.193281579,9.819734577
22.1815,-0.193281579,8.34677439
22.182,-0.193281579,7.094758232
22.1825,-0.193281579,6.030544497
22.183,-0.190213618,9.727905186
22.1835,-0.190213618,8.268719408
22.184,-0.190213618,7.028411497
22.1845,-0.190213618,5.974149772
22.185,-0.187145656,9.67996967
22.1855,-0.187145656,8.22797422
22.186,-0.187145656,6.993778087
22.1865,-0.187145656,5.944711374
22.187,-0.184077695,9.654947031
22.1875,-0.184077695,8.206704977
22.188,-0.184077695,6.97569923
22.1885,-0.184077695,5.929344346
22.189,-0.181009733,9.641885057
22.1895,-0.181009733,8.195602299
22.19,-0.181009733,6.966261954
22.1905,-0.181009733,5.921322661
22.191,-0.177941771,9.635066625
22.1915,-0.177941771,8.189806632
22.192,-0.177941771,6.961335637
22.1925,-0.177941771,5.917135291
22.193,-0.17487381,9.631507361
22.1935,-0.17487381,8.186781257
22.194,-0.17487381,6.958764069
22.1945,-0.17487381,5.914949458
22.195,-0.17487381,5.02770704
22.1955,-0.171805848,8.875493347
22.196,-0.171805848,7.544169345
22.1965,-0.171805848,6.412543943
22.197,-0.171805848,5.450662352
22.1975,-0.168737887,9.235005363
22.198,-0.168737887,7.849754558
22.1985,-0.168737887,6.672291375
22.199,-0.168737887,5.671447668
22.1995,-0.165669925,9.422672882
22.2,-0.165669925,8.00927195
22.2005,-0.165669925,6.807881157
22.201,-0.165669925,5.786698984
22.2015,-0.162601964,9.5206365
22.202,-0.162601964,8.092541025
22.2025,-0.162601964,6.878659871
22.203,-0.162601964,5.84686089
22.2035,-0.159534002,9.57177412
22.204,-0.159534002,8.136008002
22.2045,-0.159534002,6.915606802
22.205,-0.159534002,5.878265782
22.2055,-0.15646604,9.598468278
22.206,-0.15646604,8.158698036
22.2065,-0.15646604,6.934893331
22.207,-0.15646604,5.894659331
22.2075,-0.15646604,5.010460432
22.208,-0.153398079,8.860833731
22.2085,-0.153398079,7.531708671
22.209,-0.153398079,6.40195237
22.2095,-0.153398079,5.441659515
22.21,-0.153398079,4.625410588
22.2105,-0.150330117,8.533541363
22.211,-0.150330117,7.253510159
22.2115,-0.150330117,6.165483635
22.212,-0.150330117,5.24066109
22.2125,-0.150330117,4.454561926
22.213,-0.150330117,3.786377637
22.2135,-0.147262156,7.820363355
22.214,-0.147262156,6.647308852
22.2145,-0.147262156,5.650212524
22.215,-0.147262156,4.802680646
22.2155,-0.147262156,4.082278549
22.216,-0.147262156,3.469936766
22.2165,-0.147262156,2.949446251
22.217,-0.144194194,7.108971677
22.2175,-0.144194194,6.042625926
22.218,-0.144194194,5.136232037
22.2185,-0.144194194,4.365797231
22.219,-0.144194194,3.710927647
22.2195,-0.144194194,3.1542885
22.22,-0.144194194,2.681145225
22.2205,-0.141126232,6.880915805
22.221,-0.141126232,5.848778434
22.2215,-0.141126232,4.971461669
22.222,-0.141126232,4.225742419
22.2225,-0.141126232,3.591881056
22.223,-0.141126232,3.053098897
22.2235,-0.141126232,2.595134063
22.224,-0.141126232,2.205863953
22.2245,-0.141126232,1.87498436
22.225,-0.138058271,6.19567907
22.2255,-0.138058271,5.266327209
22.226,-0.138058271,4.476378128
22.2265,-0.138058271,3.804921409
22.227,-0.138058271,3.234183198
22.2275,-0.138058271,2.749055718
22.228,-0.138058271,2.33669736
22.2285,-0.138058271,1.986192756
22.229,-0.138058271,1.688263843
22.2295,-0.138058271,1.435024266
22.23,-0.138058271,1.219770626
22.2305,-0.138058271,1.036805032
22.231,-0.138058271,0.881284278
22.2315,-0.138058271,0.749091636
22.232,-0.138058271,0.636727891
22.2325,-0.138058271,0.541218707
22.233,-0.138058271,0.460035901
22.2335,-0.138058271,0.391030516
22.234,-0.138058271,0.332375938
22.2345,-0.138058271,0.282519548
22.235,-0.134990309,4.842083979
22.2355,-0.134990309,4.115771382
22.236,-0.134990309,3.498405675
22.2365,-0.134990309,2.973644824
22.237,-0.134990309,2.5275981
22.2375,-0.134990309,2.148458385
22.238,-0.134990309,1.826189627
22.2385,-0.134990309,1.552261183
22.239,-0.134990309,1.319422006
22.2395,-0.134990309,1.121508705
22.24,-0.134990309,0.953282399
22.2405,-0.134990309,0.810290039
22.241,-0.134990309,0.688746533
22.2415,-0.134990309,0.585434553
22.242,-0.134990309,0.49761937
22.2425,-0.134990309,0.422976465
22.243,-0.134990309,0.359529995
22.2435,-0.134990309,0.305600496
22.244,-0.134990309,0.259760421
22.2445,-0.134990309,0.220796358
22.245,-0.134990309,0.187676905
22.2455,-0.134990309,0.159525369
22.246,-0.134990309,0.135596564
22.2465,-0.134990309,0.115257079
22.247,-0.134990309,0.097968517
22.2475,-0.134990309,0.08327324
22.248,-0.134990309,0.070782254
22.2485,-0.134990309,0.060164916
22.249,-0.134990309,0.051140178
22.2495,-0.134990309,0.043469152
22.25,-0.134990309,0.036948779
22.2505,-0.134990309,0.031406462
22.251,-0.134990309,0.026695493
22.2515,-0.134990309,0.022691169
22.252,-0.134990309,0.019287493
22.2525,-0.134990309,0.016394369
22.253,-0.134990309,0.013935214
22.2535,-0.134990309,0.011844932
22.254,-0.134990309,0.010068192
22.2545,-0.134990309,0.008557963
22.255,-0.134990309,0.007274269
22.2555,-0.134990309,0.006183128
22.256,-0.134990309,0.005255659
22.2565,-0.134990309,0.00446731
22.257,-0.134990309,0.003797214
22.2575,-0.134990309,0.003227632
22.258,-0.134990309,0.002743487
22.2585,-0.134990309,0.002331964
22.259,-0.134990309,0.001982169
22.2595,-0.134990309,0.001684844
22.26,-0.134990309,0.001432117
22.2605,-0.134990309,0.0012173
22.261,-0.134990309,0.001034705
22.2615,-0.134990309,0.000879499
22.262,-0.134990309,0.000747574
22.2625,-0.134990309,0.000635438
22.263,-0.134990309,0.000540122
22.2635,-0.134990309,0.000459104
22.264,-0.134990309,0.000390238
22.2645,-0.134990309,0.000331703
22.265,-0.134990309,0.000281947
22.2655,-0.134990309,0.000239655
22.266,-0.134990309,0.000203707
22.2665,-0.134990309,0.000173151
22.267,-0.134990309,0.000147178
22.2675,-0.134990309,0.000125101
22.268,-0.134990309,0.000106336
22.2685,-0.134990309,9.03858E-05
22.269,-0.134990309,7.6828E-05
22.2695,-0.134990309,6.53038E-05
22.27,-0.134990309,5.55082E-05
22.2705,-0.134990309,4.7182E-05
22.271,-0.134990309,4.01047E-05
22.2715,-0.134990309,3.4089E-05
22.272,-0.134990309,2.89756E-05
22.2725,-0.134990309,2.46293E-05
22.273,-0.134990309,2.09349E-05
22.2735,-0.134990309,1.77947E-05
22.274,-0.134990309,1.51255E-05
22.2745,-0.134990309,1.28566E-05
22.275,-0.134990309,1.09281E-05
22.2755,-0.134990309,9.28892E-06
22.276,-0.134990309,7.89558E-06
22.2765,-0.134990309,6.71125E-06
22.277,-0.134990309,5.70456E-06
22.2775,-0.134990309,4.84888E-06
22.278,-0.134990309,4.12154E-06
22.2785,-0.134990309,3.50331E-06
22.279,-0.134990309,2.97782E-06
22.2795,-0.134990309,2.53114E-06
22.28,-0.134990309,2.15147E-06
22.2805,-0.134990309,1.82875E-06
22.281,-0.134990309,1.55444E-06
22.2815,-0.134990309,1.32127E-06
22.282,-0.134990309,1.12308E-06
22.2825,-0.134990309,9.54619E-07
22.283,-0.134990309,8.11426E-07
22.2835,-0.134990309,6.89713E-07
22.284,-0.134990309,5.86256E-07
22.2845,-0.134990309,4.98317E-07
22.285,-0.134990309,4.2357E-07
22.2855,-0.134990309,3.60034E-07
22.286,-0.134990309,3.06029E-07
22.2865,-0.134990309,2.60125E-07
22.287,-0.134990309,2.21106E-07
22.2875,-0.134990309,1.8794E-07
22.288,-0.134990309,1.59749E-07
22.2885,-0.134990309,1.35787E-07
22.289,-0.134990309,1.15419E-07
22.2895,-0.134990309,9.81059E-08
22.29,-0.134990309,8.339E-08
22.2905,-0.134990309,7.08815E-08
22.291,-0.134990309,6.02493E-08
22.2915,-0.134990309,5.12119E-08
22.292,-0.134990309,4.35301E-08
22.2925,-0.134990309,3.70006E-08
22.293,-0.134990309,3.14505E-08
22.2935,-0.134990309,2.67329E-08
22.294,-0.134990309,2.2723E-08
22.2945,-0.134990309,1.93145E-08
22.295,-0.134990309,1.64174E-08
22.2955,-0.134990309,1.39548E-08
22.296,-0.134990309,1.18615E-08
22.2965,-0.134990309,1.00823E-08
22.297,-0.134990309,8.56997E-09
22.2975,-0.134990309,7.28447E-09
22.298,-0.134990309,6.1918E-09
22.2985,-0.134990309,5.26303E-09
22.299,-0.134990309,4.47358E-09
22.2995,-0.134990309,3.80254E-09
22.3,-0.134990309,3.23216E-09
22.3005,-0.134990309,2.74733E-09
22.301,-0.134990309,2.33523E-09
22.3015,-0.134990309,1.98495E-09
22.302,-0.134990309,1.68721E-09
22.3025,-0.134990309,1.43413E-09
22.303,-0.134990309,1.21901E-09
22.3035,-0.134990309,1.03616E-09
22.304,-0.134990309,8.80733E-10
22.3045,-0.134990309,7.48623E-10
22.305,-0.134990309,6.36329E-10
22.3055,-0.134990309,5.4088E-10
22.306,-0.134990309,4.59748E-10
22.3065,-0.134990309,3.90786E-10
22.307,-0.134990309,3.32168E-10
22.3075,-0.134990309,2.82343E-10
22.308,-0.134990309,2.39991E-10
22.3085,-0.134990309,2.03993E-10
22.309,-0.134990309,1.73394E-10
22.3095,-0.134990309,1.47385E-10
22.31,-0.134990309,1.25277E-10
22.3105,-0.134990309,1.06485E-10
22.311,-0.134990309,9.05126E-11
22.3115,-0.134990309,7.69357E-11
22.312,-0.134990309,6.53954E-11
22.3125,-0.134990309,5.5586E-11
22.313,-0.134990309,4.72481E-11
22.3135,-0.134990309,4.01609E-11
22.314,-0.134990309,3.41368E-11
22.3145,-0.134990309,2.90163E-11
22.315,-0.134990309,2.46638E-11
22.3155,-0.134990309,2.09643E-11
22.316,-0.134990309,1.78196E-11
22.3165,-0.134990309,1.51467E-11
22.317,-0.134990309,1.28747E-11
22.3175,-0.134990309,1.09435E-11
22.318,-0.134990309,9.30195E-12
22.3185,-0.134990309,7.90666E-12
22.319,-0.134990309,6.72066E-12
22.3195,-0.134990309,5.71256E-12
22.32,-0.134990309,4.85568E-12
22.3205,-0.134990309,4.12732E-12
22.321,-0.134990309,3.50823E-12
22.3215,-0.134990309,2.98199E-12
22.322,-0.134990309,2.53469E-12
22.3225,-0.134990309,2.15449E-12
22.323,-0.134990309,1.83132E-12
22.3235,-0.134990309,1.55662E-12
22.324,-0.134990309,1.32313E-12
22.3245,-0.134990309,1.12466E-12
22.325,-0.134990309,9.55958E-13
22.3255,-0.134990309,8.12565E-13
22.326,-0.134990309,6.9068E-13
22.3265,-0.134990309,5.87078E-13
22.327,-0.134990309,4.99016E-13
22.3275,-0.134990309,4.24164E-13
22.328,-0.134990309,3.60539E-13
22.3285,-0.134990309,3.06458E-13
22.329,-0.134990309,2.6049E-13
22.3295,-0.134990309,2.21416E-13
22.33,-0.134990309,1.88204E-13
22.3305,-0.134990309,1.59973E-13
22.331,-0.134990309,1.35977E-13
22.3315,-0.134990309,1.15581E-13
22.332,-0.134990309,9.82435E-14
22.3325,-0.134990309,8.3507E-14
22.333,-0.134990309,7.09809E-14
22.3335,-0.134990309,6.03338E-14
22.334,-0.134990309,5.12837E-14
22.3345,-0.134990309,4.35912E-14
22.335,-0.134990309,3.70525E-14
22.3355,-0.134990309,3.14946E-14
22.336,-0.134990309,2.67704E-14
22.3365,-0.134990309,2.27549E-14
22.337,-0.134990309,1.93416E-14
22.3375,-0.134990309,1.64404E-14
22.338,-0.134990309,1.39743E-14
22.3385,-0.134990309,1.18782E-14
22.339,-0.134990309,1.00965E-14
22.3395,-0.134990309,8.58199E-15
22.34,-0.134990309,7.29469E-15
22.3405,-0.134990309,6.20048E-15
22.341,-0.134990309,5.27041E-15
22.3415,-0.134990309,4.47985E-15
22.342,-0.134990309,3.80787E-15
22.3425,-0.134990309,3.23669E-15
22.343,-0.134990309,2.75119E-15
22.3435,-0.134990309,2.33851E-15
22.344,-0.134990309,1.98773E-15
22.3445,-0.134990309,1.68957E-15
22.345,-0.134990309,1.43614E-15
22.3455,-0.134990309,1.22072E-15
22.346,-0.134990309,1.03761E-15
22.3465,-0.134990309,8.81968E-16
22.347,-0.134990309,7.49673E-16
22.3475,-0.134990309,6.37222E-16
22.348,-0.134990309,5.41639E-16
22.3485,-0.134990309,4.60393E-16
22.349,-0.134990309,3.91334E-16
22.3495,-0.134990309,3.32634E-16
22.35,-0.134990309,2.82739E-16
22.3505,-0.134990309,2.40328E-16
22.351,-0.134990309,2.04279E-16
22.3515,-0.134990309,1.73637E-16
22.352,-0.134990309,1.47591E-16
22.3525,-0.134990309,1.25453E-16
22.353,-0.134990309,1.06635E-16
22.3535,-0.134990309,9.06395E-17
22.354,-0.134990309,7.70436E-17
22.3545,-0.134990309,6.54871E-17
22.355,-0.134990309,5.5664E-17
22.3555,-0.134990309,4.73144E-17
22.356,-0.134990309,4.02172E-17
22.3565,-0.134990309,3.41847E-17
22.357,-0.134990309,2.9057E-17
22.3575,-0.134990309,2.46984E-17
22.358,-0.134990309,2.09937E-17
22.3585,-0.134990309,1.78446E-17
22.359,-0.134990309,1.51679E-17
22.3595,-0.134990309,1.28927E-17
22.36,-0.134990309,1.09588E-17
22.3605,-0.134990309,9.315E-18
22.361,-0.134990309,7.91775E-18
22.3615,-0.134990309,6.73008E-18
22.362,-0.134990309,5.72057E-18
22.3625,-0.134990309,4.86249E-18
22.363,-0.134990309,4.13311E-18
22.3635,-0.134990309,3.51315E-18
22.364,-0.134990309,2.98617E-18
22.3645,-0.134990309,2.53825E-18
22.365,-0.134990309,2.15751E-18
22.3655,-0.134990309,1.83388E-18
22.366,-0.134990309,1.5588E-18
22.3665,-0.134990309,1.32498E-18
22.367,-0.134990309,1.12623E-18
22.3675,-0.134990309,9.57299E-19
22.368,-0.134990309,8.13704E-19
22.3685,-0.134990309,6.91649E-19
22.369,-0.134990309,5.87901E-19
22.3695,-0.134990309,4.99716E-19
22.37,-0.134990309,4.24759E-19
22.3705,-0.134990309,3.61045E-19
22.371,-0.134990309,3.06888E-19
22.3715,-0.134990309,2.60855E-19
22.372,-0.134990309,2.21727E-19
22.3725,-0.134990309,1.88468E-19
22.373,-0.134990309,1.60198E-19
22.3735,-0.134990309,1.36168E-19
22.374,-0.134990309,1.15743E-19
22.3745,-0.134990309,9.83813E-20
22.375,-0.134990309,8.36241E-20
22.3755,-0.134990309,7.10805E-20
22.376,-0.134990309,6.04184E-20
22.3765,-0.134990309,5.13557E-20
22.377,-0.134990309,4.36523E-20
22.3775,-0.134990309,3.71045E-20
22.378,-0.134990309,3.15388E-20
22.3785,-0.134990309,2.6808E-20
22.379,-0.134990309,2.27868E-20
22.3795,-0.134990309,1.93688E-20
22.38,-0.134990309,1.64634E-20
22.3805,-0.134990309,1.39939E-20
22.381,-0.134990309,1.18948E-20
22.3815,-0.134990309,1.01106E-20
22.382,-0.134990309,8.59402E-21
22.3825,-0.134990309,7.30492E-21
22.383,-0.134990309,6.20918E-21
22.3835,-0.134990309,5.2778E-21
22.384,-0.134990309,4.48613E-21
22.3845,-0.134990309,3.81321E-21
22.385,-0.134990309,3.24123E-21
22.3855,-0.134990309,2.75505E-21
22.386,-0.134990309,2.34179E-21
22.3865,-0.134990309,1.99052E-21
22.387,-0.134990309,1.69194E-21
22.3875,-0.134990309,1.43815E-21
22.388,-0.134990309,1.22243E-21
22.3885,-0.134990309,1.03906E-21
22.389,-0.134990309,8.83205E-22
22.3895,-0.134990309,7.50724E-22
22.39,-0.134990309,6.38115E-22
22.3905,-0.134990309,5.42398E-22
22.391,-0.134990309,4.61038E-22
22.3915,-0.134990309,3.91883E-22
22.392,-0.134990309,3.331E-22
22.3925,-0.134990309,2.83135E-22
22.393,-0.134990309,2.40665E-22
22.3935,-0.134990309,2.04565E-22
22.394,-0.134990309,1.7388E-22
22.3945,-0.134990309,1.47798E-22
22.395,-0.134990309,1.25629E-22
22.3955,-0.134990309,1.06784E-22
22.396,-0.134990309,9.07667E-23
22.3965,-0.134990309,7.71517E-23
22.397,-0.134990309,6.55789E-23
22.3975,-0.134990309,5.57421E-23
22.398,-0.134990309,4.73808E-23
22.3985,-0.134990309,4.02737E-23
22.399,-0.134990309,3.42326E-23
22.3995,-0.134990309,2.90977E-23
22.4,-0.134990309,2.47331E-23
22.4005,-0.134990309,2.10231E-23
22.401,-0.134990309,1.78696E-23
22.4015,-0.134990309,1.51892E-23
22.402,-0.134990309,1.29108E-23
22.4025,-0.134990309,1.09742E-23
22.403,-0.134990309,9.32806E-24
22.4035,-0.134990309,7.92885E-24
22.404,-0.134990309,6.73952E-24
22.4045,-0.134990309,5.7286E-24
22.405,-0.134990309,4.86931E-24
22.4055,-0.134990309,4.13891E-24
22.406,-0.134990309,3.51807E-24
22.4065,-0.134990309,2.99036E-24
22.407,-0.134990309,2.54181E-24
22.4075,-0.134990309,2.16054E-24
22.408,-0.134990309,1.83646E-24
22.4085,-0.134990309,1.56099E-24
22.409,-0.134990309,1.32684E-24
22.4095,-0.134990309,1.12781E-24
22.41,-0.134990309,9.58642E-25
22.4105,-0.134990309,8.14845E-25
22.411,-0.134990309,6.92619E-25
22.4115,-0.134990309,5.88726E-25
22.412,-0.134990309,5.00417E-25
22.4125,-0.134990309,4.25354E-25
22.413,-0.134990309,3.61551E-25
22.4135,-0.134990309,3.07319E-25
22.414,-0.134990309,2.61221E-25
22.4145,-0.134990309,2.22038E-25
22.415,-0.134990309,1.88732E-25
22.4155,-0.134990309,1.60422E-25
22.416,-0.134990309,1.36359E-25
22.4165,-0.134990309,1.15905E-25
22.417,-0.134990309,9.85193E-26
22.4175,-0.134990309,8.37414E-26
22.418,-0.134990309,7.11802E-26
22.4185,-0.134990309,6.05032E-26
22.419,-0.134990309,5.14277E-26
22.4195,-0.134990309,4.37135E-26
22.42,-0.134990309,3.71565E-26
22.4205,-0.134990309,3.1583E-26
22.421,-0.134990309,2.68456E-26
22.4215,-0.134990309,2.28187E-26
22.422,-0.134990309,1.93959E-26
22.4225,-0.134990309,1.64865E-26
22.423,-0.134990309,1.40136E-26
22.4235,-0.134990309,1.19115E-26
22.424,-0.134990309,1.01248E-26
22.4245,-0.134990309,8.60608E-27
22.425,-0.134990309,7.31516E-27
22.4255,-0.134990309,6.21789E-27
22.426,-0.134990309,5.28521E-27
22.4265,-0.134990309,4.49243E-27
22.427,-0.134990309,3.81856E-27
22.4275,-0.134990309,3.24578E-27
22.428,-0.134990309,2.75891E-27
22.4285,-0.134990309,2.34507E-27
22.429,-0.134990309,1.99331E-27
22.4295,-0.134990309,1.69432E-27
22.43,-0.134990309,1.44017E-27
22.4305,-0.134990309,1.22414E-27
22.431,-0.134990309,1.04052E-27
22.4315,-0.134990309,8.84444E-28
22.432,-0.134990309,7.51777E-28
22.4325,-0.134990309,6.3901E-28
22.433,-0.134990309,5.43159E-28
22.4335,-0.134990309,4.61685E-28
22.434,-0.134990309,3.92432E-28
22.4345,-0.134990309,3.33567E-28
22.435,-0.134990309,2.83532E-28
22.4355,-0.134990309,2.41002E-28
22.436,-0.134990309,2.04852E-28
22.4365,-0.134990309,1.74124E-28
22.437,-0.134990309,1.48006E-28
22.4375,-0.134990309,1.25805E-28
22.438,-0.134990309,1.06934E-28
22.4385,-0.134990309,9.0894E-29
22.439,-0.134990309,7.72599E-29
22.4395,-0.134990309,6.56709E-29
22.44,-0.134990309,5.58203E-29
22.4405,-0.134990309,4.74472E-29
22.441,-0.134990309,4.03301E-29
22.4415,-0.134990309,3.42806E-29
22.442,-0.134990309,2.91385E-29
22.4425,-0.134990309,2.47677E-29
22.443,-0.134990309,2.10526E-29
22.4435,-0.134990309,1.78947E-29
22.444,-0.134990309,1.52105E-29
22.4445,-0.134990309,1.29289E-29
22.445,-0.134990309,1.09896E-29
22.4455,-0.134990309,9.34114E-30
22.446,-0.134990309,7.93997E-30
22.4465,-0.134990309,6.74898E-30
22.447,-0.134990309,5.73663E-30
22.4475,-0.134990309,4.87614E-30
22.448,-0.134990309,4.14471E-30
22.4485,-0.134990309,3.52301E-30
22.449,-0.134990309,2.99456E-30
22.4495,-0.134990309,2.54537E-30
22.45,-0.134990309,2.16357E-30
22.4505,-0.134990309,1.83903E-30
22.451,-0.134990309,1.56318E-30
22.4515,-0.134990309,1.3287E-30
22.452,-0.134990309,1.1294E-30
22.4525,-0.134990309,9.59986E-31
22.453,-0.134990309,8.15988E-31
22.4535,-0.134990309,6.9359E-31
22.454,-0.134990309,5.89552E-31
22.4545,-0.134990309,5.01119E-31
22.455,-0.134990309,4.25951E-31
22.4555,-0.134990309,3.62058E-31
22.456,-0.138058271,-4.601942364
22.4565,-0.138058271,-3.911651009
22.457,-0.138058271,-3.324903358
22.4575,-0.138058271,-2.826167854
22.458,-0.138058271,-2.402242676
22.4585,-0.138058271,-2.041906275
22.459,-0.138058271,-1.735620333
22.4595,-0.138058271,-1.475277283
22.46,-0.138058271,-1.253985691
22.4605,-0.138058271,-1.065887837
22.461,-0.138058271,-0.906004662
22.4615,-0.138058271,-0.770103962
22.462,-0.138058271,-0.654588368
22.4625,-0.138058271,-0.556400113
22.463,-0.138058271,-0.472940096
22.4635,-0.138058271,-0.401999082
22.464,-0.138058271,-0.341699219
22.4645,-0.138058271,-0.290444336
22.465,-0.138058271,-0.246877686
22.4655,-0.138058271,-0.209846033
22.466,-0.138058271,-0.178369128
22.4665,-0.138058271,-0.151613759
22.467,-0.138058271,-0.128871695
22.4675,-0.138058271,-0.109540941
22.468,-0.138058271,-0.0931098
22.4685,-0.138058271,-0.07914333
22.469,-0.138058271,-0.06727183
22.4695,-0.138058271,-0.057181056
22.47,-0.138058271,-0.048603897
22.4705,-0.138058271,-0.041313313
22.471,-0.138058271,-0.035116316
22.4715,-0.138058271,-0.029848868
22.472,-0.138058271,-0.025371538
22.4725,-0.138058271,-0.021565807
22.473,-0.138058271,-0.018330936
22.4735,-0.138058271,-0.015581296
22.474,-0.138058271,-0.013244102
22.4745,-0.138058271,-0.011257486
22.475,-0.138058271,-0.009568863
22.4755,-0.138058271,-0.008133534
22.476,-0.138058271,-0.006913504
22.4765,-0.138058271,-0.005876478
22.477,-0.138058271,-0.004995006
22.4775,-0.138058271,-0.004245755
22.478,-0.138058271,-0.003608892
22.4785,-0.138058271,-0.003067558
22.479,-0.138058271,-0.002607425
22.4795,-0.138058271,-0.002216311
22.48,-0.138058271,-0.001883864
22.4805,-0.138058271,-0.001601285
22.481,-0.138058271,-0.001361092
22.4815,-0.138058271,-0.001156928
22.482,-0.138058271,-0.000983389
22.4825,-0.138058271,-0.000835881
22.483,-0.138058271,-0.000710498
22.4835,-0.138058271,-0.000603924
22.484,-0.138058271,-0.000513335
22.4845,-0.138058271,-0.000436335
22.485,-0.138058271,-0.000370885
22.4855,-0.138058271,-0.000315252
22.486,-0.138058271,-0.000267964
22.4865,-0.138058271,-0.00022777
22.487,-0.138058271,-0.000193604
22.4875,-0.138058271,-0.000164563
22.488,-0.138058271,-0.000139879
22.4885,-0.138058271,-0.000118897
22.489,-0.138058271,-0.000101063
22.4895,-0.138058271,-8.59032E-05
22.49,-0.138058271,-7.30177E-05
22.4905,-0.138058271,-6.2065E-05
22.491,-0.138058271,-5.27553E-05
22.4915,-0.138058271,-4.4842E-05
22.492,-0.138058271,-3.81157E-05
22.4925,-0.138058271,-3.23983E-05
22.493,-0.138058271,-2.75386E-05
22.4935,-0.138058271,-2.34078E-05
22.494,-0.138058271,-1.98966E-05
22.4945,-0.138058271,-1.69121E-05
22.495,-0.138058271,-1.43753E-05
22.4955,-0.138058271,-1.2219E-05
22.496,-0.138058271,-1.03862E-05
22.4965,-0.138058271,-8.82824E-06
22.497,-0.138058271,-7.504E-06
22.4975,-0.138058271,-6.3784E-06
22.498,-0.138058271,-5.42164E-06
22.4985,-0.138058271,-4.6084E-06
22.499,-0.138058271,-3.91714E-06
22.4995,-0.138058271,-3.32957E-06
22.5,-0.138058271,-2.83013E-06
22.5005,-0.138058271,-2.40561E-06
22.501,-0.138058271,-2.04477E-06
22.5015,-0.138058271,-1.73805E-06
22.502,-0.138058271,-1.47735E-06
22.5025,-0.138058271,-1.25574E-06
22.503,-0.138058271,-1.06738E-06
22.5035,-0.138058271,-9.07275E-07
22.504,-0.138058271,-7.71184E-07
22.5045,-0.138058271,-6.55506E-07
22.505,-0.138058271,-5.5718E-07
22.5055,-0.138058271,-4.73603E-07
22.506,-0.138058271,-4.02563E-07
22.5065,-0.138058271,-3.42178E-07
22.507,-0.138058271,-2.90852E-07
22.5075,-0.138058271,-2.47224E-07
22.508,-0.138058271,-2.1014E-07
22.5085,-0.138058271,-1.78619E-07
22.509,-0.138058271,-1.51826E-07
22.5095,-0.138058271,-1.29052E-07
22.51,-0.138058271,-1.09695E-07
22.5105,-0.138058271,-9.32404E-08
22.511,-0.138058271,-7.92543E-08
22.5115,-0.138058271,-6.73662E-08
22.512,-0.138058271,-5.72613E-08
22.5125,-0.138058271,-4.86721E-08
22.513,-0.138058271,-4.13713E-08
22.5135,-0.138058271,-3.51656E-08
22.514,-0.138058271,-2.98907E-08
22.5145,-0.138058271,-2.54071E-08
22.515,-0.138058271,-2.15961E-08
22.5155,-0.138058271,-1.83566E-08
22.516,-0.138058271,-1.56031E-08
22.5165,-0.138058271,-1.32627E-08
22.517,-0.138058271,-1.12733E-08
22.5175,-0.138058271,-9.58228E-09
22.518,-0.138058271,-8.14494E-09
22.5185,-0.138058271,-6.9232E-09
22.519,-0.138058271,-5.88472E-09
22.5195,-0.138058271,-5.00201E-09
22.52,-0.138058271,-4.25171E-09
22.5205,-0.138058271,-3.61395E-09
22.521,-0.138058271,-3.07186E-09
22.5215,-0.138058271,-2.61108E-09
22.522,-0.138058271,-2.21942E-09
22.5225,-0.138058271,-1.88651E-09
22.523,-0.138058271,-1.60353E-09
22.5235,-0.138058271,-1.363E-09
22.524,-0.138058271,-1.15855E-09
22.5245,-0.138058271,-9.84768E-10
22.525,-0.138058271,-8.37053E-10
22.5255,-0.138058271,-7.11495E-10
22.526,-0.138058271,-6.04771E-10
22.5265,-0.138058271,-5.14055E-10
22.527,-0.138058271,-4.36947E-10
22.5275,-0.138058271,-3.71405E-10
22.528,-0.138058271,-3.15694E-10
22.5285,-0.138058271,-2.6834E-10
22.529,-0.138058271,-2.28089E-10
22.5295,-0.138058271,-1.93876E-10
22.53,-0.138058271,-1.64794E-10
22.5305,-0.138058271,-1.40075E-10
22.531,-0.138058271,-1.19064E-10
22.5315,-0.138058271,-1.01204E-10
22.532,-0.138058271,-8.60237E-11
22.5325,-0.138058271,-7.31201E-11
22.533,-0.141126232,-4.601942364
22.5335,-0.141126232,-3.911651009
22.534,-0.141126232,-3.324903358
22.5345,-0.141126232,-2.826167854
22.535,-0.141126232,-2.402242676
22.5355,-0.141126232,-2.041906275
22.536,-0.141126232,-1.735620333
22.5365,-0.141126232,-1.475277283
22.537,-0.141126232,-1.253985691
22.5375,-0.141126232,-1.065887837
22.538,-0.141126232,-0.906004662
22.5385,-0.141126232,-0.770103962
22.539,-0.141126232,-0.654588368
22.5395,-0.141126232,-0.556400113
22.54,-0.141126232,-0.472940096
22.5405,-0.141126232,-0.401999082
22.541,-0.141126232,-0.341699219
22.5415,-0.141126232,-0.290444336
22.542,-0.141126232,-0.246877686
22.5425,-0.141126232,-0.209846033
22.543,-0.141126232,-0.178369128
22.5435,-0.141126232,-0.151613759
22.544,-0.141126232,-0.128871695
22.5445,-0.141126232,-0.109540941
22.545,-0.141126232,-0.0931098
22.5455,-0.141126232,-0.07914333
22.546,-0.141126232,-0.06727183
22.5465,-0.141126232,-0.057181056
22.547,-0.141126232,-0.048603897
22.5475,-0.141126232,-0.041313313
22.548,-0.141126232,-0.035116316
22.5485,-0.141126232,-0.029848868
22.549,-0.141126232,-0.025371538
22.5495,-0.141126232,-0.021565807
22.55,-0.141126232,-0.018330936
22.5505,-0.141126232,-0.015581296
22.551,-0.141126232,-0.013244102
22.5515,-0.141126232,-0.011257486
22.552,-0.141126232,-0.009568863
22.5525,-0.141126232,-0.008133534
22.553,-0.141126232,-0.006913504
22.5535,-0.141126232,-0.005876478
22.554,-0.141126232,-0.004995006
22.5545,-0.141126232,-0.004245755
22.555,-0.141126232,-0.003608892
22.5555,-0.141126232,-0.003067558
22.556,-0.141126232,-0.002607425
22.5565,-0.141126232,-0.002216311
22.557,-0.141126232,-0.001883864
22.5575,-0.141126232,-0.001601285
22.558,-0.141126232,-0.001361092
22.5585,-0.141126232,-0.001156928
22.559,-0.141126232,-0.000983389
22.5595,-0.141126232,-0.000835881
22.56,-0.141126232,-0.000710498
22.5605,-0.141126232,-0.000603924
22.561,-0.141126232,-0.000513335
22.5615,-0.141126232,-0.000436335
22.562,-0.141126232,-0.000370885
22.5625,-0.141126232,-0.000315252
22.563,-0.141126232,-0.000267964
22.5635,-0.141126232,-0.00022777
22.564,-0.141126232,-0.000193604
22.5645,-0.141126232,-0.000164563
22.565,-0.141126232,-0.000139879
22.5655,-0.141126232,-0.000118897
22.566,-0.141126232,-0.000101063
22.5665,-0.141126232,-8.59032E-05
22.567,-0.141126232,-7.30177E-05
22.5675,-0.141126232,-6.2065E-05
22.568,-0.141126232,-5.27553E-05
22.5685,-0.141126232,-4.4842E-05
22.569,-0.141126232,-3.81157E-05
22.5695,-0.141126232,-3.23983E-05
22.57,-0.141126232,-2.75386E-05
22.5705,-0.141126232,-2.34078E-05
22.571,-0.141126232,-1.98966E-05
22.5715,-0.141126232,-1.69121E-05
22.572,-0.141126232,-1.43753E-05
22.5725,-0.141126232,-1.2219E-05
22.573,-0.141126232,-1.03862E-05
22.5735,-0.141126232,-8.82824E-06
22.574,-0.141126232,-7.504E-06
22.5745,-0.141126232,-6.3784E-06
22.575,-0.141126232,-5.42164E-06
22.5755,-0.141126232,-4.6084E-06
22.576,-0.141126232,-3.91714E-06
22.5765,-0.141126232,-3.32957E-06
22.577,-0.141126232,-2.83013E-06
22.5775,-0.141126232,-2.40561E-06
22.578,-0.141126232,-2.04477E-06
22.5785,-0.141126232,-1.73805E-06
22.579,-0.141126232,-1.47735E-06
22.5795,-0.141126232,-1.25574E-06
22.58,-0.141126232,-1.06738E-06
22.5805,-0.141126232,-9.07275E-07
22.581,-0.141126232,-7.71184E-07
22.5815,-0.141126232,-6.55506E-07
22.582,-0.141126232,-5.5718E-07
22.5825,-0.141126232,-4.73603E-07
22.583,-0.141126232,-4.02563E-07
22.5835,-0.141126232,-3.42178E-07
22.584,-0.141126232,-2.90852E-07
22.5845,-0.141126232,-2.47224E-07
22.585,-0.141126232,-2.1014E-07
22.5855,-0.141126232,-1.78619E-07
22.586,-0.141126232,-1.51826E-07
22.5865,-0.141126232,-1.29052E-07
22.587,-0.141126232,-1.09695E-07
22.5875,-0.141126232,-9.32404E-08
22.588,-0.141126232,-7.92543E-08
22.5885,-0.141126232,-6.73662E-08
22.589,-0.141126232,-5.72613E-08
22.5895,-0.141126232,-4.86721E-08
22.59,-0.141126232,-4.13713E-08
22.5905,-0.141126232,-3.51656E-08
22.591,-0.141126232,-2.98907E-08
22.5915,-0.141126232,-2.54071E-08
22.592,-0.141126232,-2.15961E-08
22.5925,-0.141126232,-1.83566E-08
22.593,-0.141126232,-1.56031E-08
22.5935,-0.141126232,-1.32627E-08
22.594,-0.141126232,-1.12733E-08
22.5945,-0.141126232,-9.58228E-09
22.595,-0.141126232,-8.14494E-09
22.5955,-0.141126232,-6.9232E-09
22.596,-0.141126232,-5.88472E-09
22.5965,-0.141126232,-5.00201E-09
22.597,-0.141126232,-4.25171E-09
22.5975,-0.141126232,-3.61395E-09
22.598,-0.141126232,-3.07186E-09
22.5985,-0.141126232,-2.61108E-09
22.599,-0.141126232,-2.21942E-09
22.5995,-0.141126232,-1.88651E-09
22.6,-0.141126232,-1.60353E-09
22.6005,-0.141126232,-1.363E-09
22.601,-0.141126232,-1.15855E-09
22.6015,-0.141126232,-9.84768E-10
22.602,-0.141126232,-8.37053E-10
22.6025,-0.141126232,-7.11495E-10
22.603,-0.141126232,-6.04771E-10
22.6035,-0.141126232,-5.14055E-10
22.604,-0.144194194,-4.601942364
22.6045,-0.144194194,-3.911651009
22.605,-0.144194194,-3.324903358
22.6055,-0.144194194,-2.826167854
22.606,-0.144194194,-2.402242676
22.6065,-0.144194194,-2.041906275
22.607,-0.144194194,-1.735620334
22.6075,-0.144194194,-1.475277284
22.608,-0.144194194,-1.253985691
22.6085,-0.144194194,-1.065887837
22.609,-0.144194194,-0.906004662
22.6095,-0.144194194,-0.770103962
22.61,-0.144194194,-0.654588368
22.6105,-0.144194194,-0.556400113
22.611,-0.144194194,-0.472940096
22.6115,-0.144194194,-0.401999082
22.612,-0.144194194,-0.341699219
22.6125,-0.144194194,-0.290444336
22.613,-0.144194194,-0.246877686
22.6135,-0.144194194,-0.209846033
22.614,-0.144194194,-0.178369128
22.6145,-0.144194194,-0.151613759
22.615,-0.144194194,-0.128871695
22.6155,-0.144194194,-0.109540941
22.616,-0.144194194,-0.0931098
22.6165,-0.144194194,-0.07914333
22.617,-0.144194194,-0.06727183
22.6175,-0.144194194,-0.057181056
22.618,-0.144194194,-0.048603897
22.6185,-0.144194194,-0.041313313
22.619,-0.147262156,-4.63705868
22.6195,-0.147262156,-3.941499878
22.62,-0.147262156,-3.350274896
22.6205,-0.147262156,-2.847733662
22.621,-0.147262156,-2.420573612
22.6215,-0.147262156,-2.05748757
22.622,-0.147262156,-1.748864435
22.6225,-0.147262156,-1.48653477
22.623,-0.147262156,-1.263554554
22.6235,-0.147262156,-1.074021371
22.624,-0.147262156,-0.912918165
22.6245,-0.147262156,-0.775980441
22.625,-0.147262156,-0.659583375
22.6255,-0.147262156,-0.560645868
22.626,-0.147262156,-0.476548988
22.6265,-0.147262156,-0.40506664
22.627,-0.147262156,-0.344306644
22.6275,-0.147262156,-0.292660647
22.628,-0.147262156,-0.24876155
22.6285,-0.147262156,-0.211447318
22.629,-0.147262156,-0.17973022
22.6295,-0.147262156,-0.152770687
22.63,-0.147262156,-0.129855084
22.6305,-0.147262156,-0.110376821
22.631,-0.147262156,-0.093820298
22.6315,-0.147262156,-0.079747253
22.632,-0.147262156,-0.067785165
22.6325,-0.147262156,-0.057617391
22.633,-0.147262156,-0.048974782
22.6335,-0.147262156,-0.041628565
22.634,-0.147262156,-0.03538428
22.6345,-0.147262156,-0.030076638
22.635,-0.147262156,-0.025565142
22.6355,-0.147262156,-0.021730371
22.636,-0.147262156,-0.018470815
22.6365,-0.147262156,-0.015700193
22.637,-0.147262156,-0.013345164
22.6375,-0.147262156,-0.011343389
22.638,-0.147262156,-0.009641881
22.6385,-0.147262156,-0.008195599
22.639,-0.147262156,-0.006966259
22.6395,-0.147262156,-0.00592132
22.64,-0.147262156,-0.005033122
22.6405,-0.147262156,-0.004278154
22.641,-0.147262156,-0.003636431
22.6415,-0.147262156,-0.003090966
22.642,-0.147262156,-0.002627321
22.6425,-0.147262156,-0.002233223
22.643,-0.147262156,-0.00189824
22.6435,-0.147262156,-0.001613504
22.644,-0.147262156,-0.001371478
22.6445,-0.147262156,-0.001165756
22.645,-0.147262156,-0.000990893
22.6455,-0.147262156,-0.000842259
22.646,-0.147262156,-0.00071592
22.6465,-0.147262156,-0.000608532
22.647,-0.147262156,-0.000517252
22.6475,-0.147262156,-0.000439664
22.648,-0.147262156,-0.000373715
22.6485,-0.147262156,-0.000317658
22.649,-0.147262156,-0.000270009
22.6495,-0.147262156,-0.000229508
22.65,-0.147262156,-0.000195081
22.6505,-0.147262156,-0.000165819
22.651,-0.147262156,-0.000140946
22.6515,-0.147262156,-0.000119804
22.652,-0.147262156,-0.000101834
22.6525,-0.147262156,-8.65587E-05
22.653,-0.147262156,-7.35749E-05
22.6535,-0.147262156,-6.25386E-05
22.654,-0.147262156,-5.31578E-05
22.6545,-0.147262156,-4.51842E-05
22.655,-0.147262156,-3.84065E-05
22.6555,-0.147262156,-3.26456E-05
22.656,-0.147262156,-2.77487E-05
22.6565,-0.147262156,-2.35864E-05
22.657,-0.147262156,-2.00485E-05
22.6575,-0.144194194,4.601925322
22.658,-0.144194194,3.911636524
22.6585,-0.144194194,3.324891045
22.659,-0.144194194,2.826157389
22.6595,-0.144194194,2.40223378
22.66,-0.144194194,2.041898713
22.6605,-0.144194194,1.735613906
22.661,-0.144194194,1.47527182
22.6615,-0.144194194,1.253981047
22.662,-0.144194194,1.06588389
22.6625,-0.144194194,0.906001307
22.663,-0.144194194,0.770101111
22.6635,-0.144194194,0.654585944
22.664,-0.144194194,0.556398052
22.6645,-0.144194194,0.472938345
22.665,-0.144194194,0.401997593
22.6655,-0.144194194,0.341697954
22.666,-0.144194194,0.290443261
22.6665,-0.144194194,0.246876772
22.667,-0.144194194,0.209845256
22.6675,-0.144194194,0.178368468
22.668,-0.144194194,0.151613197
22.6685,-0.144194194,0.128871218
22.669,-0.144194194,0.109540535
22.6695,-0.144194194,0.093109455
22.67,-0.144194194,0.079143037
22.6705,-0.144194194,0.067271581
22.671,-0.144194194,0.057180844
22.6715,-0.144194194,0.048603717
22.672,-0.144194194,0.04131316
22.6725,-0.144194194,0.035116186
22.673,-0.144194194,0.029848758
22.6735,-0.144194194,0.025371444
22.674,-0.144194194,0.021565728
22.6745,-0.144194194,0.018330868
22.675,-0.144194194,0.015581238
22.6755,-0.144194194,0.013244052
22.676,-0.144194194,0.011257445
22.6765,-0.144194194,0.009568828
22.677,-0.144194194,0.008133504
22.6775,-0.144194194,0.006913478
22.678,-0.144194194,0.005876456
22.6785,-0.144194194,0.004994988
22.679,-0.144194194,0.00424574
22.6795,-0.144194194,0.003608879
22.68,-0.144194194,0.003067547
22.6805,-0.144194194,0.002607415
22.681,-0.144194194,0.002216303
22.6815,-0.144194194,0.001883857
22.682,-0.144194194,0.001601279
22.6825,-0.144194194,0.001361087
22.683,-0.144194194,0.001156924
22.6835,-0.144194194,0.000983385
22.684,-0.144194194,0.000835877
22.6845,-0.144194194,0.000710496
22.685,-0.144194194,0.000603921
22.6855,-0.144194194,0.000513333
22.686,-0.144194194,0.000436333
22.6865,-0.144194194,0.000370883
22.687,-0.144194194,0.000315251
22.6875,-0.144194194,0.000267963
22.688,-0.144194194,0.000227769
22.6885,-0.144194194,0.000193603
22.689,-0.144194194,0.000164563
22.6895,-0.144194194,0.000139878
22.69,-0.144194194,0.000118897
22.6905,-0.144194194,0.000101062
22.691,-0.144194194,8.59029E-05
22.6915,-0.144194194,7.30174E-05
22.692,-0.144194194,6.20648E-05
22.6925,-0.144194194,5.27551E-05
22.693,-0.144194194,4.48418E-05
22.6935,-0.144194194,3.81156E-05
22.694,-0.144194194,3.23982E-05
22.6945,-0.144194194,2.75385E-05
22.695,-0.144194194,2.34077E-05
22.6955,-0.144194194,1.98966E-05
22.696,-0.144194194,1.69121E-05
22.6965,-0.144194194,1.43753E-05
22.697,-0.144194194,1.2219E-05
22.6975,-0.144194194,1.03861E-05
22.698,-0.144194194,8.82821E-06
22.6985,-0.144194194,7.50398E-06
22.699,-0.144194194,6.37838E-06
22.6995,-0.144194194,5.42162E-06
22.7,-0.144194194,4.60838E-06
22.7005,-0.144194194,3.91712E-06
22.701,-0.144194194,3.32955E-06
22.7015,-0.144194194,2.83012E-06
22.702,-0.144194194,2.4056E-06
22.7025,-0.144194194,2.04476E-06
22.703,-0.144194194,1.73805E-06
22.7035,-0.144194194,1.47734E-06
22.704,-0.144194194,1.25574E-06
22.7045,-0.144194194,1.06738E-06
22.705,-0.144194194,9.07272E-07
22.7055,-0.144194194,7.71181E-07
22.706,-0.144194194,6.55504E-07
22.7065,-0.144194194,5.57178E-07
22.707,-0.144194194,4.73602E-07
22.7075,-0.144194194,4.02561E-07
22.708,-0.144194194,3.42177E-07
22.7085,-0.144194194,2.90851E-07
22.709,-0.144194194,2.47223E-07
22.7095,-0.144194194,2.1014E-07
22.71,-0.144194194,1.78619E-07
22.7105,-0.144194194,1.51826E-07
22.711,-0.144194194,1.29052E-07
22.7115,-0.144194194,1.09694E-07
22.712,-0.144194194,9.324E-08
22.7125,-0.144194194,7.9254E-08
22.713,-0.144194194,6.73659E-08
22.7135,-0.144194194,5.7261E-08
22.714,-0.144194194,4.86719E-08
22.7145,-0.144194194,4.13711E-08
22.715,-0.144194194,3.51654E-08
22.7155,-0.144194194,2.98906E-08
22.716,-0.144194194,2.5407E-08
22.7165,-0.144194194,2.1596E-08
22.717,-0.144194194,1.83566E-08
22.7175,-0.144194194,1.56031E-08
22.718,-0.144194194,1.32626E-08
22.7185,-0.144194194,1.12732E-08
22.719,-0.144194194,9.58225E-09
22.7195,-0.144194194,8.14491E-09
22.72,-0.144194194,6.92317E-09
22.7205,-0.144194194,5.8847E-09
22.721,-0.144194194,5.00199E-09
22.7215,-0.144194194,4.25169E-09
22.722,-0.144194194,3.61394E-09
22.7225,-0.144194194,3.07185E-09
22.723,-0.144194194,2.61107E-09
22.7235,-0.144194194,2.21941E-09
22.724,-0.144194194,1.8865E-09
22.7245,-0.144194194,1.60352E-09
22.725,-0.144194194,1.363E-09
22.7255,-0.144194194,1.15855E-09
22.726,-0.144194194,9.84765E-10
22.7265,-0.144194194,8.3705E-10
22.727,-0.144194194,7.11492E-10
22.7275,-0.144194194,6.04769E-10
22.728,-0.144194194,5.14053E-10
22.7285,-0.144194194,4.36945E-10
22.729,-0.144194194,3.71403E-10
22.7295,-0.144194194,3.15693E-10
22.73,-0.144194194,2.68339E-10
22.7305,-0.144194194,2.28088E-10
22.731,-0.144194194,1.93875E-10
22.7315,-0.144194194,1.64794E-10
22.732,-0.144194194,1.40075E-10
22.7325,-0.144194194,1.19063E-10
22.733,-0.144194194,1.01204E-10
22.7335,-0.144194194,8.60233E-11
22.734,-0.144194194,7.31198E-11
22.7345,-0.144194194,6.21519E-11
22.735,-0.144194194,5.28291E-11
22.7355,-0.144194194,4.49047E-11
22.736,-0.144194194,3.8169E-11
22.7365,-0.144194194,3.24437E-11
22.737,-0.144194194,2.75771E-11
22.7375,-0.144194194,2.34405E-11
22.738,-0.144194194,1.99245E-11
22.7385,-0.144194194,1.69358E-11
22.739,-0.144194194,1.43954E-11
22.7395,-0.144194194,1.22361E-11
22.74,-0.144194194,1.04007E-11
22.7405,-0.144194194,8.84059E-12
22.741,-0.144194194,7.5145E-12
22.7415,-0.144194194,6.38733E-12
22.742,-0.144194194,5.42923E-12
22.7425,-0.144194194,4.61484E-12
22.743,-0.144194194,3.92262E-12
22.7435,-0.144194194,3.33422E-12
22.744,-0.144194194,2.83409E-12
22.7445,-0.144194194,2.40898E-12
22.745,-0.144194194,2.04763E-12
22.7455,-0.144194194,1.74049E-12
22.746,-0.144194194,1.47941E-12
22.7465,-0.144194194,1.2575E-12
22.747,-0.144194194,1.06888E-12
22.7475,-0.144194194,9.08544E-13
22.748,-0.144194194,7.72263E-13
22.7485,-0.144194194,6.56423E-13
22.749,-0.144194194,5.5796E-13
22.7495,-0.144194194,4.74266E-13
22.75,-0.144194194,4.03126E-13
22.7505,-0.144194194,3.42657E-13
22.751,-0.144194194,2.91259E-13
22.7515,-0.144194194,2.4757E-13
22.752,-0.144194194,2.10434E-13
22.7525,-0.144194194,1.78869E-13
22.753,-0.144194194,1.52039E-13
22.7535,-0.144194194,1.29233E-13
22.754,-0.144194194,1.09848E-13
22.7545,-0.144194194,9.33708E-14
22.755,-0.144194194,7.93652E-14
22.7555,-0.144194194,6.74604E-14
22.756,-0.144194194,5.73414E-14
22.7565,-0.144194194,4.87401E-14
22.757,-0.144194194,4.14291E-14
22.7575,-0.144194194,3.52148E-14
22.758,-0.144194194,2.99325E-14
22.7585,-0.144194194,2.54427E-14
22.759,-0.144194194,2.16263E-14
22.7595,-0.144194194,1.83823E-14
22.76,-0.144194194,1.5625E-14
22.7605,-0.144194194,1.32812E-14
22.761,-0.144194194,1.1289E-14
22.7615,-0.144194194,9.59569E-15
22.762,-0.144194194,8.15633E-15
22.7625,-0.144194194,6.93288E-15
22.763,-0.144194194,5.89295E-15
22.7635,-0.144194194,5.00901E-15
22.764,-0.144194194,4.25766E-15
22.7645,-0.144194194,3.61901E-15
22.765,-0.144194194,3.07616E-15
22.7655,-0.144194194,2.61473E-15
22.766,-0.144194194,2.22252E-15
22.7665,-0.144194194,1.88915E-15
22.767,-0.144194194,1.60577E-15
22.7675,-0.144194194,1.36491E-15
22.768,-0.144194194,1.16017E-15
22.7685,-0.144194194,9.86146E-16
22.769,-0.144194194,8.38224E-16
22.7695,-0.144194194,7.1249E-16
22.77,-0.144194194,6.05617E-16
22.7705,-0.144194194,5.14774E-16
22.771,-0.144194194,4.37558E-16
22.7715,-0.144194194,3.71924E-16
22.772,-0.144194194,3.16136E-16
22.7725,-0.144194194,2.68715E-16
22.773,-0.144194194,2.28408E-16
22.7735,-0.144194194,1.94147E-16
22.774,-0.144194194,1.65025E-16
22.7745,-0.144194194,1.40271E-16
22.775,-0.144194194,1.1923E-16
22.7755,-0.144194194,1.01346E-16
22.776,-0.144194194,8.6144E-17
22.7765,-0.144194194,7.32224E-17
22.777,-0.144194194,6.2239E-17
22.7775,-0.144194194,5.29032E-17
22.778,-0.144194194,4.49677E-17
22.7785,-0.144194194,3.82225E-17
22.779,-0.144194194,3.24892E-17
22.7795,-0.144194194,2.76158E-17
22.78,-0.144194194,2.34734E-17
22.7805,-0.144194194,1.99524E-17
22.781,-0.144194194,1.69595E-17
22.7815,-0.144194194,1.44156E-17
22.782,-0.144194194,1.22533E-17
22.7825,-0.144194194,1.04153E-17
22.783,-0.144194194,8.85299E-18
22.7835,-0.144194194,7.52504E-18
22.784,-0.144194194,6.39628E-18
22.7845,-0.144194194,5.43684E-18
22.785,-0.144194194,4.62132E-18
22.7855,-0.144194194,3.92812E-18
22.786,-0.144194194,3.3389E-18
22.7865,-0.144194194,2.83807E-18
22.787,-0.144194194,2.41236E-18
22.7875,-0.144194194,2.0505E-18
22.788,-0.144194194,1.74293E-18
22.7885,-0.144194194,1.48149E-18
22.789,-0.144194194,1.25926E-18
22.7895,-0.144194194,1.07037E-18
22.79,-0.144194194,9.09819E-19
22.7905,-0.144194194,7.73346E-19
22.791,-0.144194194,6.57344E-19
22.7915,-0.144194194,5.58742E-19
22.792,-0.144194194,4.74931E-19
22.7925,-0.144194194,4.03691E-19
22.793,-0.144194194,3.43138E-19
22.7935,-0.144194194,2.91667E-19
22.794,-0.144194194,2.47917E-19
22.7945,-0.144194194,2.10729E-19
22.795,-0.144194194,1.7912E-19
22.7955,-0.144194194,1.52252E-19
22.796,-0.144194194,1.29414E-19
22.7965,-0.144194194,1.10002E-19
22.797,-0.144194194,9.35018E-20
22.7975,-0.144194194,7.94765E-20
22.798,-0.144194194,6.7555E-20
22.7985,-0.144194194,5.74218E-20
22.799,-0.144194194,4.88085E-20
22.7995,-0.144194194,4.14872E-20
22.8,-0.144194194,3.52641E-20
22.8005,-0.144194194,2.99745E-20
22.801,-0.144194194,2.54783E-20
22.8015,-0.144194194,2.16566E-20
22.802,-0.144194194,1.84081E-20
22.8025,-0.144194194,1.56469E-20
22.803,-0.144194194,1.32999E-20
22.8035,-0.144194194,1.13049E-20
22.804,-0.144194194,9.60915E-21
22.8045,-0.144194194,8.16777E-21
22.805,-0.144194194,6.94261E-21
22.8055,-0.144194194,5.90122E-21
22.806,-0.144194194,5.01603E-21
22.8065,-0.144194194,4.26363E-21
22.807,-0.144194194,3.62408E-21
22.8075,-0.144194194,3.08047E-21
22.808,-0.144194194,2.6184E-21
22.8085,-0.144194194,2.22564E-21
22.809,-0.144194194,1.89179E-21
22.8095,-0.144194194,1.60803E-21
22.81,-0.144194194,1.36682E-21
22.8105,-0.144194194,1.1618E-21
22.811,-0.144194194,9.87529E-22
22.8115,-0.144194194,8.39399E-22
22.812,-0.144194194,7.1349E-22
22.8125,-0.144194194,6.06466E-22
22.813,-0.144194194,5.15496E-22
22.8135,-0.144194194,4.38172E-22
22.814,-0.144194194,3.72446E-22
22.8145,-0.144194194,3.16579E-22
22.815,-0.144194194,2.69092E-22
22.8155,-0.144194194,2.28728E-22
22.816,-0.144194194,1.94419E-22
22.8165,-0.144194194,1.65256E-22
22.817,-0.144194194,1.40468E-22
22.8175,-0.144194194,1.19398E-22
22.818,-0.144194194,1.01488E-22
22.8185,-0.144194194,8.62648E-23
22.819,-0.144194194,7.33251E-23
22.8195,-0.144194194,6.23263E-23
22.82,-0.144194194,5.29774E-23
22.8205,-0.144194194,4.50308E-23
22.821,-0.144194194,3.82762E-23
22.8215,-0.144194194,3.25347E-23
22.822,-0.144194194,2.76545E-23
22.8225,-0.144194194,2.35063E-23
22.823,-0.144194194,1.99804E-23
22.8235,-0.144194194,1.69833E-23
22.824,-0.144194194,1.44358E-23
22.8245,-0.144194194,1.22705E-23
22.825,-0.144194194,1.04299E-23
22.8255,-0.144194194,8.86541E-24
22.826,-0.144194194,7.53559E-24
22.8265,-0.144194194,6.40526E-24
22.827,-0.144194194,5.44447E-24
22.8275,-0.144194194,4.6278E-24
22.828,-0.144194194,3.93363E-24
22.8285,-0.144194194,3.34358E-24
22.829,-0.144194194,2.84205E-24
22.8295,-0.144194194,2.41574E-24
22.83,-0.144194194,2.05338E-24
22.8305,-0.144194194,1.74537E-24
22.831,-0.144194194,1.48357E-24
22.8315,-0.144194194,1.26103E-24
22.832,-0.144194194,1.07188E-24
22.8325,-0.144194194,9.11095E-25
22.833,-0.144194194,7.74431E-25
22.8335,-0.144194194,6.58266E-25
22.834,-0.144194194,5.59526E-25
22.8345,-0.144194194,4.75597E-25
22.835,-0.144194194,4.04258E-25
22.8355,-0.144194194,3.43619E-25
22.836,-0.144194194,2.92076E-25
22.8365,-0.144194194,2.48265E-25
22.837,-0.144194194,2.11025E-25
22.8375,-0.144194194,1.79371E-25
22.838,-0.144194194,1.52466E-25
22.8385,-0.144194194,1.29596E-25
22.839,-0.144194194,1.10156E-25
22.8395,-0.144194194,9.36329E-26
22.84,-0.144194194,7.9588E-26
22.8405,-0.144194194,6.76498E-26
22.841,-0.144194194,5.75023E-26
22.8415,-0.144194194,4.8877E-26
22.842,-0.144194194,4.15454E-26
22.8425,-0.144194194,3.53136E-26
22.843,-0.144194194,3.00166E-26
22.8435,-0.144194194,2.55141E-26
22.844,-0.144194194,2.1687E-26
22.8445,-0.144194194,1.84339E-26
22.845,-0.144194194,1.56688E-26
22.8455,-0.144194194,1.33185E-26
22.846,-0.144194194,1.13207E-26
22.8465,-0.144194194,9.62262E-27
22.847,-0.144194194,8.17923E-27
22.8475,-0.144194194,6.95235E-27
22.848,-0.144194194,5.90949E-27
22.8485,-0.144194194,5.02307E-27
22.849,-0.144194194,4.26961E-27
22.8495,-0.144194194,3.62917E-27
22.85,-0.144194194,3.08479E-27
22.8505,-0.144194194,2.62207E-27
22.851,-0.144194194,2.22876E-27
22.8515,-0.144194194,1.89445E-27
22.852,-0.144194194,1.61028E-27
22.8525,-0.147262156,-4.601942364
22.853,-0.147262156,-3.911651009
22.8535,-0.147262156,-3.324903358
22.854,-0.147262156,-2.826167854
22.8545,-0.147262156,-2.402242676
22.855,-0.147262156,-2.041906275
22.8555,-0.147262156,-1.735620333
22.856,-0.147262156,-1.475277283
22.8565,-0.147262156,-1.253985691
22.857,-0.147262156,-1.065887837
22.8575,-0.147262156,-0.906004662
22.858,-0.147262156,-0.770103962
22.8585,-0.147262156,-0.654588368
22.859,-0.147262156,-0.556400113
22.8595,-0.147262156,-0.472940096
22.86,-0.147262156,-0.401999082
22.8605,-0.147262156,-0.341699219
22.861,-0.147262156,-0.290444336
22.8615,-0.150330117,-4.84882005
22.862,-0.150330117,-4.121497042
22.8625,-0.150330117,-3.503272486
22.863,-0.150330117,-2.977781613
22.8635,-0.150330117,-2.531114371
22.864,-0.150330117,-2.151447215
22.8645,-0.150330117,-1.828730133
22.865,-0.150330117,-1.554420613
22.8655,-0.150330117,-1.321257521
22.866,-0.150330117,-1.123068893
22.8665,-0.153398079,-5.556550923
22.867,-0.153398079,-4.723068284
22.8675,-0.153398079,-4.014608042
22.868,-0.153398079,-3.412416835
22.8685,-0.153398079,-2.90055431
22.869,-0.153398079,-2.465471164
22.8695,-0.153398079,-2.095650489
22.87,-0.153398079,-1.781302916
22.8705,-0.15646604,-6.116049842
22.871,-0.15646604,-5.198642366
22.8715,-0.15646604,-4.418846011
22.872,-0.15646604,-3.756019109
22.8725,-0.15646604,-3.192616243
22.873,-0.15646604,-2.713723806
22.8735,-0.15646604,-2.306665235
22.874,-0.15646604,-1.96066545
22.8745,-0.159534002,-6.268507996
22.875,-0.159534002,-5.328231797
22.8755,-0.159534002,-4.528997027
22.876,-0.159534002,-3.849647473
22.8765,-0.159534002,-3.272200352
22.877,-0.159534002,-2.781370299
22.8775,-0.159534002,-2.364164754
22.878,-0.162601964,-6.611482405
22.8785,-0.162601964,-5.619760044
22.879,-0.162601964,-4.776796038
22.8795,-0.162601964,-4.060276632
22.88,-0.162601964,-3.451235137
22.8805,-0.162601964,-2.933549867
22.881,-0.162601964,-2.493517387
22.8815,-0.165669925,-6.721432142
22.882,-0.165669925,-5.713217321
22.8825,-0.165669925,-4.856234723
22.883,-0.165669925,-4.127799514
22.8835,-0.165669925,-3.508629587
22.884,-0.165669925,-2.982335149
22.8845,-0.165669925,-2.534984877
22.885,-0.168737887,-6.756679509
22.8855,-0.168737887,-5.743177583
22.886,-0.168737887,-4.881700945
22.8865,-0.168737887,-4.149445803
22.887,-0.168737887,-3.527028933
22.8875,-0.168737887,-2.997974593
22.888,-0.168737887,-2.548278404
22.8885,-0.171805848,-6.767979007
22.889,-0.171805848,-5.752782156
22.8895,-0.171805848,-4.889864833
22.89,-0.171805848,-4.156385108
22.8905,-0.171805848,-3.532927342
22.891,-0.171805848,-3.00298824
22.8915,-0.171805848,-2.552540004
22.892,-0.17487381,-6.771601367
22.8925,-0.17487381,-5.755861162
22.893,-0.17487381,-4.892481988
22.8935,-0.17487381,-4.15860969
22.894,-0.17487381,-3.534818236
22.8945,-0.17487381,-3.004595501
22.895,-0.17487381,-2.553906176
22.8955,-0.17487381,-2.170820249
22.896,-0.17487381,-1.845197212
22.8965,-0.17487381,-1.56841763
22.897,-0.17487381,-1.333154986
22.8975,-0.177941771,-5.735124101
22.898,-0.177941771,-4.874855486
22.8985,-0.177941771,-4.143627163
22.899,-0.177941771,-3.522083089
22.8995,-0.177941771,-2.993770625
22.9,-0.177941771,-2.544705032
22.9005,-0.177941771,-2.162999277
22.901,-0.177941771,-1.838549385
22.9015,-0.177941771,-1.562766978
22.902,-0.177941771,-1.328351931
22.9025,-0.177941771,-1.129099141
22.903,-0.177941771,-0.95973427
22.9035,-0.177941771,-0.81577413
22.904,-0.177941771,-0.69340801
22.9045,-0.177941771,-0.589396809
22.905,-0.177941771,-0.500987287
22.9055,-0.177941771,-0.425839194
22.906,-0.177941771,-0.361963315
22.9065,-0.177941771,-0.307668818
22.907,-0.177941771,-0.261518495
22.9075,-0.177941771,-0.222290721
22.908,-0.177941771,-0.188947113
22.9085,-0.177941771,-0.160605046
22.909,-0.177941771,-0.136514289
22.9095,-0.177941771,-0.116037146
22.91,-0.177941771,-0.098631574
22.9105,-0.177941771,-0.083836838
22.911,-0.177941771,-0.071261312
22.9115,-0.177941771,-0.060572115
22.912,-0.177941771,-0.051486298
22.9125,-0.177941771,-0.043763353
22.913,-0.177941771,-0.03719885
22.9135,-0.177941771,-0.031619023
22.914,-0.177941771,-0.026876169
22.9145,-0.177941771,-0.022844744
22.915,-0.177941771,-0.019418032
22.9155,-0.177941771,-0.016505327
22.916,-0.177941771,-0.014029528
22.9165,-0.177941771,-0.011925099
22.917,-0.177941771,-0.010136334
22.9175,-0.177941771,-0.008615884
22.918,-0.177941771,-0.007323501
22.9185,-0.177941771,-0.006224976
22.919,-0.177941771,-0.00529123
22.9195,-0.177941771,-0.004497545
22.92,-0.177941771,-0.003822914
22.9205,-0.177941771,-0.003249477
22.921,-0.177941771,-0.002762055
22.9215,-0.177941771,-0.002347747
22.922,-0.177941771,-0.001995585
22.9225,-0.177941771,-0.001696247
22.923,-0.177941771,-0.00144181
22.9235,-0.177941771,-0.001225538
22.924,-0.177941771,-0.001041708
22.9245,-0.177941771,-0.000885452
22.925,-0.177941771,-0.000752634
22.9255,-0.177941771,-0.000639739
22.926,-0.177941771,-0.000543778
22.9265,-0.177941771,-0.000462211
22.927,-0.177941771,-0.00039288
22.9275,-0.177941771,-0.000333948
22.928,-0.177941771,-0.000283855
22.9285,-0.177941771,-0.000241277
22.929,-0.177941771,-0.000205086
22.9295,-0.177941771,-0.000174323
22.93,-0.177941771,-0.000148174
22.9305,-0.177941771,-0.000125948
22.931,-0.177941771,-0.000107056
22.9315,-0.177941771,-9.09976E-05
22.932,-0.177941771,-7.73479E-05
22.9325,-0.177941771,-6.57457E-05
22.933,-0.177941771,-5.58839E-05
22.9335,-0.177941771,-4.75013E-05
22.934,-0.177941771,-4.03761E-05
22.9345,-0.177941771,-3.43197E-05
22.935,-0.177941771,-2.91717E-05
22.9355,-0.177941771,-2.4796E-05
22.936,-0.177941771,-2.10766E-05
22.9365,-0.177941771,-1.79151E-05
22.937,-0.177941771,-1.52278E-05
22.9375,-0.177941771,-1.29437E-05
22.938,-0.177941771,-1.10021E-05
22.9385,-0.177941771,-9.35179E-06
22.939,-0.177941771,-7.94902E-06
22.9395,-0.177941771,-6.75667E-06
22.94,-0.177941771,-5.74317E-06
22.9405,-0.177941771,-4.88169E-06
22.941,-0.177941771,-4.14944E-06
22.9415,-0.177941771,-3.52702E-06
22.942,-0.177941771,-2.99797E-06
22.9425,-0.177941771,-2.54827E-06
22.943,-0.177941771,-2.16603E-06
22.9435,-0.177941771,-1.84113E-06
22.944,-0.177941771,-1.56496E-06
22.9445,-0.177941771,-1.33021E-06
22.945,-0.177941771,-1.13068E-06
22.9455,-0.177941771,-9.6108E-07
22.946,-0.177941771,-8.16918E-07
22.9465,-0.177941771,-6.94381E-07
22.947,-0.177941771,-5.90223E-07
22.9475,-0.177941771,-5.0169E-07
22.948,-0.177941771,-4.26436E-07
22.9485,-0.177941771,-3.62471E-07
22.949,-0.177941771,-3.081E-07
22.9495,-0.177941771,-2.61885E-07
22.95,-0.177941771,-2.22602E-07
22.9505,-0.177941771,-1.89212E-07
22.951,-0.177941771,-1.6083E-07
22.9515,-0.177941771,-1.36706E-07
22.952,-0.177941771,-1.162E-07
22.9525,-0.177941771,-9.87699E-08
22.953,-0.177941771,-8.39544E-08
22.9535,-0.177941771,-7.13613E-08
22.954,-0.177941771,-6.06571E-08
22.9545,-0.177941771,-5.15585E-08
22.955,-0.177941771,-4.38247E-08
22.9555,-0.177941771,-3.7251E-08
22.956,-0.177941771,-3.16634E-08
22.9565,-0.177941771,-2.69139E-08
22.957,-0.177941771,-2.28768E-08
22.9575,-0.177941771,-1.94453E-08
22.958,-0.177941771,-1.65285E-08
22.9585,-0.177941771,-1.40492E-08
22.959,-0.177941771,-1.19418E-08
22.9595,-0.177941771,-1.01506E-08
22.96,-0.177941771,-8.62797E-09
22.9605,-0.177941771,-7.33377E-09
22.961,-0.177941771,-6.23371E-09
22.9615,-0.177941771,-5.29865E-09
22.962,-0.177941771,-4.50385E-09
22.9625,-0.177941771,-3.82828E-09
22.963,-0.177941771,-3.25403E-09
22.9635,-0.177941771,-2.76593E-09
22.964,-0.177941771,-2.35104E-09
22.9645,-0.177941771,-1.99838E-09
22.965,-0.177941771,-1.69863E-09
22.9655,-0.177941771,-1.44383E-09
22.966,-0.177941771,-1.22726E-09
22.9665,-0.177941771,-1.04317E-09
22.967,-0.177941771,-8.86693E-10
22.9675,-0.177941771,-7.53689E-10
22.968,-0.177941771,-6.40636E-10
22.9685,-0.177941771,-5.44541E-10
22.969,-0.177941771,-4.6286E-10
22.9695,-0.177941771,-3.93431E-10
22.97,-0.177941771,-3.34416E-10
22.9705,-0.177941771,-2.84254E-10
22.971,-0.177941771,-2.41616E-10
22.9715,-0.177941771,-2.05373E-10
22.972,-0.177941771,-1.74567E-10
22.9725,-0.177941771,-1.48382E-10
22.973,-0.177941771,-1.26125E-10
22.9735,-0.177941771,-1.07206E-10
22.974,-0.177941771,-9.11252E-11
22.9745,-0.177941771,-7.74564E-11
22.975,-0.177941771,-6.5838E-11
22.9755,-0.177941771,-5.59623E-11
22.976,-0.177941771,-4.75679E-11
22.9765,-0.177941771,-4.04327E-11
22.977,-0.177941771,-3.43678E-11
22.9775,-0.177941771,-2.92126E-11
22.978,-0.177941771,-2.48308E-11
22.9785,-0.177941771,-2.11061E-11
22.979,-0.177941771,-1.79402E-11
22.9795,-0.177941771,-1.52492E-11
22.98,-0.177941771,-1.29618E-11
22.9805,-0.177941771,-1.10175E-11
22.981,-0.177941771,-9.36491E-12
22.9815,-0.177941771,-7.96017E-12
22.982,-0.177941771,-6.76614E-12
22.9825,-0.177941771,-5.75122E-12
22.983,-0.177941771,-4.88854E-12
22.9835,-0.177941771,-4.15526E-12
22.984,-0.177941771,-3.53197E-12
22.9845,-0.177941771,-3.00217E-12
22.985,-0.177941771,-2.55185E-12
22.9855,-0.177941771,-2.16907E-12
22.986,-0.177941771,-1.84371E-12
22.9865,-0.177941771,-1.56715E-12
22.987,-0.177941771,-1.33208E-12
22.9875,-0.177941771,-1.13227E-12
22.988,-0.177941771,-9.62428E-13
22.9885,-0.177941771,-8.18064E-13
22.989,-0.177941771,-6.95354E-13
22.9895,-0.177941771,-5.91051E-13
22.99,-0.177941771,-5.02394E-13
22.9905,-0.177941771,-4.27035E-13
22.991,-0.177941771,-3.62979E-13
22.9915,-0.177941771,-3.08532E-13
22.992,-0.177941771,-2.62253E-13
22.9925,-0.177941771,-2.22915E-13
22.993,-0.177941771,-1.89477E-13
22.9935,-0.177941771,-1.61056E-13
22.994,-0.177941771,-1.36897E-13
22.9945,-0.177941771,-1.16363E-13
22.995,-0.177941771,-9.89084E-14
22.9955,-0.177941771,-8.40722E-14
22.996,-0.177941771,-7.14613E-14
22.9965,-0.177941771,-6.07421E-14
22.997,-0.177941771,-5.16308E-14
22.9975,-0.177941771,-4.38862E-14
22.998,-0.177941771,-3.73033E-14
22.9985,-0.177941771,-3.17078E-14
22.999,-0.177941771,-2.69516E-14
22.9995,-0.177941771,-2.29089E-14
23,-0.177941771,-1.94725E-14
23.0005,-0.177941771,-1.65517E-14
23.001,-0.177941771,-1.40689E-14
23.0015,-0.177941771,-1.19586E-14
23.002,-0.177941771,-1.01648E-14
23.0025,-0.177941771,-8.64007E-15
23.003,-0.177941771,-7.34406E-15
23.0035,-0.177941771,-6.24245E-15
23.004,-0.177941771,-5.30608E-15
23.0045,-0.177941771,-4.51017E-15
23.005,-0.177941771,-3.83364E-15
23.0055,-0.177941771,-3.2586E-15
23.006,-0.177941771,-2.76981E-15
23.0065,-0.177941771,-2.35434E-15
23.007,-0.177941771,-2.00119E-15
23.0075,-0.177941771,-1.70101E-15
23.008,-0.177941771,-1.44586E-15
23.0085,-0.177941771,-1.22898E-15
23.009,-0.177941771,-1.04463E-15
23.0095,-0.177941771,-8.87937E-16
23.01,-0.177941771,-7.54746E-16
23.0105,-0.177941771,-6.41535E-16
23.011,-0.177941771,-5.45304E-16
23.0115,-0.177941771,-4.63509E-16
23.012,-0.177941771,-3.93982E-16
23.0125,-0.177941771,-3.34885E-16
23.013,-0.177941771,-2.84652E-16
23.0135,-0.177941771,-2.41954E-16
23.014,-0.177941771,-2.05661E-16
23.0145,-0.177941771,-1.74812E-16
23.015,-0.177941771,-1.4859E-16
23.0155,-0.177941771,-1.26302E-16
23.016,-0.177941771,-1.07356E-16
23.0165,-0.177941771,-9.1253E-17
23.017,-0.177941771,-7.7565E-17
23.0175,-0.177941771,-6.59303E-17
23.018,-0.177941771,-5.60407E-17
23.0185,-0.177941771,-4.76346E-17
23.019,-0.177941771,-4.04894E-17
23.0195,-0.177941771,-3.4416E-17
23.02,-0.177941771,-2.92536E-17
23.0205,-0.177941771,-2.48656E-17
23.021,-0.177941771,-2.11357E-17
23.0215,-0.177941771,-1.79654E-17
23.022,-0.177941771,-1.52706E-17
23.0225,-0.177941771,-1.298E-17
23.023,-0.177941771,-1.1033E-17
23.0235,-0.177941771,-9.37804E-18
23.024,-0.177941771,-7.97133E-18
23.0245,-0.177941771,-6.77563E-18
23.025,-0.177941771,-5.75929E-18
23.0255,-0.177941771,-4.8954E-18
23.026,-0.177941771,-4.16109E-18
23.0265,-0.177941771,-3.53692E-18
23.027,-0.177941771,-3.00638E-18
23.0275,-0.177941771,-2.55543E-18
23.028,-0.177941771,-2.17211E-18
23.0285,-0.177941771,-1.8463E-18
23.029,-0.177941771,-1.56935E-18
23.0295,-0.177941771,-1.33395E-18
23.03,-0.177941771,-1.13386E-18
23.0305,-0.177941771,-9.63778E-19
23.031,-0.177941771,-8.19211E-19
23.0315,-0.177941771,-6.9633E-19
23.032,-0.177941771,-5.9188E-19
23.0325,-0.177941771,-5.03098E-19
23.033,-0.177941771,-4.27633E-19
23.0335,-0.177941771,-3.63488E-19
23.034,-0.177941771,-3.08965E-19
23.0345,-0.177941771,-2.6262E-19
23.035,-0.177941771,-2.23227E-19
23.0355,-0.177941771,-1.89743E-19
23.036,-0.177941771,-1.61282E-19
23.0365,-0.177941771,-1.37089E-19
23.037,-0.177941771,-1.16526E-19
23.0375,-0.177941771,-9.90472E-20
23.038,-0.177941771,-8.41901E-20
23.0385,-0.177941771,-7.15616E-20
23.039,-0.177941771,-6.08273E-20
23.0395,-0.177941771,-5.17032E-20
23.04,-0.177941771,-4.39478E-20
23.0405,-0.177941771,-3.73556E-20
23.041,-0.177941771,-3.17522E-20
23.0415,-0.177941771,-2.69894E-20
23.042,-0.177941771,-2.2941E-20
23.0425,-0.177941771,-1.94999E-20
23.043,-0.177941771,-1.65749E-20
23.0435,-0.177941771,-1.40886E-20
23.044,-0.177941771,-1.19753E-20
23.0445,-0.177941771,-1.0179E-20
23.045,-0.177941771,-8.65219E-21
23.0455,-0.177941771,-7.35436E-21
23.046,-0.177941771,-6.25121E-21
23.0465,-0.177941771,-5.31352E-21
23.047,-0.177941771,-4.5165E-21
23.0475,-0.177941771,-3.83902E-21
23.048,-0.177941771,-3.26317E-21
23.0485,-0.177941771,-2.77369E-21
23.049,-0.177941771,-2.35764E-21
23.0495,-0.177941771,-2.00399E-21
23.05,-0.177941771,-1.70339E-21
23.0505,-0.177941771,-1.44789E-21
23.051,-0.177941771,-1.2307E-21
23.0515,-0.177941771,-1.0461E-21
23.052,-0.177941771,-8.89182E-22
23.0525,-0.177941771,-7.55805E-22
23.053,-0.177941771,-6.42434E-22
23.0535,-0.177941771,-5.46069E-22
23.054,-0.177941771,-4.64159E-22
23.0545,-0.177941771,-3.94535E-22
23.055,-0.177941771,-3.35355E-22
23.0555,-0.177941771,-2.85052E-22
23.056,-0.177941771,-2.42294E-22
23.0565,-0.177941771,-2.0595E-22
23.057,-0.177941771,-1.75057E-22
23.0575,-0.177941771,-1.48799E-22
23.058,-0.177941771,-1.26479E-22
23.0585,-0.177941771,-1.07507E-22
23.059,-0.177941771,-9.1381E-23
23.0595,-0.177941771,-7.76738E-23
23.06,-0.177941771,-6.60228E-23
23.0605,-0.177941771,-5.61193E-23
23.061,-0.177941771,-4.77014E-23
23.0615,-0.177941771,-4.05462E-23
23.062,-0.177941771,-3.44643E-23
23.0625,-0.177941771,-2.92946E-23
23.063,-0.177941771,-2.49005E-23
23.0635,-0.177941771,-2.11654E-23
23.064,-0.177941771,-1.79906E-23
23.0645,-0.177941771,-1.5292E-23
23.065,-0.177941771,-1.29982E-23
23.0655,-0.177941771,-1.10485E-23
23.066,-0.177941771,-9.39119E-24
23.0665,-0.177941771,-7.98251E-24
23.067,-0.177941771,-6.78514E-24
23.0675,-0.177941771,-5.76737E-24
23.068,-0.177941771,-4.90226E-24
23.0685,-0.177941771,-4.16692E-24
23.069,-0.177941771,-3.54188E-24
23.0695,-0.177941771,-3.0106E-24
23.07,-0.177941771,-2.55901E-24
23.0705,-0.177941771,-2.17516E-24
23.071,-0.177941771,-1.84889E-24
23.0715,-0.177941771,-1.57155E-24
23.072,-0.177941771,-1.33582E-24
23.0725,-0.177941771,-1.13545E-24
23.073,-0.177941771,-9.6513E-25
23.0735,-0.177941771,-8.2036E-25
23.074,-0.177941771,-6.97306E-25
23.0745,-0.177941771,-5.9271E-25
23.075,-0.177941771,-5.03804E-25
23.0755,-0.177941771,-4.28233E-25
23.076,-0.177941771,-3.63998E-25
23.0765,-0.177941771,-3.09399E-25
23.077,-0.177941771,-2.62989E-25
23.0775,-0.177941771,-2.2354E-25
23.078,-0.177941771,-1.90009E-25
23.0785,-0.177941771,-1.61508E-25
23.079,-0.177941771,-1.37282E-25
23.0795,-0.177941771,-1.1669E-25
23.08,-0.177941771,-9.91861E-26
23.0805,-0.177941771,-8.43082E-26
23.081,-0.177941771,-7.16619E-26
23.0815,-0.177941771,-6.09126E-26
23.082,-0.177941771,-5.17758E-26
23.0825,-0.177941771,-4.40094E-26
23.083,-0.177941771,-3.7408E-26
23.0835,-0.177941771,-3.17968E-26
23.084,-0.177941771,-2.70273E-26
23.0845,-0.177941771,-2.29732E-26
23.085,-0.177941771,-1.95272E-26
23.0855,-0.177941771,-1.65981E-26
23.086,-0.177941771,-1.41084E-26
23.0865,-0.177941771,-1.19921E-26
23.087,-0.177941771,-1.01933E-26
23.0875,-0.177941771,-8.66432E-27
23.088,-0.177941771,-7.36467E-27
23.0885,-0.177941771,-6.25997E-27
23.089,-0.177941771,-5.32098E-27
23.0895,-0.177941771,-4.52283E-27
23.09,-0.177941771,-3.84441E-27
23.0905,-0.177941771,-3.26774E-27
23.091,-0.177941771,-2.77758E-27
23.0915,-0.177941771,-2.36095E-27
23.092,-0.177941771,-2.0068E-27
23.0925,-0.177941771,-1.70578E-27
23.093,-0.177941771,-1.44992E-27
23.0935,-0.177941771,-1.23243E-27
23.094,-0.177941771,-1.04756E-27
23.0945,-0.177941771,-8.9043E-28
23.095,-0.177941771,-7.56865E-28
23.0955,-0.177941771,-6.43335E-28
23.096,-0.177941771,-5.46835E-28
23.0965,-0.177941771,-4.6481E-28
23.097,-0.177941771,-3.95088E-28
23.0975,-0.177941771,-3.35825E-28
23.098,-0.177941771,-2.85451E-28
23.0985,-0.177941771,-2.42634E-28
23.099,-0.177941771,-2.06239E-28
23.0995,-0.177941771,-1.75303E-28
23.1,-0.177941771,-1.49007E-28
23.1005,-0.177941771,-1.26656E-28
23.101,-0.177941771,-1.07658E-28
23.1015,-0.177941771,-9.15091E-29
23.102,-0.177941771,-7.77828E-29
23.1025,-0.177941771,-6.61154E-29
23.103,-0.177941771,-5.61981E-29
23.1035,-0.177941771,-4.77683E-29
23.104,-0.177941771,-4.06031E-29
23.1045,-0.177941771,-3.45126E-29
23.105,-0.177941771,-2.93357E-29
23.1055,-0.177941771,-2.49354E-29
23.106,-0.177941771,-2.11951E-29
23.1065,-0.177941771,-1.80158E-29
23.107,-0.177941771,-1.53134E-29
23.1075,-0.177941771,-1.30164E-29
23.108,-0.177941771,-1.1064E-29
23.1085,-0.177941771,-9.40436E-30
23.109,-0.177941771,-7.99371E-30
23.1095,-0.177941771,-6.79465E-30
23.11,-0.177941771,-5.77546E-30
23.1105,-0.177941771,-4.90914E-30
23.111,-0.177941771,-4.17277E-30
23.1115,-0.177941771,-3.54685E-30
23.112,-0.177941771,-3.01482E-30
23.1125,-0.177941771,-2.5626E-30
23.113,-0.177941771,-2.17821E-30
23.1135,-0.177941771,-1.85148E-30
23.114,-0.177941771,-1.57376E-30
23.1145,-0.177941771,-1.33769E-30
23.115,-0.177941771,-1.13704E-30
23.1155,-0.177941771,-9.66483E-31
23.116,-0.177941771,-8.21511E-31
23.1165,-0.177941771,-6.98284E-31
23.117,-0.177941771,-5.93542E-31
23.1175,-0.177941771,-5.0451E-31
23.118,-0.177941771,-4.28834E-31
23.1185,-0.177941771,-3.64509E-31
23.119,-0.177941771,-3.09832E-31
23.1195,-0.177941771,-2.63358E-31
23.12,-0.177941771,-2.23854E-31
23.1205,-0.177941771,-1.90276E-31
23.121,-0.177941771,-1.61734E-31
23.1215,-0.177941771,-1.37474E-31
23.122,-0.177941771,-1.16853E-31
23.1225,-0.177941771,-9.93252E-32
23.123,-0.177941771,-8.44264E-32
23.1235,-0.177941771,-7.17624E-32
23.124,-0.177941771,-6.09981E-32
23.1245,-0.177941771,-5.18484E-32
23.125,-0.177941771,-4.40711E-32
23.1255,-0.177941771,-3.74604E-32
23.126,-0.177941771,-3.18414E-32
23.1265,-0.177941771,-2.70652E-32
23.127,-0.177941771,-2.30054E-32
23.1275,-0.177941771,-1.95546E-32
23.128,-0.177941771,-1.66214E-32
23.1285,-0.177941771,-1.41282E-32
23.129,-0.177941771,-1.2009E-32
23.1295,-0.177941771,-1.02076E-32
23.13,-0.177941771,-8.67647E-33
23.1305,-0.177941771,-7.375E-33
23.131,-0.177941771,-6.26875E-33
23.1315,-0.177941771,-5.32844E-33
23.132,-0.177941771,-4.52917E-33
23.1325,-0.177941771,-3.8498E-33
23.133,-0.177941771,-3.27233E-33
23.1335,-0.177941771,-2.78148E-33
23.134,-0.177941771,-2.36426E-33
23.1345,-0.177941771,-2.00962E-33
23.135,-0.177941771,-1.70818E-33
23.1355,-0.177941771,-1.45195E-33
23.136,-0.177941771,-1.23416E-33
23.1365,-0.177941771,-1.04903E-33
23.137,-0.177941771,-8.91678E-34
23.1375,-0.177941771,-7.57927E-34
23.138,-0.177941771,-6.44238E-34
23.1385,-0.177941771,-5.47602E-34
23.139,-0.177941771,-4.65462E-34
23.1395,-0.177941771,-3.95642E-34
23.14,-0.177941771,-3.36296E-34
23.1405,-0.177941771,-2.85852E-34
23.141,-0.177941771,-2.42974E-34
23.1415,-0.177941771,-2.06528E-34
23.142,-0.177941771,-1.75549E-34
23.1425,-0.177941771,-1.49216E-34
23.143,-0.177941771,-1.26834E-34
23.1435,-0.177941771,-1.07809E-34
23.144,-0.177941771,-9.16375E-35
23.1445,-0.177941771,-7.78919E-35
23.145,-0.177941771,-6.62081E-35
23.1455,-0.177941771,-5.62769E-35
23.146,-0.177941771,-4.78353E-35
23.1465,-0.177941771,-4.066E-35
23.147,-0.177941771,-3.4561E-35
23.1475,-0.177941771,-2.93769E-35
23.148,-0.177941771,-2.49703E-35
23.1485,-0.177941771,-2.12248E-35
23.149,-0.177941771,-1.80411E-35
23.1495,-0.177941771,-1.53349E-35
23.15,-0.177941771,-1.30347E-35
23.1505,-0.177941771,-1.10795E-35
23.151,-0.177941771,-9.41755E-36
23.1515,-0.177941771,-8.00492E-36
23.152,-0.177941771,-6.80418E-36
23.1525,-0.177941771,-5.78356E-36
23.153,-0.177941771,-4.91602E-36
23.1535,-0.177941771,-4.17862E-36
23.154,-0.177941771,-3.55183E-36
23.1545,-0.177941771,-3.01905E-36
23.155,-0.177941771,-2.56619E-36
23.1555,-0.177941771,-2.18127E-36
23.156,-0.177941771,-1.85408E-36
23.1565,-0.177941771,-1.57596E-36
23.157,-0.177941771,-1.33957E-36
23.1575,-0.177941771,-1.13863E-36
23.158,-0.177941771,-9.67839E-37
23.1585,-0.177941771,-8.22663E-37
23.159,-0.177941771,-6.99264E-37
23.1595,-0.177941771,-5.94374E-37
23.16,-0.177941771,-5.05218E-37
23.1605,-0.177941771,-4.29435E-37
23.161,-0.177941771,-3.6502E-37
23.1615,-0.177941771,-3.10267E-37
23.162,-0.177941771,-2.63727E-37
23.1625,-0.177941771,-2.24168E-37
23.163,-0.177941771,-1.90543E-37
23.1635,-0.177941771,-1.61961E-37
23.164,-0.177941771,-1.37667E-37
23.1645,-0.177941771,-1.17017E-37
23.165,-0.177941771,-9.94645E-38
23.1655,-0.177941771,-8.45448E-38
23.166,-0.177941771,-7.18631E-38
23.1665,-0.177941771,-6.10836E-38
23.167,-0.177941771,-5.19211E-38
23.1675,-0.177941771,-4.41329E-38
23.168,-0.177941771,-3.7513E-38
23.1685,-0.177941771,-3.1886E-38
23.169,-0.177941771,-2.71031E-38
23.1695,-0.177941771,-2.30377E-38
23.17,-0.177941771,-1.9582E-38
23.1705,-0.177941771,-1.66447E-38
23.171,-0.177941771,-1.4148E-38
23.1715,-0.177941771,-1.20258E-38
23.172,-0.177941771,-1.02219E-38
23.1725,-0.177941771,-8.68864E-39
23.173,-0.177941771,-7.38535E-39
23.1735,-0.177941771,-6.27754E-39
23.174,-0.177941771,-5.33591E-39
23.1745,-0.177941771,-4.53553E-39
23.175,-0.177941771,-3.8552E-39
23.1755,-0.177941771,-3.27692E-39
23.176,-0.177941771,-2.78538E-39
23.1765,-0.177941771,-2.36757E-39
23.177,-0.177941771,-2.01244E-39
23.1775,-0.177941771,-1.71057E-39
23.178,-0.177941771,-1.45399E-39
23.1785,-0.177941771,-1.23589E-39
23.179,-0.177941771,-1.0505E-39
23.1795,-0.177941771,-8.92929E-40
23.18,-0.177941771,-7.5899E-40
23.1805,-0.177941771,-6.45141E-40
23.181,-0.177941771,-5.4837E-40
23.1815,-0.177941771,-4.66115E-40
23.182,-0.177941771,-3.96197E-40
23.1825,-0.177941771,-3.36768E-40
23.183,-0.177941771,-2.86253E-40
23.1835,-0.177941771,-2.43315E-40
23.184,-0.177941771,-2.06817E-40
23.1845,-0.177941771,-1.75795E-40
23.185,-0.177941771,-1.49426E-40
23.1855,-0.177941771,-1.27012E-40
23.186,-0.177941771,-1.0796E-40
23.1865,-0.177941771,-9.1766E-41
23.187,-0.177941771,-7.80011E-41
23.1875,-0.177941771,-6.63009E-41
23.188,-0.177941771,-5.63558E-41
23.1885,-0.177941771,-4.79024E-41
23.189,-0.177941771,-4.07171E-41
23.1895,-0.177941771,-3.46095E-41
23.19,-0.177941771,-2.94181E-41
23.1905,-0.177941771,-2.50054E-41
23.191,-0.177941771,-2.12546E-41
23.1915,-0.177941771,-1.80664E-41
23.192,-0.177941771,-1.53564E-41
23.1925,-0.177941771,-1.3053E-41
23.193,-0.177941771,-1.1095E-41
23.1935,-0.177941771,-9.43076E-42
23.194,-0.177941771,-8.01615E-42
23.1945,-0.177941771,-6.81373E-42
23.195,-0.177941771,-5.79167E-42
23.1955,-0.177941771,-4.92292E-42
23.196,-0.177941771,-4.18448E-42
23.1965,-0.177941771,-3.55681E-42
23.197,-0.177941771,-3.02329E-42
23.1975,-0.177941771,-2.56979E-42
23.198,-0.177941771,-2.18432E-42
23.1985,-0.177941771,-1.85668E-42
23.199,-0.177941771,-1.57817E-42
23.1995,-0.177941771,-1.34145E-42
23.2,-0.177941771,-1.14023E-42
23.2005,-0.177941771,-9.69196E-43
23.201,-0.177941771,-8.23817E-43
23.2015,-0.177941771,-7.00244E-43
23.202,-0.177941771,-5.95208E-43
23.2025,-0.177941771,-5.05927E-43
23.203,-0.177941771,-4.30038E-43
23.2035,-0.177941771,-3.65532E-43
23.204,-0.177941771,-3.10702E-43
23.2045,-0.177941771,-2.64097E-43
23.205,-0.177941771,-2.24482E-43
23.2055,-0.177941771,-1.9081E-43
23.206,-0.177941771,-1.62188E-43
23.2065,-0.177941771,-1.3786E-43
23.207,-0.177941771,-1.17181E-43
23.2075,-0.177941771,-9.9604E-44
23.208,-0.177941771,-8.46634E-44
23.2085,-0.177941771,-7.19639E-44
23.209,-0.177941771,-6.11693E-44
23.2095,-0.177941771,-5.19939E-44
23.21,-0.177941771,-4.41948E-44
23.2105,-0.177941771,-3.75656E-44
23.211,-0.177941771,-3.19308E-44
23.2115,-0.177941771,-2.71411E-44
23.212,-0.177941771,-2.307E-44
23.2125,-0.177941771,-1.96095E-44
23.213,-0.177941771,-1.66681E-44
23.2135,-0.177941771,-1.41678E-44
23.214,-0.177941771,-1.20427E-44
23.2145,-0.177941771,-1.02363E-44
23.215,-0.177941771,-8.70083E-45
23.2155,-0.177941771,-7.3957E-45
23.216,-0.177941771,-6.28635E-45
23.2165,-0.177941771,-5.3434E-45
23.217,-0.177941771,-4.54189E-45
23.2175,-0.177941771,-3.8606E-45
23.218,-0.177941771,-3.28151E-45
23.2185,-0.177941771,-2.78929E-45
23.219,-0.177941771,-2.37089E-45
23.2195,-0.177941771,-2.01526E-45
23.22,-0.177941771,-1.71297E-45
23.2205,-0.177941771,-1.45602E-45
23.221,-0.177941771,-1.23762E-45
23.2215,-0.177941771,-1.05198E-45
23.222,-0.177941771,-8.94181E-46
23.2225,-0.177941771,-7.60054E-46
23.223,-0.177941771,-6.46046E-46
23.2235,-0.177941771,-5.49139E-46
23.224,-0.177941771,-4.66768E-46
23.2245,-0.177941771,-3.96753E-46
23.225,-0.177941771,-3.3724E-46
23.2255,-0.177941771,-2.86654E-46
23.226,-0.177941771,-2.43656E-46
23.2265,-0.177941771,-2.07108E-46
23.227,-0.177941771,-1.76041E-46
23.2275,-0.177941771,-1.49635E-46
23.228,-0.177941771,-1.2719E-46
23.2285,-0.177941771,-1.08111E-46
23.229,-0.177941771,-9.18947E-47
23.2295,-0.177941771,-7.81105E-47
23.23,-0.177941771,-6.63939E-47
23.2305,-0.177941771,-5.64348E-47
23.231,-0.177941771,-4.79696E-47
23.2315,-0.177941771,-4.07742E-47
23.232,-0.177941771,-3.4658E-47
23.2325,-0.177941771,-2.94593E-47
23.233,-0.177941771,-2.50404E-47
23.2335,-0.177941771,-2.12844E-47
23.234,-0.177941771,-1.80917E-47
23.2345,-0.177941771,-1.5378E-47
23.235,-0.177941771,-1.30713E-47
23.2355,-0.177941771,-1.11106E-47
23.236,-0.177941771,-9.44399E-48
23.2365,-0.177941771,-8.02739E-48
23.237,-0.177941771,-6.82328E-48
23.2375,-0.177941771,-5.79979E-48
23.238,-0.177941771,-4.92982E-48
23.2385,-0.177941771,-4.19035E-48
23.239,-0.177941771,-3.5618E-48
23.2395,-0.177941771,-3.02753E-48
23.24,-0.177941771,-2.5734E-48
23.2405,-0.177941771,-2.18739E-48
23.241,-0.177941771,-1.85928E-48
23.2415,-0.177941771,-1.58039E-48
23.242,-0.177941771,-1.34333E-48
23.2425,-0.177941771,-1.14183E-48
23.243,-0.177941771,-9.70556E-49
23.2435,-0.177941771,-8.24972E-49
23.244,-0.177941771,-7.01227E-49
23.2445,-0.177941771,-5.96043E-49
23.245,-0.177941771,-5.06636E-49
23.2455,-0.177941771,-4.30641E-49
23.246,-0.177941771,-3.66045E-49
23.2465,-0.177941771,-3.11138E-49
23.247,-0.177941771,-2.64467E-49
23.2475,-0.177941771,-2.24797E-49
23.248,-0.177941771,-1.91078E-49
23.2485,-0.177941771,-1.62416E-49
23.249,-0.177941771,-1.38054E-49
23.2495,-0.177941771,-1.17346E-49
23.25,-0.177941771,-9.97437E-50
23.2505,-0.177941771,-8.47821E-50
23.251,-0.177941771,-7.20648E-50
23.2515,-0.177941771,-6.12551E-50
23.252,-0.177941771,-5.20668E-50
23.2525,-0.177941771,-4.42568E-50
23.253,-0.177941771,-3.76183E-50
23.2535,-0.177941771,-3.19755E-50
23.254,-0.177941771,-2.71792E-50
23.2545,-0.177941771,-2.31023E-50
23.255,-0.177941771,-1.9637E-50
23.2555,-0.177941771,-1.66914E-50
23.256,-0.177941771,-1.41877E-50
23.2565,-0.177941771,-1.20596E-50
23.257,-0.177941771,-1.02506E-50
23.2575,-0.177941771,-8.71303E-51
23.258,-0.177941771,-7.40608E-51
23.2585,-0.177941771,-6.29517E-51
23.259,-0.177941771,-5.35089E-51
23.2595,-0.177941771,-4.54826E-51
23.26,-0.177941771,-3.86602E-51
23.2605,-0.177941771,-3.28612E-51
23.261,-0.177941771,-2.7932E-51
23.2615,-0.177941771,-2.37422E-51
23.262,-0.177941771,-2.01809E-51
23.2625,-0.177941771,-1.71537E-51
23.263,-0.177941771,-1.45807E-51
23.2635,-0.177941771,-1.23936E-51
23.264,-0.177941771,-1.05345E-51
23.2645,-0.177941771,-8.95435E-52
23.265,-0.177941771,-7.6112E-52
23.2655,-0.177941771,-6.46952E-52
23.266,-0.177941771,-5.49909E-52
23.2665,-0.177941771,-4.67423E-52
23.267,-0.177941771,-3.97309E-52
23.2675,-0.177941771,-3.37713E-52
23.268,-0.177941771,-2.87056E-52
23.2685,-0.177941771,-2.43998E-52
23.269,-0.177941771,-2.07398E-52
23.2695,-0.177941771,-1.76288E-52
23.27,-0.177941771,-1.49845E-52
23.2705,-0.177941771,-1.27368E-52
23.271,-0.177941771,-1.08263E-52
23.2715,-0.177941771,-9.20236E-53
23.272,-0.177941771,-7.82201E-53
23.2725,-0.177941771,-6.64871E-53
23.273,-0.177941771,-5.6514E-53
23.2735,-0.177941771,-4.80369E-53
23.274,-0.177941771,-4.08314E-53
23.2745,-0.177941771,-3.47067E-53
23.275,-0.177941771,-2.95007E-53
23.2755,-0.177941771,-2.50756E-53
23.276,-0.177941771,-2.13142E-53
23.2765,-0.177941771,-1.81171E-53
23.277,-0.177941771,-1.53995E-53
23.2775,-0.177941771,-1.30896E-53
23.278,-0.177941771,-1.11262E-53
23.2785,-0.177941771,-9.45724E-54
23.279,-0.177941771,-8.03865E-54
23.2795,-0.177941771,-6.83285E-54
23.28,-0.177941771,-5.80792E-54
23.2805,-0.177941771,-4.93674E-54
23.281,-0.177941771,-4.19623E-54
23.2815,-0.177941771,-3.56679E-54
23.282,-0.177941771,-3.03177E-54
23.2825,-0.177941771,-2.57701E-54
23.283,-0.177941771,-2.19046E-54
23.2835,-0.177941771,-1.86189E-54
23.284,-0.177941771,-1.5826E-54
23.2845,-0.177941771,-1.34521E-54
23.285,-0.177941771,-1.14343E-54
23.2855,-0.177941771,-9.71917E-55
23.286,-0.177941771,-8.26129E-55
23.2865,-0.177941771,-7.0221E-55
23.287,-0.177941771,-5.96879E-55
23.2875,-0.177941771,-5.07347E-55
23.288,-0.177941771,-4.31245E-55
23.2885,-0.177941771,-3.66558E-55
23.289,-0.177941771,-3.11574E-55
23.2895,-0.177941771,-2.64838E-55
23.29,-0.177941771,-2.25112E-55
23.2905,-0.177941771,-1.91346E-55
23.291,-0.177941771,-1.62644E-55
23.2915,-0.177941771,-1.38247E-55
23.292,-0.177941771,-1.1751E-55
23.2925,-0.177941771,-9.98836E-56
23.293,-0.177941771,-8.4901E-56
23.2935,-0.177941771,-7.21659E-56
23.294,-0.177941771,-6.1341E-56
23.2945,-0.177941771,-5.21399E-56
23.295,-0.177941771,-4.43189E-56
23.2955,-0.177941771,-3.7671E-56
23.296,-0.177941771,-3.20204E-56
23.2965,-0.177941771,-2.72173E-56
23.297,-0.177941771,-2.31347E-56
23.2975,-0.177941771,-1.96645E-56
23.298,-0.177941771,-1.67148E-56
23.2985,-0.177941771,-1.42076E-56
23.299,-0.177941771,-1.20765E-56
23.2995,-0.177941771,-1.0265E-56
23.3,-0.177941771,-8.72525E-57
23.3005,-0.177941771,-7.41646E-57
23.301,-0.177941771,-6.304E-57
23.3015,-0.177941771,-5.3584E-57
23.302,-0.177941771,-4.55464E-57
23.3025,-0.177941771,-3.87144E-57
23.303,-0.177941771,-3.29072E-57
23.3035,-0.177941771,-2.79712E-57
23.304,-0.177941771,-2.37755E-57
23.3045,-0.177941771,-2.02092E-57
23.305,-0.177941771,-1.71778E-57
23.3055,-0.177941771,-1.46011E-57
23.306,-0.177941771,-1.2411E-57
23.3065,-0.177941771,-1.05493E-57
23.307,-0.177941771,-8.96691E-58
23.3075,-0.177941771,-7.62188E-58
23.308,-0.177941771,-6.47859E-58
23.3085,-0.177941771,-5.50681E-58
23.309,-0.177941771,-4.68078E-58
23.3095,-0.177941771,-3.97867E-58
23.31,-0.177941771,-3.38187E-58
23.3105,-0.177941771,-2.87459E-58
23.311,-0.177941771,-2.4434E-58
23.3115,-0.177941771,-2.07689E-58
23.312,-0.177941771,-1.76536E-58
23.3125,-0.177941771,-1.50055E-58
23.313,-0.177941771,-1.27547E-58
23.3135,-0.177941771,-1.08415E-58
23.314,-0.177941771,-9.21527E-59
23.3145,-0.177941771,-7.83298E-59
23.315,-0.177941771,-6.65803E-59
23.3155,-0.177941771,-5.65933E-59
23.316,-0.177941771,-4.81043E-59
23.3165,-0.177941771,-4.08886E-59
23.317,-0.177941771,-3.47553E-59
23.3175,-0.177941771,-2.9542E-59
23.318,-0.177941771,-2.51107E-59
23.3185,-0.177941771,-2.13441E-59
23.319,-0.177941771,-1.81425E-59
23.3195,-0.177941771,-1.54211E-59
23.32,-0.177941771,-1.3108E-59
23.3205,-0.177941771,-1.11418E-59
23.321,-0.177941771,-9.4705E-60
23.3215,-0.177941771,-8.04992E-60
23.322,-0.177941771,-6.84244E-60
23.3225,-0.177941771,-5.81607E-60
23.323,-0.177941771,-4.94366E-60
23.3235,-0.177941771,-4.20211E-60
23.324,-0.177941771,-3.57179E-60
23.3245,-0.177941771,-3.03603E-60
23.325,-0.177941771,-2.58062E-60
23.3255,-0.177941771,-2.19353E-60
23.326,-0.177941771,-1.8645E-60
23.3265,-0.177941771,-1.58482E-60
23.327,-0.177941771,-1.3471E-60
23.3275,-0.177941771,-1.14504E-60
23.328,-0.177941771,-9.7328E-61
23.3285,-0.177941771,-8.27288E-61
23.329,-0.177941771,-7.03195E-61
23.3295,-0.177941771,-5.97716E-61
23.33,-0.177941771,-5.08058E-61
23.3305,-0.177941771,-4.3185E-61
23.331,-0.177941771,-3.67072E-61
23.3315,-0.177941771,-3.12011E-61
23.332,-0.177941771,-2.6521E-61
23.3325,-0.177941771,-2.25428E-61
23.333,-0.177941771,-1.91614E-61
23.3335,-0.177941771,-1.62872E-61
23.334,-0.177941771,-1.38441E-61
23.3345,-0.177941771,-1.17675E-61
23.335,-0.177941771,-1.00024E-61
23.3355,-0.177941771,-8.50201E-62
23.336,-0.177941771,-7.22671E-62
23.3365,-0.177941771,-6.1427E-62
23.337,-0.177941771,-5.2213E-62
23.3375,-0.177941771,-4.4381E-62
23.338,-0.177941771,-3.77239E-62
23.3385,-0.177941771,-3.20653E-62
23.339,-0.177941771,-2.72555E-62
23.3395,-0.177941771,-2.31672E-62
23.34,-0.177941771,-1.96921E-62
23.3405,-0.177941771,-1.67383E-62
23.341,-0.177941771,-1.42275E-62
23.3415,-0.177941771,-1.20934E-62
23.342,-0.177941771,-1.02794E-62
23.3425,-0.177941771,-8.73749E-63
23.343,-0.177941771,-7.42687E-63
23.3435,-0.177941771,-6.31284E-63
23.344,-0.177941771,-5.36591E-63
23.3445,-0.177941771,-4.56102E-63
23.345,-0.177941771,-3.87687E-63
23.3455,-0.177941771,-3.29534E-63
23.346,-0.177941771,-2.80104E-63
23.3465,-0.177941771,-2.38088E-63
23.347,-0.177941771,-2.02375E-63
23.3475,-0.177941771,-1.72019E-63
23.348,-0.177941771,-1.46216E-63
23.3485,-0.177941771,-1.24284E-63
23.349,-0.177941771,-1.05641E-63
23.3495,-0.177941771,-8.97949E-64
23.35,-0.177941771,-7.63257E-64
23.3505,-0.177941771,-6.48768E-64
23.351,-0.177941771,-5.51453E-64
23.3515,-0.177941771,-4.68735E-64
23.352,-0.177941771,-3.98425E-64
23.3525,-0.177941771,-3.38661E-64
23.353,-0.177941771,-2.87862E-64
23.3535,-0.177941771,-2.44683E-64
23.354,-0.177941771,-2.0798E-64
23.3545,-0.177941771,-1.76783E-64
23.355,-0.177941771,-1.50266E-64
23.3555,-0.177941771,-1.27726E-64
23.356,-0.177941771,-1.08567E-64
23.3565,-0.177941771,-9.22819E-65
23.357,-0.177941771,-7.84396E-65
23.3575,-0.177941771,-6.66737E-65
23.358,-0.177941771,-5.66726E-65
23.3585,-0.177941771,-4.81717E-65
23.359,-0.177941771,-4.0946E-65
23.3595,-0.177941771,-3.48041E-65
23.36,-0.177941771,-2.95835E-65
23.3605,-0.177941771,-2.51459E-65
23.361,-0.177941771,-2.13741E-65
23.3615,-0.177941771,-1.81679E-65
23.362,-0.177941771,-1.54428E-65
23.3625,-0.177941771,-1.31263E-65
23.363,-0.177941771,-1.11574E-65
23.3635,-0.177941771,-9.48378E-66
23.364,-0.177941771,-8.06122E-66
23.3645,-0.177941771,-6.85203E-66
23.365,-0.177941771,-5.82423E-66
23.3655,-0.177941771,-4.95059E-66
23.366,-0.177941771,-4.208E-66
23.3665,-0.177941771,-3.5768E-66
23.367,-0.177941771,-3.04028E-66
23.3675,-0.177941771,-2.58424E-66
23.368,-0.177941771,-2.1966E-66
23.3685,-0.177941771,-1.86711E-66
23.369,-0.177941771,-1.58705E-66
23.3695,-0.177941771,-1.34899E-66
23.37,-0.177941771,-1.14664E-66
23.3705,-0.177941771,-9.74645E-67
23.371,-0.177941771,-8.28448E-67
23.3715,-0.177941771,-7.04181E-67
23.372,-0.177941771,-5.98554E-67
23.3725,-0.177941771,-5.08771E-67
23.373,-0.177941771,-4.32455E-67
23.3735,-0.177941771,-3.67587E-67
23.374,-0.177941771,-3.12449E-67
23.3745,-0.177941771,-2.65582E-67
23.375,-0.177941771,-2.25744E-67
23.3755,-0.177941771,-1.91883E-67
23.376,-0.177941771,-1.631E-67
23.3765,-0.177941771,-1.38635E-67
23.377,-0.177941771,-1.1784E-67
23.3775,-0.177941771,-1.00164E-67
23.378,-0.177941771,-8.51394E-68
23.3785,-0.177941771,-7.23685E-68
23.379,-0.177941771,-6.15132E-68
23.3795,-0.177941771,-5.22862E-68
23.38,-0.177941771,-4.44433E-68
23.3805,-0.177941771,-3.77768E-68
23.381,-0.177941771,-3.21103E-68
23.3815,-0.177941771,-2.72937E-68
23.382,-0.177941771,-2.31997E-68
23.3825,-0.177941771,-1.97197E-68
23.383,-0.177941771,-1.67618E-68
23.3835,-0.177941771,-1.42475E-68
23.384,-0.177941771,-1.21104E-68
23.3845,-0.177941771,-1.02938E-68
23.385,-0.177941771,-8.74974E-69
23.3855,-0.177941771,-7.43728E-69
23.386,-0.177941771,-6.32169E-69
23.3865,-0.177941771,-5.37344E-69
23.387,-0.177941771,-4.56742E-69
23.3875,-0.177941771,-3.88231E-69
23.388,-0.177941771,-3.29996E-69
23.3885,-0.177941771,-2.80497E-69
23.389,-0.177941771,-2.38422E-69
23.3895,-0.177941771,-2.02659E-69
23.39,-0.177941771,-1.7226E-69
23.3905,-0.177941771,-1.46421E-69
23.391,-0.177941771,-1.24458E-69
23.3915,-0.177941771,-1.05789E-69
23.392,-0.177941771,-8.99208E-70
23.3925,-0.177941771,-7.64327E-70
23.393,-0.177941771,-6.49678E-70
23.3935,-0.177941771,-5.52226E-70
23.394,-0.177941771,-4.69392E-70
23.3945,-0.177941771,-3.98984E-70
23.395,-0.177941771,-3.39136E-70
23.3955,-0.177941771,-2.88266E-70
23.396,-0.177941771,-2.45026E-70
23.3965,-0.177941771,-2.08272E-70
23.397,-0.177941771,-1.77031E-70
23.3975,-0.177941771,-1.50476E-70
23.398,-0.177941771,-1.27905E-70
23.3985,-0.177941771,-1.08719E-70
23.399,-0.177941771,-9.24113E-71
23.3995,-0.177941771,-7.85496E-71
23.4,-0.177941771,-6.67672E-71
23.4005,-0.177941771,-5.67521E-71
23.401,-0.177941771,-4.82393E-71
23.4015,-0.177941771,-4.10034E-71
23.402,-0.177941771,-3.48529E-71
23.4025,-0.177941771,-2.9625E-71
23.403,-0.177941771,-2.51812E-71
23.4035,-0.177941771,-2.1404E-71
23.404,-0.177941771,-1.81934E-71
23.4045,-0.177941771,-1.54644E-71
23.405,-0.177941771,-1.31448E-71
23.4055,-0.177941771,-1.1173E-71
23.406,-0.177941771,-9.49708E-72
23.4065,-0.177941771,-8.07252E-72
23.407,-0.177941771,-6.86164E-72
23.4075,-0.177941771,-5.8324E-72
23.408,-0.177941771,-4.95754E-72
23.4085,-0.177941771,-4.21391E-72
23.409,-0.177941771,-3.58182E-72
23.4095,-0.177941771,-3.04455E-72
23.41,-0.177941771,-2.58787E-72
23.4105,-0.177941771,-2.19969E-72
23.411,-0.177941771,-1.86973E-72
23.4115,-0.177941771,-1.58927E-72
23.412,-0.177941771,-1.35088E-72
23.4125,-0.177941771,-1.14825E-72
23.413,-0.177941771,-9.76012E-73
23.4135,-0.177941771,-8.2961E-73
23.414,-0.177941771,-7.05169E-73
23.4145,-0.177941771,-5.99393E-73
23.415,-0.177941771,-5.09484E-73
23.4155,-0.177941771,-4.33062E-73
23.416,-0.177941771,-3.68103E-73
23.4165,-0.177941771,-3.12887E-73
23.417,-0.177941771,-2.65954E-73
23.4175,-0.177941771,-2.26061E-73
23.418,-0.177941771,-1.92152E-73
23.4185,-0.177941771,-1.63329E-73
23.419,-0.177941771,-1.3883E-73
23.4195,-0.177941771,-1.18005E-73
23.42,-0.177941771,-1.00304E-73
23.4205,-0.177941771,-8.52588E-74
23.421,-0.177941771,-7.247E-74
23.4215,-0.177941771,-6.15995E-74
23.422,-0.177941771,-5.23595E-74
23.4225,-0.177941771,-4.45056E-74
23.423,-0.177941771,-3.78298E-74
23.4235,-0.177941771,-3.21553E-74
23.424,-0.177941771,-2.7332E-74
23.4245,-0.177941771,-2.32322E-74
23.425,-0.177941771,-1.97474E-74
23.4255,-0.177941771,-1.67853E-74
23.426,-0.177941771,-1.42675E-74
23.4265,-0.177941771,-1.21274E-74
23.427,-0.177941771,-1.03083E-74
23.4275,-0.177941771,-8.76202E-75
23.428,-0.177941771,-7.44771E-75
23.4285,-0.177941771,-6.33056E-75
23.429,-0.177941771,-5.38097E-75
23.4295,-0.177941771,-4.57383E-75
23.43,-0.177941771,-3.88775E-75
23.4305,-0.177941771,-3.30459E-75
23.431,-0.177941771,-2.8089E-75
23.4315,-0.177941771,-2.38757E-75
23.432,-0.177941771,-2.02943E-75
23.4325,-0.177941771,-1.72502E-75
23.433,-0.177941771,-1.46626E-75
23.4335,-0.177941771,-1.24632E-75
23.434,-0.177941771,-1.05938E-75
23.4345,-0.177941771,-9.0047E-76
23.435,-0.177941771,-7.65399E-76
23.4355,-0.177941771,-6.50589E-76
23.436,-0.177941771,-5.53001E-76
23.4365,-0.177941771,-4.70051E-76
23.437,-0.177941771,-3.99543E-76
23.4375,-0.177941771,-3.39612E-76
23.438,-0.177941771,-2.8867E-76
23.4385,-0.177941771,-2.45369E-76
23.439,-0.177941771,-2.08564E-76
23.4395,-0.177941771,-1.77279E-76
23.44,-0.177941771,-1.50687E-76
23.4405,-0.177941771,-1.28084E-76
23.441,-0.177941771,-1.08872E-76
23.4415,-0.177941771,-9.2541E-77
23.442,-0.177941771,-7.86598E-77
23.4425,-0.177941771,-6.68608E-77
23.443,-0.177941771,-5.68317E-77
23.4435,-0.177941771,-4.8307E-77
23.444,-0.177941771,-4.10609E-77
23.4445,-0.177941771,-3.49018E-77
23.445,-0.177941771,-2.96665E-77
23.4455,-0.177941771,-2.52165E-77
23.446,-0.177941771,-2.14341E-77
23.4465,-0.177941771,-1.82189E-77
23.447,-0.177941771,-1.54861E-77
23.4475,-0.177941771,-1.31632E-77
23.448,-0.177941771,-1.11887E-77
23.4485,-0.177941771,-9.5104E-78
23.449,-0.177941771,-8.08384E-78
23.4495,-0.177941771,-6.87127E-78
23.45,-0.177941771,-5.84058E-78
23.4505,-0.177941771,-4.96449E-78
23.451,-0.177941771,-4.21982E-78
23.4515,-0.177941771,-3.58684E-78
23.452,-0.177941771,-3.04882E-78
23.4525,-0.177941771,-2.59149E-78
23.453,-0.177941771,-2.20277E-78
23.4535,-0.177941771,-1.87236E-78
23.454,-0.177941771,-1.5915E-78
23.4545,-0.177941771,-1.35278E-78
23.455,-0.177941771,-1.14986E-78
23.4555,-0.177941771,-9.77381E-79
23.456,-0.177941771,-8.30774E-79
23.4565,-0.177941771,-7.06158E-79
23.457,-0.177941771,-6.00234E-79
23.4575,-0.177941771,-5.10199E-79
23.458,-0.177941771,-4.33669E-79
23.4585,-0.177941771,-3.68619E-79
23.459,-0.177941771,-3.13326E-79
23.4595,-0.177941771,-2.66327E-79
23.46,-0.177941771,-2.26378E-79
23.4605,-0.177941771,-1.92421E-79
23.461,-0.177941771,-1.63558E-79
23.4615,-0.177941771,-1.39024E-79
23.462,-0.177941771,-1.18171E-79
23.4625,-0.177941771,-1.00445E-79
23.463,-0.177941771,-8.53784E-80
23.4635,-0.177941771,-7.25716E-80
23.464,-0.177941771,-6.16859E-80
23.4645,-0.177941771,-5.2433E-80
23.465,-0.177941771,-4.4568E-80
23.4655,-0.177941771,-3.78828E-80
23.466,-0.177941771,-3.22004E-80
23.4665,-0.177941771,-2.73703E-80
23.467,-0.177941771,-2.32648E-80
23.4675,-0.177941771,-1.97751E-80
23.468,-0.177941771,-1.68088E-80
23.4685,-0.177941771,-1.42875E-80
23.469,-0.177941771,-1.21444E-80
23.4695,-0.177941771,-1.03227E-80
23.47,-0.177941771,-8.77431E-81
23.4705,-0.177941771,-7.45816E-81
23.471,-0.177941771,-6.33944E-81
23.4715,-0.177941771,-5.38852E-81
23.472,-0.177941771,-4.58024E-81
23.4725,-0.177941771,-3.89321E-81
23.473,-0.177941771,-3.30923E-81
23.4735,-0.177941771,-2.81284E-81
23.474,-0.177941771,-2.39092E-81
23.4745,-0.177941771,-2.03228E-81
23.475,-0.177941771,-1.72744E-81
23.4755,-0.177941771,-1.46832E-81
23.476,-0.177941771,-1.24807E-81
23.4765,-0.177941771,-1.06086E-81
23.477,-0.177941771,-9.01733E-82
23.4775,-0.177941771,-7.66473E-82
23.478,-0.177941771,-6.51502E-82
23.4785,-0.177941771,-5.53776E-82
23.479,-0.177941771,-4.7071E-82
23.4795,-0.177941771,-4.00104E-82
23.48,-0.177941771,-3.40088E-82
23.4805,-0.177941771,-2.89075E-82
23.481,-0.177941771,-2.45714E-82
23.4815,-0.177941771,-2.08857E-82
23.482,-0.177941771,-1.77528E-82
23.4825,-0.177941771,-1.50899E-82
23.483,-0.177941771,-1.28264E-82
23.4835,-0.177941771,-1.09024E-82
23.484,-0.177941771,-9.26708E-83
23.4845,-0.177941771,-7.87701E-83
23.485,-0.177941771,-6.69546E-83
23.4855,-0.177941771,-5.69114E-83
23.486,-0.177941771,-4.83747E-83
23.4865,-0.177941771,-4.11185E-83
23.487,-0.177941771,-3.49507E-83
23.4875,-0.177941771,-2.97081E-83
23.488,-0.177941771,-2.52519E-83
23.4885,-0.177941771,-2.14641E-83
23.489,-0.177941771,-1.82445E-83
23.4895,-0.177941771,-1.55078E-83
23.49,-0.177941771,-1.31817E-83
23.4905,-0.177941771,-1.12044E-83
23.491,-0.177941771,-9.52374E-84
23.4915,-0.177941771,-8.09518E-84
23.492,-0.177941771,-6.8809E-84
23.4925,-0.177941771,-5.84877E-84
23.493,-0.177941771,-4.97145E-84
23.4935,-0.177941771,-4.22574E-84
23.494,-0.177941771,-3.59187E-84
23.4945,-0.177941771,-3.05309E-84
23.495,-0.177941771,-2.59513E-84
23.4955,-0.177941771,-2.20586E-84
23.496,-0.177941771,-1.87498E-84
23.4965,-0.177941771,-1.59373E-84
23.497,-0.177941771,-1.35467E-84
23.4975,-0.177941771,-1.15147E-84
23.498,-0.177941771,-9.78752E-85
23.4985,-0.177941771,-8.31939E-85
23.499,-0.177941771,-7.07148E-85
23.4995,-0.177941771,-6.01076E-85
23.5,-0.177941771,-5.10915E-85
23.5005,-0.177941771,-4.34277E-85
23.501,-0.177941771,-3.69136E-85
23.5015,-0.177941771,-3.13765E-85
23.502,-0.177941771,-2.66701E-85
23.5025,-0.177941771,-2.26696E-85
23.503,-0.177941771,-1.92691E-85
23.5035,-0.177941771,-1.63788E-85
23.504,-0.177941771,-1.39219E-85
23.5045,-0.177941771,-1.18336E-85
23.505,-0.177941771,-1.00586E-85
23.5055,-0.177941771,-8.54981E-86
23.506,-0.177941771,-7.26734E-86
23.5065,-0.177941771,-6.17724E-86
23.507,-0.177941771,-5.25065E-86
23.5075,-0.177941771,-4.46305E-86
23.508,-0.177941771,-3.7936E-86
23.5085,-0.177941771,-3.22456E-86
23.509,-0.177941771,-2.74087E-86
23.5095,-0.177941771,-2.32974E-86
23.51,-0.177941771,-1.98028E-86
23.5105,-0.177941771,-1.68324E-86
23.511,-0.177941771,-1.43075E-86
23.5115,-0.177941771,-1.21614E-86
23.512,-0.177941771,-1.03372E-86
23.5125,-0.177941771,-8.78661E-87
23.513,-0.177941771,-7.46862E-87
23.5135,-0.177941771,-6.34833E-87
23.514,-0.177941771,-5.39608E-87
23.5145,-0.177941771,-4.58667E-87
23.515,-0.177941771,-3.89867E-87
23.5155,-0.177941771,-3.31387E-87
23.516,-0.177941771,-2.81679E-87
23.5165,-0.177941771,-2.39427E-87
23.517,-0.177941771,-2.03513E-87
23.5175,-0.177941771,-1.72986E-87
23.518,-0.177941771,-1.47038E-87
23.5185,-0.177941771,-1.24982E-87
23.519,-0.177941771,-1.06235E-87
23.5195,-0.177941771,-9.02997E-88
23.52,-0.177941771,-7.67548E-88
23.5205,-0.177941771,-6.52415E-88
23.521,-0.177941771,-5.54553E-88
23.5215,-0.177941771,-4.7137E-88
23.522,-0.177941771,-4.00665E-88
23.5225,-0.177941771,-3.40565E-88
23.523,-0.177941771,-2.8948E-88
23.5235,-0.177941771,-2.46058E-88
23.524,-0.177941771,-2.09149E-88
23.5245,-0.177941771,-1.77777E-88
23.525,-0.177941771,-1.5111E-88
23.5255,-0.177941771,-1.28444E-88
23.526,-0.177941771,-1.09177E-88
23.5265,-0.177941771,-9.28007E-89
23.527,-0.177941771,-7.88806E-89
23.5275,-0.177941771,-6.70485E-89
23.528,-0.177941771,-5.69912E-89
23.5285,-0.177941771,-4.84426E-89
23.529,-0.177941771,-4.11762E-89
23.5295,-0.177941771,-3.49997E-89
23.53,-0.177941771,-2.97498E-89
23.5305,-0.177941771,-2.52873E-89
23.531,-0.177941771,-2.14942E-89
23.5315,-0.177941771,-1.82701E-89
23.532,-0.177941771,-1.55296E-89
23.5325,-0.177941771,-1.32001E-89
23.533,-0.177941771,-1.12201E-89
23.5335,-0.177941771,-9.5371E-90
23.534,-0.177941771,-8.10653E-90
23.5345,-0.177941771,-6.89055E-90
23.535,-0.177941771,-5.85697E-90
23.5355,-0.177941771,-4.97843E-90
23.536,-0.177941771,-4.23166E-90
23.5365,-0.177941771,-3.59691E-90
23.537,-0.177941771,-3.05738E-90
23.5375,-0.177941771,-2.59877E-90
23.538,-0.177941771,-2.20895E-90
23.5385,-0.177941771,-1.87761E-90
23.539,-0.177941771,-1.59597E-90
23.5395,-0.177941771,-1.35657E-90
23.54,-0.177941771,-1.15309E-90
23.5405,-0.177941771,-9.80125E-91
23.541,-0.177941771,-8.33106E-91
23.5415,-0.177941771,-7.0814E-91
23.542,-0.177941771,-6.01919E-91
23.5425,-0.177941771,-5.11631E-91
23.543,-0.177941771,-4.34886E-91
23.5435,-0.177941771,-3.69654E-91
23.544,-0.177941771,-3.14205E-91
23.5445,-0.177941771,-2.67075E-91
23.545,-0.177941771,-2.27013E-91
23.5455,-0.177941771,-1.92961E-91
23.546,-0.177941771,-1.64017E-91
23.5465,-0.177941771,-1.39415E-91
23.547,-0.177941771,-1.18502E-91
23.5475,-0.177941771,-1.00727E-91
23.548,-0.177941771,-8.5618E-92
23.5485,-0.177941771,-7.27753E-92
23.549,-0.177941771,-6.1859E-92
23.5495,-0.177941771,-5.25802E-92
23.55,-0.177941771,-4.46931E-92
23.5505,-0.177941771,-3.79892E-92
23.551,-0.177941771,-3.22908E-92
23.5515,-0.177941771,-2.74472E-92
23.552,-0.177941771,-2.33301E-92
23.5525,-0.177941771,-1.98306E-92
23.553,-0.177941771,-1.6856E-92
23.5535,-0.177941771,-1.43276E-92
23.554,-0.177941771,-1.21785E-92
23.5545,-0.177941771,-1.03517E-92
23.555,-0.177941771,-8.79894E-93
23.5555,-0.177941771,-7.4791E-93
23.556,-0.177941771,-6.35723E-93
23.5565,-0.177941771,-5.40365E-93
23.557,-0.177941771,-4.5931E-93
23.5575,-0.177941771,-3.90413E-93
23.558,-0.177941771,-3.31851E-93
23.5585,-0.177941771,-2.82074E-93
23.559,-0.177941771,-2.39763E-93
23.5595,-0.177941771,-2.03798E-93
23.56,-0.177941771,-1.73229E-93
23.5605,-0.177941771,-1.47244E-93
23.561,-0.177941771,-1.25158E-93
23.5615,-0.177941771,-1.06384E-93
23.562,-0.177941771,-9.04264E-94
23.5625,-0.177941771,-7.68624E-94
23.563,-0.177941771,-6.53331E-94
23.5635,-0.177941771,-5.55331E-94
23.564,-0.177941771,-4.72031E-94
23.5645,-0.177941771,-4.01227E-94
23.565,-0.177941771,-3.41043E-94
23.5655,-0.177941771,-2.89886E-94
23.566,-0.177941771,-2.46403E-94
23.5665,-0.177941771,-2.09443E-94
23.567,-0.177941771,-1.78026E-94
23.5675,-0.177941771,-1.51322E-94
23.568,-0.177941771,-1.28624E-94
23.5685,-0.177941771,-1.0933E-94
23.569,-0.177941771,-9.29309E-95
23.5695,-0.177941771,-7.89912E-95
23.57,-0.177941771,-6.71426E-95
23.5705,-0.177941771,-5.70712E-95
23.571,-0.177941771,-4.85105E-95
23.5715,-0.177941771,-4.12339E-95
23.572,-0.177941771,-3.50488E-95
23.5725,-0.177941771,-2.97915E-95
23.573,-0.177941771,-2.53228E-95
23.5735,-0.177941771,-2.15244E-95
23.574,-0.177941771,-1.82957E-95
23.5745,-0.177941771,-1.55514E-95
23.575,-0.177941771,-1.32187E-95
23.5755,-0.177941771,-1.12359E-95
23.576,-0.177941771,-9.55048E-96
23.5765,-0.177941771,-8.1179E-96
23.577,-0.177941771,-6.90022E-96
23.5775,-0.177941771,-5.86519E-96
23.578,-0.177941771,-4.98541E-96
23.5785,-0.177941771,-4.2376E-96
23.579,-0.177941771,-3.60196E-96
23.5795,-0.177941771,-3.06166E-96
23.58,-0.177941771,-2.60241E-96
23.5805,-0.177941771,-2.21205E-96
23.581,-0.177941771,-1.88024E-96
23.5815,-0.177941771,-1.59821E-96
23.582,-0.177941771,-1.35848E-96
23.5825,-0.177941771,-1.15471E-96
23.583,-0.177941771,-9.81499E-97
23.5835,-0.177941771,-8.34274E-97
23.584,-0.177941771,-7.09133E-97
23.5845,-0.177941771,-6.02763E-97
23.585,-0.177941771,-5.12349E-97
23.5855,-0.177941771,-4.35496E-97
23.586,-0.177941771,-3.70172E-97
23.5865,-0.177941771,-3.14646E-97
23.587,-0.177941771,-2.67449E-97
23.5875,-0.177941771,-2.27332E-97
23.588,-0.177941771,-1.93232E-97
23.5885,-0.177941771,-1.64247E-97
23.589,-0.177941771,-1.3961E-97
23.5895,-0.177941771,-1.18669E-97
23.59,-0.177941771,-1.00868E-97
23.5905,-0.177941771,-8.57381E-98
23.591,-0.177941771,-7.28774E-98
23.5915,-0.177941771,-6.19458E-98
23.592,-0.177941771,-5.26539E-98
23.5925,-0.177941771,-4.47558E-98
23.593,-0.177941771,-3.80425E-98
23.5935,-0.177941771,-3.23361E-98
23.594,-0.177941771,-2.74857E-98
23.5945,-0.177941771,-2.33628E-98
23.595,-0.177941771,-1.98584E-98
23.5955,-0.177941771,-1.68796E-98
23.596,-0.177941771,-1.43477E-98
23.5965,-0.177941771,-1.21955E-98
23.597,-0.177941771,-1.03662E-98
23.5975,-0.177941771,-8.8113E-99
23.598,-0.177941771,-7.4896E-99
23.5985,-0.177941771,-6.3661E-99
23.599,-0.177941771,-5.4112E-99
23.5995,-0.177941771,-4.5995E-99
23.6,-0.177941771,-3.9096E-99
23.6005,-0.177941771,-3.3232E-99
23.601,-0.177941771,-2.8247E-99
23.6015,-0.177941771,-2.401E-99
23.602,-0.177941771,-2.0408E-99
23.6025,-0.177941771,-1.7347E-99
23.603,-0.177941771,-1.4745E-99
23.6035,-0.177941771,-1.2533E-99
23.604,-0.177941771,-1.0653E-99
23.6045,-0.177941771,-9.0553E-100
23.605,-0.177941771,-7.697E-100
23.6055,-0.177941771,-6.5425E-100
23.606,-0.177941771,-5.5611E-100
23.6065,-0.177941771,-4.7269E-100
23.607,-0.177941771,-4.0179E-100
23.6075,-0.177941771,-3.4152E-100
23.608,-0.177941771,-2.9029E-100
23.6085,-0.177941771,-2.4675E-100
23.609,-0.177941771,-2.0974E-100
23.6095,-0.177941771,-1.7828E-100
23.61,-0.177941771,-1.5153E-100
23.6105,-0.177941771,-1.288E-100
23.611,-0.177941771,-1.0948E-100
23.6115,-0.177941771,-9.3061E-101
23.612,-0.177941771,-7.9102E-101
23.6125,-0.177941771,-6.7237E-101
23.613,-0.177941771,-5.7151E-101
23.6135,-0.177941771,-4.8579E-101
23.614,-0.177941771,-4.1292E-101
23.6145,-0.177941771,-3.5098E-101
23.615,-0.177941771,-2.9833E-101
23.6155,-0.177941771,-2.5358E-101
23.616,-0.177941771,-2.1555E-101
23.6165,-0.177941771,-1.8321E-101
23.617,-0.177941771,-1.5573E-101
23.6175,-0.177941771,-1.3237E-101
23.618,-0.177941771,-1.1252E-101
23.6185,-0.177941771,-9.5639E-102
23.619,-0.177941771,-8.1293E-102
23.6195,-0.177941771,-6.9099E-102
23.62,-0.177941771,-5.8734E-102
23.6205,-0.177941771,-4.9924E-102
23.621,-0.177941771,-4.2435E-102
23.6215,-0.177941771,-3.607E-102
23.622,-0.177941771,-3.066E-102
23.6225,-0.177941771,-2.6061E-102
23.623,-0.177941771,-2.2152E-102
23.6235,-0.177941771,-1.8829E-102
23.624,-0.177941771,-1.6004E-102
23.6245,-0.177941771,-1.3604E-102
23.625,-0.177941771,-1.1563E-102
23.6255,-0.177941771,-9.8288E-103
23.626,-0.177941771,-8.3544E-103
23.6265,-0.177941771,-7.1013E-103
23.627,-0.177941771,-6.0361E-103
23.6275,-0.177941771,-5.1307E-103
23.628,-0.177941771,-4.3611E-103
23.6285,-0.177941771,-3.7069E-103
23.629,-0.177941771,-3.1509E-103
23.6295,-0.177941771,-2.6782E-103
23.63,-0.177941771,-2.2765E-103
23.6305,-0.177941771,-1.935E-103
23.631,-0.177941771,-1.6448E-103
23.6315,-0.177941771,-1.3981E-103
23.632,-0.177941771,-1.1884E-103
23.6325,-0.177941771,-1.0101E-103
23.633,-0.177941771,-8.5858E-104
23.6335,-0.177941771,-7.298E-104
23.634,-0.177941771,-6.2033E-104
23.6345,-0.177941771,-5.2728E-104
23.635,-0.177941771,-4.4819E-104
23.6355,-0.177941771,-3.8096E-104
23.636,-0.177941771,-3.2381E-104
23.6365,-0.177941771,-2.7524E-104
23.637,-0.177941771,-2.3396E-104
23.6375,-0.177941771,-1.9886E-104
23.638,-0.177941771,-1.6903E-104
23.6385,-0.177941771,-1.4368E-104
23.639,-0.177941771,-1.2213E-104
23.6395,-0.177941771,-1.0381E-104
23.64,-0.177941771,-8.8236E-105
23.6405,-0.177941771,-7.5001E-105
23.641,-0.177941771,-6.3751E-105
23.6415,-0.177941771,-5.4188E-105
23.642,-0.177941771,-4.606E-105
23.6425,-0.177941771,-3.9151E-105
23.643,-0.177941771,-3.3278E-105
23.6435,-0.177941771,-2.8287E-105
23.644,-0.177941771,-2.4044E-105
23.6445,-0.177941771,-2.0437E-105
23.645,-0.177941771,-1.7371E-105
23.6455,-0.177941771,-1.4766E-105
23.646,-0.177941771,-1.2551E-105
23.6465,-0.177941771,-1.0668E-105
23.647,-0.177941771,-9.068E-106
23.6475,-0.177941771,-7.7078E-106
23.648,-0.177941771,-6.5516E-106
23.6485,-0.177941771,-5.5689E-106
23.649,-0.177941771,-4.7336E-106
23.6495,-0.177941771,-4.0235E-106
23.65,-0.177941771,-3.42E-106
23.6505,-0.177941771,-2.907E-106
23.651,-0.177941771,-2.4709E-106
23.6515,-0.177941771,-2.1003E-106
23.652,-0.177941771,-1.7853E-106
23.6525,-0.177941771,-1.5175E-106
23.653,-0.177941771,-1.2899E-106
23.6535,-0.177941771,-1.0964E-106
23.654,-0.177941771,-9.3192E-107
23.6545,-0.177941771,-7.9213E-107
23.655,-0.177941771,-6.7331E-107
23.6555,-0.177941771,-5.7231E-107
23.656,-0.177941771,-4.8647E-107
23.6565,-0.177941771,-4.135E-107
23.657,-0.177941771,-3.5147E-107
23.6575,-0.177941771,-2.9875E-107
23.658,-0.177941771,-2.5394E-107
23.6585,-0.177941771,-2.1585E-107
23.659,-0.177941771,-1.8347E-107
23.6595,-0.177941771,-1.5595E-107
23.66,-0.177941771,-1.3256E-107
23.6605,-0.177941771,-1.1267E-107
23.661,-0.177941771,-9.5773E-108
23.6615,-0.177941771,-8.1407E-108
23.662,-0.177941771,-6.9196E-108
23.6625,-0.177941771,-5.8816E-108
23.663,-0.177941771,-4.9994E-108
23.6635,-0.177941771,-4.2495E-108
23.664,-0.177941771,-3.6121E-108
23.6645,-0.177941771,-3.0703E-108
23.665,-0.177941771,-2.6097E-108
23.6655,-0.177941771,-2.2183E-108
23.666,-0.177941771,-1.8855E-108
23.6665,-0.177941771,-1.6027E-108
23.667,-0.177941771,-1.3623E-108
23.6675,-0.177941771,-1.1579E-108
23.668,-0.177941771,-9.8425E-109
23.6685,-0.177941771,-8.3662E-109
23.669,-0.177941771,-7.1112E-109
23.6695,-0.177941771,-6.0446E-109
23.67,-0.177941771,-5.1379E-109
23.6705,-0.177941771,-4.3672E-109
23.671,-0.177941771,-3.7121E-109
23.6715,-0.177941771,-3.1553E-109
23.672,-0.177941771,-2.682E-109
23.6725,-0.177941771,-2.2797E-109
23.673,-0.177941771,-1.9377E-109
23.6735,-0.177941771,-1.6471E-109
23.674,-0.177941771,-1.4E-109
23.6745,-0.177941771,-1.19E-109
23.675,-0.177941771,-1.0115E-109
23.6755,-0.177941771,-8.5979E-110
23.676,-0.177941771,-7.3082E-110
23.6765,-0.177941771,-6.212E-110
23.677,-0.177941771,-5.2802E-110
23.6775,-0.177941771,-4.4881E-110
23.678,-0.177941771,-3.8149E-110
23.6785,-0.177941771,-3.2427E-110
23.679,-0.177941771,-2.7563E-110
23.6795,-0.177941771,-2.3428E-110
23.68,-0.177941771,-1.9914E-110
23.6805,-0.177941771,-1.6927E-110
23.681,-0.177941771,-1.4388E-110
23.6815,-0.177941771,-1.223E-110
23.682,-0.177941771,-1.0395E-110
23.6825,-0.177941771,-8.836E-111
23.683,-0.177941771,-7.5106E-111
23.6835,-0.177941771,-6.384E-111
23.684,-0.177941771,-5.4264E-111
23.6845,-0.177941771,-4.6125E-111
23.685,-0.177941771,-3.9206E-111
23.6855,-0.177941771,-3.3325E-111
23.686,-0.177941771,-2.8326E-111
23.6865,-0.177941771,-2.4077E-111
23.687,-0.177941771,-2.0466E-111
23.6875,-0.177941771,-1.7396E-111
23.688,-0.177941771,-1.4786E-111
23.6885,-0.177941771,-1.2568E-111
23.689,-0.177941771,-1.0683E-111
23.6895,-0.177941771,-9.0807E-112
23.69,-0.177941771,-7.7186E-112
23.6905,-0.177941771,-6.5608E-112
23.691,-0.177941771,-5.5767E-112
23.6915,-0.177941771,-4.7402E-112
23.692,-0.177941771,-4.0292E-112
23.6925,-0.177941771,-3.4248E-112
23.693,-0.177941771,-2.9111E-112
23.6935,-0.177941771,-2.4744E-112
23.694,-0.177941771,-2.1033E-112
23.6945,-0.177941771,-1.7878E-112
23.695,-0.177941771,-1.5196E-112
23.6955,-0.177941771,-1.2917E-112
23.696,-0.177941771,-1.0979E-112
23.6965,-0.177941771,-9.3322E-113
23.697,-0.177941771,-7.9324E-113
23.6975,-0.177941771,-6.7425E-113
23.698,-0.177941771,-5.7312E-113
23.6985,-0.177941771,-4.8715E-113
23.699,-0.177941771,-4.1408E-113
23.6995,-0.177941771,-3.5197E-113
23.7,-0.177941771,-2.9917E-113
23.7005,-0.177941771,-2.5429E-113
23.701,-0.177941771,-2.1615E-113
23.7015,-0.177941771,-1.8373E-113
23.702,-0.177941771,-1.5617E-113
23.7025,-0.177941771,-1.3274E-113
23.703,-0.177941771,-1.1283E-113
23.7035,-0.177941771,-9.5907E-114
23.704,-0.177941771,-8.1521E-114
23.7045,-0.177941771,-6.9293E-114
23.705,-0.177941771,-5.8899E-114
23.7055,-0.177941771,-5.0064E-114
23.706,-0.177941771,-4.2555E-114
23.7065,-0.177941771,-3.6171E-114
23.707,-0.177941771,-3.0746E-114
23.7075,-0.177941771,-2.6134E-114
23.708,-0.177941771,-2.2214E-114
23.7085,-0.177941771,-1.8882E-114
23.709,-0.177941771,-1.6049E-114
23.7095,-0.177941771,-1.3642E-114
23.71,-0.177941771,-1.1596E-114
23.7105,-0.177941771,-9.8563E-115
23.711,-0.177941771,-8.3779E-115
23.7115,-0.177941771,-7.1212E-115
23.712,-0.177941771,-6.053E-115
23.7125,-0.177941771,-5.1451E-115
23.713,-0.177941771,-4.3733E-115
23.7135,-0.177941771,-3.7173E-115
23.714,-0.177941771,-3.1597E-115
23.7145,-0.177941771,-2.6858E-115
23.715,-0.177941771,-2.2829E-115
23.7155,-0.177941771,-1.9405E-115
23.716,-0.177941771,-1.6494E-115
23.7165,-0.177941771,-1.402E-115
23.717,-0.177941771,-1.1917E-115
23.7175,-0.177941771,-1.0129E-115
23.718,-0.177941771,-8.6099E-116
23.7185,-0.177941771,-7.3184E-116
23.719,-0.177941771,-6.2207E-116
23.7195,-0.177941771,-5.2876E-116
23.72,-0.177941771,-4.4944E-116
23.7205,-0.177941771,-3.8203E-116
23.721,-0.177941771,-3.2472E-116
23.7215,-0.177941771,-2.7601E-116
23.722,-0.177941771,-2.3461E-116
23.7225,-0.177941771,-1.9942E-116
23.723,-0.177941771,-1.6951E-116
23.7235,-0.177941771,-1.4408E-116
23.724,-0.177941771,-1.2247E-116
23.7245,-0.177941771,-1.041E-116
23.725,-0.177941771,-8.8484E-117
23.7255,-0.177941771,-7.5211E-117
23.726,-0.177941771,-6.393E-117
23.7265,-0.177941771,-5.434E-117
23.727,-0.177941771,-4.6189E-117
23.7275,-0.177941771,-3.9261E-117
23.728,-0.177941771,-3.3372E-117
23.7285,-0.177941771,-2.8366E-117
23.729,-0.177941771,-2.4111E-117
23.7295,-0.177941771,-2.0494E-117
23.73,-0.177941771,-1.742E-117
23.7305,-0.177941771,-1.4807E-117
23.731,-0.177941771,-1.2586E-117
23.7315,-0.177941771,-1.0698E-117
23.732,-0.177941771,-9.0935E-118
23.7325,-0.177941771,-7.7295E-118
23.733,-0.177941771,-6.57E-118
23.7335,-0.177941771,-5.5845E-118
23.734,-0.177941771,-4.7469E-118
23.7345,-0.177941771,-4.0348E-118
23.735,-0.177941771,-3.4296E-118
23.7355,-0.177941771,-2.9152E-118
23.736,-0.177941771,-2.4779E-118
23.7365,-0.177941771,-2.1062E-118
23.737,-0.177941771,-1.7903E-118
23.7375,-0.177941771,-1.5217E-118
23.738,-0.177941771,-1.2935E-118
23.7385,-0.177941771,-1.0995E-118
23.739,-0.177941771,-9.3453E-119
23.7395,-0.177941771,-7.9435E-119
23.74,-0.177941771,-6.752E-119
23.7405,-0.177941771,-5.7392E-119
23.741,-0.177941771,-4.8783E-119
23.7415,-0.177941771,-4.1466E-119
23.742,-0.177941771,-3.5246E-119
23.7425,-0.177941771,-2.9959E-119
23.743,-0.177941771,-2.5465E-119
23.7435,-0.177941771,-2.1645E-119
23.744,-0.177941771,-1.8399E-119
23.7445,-0.177941771,-1.5639E-119
23.745,-0.177941771,-1.3293E-119
23.7455,-0.177941771,-1.1299E-119
23.746,-0.177941771,-9.6042E-120
23.7465,-0.177941771,-8.1635E-120
23.747,-0.177941771,-6.939E-120
23.7475,-0.177941771,-5.8982E-120
23.748,-0.177941771,-5.0134E-120
23.7485,-0.177941771,-4.2614E-120
23.749,-0.177941771,-3.6222E-120
23.7495,-0.177941771,-3.0789E-120
23.75,-0.177941771,-2.617E-120
23.7505,-0.177941771,-2.2245E-120
23.751,-0.177941771,-1.8908E-120
23.7515,-0.177941771,-1.6072E-120
23.752,-0.177941771,-1.3661E-120
23.7525,-0.177941771,-1.1612E-120
23.753,-0.177941771,-9.8702E-121
23.7535,-0.177941771,-8.3896E-121
23.754,-0.177941771,-7.1312E-121
23.7545,-0.177941771,-6.0615E-121
23.755,-0.177941771,-5.1523E-121
23.7555,-0.177941771,-4.3794E-121
23.756,-0.177941771,-3.7225E-121
23.7565,-0.177941771,-3.1642E-121
23.757,-0.177941771,-2.6895E-121
23.7575,-0.177941771,-2.2861E-121
23.758,-0.177941771,-1.9432E-121
23.7585,-0.177941771,-1.6517E-121
23.759,-0.177941771,-1.404E-121
23.7595,-0.177941771,-1.1934E-121
23.76,-0.177941771,-1.0144E-121
23.7605,-0.177941771,-8.622E-122
23.761,-0.177941771,-7.3287E-122
23.7615,-0.177941771,-6.2294E-122
23.762,-0.177941771,-5.295E-122
23.7625,-0.177941771,-4.5007E-122
23.763,-0.177941771,-3.8256E-122
23.7635,-0.177941771,-3.2518E-122
23.764,-0.177941771,-2.764E-122
23.7645,-0.177941771,-2.3494E-122
23.765,-0.177941771,-1.997E-122
23.7655,-0.177941771,-1.6975E-122
23.766,-0.177941771,-1.4428E-122
23.7665,-0.177941771,-1.2264E-122
23.767,-0.177941771,-1.0424E-122
23.7675,-0.177941771,-8.8608E-123
23.768,-0.177941771,-7.5317E-123
23.7685,-0.177941771,-6.4019E-123
23.769,-0.177941771,-5.4416E-123
23.7695,-0.177941771,-4.6254E-123
23.77,-0.177941771,-3.9316E-123
23.7705,-0.177941771,-3.3419E-123
23.771,-0.177941771,-2.8406E-123
23.7715,-0.177941771,-2.4145E-123
23.772,-0.177941771,-2.0523E-123
23.7725,-0.177941771,-1.7445E-123
23.773,-0.177941771,-1.4828E-123
23.7735,-0.177941771,-1.2604E-123
23.774,-0.177941771,-1.0713E-123
23.7745,-0.177941771,-9.1062E-124
23.775,-0.177941771,-7.7403E-124
23.7755,-0.177941771,-6.5792E-124
23.776,-0.177941771,-5.5924E-124
23.7765,-0.177941771,-4.7535E-124
23.777,-0.177941771,-4.0405E-124
23.7775,-0.177941771,-3.4344E-124
23.778,-0.177941771,-2.9192E-124
23.7785,-0.177941771,-2.4814E-124
23.779,-0.177941771,-2.1092E-124
23.7795,-0.177941771,-1.7928E-124
23.78,-0.177941771,-1.5239E-124
23.7805,-0.177941771,-1.2953E-124
23.781,-0.177941771,-1.101E-124
23.7815,-0.177941771,-9.3584E-125
23.782,-0.177941771,-7.9547E-125
23.7825,-0.177941771,-6.7615E-125
23.783,-0.177941771,-5.7473E-125
23.7835,-0.177941771,-4.8852E-125
23.784,-0.177941771,-4.1524E-125
23.7845,-0.177941771,-3.5295E-125
23.785,-0.177941771,-3.0001E-125
23.7855,-0.177941771,-2.5501E-125
23.786,-0.177941771,-2.1676E-125
23.7865,-0.177941771,-1.8424E-125
23.787,-0.177941771,-1.5661E-125
23.7875,-0.177941771,-1.3312E-125
23.788,-0.177941771,-1.1315E-125
23.7885,-0.177941771,-9.6176E-126
23.789,-0.177941771,-8.175E-126
23.7895,-0.177941771,-6.9487E-126
23.79,-0.177941771,-5.9064E-126
23.7905,-0.177941771,-5.0205E-126
23.791,-0.177941771,-4.2674E-126
23.7915,-0.177941771,-3.6273E-126
23.792,-0.177941771,-3.0832E-126
23.7925,-0.177941771,-2.6207E-126
23.793,-0.177941771,-2.2276E-126
23.7935,-0.177941771,-1.8935E-126
23.794,-0.177941771,-1.6094E-126
23.7945,-0.177941771,-1.368E-126
23.795,-0.177941771,-1.1628E-126
23.7955,-0.177941771,-9.884E-127
23.796,-0.177941771,-8.4014E-127
23.7965,-0.177941771,-7.1412E-127
23.797,-0.177941771,-6.07E-127
23.7975,-0.177941771,-5.1595E-127
23.798,-0.177941771,-4.3856E-127
23.7985,-0.177941771,-3.7278E-127
23.799,-0.177941771,-3.1686E-127
23.7995,-0.177941771,-2.6933E-127
23.8,-0.177941771,-2.2893E-127
23.8005,-0.177941771,-1.9459E-127
23.801,-0.177941771,-1.654E-127
23.8015,-0.177941771,-1.4059E-127
23.802,-0.177941771,-1.195E-127
23.8025,-0.177941771,-1.0158E-127
23.803,-0.177941771,-8.6341E-128
23.8035,-0.177941771,-7.339E-128
23.804,-0.177941771,-6.2381E-128
23.8045,-0.177941771,-5.3024E-128
23.805,-0.177941771,-4.5071E-128
23.8055,-0.177941771,-3.831E-128
23.806,-0.177941771,-3.2563E-128
23.8065,-0.177941771,-2.7679E-128
23.807,-0.177941771,-2.3527E-128
23.8075,-0.177941771,-1.9998E-128
23.808,-0.177941771,-1.6998E-128
23.8085,-0.177941771,-1.4449E-128
23.809,-0.177941771,-1.2281E-128
23.8095,-0.177941771,-1.0439E-128
23.81,-0.177941771,-8.8732E-129
23.8105,-0.177941771,-7.5423E-129
23.811,-0.177941771,-6.4109E-129
23.8115,-0.177941771,-5.4493E-129
23.812,-0.177941771,-4.6319E-129
23.8125,-0.177941771,-3.9371E-129
23.813,-0.177941771,-3.3465E-129
23.8135,-0.177941771,-2.8446E-129
23.814,-0.177941771,-2.4179E-129
23.8145,-0.177941771,-2.0552E-129
23.815,-0.177941771,-1.7469E-129
23.8155,-0.177941771,-1.4849E-129
23.816,-0.177941771,-1.2621E-129
23.8165,-0.177941771,-1.0728E-129
23.817,-0.177941771,-9.119E-130
23.8175,-0.177941771,-7.7511E-130
23.818,-0.177941771,-6.5885E-130
23.8185,-0.177941771,-5.6002E-130
23.819,-0.177941771,-4.7602E-130
23.8195,-0.177941771,-4.0461E-130
23.82,-0.177941771,-3.4392E-130
23.8205,-0.177941771,-2.9233E-130
23.821,-0.177941771,-2.4848E-130
23.8215,-0.177941771,-2.1121E-130
23.822,-0.177941771,-1.7953E-130
23.8225,-0.177941771,-1.526E-130
23.823,-0.177941771,-1.2971E-130
23.8235,-0.177941771,-1.1025E-130
23.824,-0.177941771,-9.3716E-131
23.8245,-0.177941771,-7.9658E-131
23.825,-0.177941771,-6.771E-131
23.8255,-0.177941771,-5.7553E-131
23.826,-0.177941771,-4.892E-131
23.8265,-0.177941771,-4.1582E-131
23.827,-0.177941771,-3.5345E-131
23.8275,-0.177941771,-3.0043E-131
23.828,-0.177941771,-2.5537E-131
23.8285,-0.177941771,-2.1706E-131
23.829,-0.177941771,-1.845E-131
23.8295,-0.177941771,-1.5683E-131
23.83,-0.177941771,-1.333E-131
23.8305,-0.177941771,-1.1331E-131
23.831,-0.177941771,-9.6311E-132
23.8315,-0.177941771,-8.1865E-132
23.832,-0.177941771,-6.9585E-132
23.8325,-0.177941771,-5.9147E-132
23.833,-0.177941771,-5.0275E-132
23.8335,-0.177941771,-4.2734E-132
23.834,-0.177941771,-3.6324E-132
23.8345,-0.177941771,-3.0875E-132
23.835,-0.177941771,-2.6244E-132
23.8355,-0.177941771,-2.2307E-132
23.836,-0.177941771,-1.8961E-132
23.8365,-0.177941771,-1.6117E-132
23.837,-0.177941771,-1.3699E-132
23.8375,-0.177941771,-1.1645E-132
23.838,-0.177941771,-9.8979E-133
23.8385,-0.177941771,-8.4132E-133
23.839,-0.177941771,-7.1512E-133
23.8395,-0.177941771,-6.0785E-133
23.84,-0.177941771,-5.1668E-133
23.8405,-0.177941771,-4.3917E-133
23.841,-0.177941771,-3.733E-133
23.8415,-0.177941771,-3.173E-133
23.842,-0.177941771,-2.6971E-133
23.8425,-0.177941771,-2.2925E-133
23.843,-0.177941771,-1.9486E-133
23.8435,-0.177941771,-1.6563E-133
23.844,-0.177941771,-1.4079E-133
23.8445,-0.177941771,-1.1967E-133
23.845,-0.177941771,-1.0172E-133
23.8455,-0.177941771,-8.6462E-134
23.846,-0.177941771,-7.3493E-134
23.8465,-0.177941771,-6.2469E-134
23.847,-0.177941771,-5.3099E-134
23.8475,-0.177941771,-4.5134E-134
23.848,-0.177941771,-3.8364E-134
23.8485,-0.177941771,-3.2609E-134
23.849,-0.177941771,-2.7718E-134
23.8495,-0.177941771,-2.356E-134
23.85,-0.177941771,-2.0026E-134
23.8505,-0.177941771,-1.7022E-134
23.851,-0.177941771,-1.4469E-134
23.8515,-0.177941771,-1.2299E-134
23.852,-0.177941771,-1.0454E-134
23.8525,-0.177941771,-8.8857E-135
23.853,-0.177941771,-7.5528E-135
23.8535,-0.177941771,-6.4199E-135
23.854,-0.177941771,-5.4569E-135
23.8545,-0.177941771,-4.6384E-135
23.855,-0.177941771,-3.9426E-135
23.8555,-0.177941771,-3.3512E-135
23.856,-0.177941771,-2.8485E-135
23.8565,-0.177941771,-2.4213E-135
23.857,-0.177941771,-2.0581E-135
23.8575,-0.177941771,-1.7494E-135
23.858,-0.177941771,-1.487E-135
23.8585,-0.177941771,-1.2639E-135
23.859,-0.177941771,-1.0743E-135
23.8595,-0.177941771,-9.1318E-136
23.86,-0.177941771,-7.762E-136
23.8605,-0.177941771,-6.5977E-136
23.861,-0.177941771,-5.6081E-136
23.8615,-0.177941771,-4.7669E-136
23.862,-0.177941771,-4.0518E-136
23.8625,-0.177941771,-3.4441E-136
23.863,-0.177941771,-2.9274E-136
23.8635,-0.177941771,-2.4883E-136
23.864,-0.177941771,-2.1151E-136
23.8645,-0.177941771,-1.7978E-136
23.865,-0.177941771,-1.5281E-136
23.8655,-0.177941771,-1.2989E-136
23.866,-0.177941771,-1.1041E-136
23.8665,-0.177941771,-9.3847E-137
23.867,-0.177941771,-7.977E-137
23.8675,-0.177941771,-6.7805E-137
23.868,-0.177941771,-5.7634E-137
23.8685,-0.177941771,-4.8989E-137
23.869,-0.177941771,-4.164E-137
23.8695,-0.177941771,-3.5394E-137
23.87,-0.177941771,-3.0085E-137
23.8705,-0.177941771,-2.5572E-137
23.871,-0.177941771,-2.1737E-137
23.8715,-0.177941771,-1.8476E-137
23.872,-0.177941771,-1.5705E-137
23.8725,-0.177941771,-1.3349E-137
23.873,-0.177941771,-1.1347E-137
23.8735,-0.177941771,-9.6446E-138
23.874,-0.177941771,-8.1979E-138
23.8745,-0.177941771,-6.9682E-138
23.875,-0.177941771,-5.923E-138
23.8755,-0.177941771,-5.0346E-138
23.876,-0.177941771,-4.2794E-138
23.8765,-0.177941771,-3.6375E-138
23.877,-0.177941771,-3.0918E-138
23.8775,-0.177941771,-2.6281E-138
23.878,-0.177941771,-2.2339E-138
23.8785,-0.177941771,-1.8988E-138
23.879,-0.177941771,-1.614E-138
23.8795,-0.177941771,-1.3719E-138
23.88,-0.177941771,-1.1661E-138
23.8805,-0.177941771,-9.9118E-139
23.881,-0.177941771,-8.425E-139
23.8815,-0.177941771,-7.1612E-139
23.882,-0.177941771,-6.0871E-139
23.8825,-0.177941771,-5.174E-139
23.883,-0.177941771,-4.3979E-139
23.8835,-0.177941771,-3.7382E-139
23.884,-0.177941771,-3.1775E-139
23.8845,-0.177941771,-2.7009E-139
23.885,-0.177941771,-2.2957E-139
23.8855,-0.177941771,-1.9514E-139
23.886,-0.177941771,-1.6587E-139
23.8865,-0.177941771,-1.4099E-139
23.887,-0.177941771,-1.1984E-139
23.8875,-0.177941771,-1.0186E-139
23.888,-0.177941771,-8.6583E-140
23.8885,-0.177941771,-7.3596E-140
23.889,-0.177941771,-6.2557E-140
23.8895,-0.177941771,-5.3173E-140
23.89,-0.177941771,-4.5197E-140
23.8905,-0.177941771,-3.8418E-140
23.891,-0.177941771,-3.2655E-140
23.8915,-0.177941771,-2.7757E-140
23.892,-0.177941771,-2.3593E-140
23.8925,-0.177941771,-2.0054E-140
23.893,-0.177941771,-1.7046E-140
23.8935,-0.177941771,-1.4489E-140
23.894,-0.177941771,-1.2316E-140
23.8945,-0.177941771,-1.0468E-140
23.895,-0.177941771,-8.8981E-141
23.8955,-0.177941771,-7.5634E-141
23.896,-0.177941771,-6.4289E-141
23.8965,-0.177941771,-5.4646E-141
23.897,-0.177941771,-4.6449E-141
23.8975,-0.177941771,-3.9482E-141
23.898,-0.177941771,-3.3559E-141
23.8985,-0.177941771,-2.8525E-141
23.899,-0.177941771,-2.4247E-141
23.8995,-0.177941771,-2.061E-141
23.9,-0.177941771,-1.7518E-141
23.9005,-0.177941771,-1.489E-141
23.901,-0.177941771,-1.2657E-141
23.9015,-0.177941771,-1.0758E-141
23.902,-0.177941771,-9.1446E-142
23.9025,-0.177941771,-7.7729E-142
23.903,-0.177941771,-6.607E-142
23.9035,-0.177941771,-5.6159E-142
23.904,-0.177941771,-4.7735E-142
23.9045,-0.177941771,-4.0575E-142
23.905,-0.177941771,-3.4489E-142
23.9055,-0.177941771,-2.9315E-142
23.906,-0.177941771,-2.4918E-142
23.9065,-0.177941771,-2.118E-142
23.907,-0.177941771,-1.8003E-142
23.9075,-0.177941771,-1.5303E-142
23.908,-0.177941771,-1.3007E-142
23.9085,-0.177941771,-1.1056E-142
23.909,-0.177941771,-9.3979E-143
23.9095,-0.177941771,-7.9882E-143
23.91,-0.177941771,-6.79E-143
23.9105,-0.177941771,-5.7715E-143
23.911,-0.177941771,-4.9057E-143
23.9115,-0.177941771,-4.1699E-143
23.912,-0.177941771,-3.5444E-143
23.9125,-0.177941771,-3.0127E-143
23.913,-0.177941771,-2.5608E-143
23.9135,-0.177941771,-2.1767E-143
23.914,-0.177941771,-1.8502E-143
23.9145,-0.177941771,-1.5727E-143
23.915,-0.177941771,-1.3368E-143
23.9155,-0.177941771,-1.1363E-143
23.916,-0.177941771,-9.6582E-144
23.9165,-0.177941771,-8.2094E-144
23.917,-0.177941771,-6.978E-144
23.9175,-0.177941771,-5.9313E-144
23.918,-0.177941771,-5.0416E-144
23.9185,-0.177941771,-4.2854E-144
23.919,-0.177941771,-3.6426E-144
23.9195,-0.177941771,-3.0962E-144
23.92,-0.177941771,-2.6318E-144
23.9205,-0.177941771,-2.237E-144
23.921,-0.177941771,-1.9014E-144
23.9215,-0.177941771,-1.6162E-144
23.922,-0.177941771,-1.3738E-144
23.9225,-0.177941771,-1.1677E-144
23.923,-0.177941771,-9.9257E-145
23.9235,-0.177941771,-8.4368E-145
23.924,-0.177941771,-7.1713E-145
23.9245,-0.177941771,-6.0956E-145
23.925,-0.177941771,-5.1813E-145
23.9255,-0.177941771,-4.4041E-145
23.926,-0.177941771,-3.7435E-145
23.9265,-0.177941771,-3.1819E-145
23.927,-0.177941771,-2.7046E-145
23.9275,-0.177941771,-2.299E-145
23.928,-0.177941771,-1.9541E-145
23.9285,-0.177941771,-1.661E-145
23.929,-0.177941771,-1.4118E-145
23.9295,-0.177941771,-1.2001E-145
23.93,-0.177941771,-1.0201E-145
23.9305,-0.177941771,-8.6705E-146
23.931,-0.177941771,-7.3699E-146
23.9315,-0.177941771,-6.2644E-146
23.932,-0.177941771,-5.3248E-146
23.9325,-0.177941771,-4.526E-146
23.933,-0.177941771,-3.8471E-146
23.9335,-0.177941771,-3.2701E-146
23.934,-0.177941771,-2.7796E-146
23.9345,-0.177941771,-2.3626E-146
23.935,-0.177941771,-2.0082E-146
23.9355,-0.177941771,-1.707E-146
23.936,-0.177941771,-1.4509E-146
23.9365,-0.177941771,-1.2333E-146
23.937,-0.177941771,-1.0483E-146
23.9375,-0.177941771,-8.9106E-147
23.938,-0.177941771,-7.574E-147
23.9385,-0.177941771,-6.4379E-147
23.939,-0.177941771,-5.4722E-147
23.9395,-0.177941771,-4.6514E-147
23.94,-0.177941771,-3.9537E-147
23.9405,-0.177941771,-3.3606E-147
23.941,-0.177941771,-2.8565E-147
23.9415,-0.177941771,-2.4281E-147
23.942,-0.177941771,-2.0639E-147
23.9425,-0.177941771,-1.7543E-147
23.943,-0.177941771,-1.4911E-147
23.9435,-0.177941771,-1.2675E-147
23.944,-0.177941771,-1.0773E-147
23.9445,-0.177941771,-9.1574E-148
23.945,-0.177941771,-7.7838E-148
23.9455,-0.177941771,-6.6162E-148
23.946,-0.177941771,-5.6238E-148
23.9465,-0.177941771,-4.7802E-148
23.947,-0.177941771,-4.0632E-148
23.9475,-0.177941771,-3.4537E-148
23.948,-0.177941771,-2.9357E-148
23.9485,-0.177941771,-2.4953E-148
23.949,-0.177941771,-2.121E-148
23.9495,-0.177941771,-1.8029E-148
23.95,-0.177941771,-1.5324E-148
23.9505,-0.177941771,-1.3026E-148
23.951,-0.177941771,-1.1072E-148
23.9515,-0.177941771,-9.4111E-149
23.952,-0.177941771,-7.9994E-149
23.9525,-0.177941771,-6.7995E-149
23.953,-0.177941771,-5.7796E-149
23.9535,-0.177941771,-4.9126E-149
23.954,-0.177941771,-4.1757E-149
23.9545,-0.177941771,-3.5494E-149
23.955,-0.177941771,-3.017E-149
23.9555,-0.177941771,-2.5644E-149
23.956,-0.177941771,-2.1798E-149
23.9565,-0.177941771,-1.8528E-149
23.957,-0.177941771,-1.5749E-149
23.9575,-0.177941771,-1.3386E-149
23.958,-0.177941771,-1.1378E-149
23.9585,-0.177941771,-9.6717E-150
23.959,-0.177941771,-8.221E-150
23.9595,-0.177941771,-6.9878E-150
23.96,-0.177941771,-5.9396E-150
23.9605,-0.177941771,-5.0487E-150
23.961,-0.177941771,-4.2914E-150
23.9615,-0.177941771,-3.6477E-150
23.962,-0.177941771,-3.1005E-150
23.9625,-0.177941771,-2.6354E-150
23.963,-0.177941771,-2.2401E-150
23.9635,-0.177941771,-1.9041E-150
23.964,-0.177941771,-1.6185E-150
23.9645,-0.177941771,-1.3757E-150
23.965,-0.177941771,-1.1694E-150
23.9655,-0.177941771,-9.9396E-151
23.966,-0.177941771,-8.4486E-151
23.9665,-0.177941771,-7.1813E-151
23.967,-0.177941771,-6.1041E-151
23.9675,-0.177941771,-5.1885E-151
23.968,-0.177941771,-4.4102E-151
23.9685,-0.177941771,-3.7487E-151
23.969,-0.177941771,-3.1864E-151
23.9695,-0.177941771,-2.7084E-151
23.97,-0.177941771,-2.3022E-151
23.9705,-0.177941771,-1.9568E-151
23.971,-0.177941771,-1.6633E-151
23.9715,-0.177941771,-1.4138E-151
23.972,-0.177941771,-1.2018E-151
23.9725,-0.177941771,-1.0215E-151
23.973,-0.177941771,-8.6826E-152
23.9735,-0.177941771,-7.3802E-152
23.974,-0.177941771,-6.2732E-152
23.9745,-0.177941771,-5.3322E-152
23.975,-0.177941771,-4.5324E-152
23.9755,-0.177941771,-3.8525E-152
23.976,-0.177941771,-3.2747E-152
23.9765,-0.177941771,-2.7835E-152
23.977,-0.177941771,-2.3659E-152
23.9775,-0.177941771,-2.011E-152
23.978,-0.177941771,-1.7094E-152
23.9785,-0.177941771,-1.453E-152
23.979,-0.177941771,-1.235E-152
23.9795,-0.177941771,-1.0498E-152
23.98,-0.177941771,-8.9231E-153
23.9805,-0.177941771,-7.5847E-153
23.981,-0.177941771,-6.447E-153
23.9815,-0.177941771,-5.4799E-153
23.982,-0.177941771,-4.6579E-153
23.9825,-0.177941771,-3.9592E-153
23.983,-0.177941771,-3.3654E-153
23.9835,-0.177941771,-2.8605E-153
23.984,-0.177941771,-2.4315E-153
23.9845,-0.177941771,-2.0667E-153
23.985,-0.177941771,-1.7567E-153
23.9855,-0.177941771,-1.4932E-153
23.986,-0.177941771,-1.2692E-153
23.9865,-0.177941771,-1.0789E-153
23.987,-0.177941771,-9.1703E-154
23.9875,-0.177941771,-7.7947E-154
23.988,-0.177941771,-6.6255E-154
23.9885,-0.177941771,-5.6317E-154
23.989,-0.177941771,-4.7869E-154
23.9895,-0.177941771,-4.0689E-154
23.99,-0.177941771,-3.4586E-154
23.9905,-0.177941771,-2.9398E-154
23.991,-0.177941771,-2.4988E-154
23.9915,-0.177941771,-2.124E-154
23.992,-0.177941771,-1.8054E-154
23.9925,-0.177941771,-1.5346E-154
23.993,-0.177941771,-1.3044E-154
23.9935,-0.177941771,-1.1087E-154
23.994,-0.177941771,-9.4243E-155
23.9945,-0.177941771,-8.0106E-155
23.995,-0.177941771,-6.809E-155
23.9955,-0.177941771,-5.7877E-155
23.996,-0.177941771,-4.9195E-155
23.9965,-0.177941771,-4.1816E-155
23.997,-0.177941771,-3.5544E-155
23.9975,-0.177941771,-3.0212E-155
23.998,-0.177941771,-2.568E-155
23.9985,-0.177941771,-2.1828E-155
23.999,-0.177941771,-1.8554E-155
23.9995,-0.177941771,-1.5771E-155
24,-0.177941771,-1.3405E-155
24.0005,-0.177941771,-1.1394E-155
24.001,-0.177941771,-9.6853E-156
24.0015,-0.177941771,-8.2325E-156
24.002,-0.177941771,-6.9976E-156
24.0025,-0.177941771,-5.948E-156
24.003,-0.177941771,-5.0558E-156
24.0035,-0.177941771,-4.2974E-156
24.004,-0.177941771,-3.6528E-156
24.0045,-0.177941771,-3.1049E-156
24.005,-0.177941771,-2.6391E-156
24.0055,-0.177941771,-2.2433E-156
24.006,-0.177941771,-1.9068E-156
24.0065,-0.177941771,-1.6208E-156
24.007,-0.177941771,-1.3777E-156
24.0075,-0.177941771,-1.171E-156
24.008,-0.177941771,-9.9535E-157
24.0085,-0.177941771,-8.4605E-157
24.009,-0.177941771,-7.1914E-157
24.0095,-0.177941771,-6.1127E-157
24.01,-0.177941771,-5.1958E-157
24.0105,-0.177941771,-4.4164E-157
24.011,-0.177941771,-3.754E-157
24.0115,-0.177941771,-3.1909E-157
24.012,-0.177941771,-2.7122E-157
24.0125,-0.177941771,-2.3054E-157
24.013,-0.177941771,-1.9596E-157
24.0135,-0.177941771,-1.6657E-157
24.014,-0.177941771,-1.4158E-157
24.0145,-0.177941771,-1.2034E-157
24.015,-0.177941771,-1.0229E-157
24.0155,-0.177941771,-8.6948E-158
24.016,-0.177941771,-7.3906E-158
24.0165,-0.177941771,-6.282E-158
24.017,-0.177941771,-5.3397E-158
24.0175,-0.177941771,-4.5388E-158
24.018,-0.177941771,-3.8579E-158
24.0185,-0.177941771,-3.2792E-158
24.019,-0.177941771,-2.7874E-158
24.0195,-0.177941771,-2.3693E-158
24.02,-0.177941771,-2.0139E-158
24.0205,-0.177941771,-1.7118E-158
24.021,-0.177941771,-1.455E-158
24.0215,-0.177941771,-1.2368E-158
24.022,-0.177941771,-1.0513E-158
24.0225,-0.177941771,-8.9356E-159
24.023,-0.177941771,-7.5953E-159
24.0235,-0.177941771,-6.456E-159
24.024,-0.177941771,-5.4876E-159
24.0245,-0.177941771,-4.6645E-159
24.025,-0.177941771,-3.9648E-159
24.0255,-0.177941771,-3.3701E-159
24.026,-0.177941771,-2.8646E-159
24.0265,-0.177941771,-2.4349E-159
24.027,-0.177941771,-2.0696E-159
24.0275,-0.177941771,-1.7592E-159
24.028,-0.177941771,-1.4953E-159
24.0285,-0.177941771,-1.271E-159
24.029,-0.177941771,-1.0804E-159
24.0295,-0.177941771,-9.1831E-160
24.03,-0.177941771,-7.8057E-160
24.0305,-0.177941771,-6.6348E-160
24.031,-0.177941771,-5.6396E-160
24.0315,-0.177941771,-4.7937E-160
24.032,-0.177941771,-4.0746E-160
24.0325,-0.177941771,-3.4634E-160
24.033,-0.177941771,-2.9439E-160
24.0335,-0.177941771,-2.5023E-160
24.034,-0.177941771,-2.127E-160
24.0345,-0.177941771,-1.8079E-160
24.035,-0.177941771,-1.5367E-160
24.0355,-0.177941771,-1.3062E-160
24.036,-0.177941771,-1.1103E-160
24.0365,-0.177941771,-9.4375E-161
24.037,-0.177941771,-8.0218E-161
24.0375,-0.177941771,-6.8186E-161
24.038,-0.177941771,-5.7958E-161
24.0385,-0.177941771,-4.9264E-161
24.039,-0.177941771,-4.1875E-161
24.0395,-0.177941771,-3.5593E-161
24.04,-0.177941771,-3.0254E-161
24.0405,-0.177941771,-2.5716E-161
24.041,-0.177941771,-2.1859E-161
24.0415,-0.177941771,-1.858E-161
24.042,-0.177941771,-1.5793E-161
24.0425,-0.177941771,-1.3424E-161
24.043,-0.177941771,-1.141E-161
24.0435,-0.177941771,-9.6989E-162
24.044,-0.177941771,-8.244E-162
24.0445,-0.177941771,-7.0074E-162
24.045,-0.177941771,-5.9563E-162
24.0455,-0.177941771,-5.0629E-162
24.046,-0.177941771,-4.3034E-162
24.0465,-0.177941771,-3.6579E-162
24.047,-0.177941771,-3.1092E-162
24.0475,-0.177941771,-2.6428E-162
24.048,-0.177941771,-2.2464E-162
24.0485,-0.177941771,-1.9095E-162
24.049,-0.177941771,-1.623E-162
24.0495,-0.177941771,-1.3796E-162
24.05,-0.177941771,-1.1726E-162
24.0505,-0.177941771,-9.9675E-163
24.051,-0.177941771,-8.4724E-163
24.0515,-0.177941771,-7.2015E-163
24.052,-0.177941771,-6.1213E-163
24.0525,-0.177941771,-5.2031E-163
24.053,-0.177941771,-4.4226E-163
24.0535,-0.177941771,-3.7592E-163
24.054,-0.177941771,-3.1953E-163
24.0545,-0.177941771,-2.716E-163
24.055,-0.177941771,-2.3086E-163
24.0555,-0.177941771,-1.9623E-163
24.056,-0.177941771,-1.668E-163
24.0565,-0.177941771,-1.4178E-163
24.057,-0.177941771,-1.2051E-163
24.0575,-0.177941771,-1.0244E-163
24.058,-0.177941771,-8.707E-164
24.0585,-0.177941771,-7.401E-164
24.059,-0.177941771,-6.2908E-164
24.0595,-0.177941771,-5.3472E-164
24.06,-0.177941771,-4.5451E-164
24.0605,-0.177941771,-3.8633E-164
24.061,-0.177941771,-3.2838E-164
24.0615,-0.177941771,-2.7913E-164
24.062,-0.177941771,-2.3726E-164
24.0625,-0.177941771,-2.0167E-164
24.063,-0.177941771,-1.7142E-164
24.0635,-0.177941771,-1.4571E-164
24.064,-0.177941771,-1.2385E-164
24.0645,-0.177941771,-1.0527E-164
24.065,-0.177941771,-8.9482E-165
24.0655,-0.177941771,-7.6059E-165
24.066,-0.177941771,-6.4651E-165
24.0665,-0.177941771,-5.4953E-165
24.067,-0.177941771,-4.671E-165
24.0675,-0.177941771,-3.9704E-165
24.068,-0.177941771,-3.3748E-165
24.0685,-0.177941771,-2.8686E-165
24.069,-0.177941771,-2.4383E-165
24.0695,-0.177941771,-2.0725E-165
24.07,-0.177941771,-1.7617E-165
24.0705,-0.177941771,-1.4974E-165
24.071,-0.177941771,-1.2728E-165
24.0715,-0.177941771,-1.0819E-165
24.072,-0.177941771,-9.196E-166
24.0725,-0.177941771,-7.8166E-166
24.073,-0.177941771,-6.6441E-166
24.0735,-0.177941771,-5.6475E-166
24.074,-0.177941771,-4.8004E-166
24.0745,-0.177941771,-4.0803E-166
24.075,-0.177941771,-3.4683E-166
24.0755,-0.177941771,-2.948E-166
24.076,-0.177941771,-2.5058E-166
24.0765,-0.177941771,-2.13E-166
24.077,-0.177941771,-1.8105E-166
24.0775,-0.177941771,-1.5389E-166
24.078,-0.177941771,-1.3081E-166
24.0785,-0.177941771,-1.1118E-166
24.079,-0.177941771,-9.4507E-167
24.0795,-0.177941771,-8.0331E-167
24.08,-0.177941771,-6.8281E-167
24.0805,-0.177941771,-5.8039E-167
24.081,-0.177941771,-4.9333E-167
24.0815,-0.177941771,-4.1933E-167
24.082,-0.177941771,-3.5643E-167
24.0825,-0.177941771,-3.0297E-167
24.083,-0.177941771,-2.5752E-167
24.0835,-0.177941771,-2.1889E-167
24.084,-0.177941771,-1.8606E-167
24.0845,-0.177941771,-1.5815E-167
24.085,-0.177941771,-1.3443E-167
24.0855,-0.177941771,-1.1426E-167
24.086,-0.177941771,-9.7125E-168
24.0865,-0.177941771,-8.2556E-168
24.087,-0.177941771,-7.0173E-168
24.0875,-0.177941771,-5.9647E-168
24.088,-0.177941771,-5.07E-168
24.0885,-0.177941771,-4.3095E-168
24.089,-0.177941771,-3.663E-168
24.0895,-0.177941771,-3.1136E-168
24.09,-0.177941771,-2.6466E-168
24.0905,-0.177941771,-2.2496E-168
24.091,-0.177941771,-1.9121E-168
24.0915,-0.177941771,-1.6253E-168
24.092,-0.177941771,-1.3815E-168
24.0925,-0.177941771,-1.1743E-168
24.093,-0.177941771,-9.9815E-169
24.0935,-0.177941771,-8.4842E-169
24.094,-0.177941771,-7.2116E-169
24.0945,-0.177941771,-6.1299E-169
24.095,-0.177941771,-5.2104E-169
24.0955,-0.177941771,-4.4288E-169
24.096,-0.177941771,-3.7645E-169
24.0965,-0.177941771,-3.1998E-169
24.097,-0.177941771,-2.7199E-169
24.0975,-0.177941771,-2.3119E-169
24.098,-0.177941771,-1.9651E-169
24.0985,-0.177941771,-1.6703E-169
24.099,-0.177941771,-1.4198E-169
24.0995,-0.177941771,-1.2068E-169
24.1,-0.177941771,-1.0258E-169
24.1005,-0.177941771,-8.7192E-170
24.101,-0.177941771,-7.4113E-170
24.1015,-0.177941771,-6.2996E-170
24.102,-0.177941771,-5.3547E-170
24.1025,-0.177941771,-4.5515E-170
24.103,-0.177941771,-3.8688E-170
24.1035,-0.177941771,-3.2885E-170
24.104,-0.177941771,-2.7952E-170
24.1045,-0.177941771,-2.3759E-170
24.105,-0.177941771,-2.0195E-170
24.1055,-0.177941771,-1.7166E-170
24.106,-0.177941771,-1.4591E-170
24.1065,-0.177941771,-1.2402E-170
24.107,-0.177941771,-1.0542E-170
24.1075,-0.177941771,-8.9607E-171
24.108,-0.177941771,-7.6166E-171
24.1085,-0.177941771,-6.4741E-171
24.109,-0.177941771,-5.503E-171
24.1095,-0.177941771,-4.6776E-171
24.11,-0.177941771,-3.9759E-171
24.1105,-0.177941771,-3.3795E-171
24.111,-0.177941771,-2.8726E-171
24.1115,-0.177941771,-2.4417E-171
24.112,-0.177941771,-2.0755E-171
24.1125,-0.177941771,-1.7641E-171
24.113,-0.177941771,-1.4995E-171
24.1135,-0.177941771,-1.2746E-171
24.114,-0.177941771,-1.0834E-171
24.1145,-0.177941771,-9.2089E-172
24.115,-0.177941771,-7.8276E-172
24.1155,-0.177941771,-6.6534E-172
24.116,-0.177941771,-5.6554E-172
24.1165,-0.177941771,-4.8071E-172
24.117,-0.177941771,-4.086E-172
24.1175,-0.177941771,-3.4731E-172
24.118,-0.177941771,-2.9522E-172
24.1185,-0.177941771,-2.5093E-172
24.119,-0.177941771,-2.1329E-172
24.1195,-0.177941771,-1.813E-172
24.12,-0.177941771,-1.541E-172
24.1205,-0.177941771,-1.3099E-172
24.121,-0.177941771,-1.1134E-172
24.1215,-0.177941771,-9.464E-173
24.122,-0.177941771,-8.0444E-173
24.1225,-0.177941771,-6.8377E-173
24.123,-0.177941771,-5.8121E-173
24.1235,-0.177941771,-4.9402E-173
24.124,-0.177941771,-4.1992E-173
24.1245,-0.177941771,-3.5693E-173
24.125,-0.177941771,-3.0339E-173
24.1255,-0.177941771,-2.5788E-173
24.126,-0.177941771,-2.192E-173
24.1265,-0.177941771,-1.8632E-173
24.127,-0.177941771,-1.5837E-173
24.1275,-0.177941771,-1.3462E-173
24.128,-0.177941771,-1.1442E-173
24.1285,-0.177941771,-9.7261E-174
24.129,-0.177941771,-8.2672E-174
24.1295,-0.177941771,-7.0271E-174
24.13,-0.177941771,-5.973E-174
24.1305,-0.177941771,-5.0771E-174
24.131,-0.177941771,-4.3155E-174
24.1315,-0.177941771,-3.6682E-174
24.132,-0.177941771,-3.118E-174
24.1325,-0.177941771,-2.6503E-174
24.133,-0.177941771,-2.2527E-174
24.1335,-0.177941771,-1.9148E-174
24.134,-0.177941771,-1.6276E-174
24.1345,-0.177941771,-1.3835E-174
24.135,-0.177941771,-1.1759E-174
24.1355,-0.177941771,-9.9955E-175
24.136,-0.177941771,-8.4961E-175
24.1365,-0.177941771,-7.2217E-175
24.137,-0.177941771,-6.1385E-175
24.1375,-0.177941771,-5.2177E-175
24.138,-0.177941771,-4.435E-175
24.1385,-0.177941771,-3.7698E-175
24.139,-0.177941771,-3.2043E-175
24.1395,-0.177941771,-2.7237E-175
24.14,-0.177941771,-2.3151E-175
24.1405,-0.177941771,-1.9679E-175
24.141,-0.177941771,-1.6727E-175
24.1415,-0.177941771,-1.4218E-175
24.142,-0.177941771,-1.2085E-175
24.1425,-0.177941771,-1.0272E-175
24.143,-0.177941771,-8.7315E-176
24.1435,-0.177941771,-7.4217E-176
24.144,-0.177941771,-6.3085E-176
24.1445,-0.177941771,-5.3622E-176
24.145,-0.177941771,-4.5579E-176
24.1455,-0.177941771,-3.8742E-176
24.146,-0.177941771,-3.2931E-176
24.1465,-0.177941771,-2.7991E-176
24.147,-0.177941771,-2.3792E-176
24.1475,-0.177941771,-2.0224E-176
24.148,-0.177941771,-1.719E-176
24.1485,-0.177941771,-1.4612E-176
24.149,-0.177941771,-1.242E-176
24.1495,-0.177941771,-1.0557E-176
24.15,-0.177941771,-8.9733E-177
24.1505,-0.177941771,-7.6273E-177
24.151,-0.177941771,-6.4832E-177
24.1515,-0.177941771,-5.5107E-177
24.152,-0.177941771,-4.6841E-177
24.1525,-0.177941771,-3.9815E-177
24.153,-0.177941771,-3.3843E-177
24.1535,-0.177941771,-2.8766E-177
24.154,-0.177941771,-2.4451E-177
24.1545,-0.177941771,-2.0784E-177
24.155,-0.177941771,-1.7666E-177
24.1555,-0.177941771,-1.5016E-177
24.156,-0.177941771,-1.2764E-177
24.1565,-0.177941771,-1.0849E-177
24.157,-0.177941771,-9.2218E-178
24.1575,-0.177941771,-7.8385E-178
24.158,-0.177941771,-6.6628E-178
24.1585,-0.177941771,-5.6634E-178
24.159,-0.177941771,-4.8138E-178
24.1595,-0.177941771,-4.0918E-178
24.16,-0.177941771,-3.478E-178
24.1605,-0.177941771,-2.9563E-178
24.161,-0.177941771,-2.5129E-178
24.1615,-0.177941771,-2.1359E-178
24.162,-0.177941771,-1.8155E-178
24.1625,-0.177941771,-1.5432E-178
24.163,-0.177941771,-1.3117E-178
24.1635,-0.177941771,-1.115E-178
24.164,-0.177941771,-9.4772E-179
24.1645,-0.177941771,-8.0556E-179
24.165,-0.177941771,-6.8473E-179
24.1655,-0.177941771,-5.8202E-179
24.166,-0.177941771,-4.9472E-179
24.1665,-0.177941771,-4.2051E-179
24.167,-0.177941771,-3.5743E-179
24.1675,-0.177941771,-3.0382E-179
24.168,-0.177941771,-2.5825E-179
24.1685,-0.177941771,-2.1951E-179
24.169,-0.177941771,-1.8658E-179
24.1695,-0.177941771,-1.586E-179
24.17,-0.177941771,-1.3481E-179
24.1705,-0.177941771,-1.1458E-179
24.171,-0.177941771,-9.7397E-180
24.1715,-0.177941771,-8.2788E-180
24.172,-0.177941771,-7.037E-180
24.1725,-0.177941771,-5.9814E-180
24.173,-0.177941771,-5.0842E-180
24.1735,-0.177941771,-4.3216E-180
24.174,-0.177941771,-3.6733E-180
24.1745,-0.177941771,-3.1223E-180
24.175,-0.177941771,-2.654E-180
24.1755,-0.177941771,-2.2559E-180
24.176,-0.177941771,-1.9175E-180
24.1765,-0.177941771,-1.6299E-180
24.177,-0.177941771,-1.3854E-180
24.1775,-0.177941771,-1.1776E-180
24.178,-0.177941771,-1.0009E-180
24.1785,-0.177941771,-8.5081E-181
24.179,-0.177941771,-7.2319E-181
24.1795,-0.177941771,-6.1471E-181
24.18,-0.177941771,-5.225E-181
24.1805,-0.177941771,-4.4413E-181
24.181,-0.177941771,-3.7751E-181
24.1815,-0.177941771,-3.2088E-181
24.182,-0.177941771,-2.7275E-181
24.1825,-0.177941771,-2.3184E-181
24.183,-0.177941771,-1.9706E-181
24.1835,-0.177941771,-1.675E-181
24.184,-0.177941771,-1.4238E-181
24.1845,-0.177941771,-1.2102E-181
24.185,-0.177941771,-1.0287E-181
24.1855,-0.177941771,-8.7437E-182
24.186,-0.177941771,-7.4321E-182
24.1865,-0.177941771,-6.3173E-182
24.187,-0.177941771,-5.3697E-182
24.1875,-0.177941771,-4.5643E-182
24.188,-0.177941771,-3.8796E-182
24.1885,-0.177941771,-3.2977E-182
24.189,-0.177941771,-2.803E-182
24.1895,-0.177941771,-2.3826E-182
24.19,-0.177941771,-2.0252E-182
24.1905,-0.177941771,-1.7214E-182
24.191,-0.177941771,-1.4632E-182
24.1915,-0.177941771,-1.2437E-182
24.192,-0.177941771,-1.0572E-182
24.1925,-0.177941771,-8.9859E-183
24.193,-0.177941771,-7.638E-183
24.1935,-0.177941771,-6.4923E-183
24.194,-0.177941771,-5.5185E-183
24.1945,-0.177941771,-4.6907E-183
24.195,-0.177941771,-3.9871E-183
24.1955,-0.177941771,-3.389E-183
24.196,-0.177941771,-2.8807E-183
24.1965,-0.177941771,-2.4486E-183
24.197,-0.177941771,-2.0813E-183
24.1975,-0.177941771,-1.7691E-183
24.198,-0.177941771,-1.5037E-183
24.1985,-0.177941771,-1.2782E-183
24.199,-0.177941771,-1.0864E-183
24.1995,-0.177941771,-9.2348E-184
24.2,-0.177941771,-7.8495E-184
24.2005,-0.177941771,-6.6721E-184
24.201,-0.177941771,-5.6713E-184
24.2015,-0.177941771,-4.8206E-184
24.202,-0.177941771,-4.0975E-184
24.2025,-0.177941771,-3.4829E-184
24.203,-0.177941771,-2.9605E-184
24.2035,-0.177941771,-2.5164E-184
24.204,-0.177941771,-2.1389E-184
24.2045,-0.177941771,-1.8181E-184
24.205,-0.177941771,-1.5454E-184
24.2055,-0.177941771,-1.3136E-184
24.206,-0.177941771,-1.1165E-184
24.2065,-0.177941771,-9.4905E-185
24.207,-0.177941771,-8.0669E-185
24.2075,-0.177941771,-6.8569E-185
24.208,-0.177941771,-5.8284E-185
24.2085,-0.177941771,-4.9541E-185
24.209,-0.177941771,-4.211E-185
24.2095,-0.177941771,-3.5793E-185
24.21,-0.177941771,-3.0424E-185
24.2105,-0.177941771,-2.5861E-185
24.211,-0.177941771,-2.1982E-185
24.2115,-0.177941771,-1.8684E-185
24.212,-0.177941771,-1.5882E-185
24.2125,-0.177941771,-1.3499E-185
24.213,-0.177941771,-1.1475E-185
24.2135,-0.177941771,-9.7534E-186
24.214,-0.177941771,-8.2904E-186
24.2145,-0.177941771,-7.0468E-186
24.215,-0.177941771,-5.9898E-186
24.2155,-0.177941771,-5.0913E-186
24.216,-0.177941771,-4.3276E-186
24.2165,-0.177941771,-3.6785E-186
24.217,-0.177941771,-3.1267E-186
24.2175,-0.177941771,-2.6577E-186
24.218,-0.177941771,-2.259E-186
24.2185,-0.177941771,-1.9202E-186
24.219,-0.177941771,-1.6322E-186
24.2195,-0.177941771,-1.3873E-186
24.22,-0.177941771,-1.1792E-186
24.2205,-0.177941771,-1.0024E-186
24.221,-0.177941771,-8.52E-187
24.2215,-0.177941771,-7.242E-187
24.222,-0.177941771,-6.1557E-187
24.2225,-0.177941771,-5.2323E-187
24.223,-0.177941771,-4.4475E-187
24.2235,-0.177941771,-3.7804E-187
24.224,-0.177941771,-3.2133E-187
24.2245,-0.177941771,-2.7313E-187
24.225,-0.177941771,-2.3216E-187
24.2255,-0.177941771,-1.9734E-187
24.226,-0.177941771,-1.6774E-187
24.2265,-0.177941771,-1.4258E-187
24.227,-0.177941771,-1.2119E-187
24.2275,-0.177941771,-1.0301E-187
24.228,-0.177941771,-8.756E-188
24.2285,-0.177941771,-7.4426E-188
24.229,-0.177941771,-6.3262E-188
24.2295,-0.177941771,-5.3773E-188
24.23,-0.177941771,-4.5707E-188
24.2305,-0.177941771,-3.8851E-188
24.231,-0.177941771,-3.3023E-188
24.2315,-0.177941771,-2.807E-188
24.232,-0.177941771,-2.3859E-188
24.2325,-0.177941771,-2.028E-188
24.233,-0.177941771,-1.7238E-188
24.2335,-0.177941771,-1.4653E-188
24.234,-0.177941771,-1.2455E-188
24.2345,-0.177941771,-1.0586E-188
24.235,-0.177941771,-8.9985E-189
24.2355,-0.177941771,-7.6487E-189
24.236,-0.177941771,-6.5014E-189
24.2365,-0.177941771,-5.5262E-189
24.237,-0.177941771,-4.6973E-189
24.2375,-0.177941771,-3.9927E-189
24.238,-0.177941771,-3.3938E-189
24.2385,-0.177941771,-2.8847E-189
24.239,-0.177941771,-2.452E-189
24.2395,-0.177941771,-2.0842E-189
24.24,-0.177941771,-1.7716E-189
24.2405,-0.177941771,-1.5058E-189
24.241,-0.177941771,-1.28E-189
24.2415,-0.177941771,-1.088E-189
24.242,-0.177941771,-9.2477E-190
24.2425,-0.177941771,-7.8606E-190
24.243,-0.177941771,-6.6815E-190
24.2435,-0.177941771,-5.6792E-190
24.244,-0.177941771,-4.8274E-190
24.2445,-0.177941771,-4.1033E-190
24.245,-0.177941771,-3.4878E-190
24.2455,-0.177941771,-2.9646E-190
24.246,-0.177941771,-2.5199E-190
24.2465,-0.177941771,-2.1419E-190
24.247,-0.177941771,-1.8206E-190
24.2475,-0.177941771,-1.5475E-190
24.248,-0.177941771,-1.3154E-190
24.2485,-0.177941771,-1.1181E-190
24.249,-0.177941771,-9.5038E-191
24.2495,-0.177941771,-8.0783E-191
24.25,-0.177941771,-6.8665E-191
24.2505,-0.177941771,-5.8365E-191
24.251,-0.177941771,-4.9611E-191
24.2515,-0.177941771,-4.2169E-191
24.252,-0.177941771,-3.5844E-191
24.2525,-0.177941771,-3.0467E-191
24.253,-0.177941771,-2.5897E-191
24.2535,-0.177941771,-2.2012E-191
24.254,-0.177941771,-1.8711E-191
24.2545,-0.177941771,-1.5904E-191
24.255,-0.177941771,-1.3518E-191
24.2555,-0.177941771,-1.1491E-191
24.256,-0.177941771,-9.7671E-192
24.2565,-0.177941771,-8.302E-192
24.257,-0.177941771,-7.0567E-192
24.2575,-0.177941771,-5.9982E-192
24.258,-0.177941771,-5.0985E-192
24.2585,-0.177941771,-4.3337E-192
24.259,-0.177941771,-3.6836E-192
24.2595,-0.177941771,-3.1311E-192
24.26,-0.177941771,-2.6614E-192
24.2605,-0.177941771,-2.2622E-192
24.261,-0.177941771,-1.9229E-192
24.2615,-0.177941771,-1.6345E-192
24.262,-0.177941771,-1.3893E-192
24.2625,-0.177941771,-1.1809E-192
24.263,-0.177941771,-1.0038E-192
24.2635,-0.177941771,-8.5319E-193
24.264,-0.177941771,-7.2522E-193
24.2645,-0.177941771,-6.1643E-193
24.265,-0.177941771,-5.2397E-193
24.2655,-0.177941771,-4.4537E-193
24.266,-0.177941771,-3.7857E-193
24.2665,-0.177941771,-3.2178E-193
24.267,-0.177941771,-2.7351E-193
24.2675,-0.177941771,-2.3249E-193
24.268,-0.177941771,-1.9761E-193
24.2685,-0.177941771,-1.6797E-193
24.269,-0.177941771,-1.4278E-193
24.2695,-0.177941771,-1.2136E-193
24.27,-0.177941771,-1.0316E-193
24.2705,-0.177941771,-8.7682E-194
24.271,-0.177941771,-7.453E-194
24.2715,-0.177941771,-6.3351E-194
24.272,-0.177941771,-5.3848E-194
24.2725,-0.177941771,-4.5771E-194
24.273,-0.177941771,-3.8905E-194
24.2735,-0.177941771,-3.3069E-194
24.274,-0.177941771,-2.8109E-194
24.2745,-0.177941771,-2.3893E-194
24.275,-0.177941771,-2.0309E-194
24.2755,-0.177941771,-1.7262E-194
24.276,-0.177941771,-1.4673E-194
24.2765,-0.177941771,-1.2472E-194
24.277,-0.177941771,-1.0601E-194
24.2775,-0.177941771,-9.0111E-195
24.278,-0.177941771,-7.6594E-195
24.2785,-0.177941771,-6.5105E-195
24.279,-0.177941771,-5.5339E-195
24.2795,-0.177941771,-4.7039E-195
24.28,-0.177941771,-3.9983E-195
24.2805,-0.177941771,-3.3985E-195
24.281,-0.177941771,-2.8888E-195
24.2815,-0.177941771,-2.4554E-195
24.282,-0.177941771,-2.0871E-195
24.2825,-0.177941771,-1.7741E-195
24.283,-0.177941771,-1.5079E-195
24.2835,-0.177941771,-1.2818E-195
24.284,-0.177941771,-1.0895E-195
24.2845,-0.177941771,-9.2607E-196
24.285,-0.177941771,-7.8716E-196
24.2855,-0.177941771,-6.6908E-196
24.286,-0.177941771,-5.6872E-196
24.2865,-0.177941771,-4.8341E-196
24.287,-0.177941771,-4.109E-196
24.2875,-0.177941771,-3.4927E-196
24.288,-0.177941771,-2.9688E-196
24.2885,-0.177941771,-2.5234E-196
24.289,-0.177941771,-2.1449E-196
24.2895,-0.177941771,-1.8232E-196
24.29,-0.177941771,-1.5497E-196
24.2905,-0.177941771,-1.3173E-196
24.291,-0.177941771,-1.1197E-196
24.2915,-0.177941771,-9.5172E-197
24.292,-0.177941771,-8.0896E-197
24.2925,-0.177941771,-6.8762E-197
24.293,-0.177941771,-5.8447E-197
24.2935,-0.177941771,-4.968E-197
24.294,-0.177941771,-4.2228E-197
24.2945,-0.177941771,-3.5894E-197
24.295,-0.177941771,-3.051E-197
24.2955,-0.177941771,-2.5933E-197
24.296,-0.177941771,-2.2043E-197
24.2965,-0.177941771,-1.8737E-197
24.297,-0.177941771,-1.5926E-197
24.2975,-0.177941771,-1.3537E-197
24.298,-0.177941771,-1.1507E-197
24.2985,-0.177941771,-9.7808E-198
24.299,-0.177941771,-8.3136E-198
24.2995,-0.177941771,-7.0666E-198
24.3,-0.177941771,-6.0066E-198
24.3005,-0.177941771,-5.1056E-198
24.301,-0.177941771,-4.3398E-198
24.3015,-0.177941771,-3.6888E-198
24.302,-0.177941771,-3.1355E-198
24.3025,-0.177941771,-2.6652E-198
24.303,-0.177941771,-2.2654E-198
24.3035,-0.177941771,-1.9256E-198
24.304,-0.177941771,-1.6367E-198
24.3045,-0.177941771,-1.3912E-198
24.305,-0.177941771,-1.1825E-198
24.3055,-0.177941771,-1.0052E-198
24.306,-0.177941771,-8.5439E-199
24.3065,-0.177941771,-7.2623E-199
24.307,-0.177941771,-6.173E-199
24.3075,-0.177941771,-5.247E-199
24.308,-0.177941771,-4.46E-199
24.3085,-0.177941771,-3.791E-199
24.309,-0.177941771,-3.2223E-199
24.3095,-0.177941771,-2.739E-199
24.31,-0.177941771,-2.3281E-199
24.3105,-0.177941771,-1.9789E-199
24.311,-0.177941771,-1.6821E-199
24.3115,-0.177941771,-1.4298E-199
24.312,-0.177941771,-1.2153E-199
24.3125,-0.177941771,-1.033E-199
24.313,-0.177941771,-8.7805E-200
24.3135,-0.177941771,-7.4635E-200
24.314,-0.177941771,-6.3439E-200
24.3145,-0.177941771,-5.3924E-200
24.315,-0.177941771,-4.5835E-200
24.3155,-0.177941771,-3.896E-200
24.316,-0.177941771,-3.3116E-200
24.3165,-0.177941771,-2.8148E-200
24.317,-0.177941771,-2.3926E-200
24.3175,-0.177941771,-2.0337E-200
24.318,-0.177941771,-1.7287E-200
24.3185,-0.177941771,-1.4694E-200
24.319,-0.177941771,-1.249E-200
24.3195,-0.177941771,-1.0616E-200
24.32,-0.177941771,-9.0237E-201
24.3205,-0.177941771,-7.6702E-201
24.321,-0.177941771,-6.5197E-201
24.3215,-0.177941771,-5.5417E-201
24.322,-0.177941771,-4.7104E-201
24.3225,-0.177941771,-4.0039E-201
24.323,-0.177941771,-3.4033E-201
24.3235,-0.177941771,-2.8928E-201
24.324,-0.177941771,-2.4589E-201
24.3245,-0.177941771,-2.0901E-201
24.325,-0.177941771,-1.7765E-201
24.3255,-0.177941771,-1.5101E-201
24.326,-0.177941771,-1.2836E-201
24.3265,-0.177941771,-1.091E-201
24.327,-0.177941771,-9.2737E-202
24.3275,-0.177941771,-7.8826E-202
24.328,-0.177941771,-6.7002E-202
24.3285,-0.177941771,-5.6952E-202
24.329,-0.177941771,-4.8409E-202
24.3295,-0.177941771,-4.1148E-202
24.33,-0.177941771,-3.4976E-202
24.3305,-0.177941771,-2.9729E-202
24.331,-0.177941771,-2.527E-202
24.3315,-0.177941771,-2.1479E-202
24.332,-0.177941771,-1.8257E-202
24.3325,-0.177941771,-1.5519E-202
24.333,-0.177941771,-1.3191E-202
24.3335,-0.177941771,-1.1212E-202
24.334,-0.177941771,-9.5305E-203
24.3345,-0.177941771,-8.1009E-203
24.335,-0.177941771,-6.8858E-203
24.3355,-0.177941771,-5.8529E-203
24.336,-0.177941771,-4.975E-203
24.3365,-0.177941771,-4.2287E-203
24.337,-0.177941771,-3.5944E-203
24.3375,-0.177941771,-3.0553E-203
24.338,-0.177941771,-2.597E-203
24.3385,-0.177941771,-2.2074E-203
24.339,-0.177941771,-1.8763E-203
24.3395,-0.177941771,-1.5949E-203
24.34,-0.177941771,-1.3556E-203
24.3405,-0.177941771,-1.1523E-203
24.341,-0.177941771,-9.7945E-204
24.3415,-0.177941771,-8.3253E-204
24.342,-0.177941771,-7.0765E-204
24.3425,-0.177941771,-6.015E-204
24.343,-0.177941771,-5.1128E-204
24.3435,-0.177941771,-4.3459E-204
24.344,-0.177941771,-3.694E-204
24.3445,-0.177941771,-3.1399E-204
24.345,-0.177941771,-2.6689E-204
24.3455,-0.177941771,-2.2686E-204
24.346,-0.177941771,-1.9283E-204
24.3465,-0.177941771,-1.639E-204
24.347,-0.177941771,-1.3932E-204
24.3475,-0.177941771,-1.1842E-204
24.348,-0.177941771,-1.0066E-204
24.3485,-0.177941771,-8.5559E-205
24.349,-0.177941771,-7.2725E-205
24.3495,-0.177941771,-6.1816E-205
24.35,-0.177941771,-5.2544E-205
24.3505,-0.177941771,-4.4662E-205
24.351,-0.177941771,-3.7963E-205
24.3515,-0.177941771,-3.2269E-205
24.352,-0.177941771,-2.7428E-205
24.3525,-0.177941771,-2.3314E-205
24.353,-0.177941771,-1.9817E-205
24.3535,-0.177941771,-1.6844E-205
24.354,-0.177941771,-1.4318E-205
24.3545,-0.177941771,-1.217E-205
24.355,-0.177941771,-1.0345E-205
24.3555,-0.177941771,-8.7929E-206
24.356,-0.177941771,-7.4739E-206
24.3565,-0.177941771,-6.3528E-206
24.357,-0.177941771,-5.3999E-206
24.3575,-0.177941771,-4.5899E-206
24.358,-0.177941771,-3.9014E-206
24.3585,-0.177941771,-3.3162E-206
24.359,-0.177941771,-2.8188E-206
24.3595,-0.177941771,-2.396E-206
24.36,-0.177941771,-2.0366E-206
24.3605,-0.177941771,-1.7311E-206
24.361,-0.177941771,-1.4714E-206
24.3615,-0.177941771,-1.2507E-206
24.362,-0.177941771,-1.0631E-206
24.3625,-0.177941771,-9.0364E-207
24.363,-0.177941771,-7.6809E-207
24.3635,-0.177941771,-6.5288E-207
24.364,-0.177941771,-5.5495E-207
24.3645,-0.177941771,-4.7171E-207
24.365,-0.177941771,-4.0095E-207
24.3655,-0.177941771,-3.4081E-207
24.366,-0.177941771,-2.8969E-207
24.3665,-0.177941771,-2.4623E-207
24.367,-0.177941771,-2.093E-207
24.3675,-0.177941771,-1.779E-207
24.368,-0.177941771,-1.5122E-207
24.3685,-0.177941771,-1.2854E-207
24.369,-0.177941771,-1.0925E-207
24.3695,-0.177941771,-9.2867E-208
24.37,-0.177941771,-7.8937E-208
24.3705,-0.177941771,-6.7096E-208
24.371,-0.177941771,-5.7032E-208
24.3715,-0.177941771,-4.8477E-208
24.372,-0.177941771,-4.1205E-208
24.3725,-0.177941771,-3.5025E-208
24.373,-0.177941771,-2.9771E-208
24.3735,-0.177941771,-2.5305E-208
24.374,-0.177941771,-2.151E-208
24.3745,-0.177941771,-1.8283E-208
24.375,-0.177941771,-1.5541E-208
24.3755,-0.177941771,-1.321E-208
24.376,-0.177941771,-1.1228E-208
24.3765,-0.177941771,-9.5439E-209
24.377,-0.177941771,-8.1123E-209
24.3775,-0.177941771,-6.8955E-209
24.378,-0.177941771,-5.8611E-209
24.3785,-0.177941771,-4.982E-209
24.379,-0.177941771,-4.2347E-209
24.3795,-0.177941771,-3.5995E-209
24.38,-0.177941771,-3.0596E-209
24.3805,-0.177941771,-2.6006E-209
24.381,-0.177941771,-2.2105E-209
24.3815,-0.177941771,-1.8789E-209
24.382,-0.177941771,-1.5971E-209
24.3825,-0.177941771,-1.3575E-209
24.383,-0.177941771,-1.1539E-209
24.3835,-0.177941771,-9.8082E-210
24.384,-0.177941771,-8.337E-210
24.3845,-0.177941771,-7.0864E-210
24.385,-0.177941771,-6.0235E-210
24.3855,-0.177941771,-5.12E-210
24.386,-0.177941771,-4.352E-210
24.3865,-0.177941771,-3.6992E-210
24.387,-0.177941771,-3.1443E-210
24.3875,-0.177941771,-2.6726E-210
24.388,-0.177941771,-2.2717E-210
24.3885,-0.177941771,-1.931E-210
24.389,-0.177941771,-1.6413E-210
24.3895,-0.177941771,-1.3951E-210
24.39,-0.177941771,-1.1859E-210
24.3905,-0.177941771,-1.008E-210
24.391,-0.177941771,-8.5679E-211
24.3915,-0.177941771,-7.2827E-211
24.392,-0.177941771,-6.1903E-211
24.3925,-0.177941771,-5.2618E-211
24.393,-0.177941771,-4.4725E-211
24.3935,-0.177941771,-3.8016E-211
24.394,-0.177941771,-3.2314E-211
24.3945,-0.177941771,-2.7467E-211
24.395,-0.177941771,-2.3347E-211
24.3955,-0.177941771,-1.9845E-211
24.396,-0.177941771,-1.6868E-211
24.3965,-0.177941771,-1.4338E-211
24.397,-0.177941771,-1.2187E-211
24.3975,-0.177941771,-1.0359E-211
24.398,-0.177941771,-8.8052E-212
24.3985,-0.177941771,-7.4844E-212
24.399,-0.177941771,-6.3618E-212
24.3995,-0.177941771,-5.4075E-212
24.4,-0.177941771,-4.5964E-212
24.4005,-0.177941771,-3.9069E-212
24.401,-0.177941771,-3.3209E-212
24.4015,-0.177941771,-2.8227E-212
24.402,-0.177941771,-2.3993E-212
24.4025,-0.177941771,-2.0394E-212
24.403,-0.177941771,-1.7335E-212
24.4035,-0.177941771,-1.4735E-212
24.404,-0.177941771,-1.2525E-212
24.4045,-0.177941771,-1.0646E-212
24.405,-0.177941771,-9.0491E-213
24.4055,-0.177941771,-7.6917E-213
24.406,-0.177941771,-6.538E-213
24.4065,-0.177941771,-5.5573E-213
24.407,-0.177941771,-4.7237E-213
24.4075,-0.177941771,-4.0151E-213
24.408,-0.177941771,-3.4129E-213
24.4085,-0.177941771,-2.9009E-213
24.409,-0.177941771,-2.4658E-213
24.4095,-0.177941771,-2.0959E-213
24.41,-0.177941771,-1.7815E-213
24.4105,-0.177941771,-1.5143E-213
24.411,-0.177941771,-1.2872E-213
24.4115,-0.177941771,-1.0941E-213
24.412,-0.177941771,-9.2997E-214
24.4125,-0.177941771,-7.9047E-214
24.413,-0.177941771,-6.719E-214
24.4135,-0.177941771,-5.7112E-214
24.414,-0.177941771,-4.8545E-214
24.4145,-0.177941771,-4.1263E-214
24.415,-0.177941771,-3.5074E-214
24.4155,-0.177941771,-2.9813E-214
24.416,-0.177941771,-2.5341E-214
24.4165,-0.177941771,-2.154E-214
24.417,-0.177941771,-1.8309E-214
24.4175,-0.177941771,-1.5562E-214
24.418,-0.177941771,-1.3228E-214
24.4185,-0.177941771,-1.1244E-214
24.419,-0.177941771,-9.5573E-215
24.4195,-0.177941771,-8.1237E-215
24.42,-0.177941771,-6.9051E-215
24.4205,-0.177941771,-5.8694E-215
24.421,-0.177941771,-4.989E-215
24.4215,-0.177941771,-4.2406E-215
24.422,-0.177941771,-3.6045E-215
24.4225,-0.177941771,-3.0638E-215
24.423,-0.177941771,-2.6043E-215
24.4235,-0.177941771,-2.2136E-215
24.424,-0.177941771,-1.8816E-215
24.4245,-0.177941771,-1.5993E-215
24.425,-0.177941771,-1.3594E-215
24.4255,-0.177941771,-1.1555E-215
24.426,-0.177941771,-9.822E-216
24.4265,-0.177941771,-8.3487E-216
24.427,-0.177941771,-7.0964E-216
24.4275,-0.177941771,-6.0319E-216
24.428,-0.177941771,-5.1271E-216
24.4285,-0.177941771,-4.3581E-216
24.429,-0.177941771,-3.7044E-216
24.4295,-0.177941771,-3.1487E-216
24.43,-0.177941771,-2.6764E-216
24.4305,-0.177941771,-2.2749E-216
24.431,-0.177941771,-1.9337E-216
24.4315,-0.177941771,-1.6436E-216
24.432,-0.177941771,-1.3971E-216
24.4325,-0.177941771,-1.1875E-216
24.433,-0.177941771,-1.0094E-216
24.4335,-0.177941771,-8.5799E-217
24.434,-0.177941771,-7.2929E-217
24.4345,-0.177941771,-6.199E-217
24.435,-0.177941771,-5.2691E-217
24.4355,-0.177941771,-4.4788E-217
24.436,-0.177941771,-3.807E-217
24.4365,-0.177941771,-3.2359E-217
24.437,-0.177941771,-2.7505E-217
24.4375,-0.177941771,-2.3379E-217
24.438,-0.177941771,-1.9873E-217
24.4385,-0.177941771,-1.6892E-217
24.439,-0.177941771,-1.4358E-217
24.4395,-0.177941771,-1.2204E-217
24.44,-0.177941771,-1.0374E-217
24.4405,-0.177941771,-8.8175E-218
24.441,-0.177941771,-7.4949E-218
24.4415,-0.177941771,-6.3707E-218
24.442,-0.177941771,-5.4151E-218
24.4425,-0.177941771,-4.6028E-218
24.443,-0.177941771,-3.9124E-218
24.4435,-0.177941771,-3.3255E-218
24.444,-0.177941771,-2.8267E-218
24.4445,-0.177941771,-2.4027E-218
24.445,-0.177941771,-2.0423E-218
24.4455,-0.177941771,-1.7359E-218
24.446,-0.177941771,-1.4756E-218
24.4465,-0.177941771,-1.2542E-218
24.447,-0.177941771,-1.0661E-218
24.4475,-0.177941771,-9.0618E-219
24.448,-0.177941771,-7.7025E-219
24.4485,-0.177941771,-6.5471E-219
24.449,-0.177941771,-5.5651E-219
24.4495,-0.177941771,-4.7303E-219
24.45,-0.177941771,-4.0208E-219
24.4505,-0.177941771,-3.4176E-219
24.451,-0.177941771,-2.905E-219
24.4515,-0.177941771,-2.4692E-219
24.452,-0.177941771,-2.0989E-219
24.4525,-0.177941771,-1.784E-219
24.453,-0.177941771,-1.5164E-219
24.4535,-0.177941771,-1.289E-219
24.454,-0.177941771,-1.0956E-219
24.4545,-0.177941771,-9.3127E-220
24.455,-0.177941771,-7.9158E-220
24.4555,-0.177941771,-6.7285E-220
24.456,-0.177941771,-5.7192E-220
24.4565,-0.177941771,-4.8613E-220
24.457,-0.177941771,-4.1321E-220
24.4575,-0.177941771,-3.5123E-220
24.458,-0.177941771,-2.9855E-220
24.4585,-0.177941771,-2.5376E-220
24.459,-0.177941771,-2.157E-220
24.4595,-0.177941771,-1.8334E-220
24.46,-0.177941771,-1.5584E-220
24.4605,-0.177941771,-1.3247E-220
24.461,-0.177941771,-1.126E-220
24.4615,-0.177941771,-9.5707E-221
24.462,-0.177941771,-8.1351E-221
24.4625,-0.177941771,-6.9148E-221
24.463,-0.177941771,-5.8776E-221
24.4635,-0.177941771,-4.996E-221
24.464,-0.177941771,-4.2466E-221
24.4645,-0.177941771,-3.6096E-221
24.465,-0.177941771,-3.0681E-221
24.4655,-0.177941771,-2.6079E-221
24.466,-0.177941771,-2.2167E-221
24.4665,-0.177941771,-1.8842E-221
24.467,-0.177941771,-1.6016E-221
24.4675,-0.177941771,-1.3613E-221
24.468,-0.177941771,-1.1571E-221
24.4685,-0.177941771,-9.8357E-222
24.469,-0.177941771,-8.3604E-222
24.4695,-0.177941771,-7.1063E-222
24.47,-0.177941771,-6.0404E-222
24.4705,-0.177941771,-5.1343E-222
24.471,-0.177941771,-4.3642E-222
24.4715,-0.177941771,-3.7095E-222
24.472,-0.177941771,-3.1531E-222
24.4725,-0.177941771,-2.6801E-222
24.473,-0.177941771,-2.2781E-222
24.4735,-0.177941771,-1.9364E-222
24.474,-0.177941771,-1.6459E-222
24.4745,-0.177941771,-1.3991E-222
24.475,-0.177941771,-1.1892E-222
24.4755,-0.177941771,-1.0108E-222
24.476,-0.177941771,-8.5919E-223
24.4765,-0.177941771,-7.3032E-223
24.477,-0.177941771,-6.2077E-223
24.4775,-0.177941771,-5.2765E-223
24.478,-0.177941771,-4.485E-223
24.4785,-0.177941771,-3.8123E-223
24.479,-0.177941771,-3.2404E-223
24.4795,-0.177941771,-2.7544E-223
24.48,-0.177941771,-2.3412E-223
24.4805,-0.177941771,-1.99E-223
24.481,-0.177941771,-1.6915E-223
24.4815,-0.177941771,-1.4378E-223
24.482,-0.177941771,-1.2221E-223
24.4825,-0.177941771,-1.0388E-223
24.483,-0.177941771,-8.8299E-224
24.4835,-0.177941771,-7.5054E-224
24.484,-0.177941771,-6.3796E-224
24.4845,-0.177941771,-5.4227E-224
24.485,-0.177941771,-4.6093E-224
24.4855,-0.177941771,-3.9179E-224
24.486,-0.177941771,-3.3302E-224
24.4865,-0.177941771,-2.8307E-224
24.487,-0.177941771,-2.4061E-224
24.4875,-0.177941771,-2.0452E-224
24.488,-0.177941771,-1.7384E-224
24.4885,-0.177941771,-1.4776E-224
24.489,-0.177941771,-1.256E-224
24.4895,-0.177941771,-1.0676E-224
24.49,-0.177941771,-9.0745E-225
24.4905,-0.177941771,-7.7133E-225
24.491,-0.177941771,-6.5563E-225
24.4915,-0.177941771,-5.5729E-225
24.492,-0.177941771,-4.7369E-225
24.4925,-0.177941771,-4.0264E-225
24.493,-0.177941771,-3.4224E-225
24.4935,-0.177941771,-2.9091E-225
24.494,-0.177941771,-2.4727E-225
24.4945,-0.177941771,-2.1018E-225
24.495,-0.177941771,-1.7865E-225
24.4955,-0.177941771,-1.5186E-225
24.496,-0.177941771,-1.2908E-225
24.4965,-0.177941771,-1.0972E-225
24.497,-0.177941771,-9.3258E-226
24.4975,-0.177941771,-7.9269E-226
24.498,-0.177941771,-6.7379E-226
24.4985,-0.177941771,-5.7272E-226
24.499,-0.177941771,-4.8681E-226
24.4995,-0.177941771,-4.1379E-226
24.5,-0.177941771,-3.5172E-226
24.5005,-0.177941771,-2.9896E-226
24.501,-0.177941771,-2.5412E-226
24.5015,-0.177941771,-2.16E-226
24.502,-0.177941771,-1.836E-226
24.5025,-0.177941771,-1.5606E-226
24.503,-0.177941771,-1.3265E-226
24.5035,-0.177941771,-1.1275E-226
24.504,-0.177941771,-9.5841E-227
24.5045,-0.177941771,-8.1465E-227
24.505,-0.177941771,-6.9245E-227
24.5055,-0.177941771,-5.8858E-227
24.506,-0.177941771,-5.003E-227
24.5065,-0.177941771,-4.2525E-227
24.507,-0.177941771,-3.6146E-227
24.5075,-0.177941771,-3.0724E-227
24.508,-0.177941771,-2.6116E-227
24.5085,-0.177941771,-2.2198E-227
24.509,-0.177941771,-1.8869E-227
24.5095,-0.177941771,-1.6038E-227
24.51,-0.177941771,-1.3633E-227
24.5105,-0.177941771,-1.1588E-227
24.511,-0.177941771,-9.8495E-228
24.5115,-0.177941771,-8.3721E-228
24.512,-0.177941771,-7.1163E-228
24.5125,-0.177941771,-6.0489E-228
24.513,-0.177941771,-5.1415E-228
24.5135,-0.177941771,-4.3703E-228
24.514,-0.177941771,-3.7148E-228
24.5145,-0.177941771,-3.1575E-228
24.515,-0.177941771,-2.6839E-228
24.5155,-0.177941771,-2.2813E-228
24.516,-0.177941771,-1.9391E-228
24.5165,-0.177941771,-1.6483E-228
24.517,-0.177941771,-1.401E-228
24.5175,-0.177941771,-1.1909E-228
24.518,-0.177941771,-1.0122E-228
24.5185,-0.177941771,-8.604E-229
24.519,-0.177941771,-7.3134E-229
24.5195,-0.177941771,-6.2164E-229
24.52,-0.177941771,-5.2839E-229
24.5205,-0.177941771,-4.4913E-229
24.521,-0.177941771,-3.8176E-229
24.5215,-0.177941771,-3.245E-229
24.522,-0.177941771,-2.7582E-229
24.5225,-0.177941771,-2.3445E-229
24.523,-0.177941771,-1.9928E-229
24.5235,-0.177941771,-1.6939E-229
24.524,-0.177941771,-1.4398E-229
24.5245,-0.177941771,-1.2238E-229
24.525,-0.177941771,-1.0403E-229
24.5255,-0.177941771,-8.8423E-230
24.526,-0.177941771,-7.5159E-230
24.5265,-0.177941771,-6.3886E-230
24.527,-0.177941771,-5.4303E-230
24.5275,-0.177941771,-4.6157E-230
24.528,-0.177941771,-3.9234E-230
24.5285,-0.177941771,-3.3349E-230
24.529,-0.177941771,-2.8346E-230
24.5295,-0.177941771,-2.4094E-230
24.53,-0.177941771,-2.048E-230
24.5305,-0.177941771,-1.7408E-230
24.531,-0.177941771,-1.4797E-230
24.5315,-0.177941771,-1.2577E-230
24.532,-0.177941771,-1.0691E-230
24.5325,-0.177941771,-9.0872E-231
24.533,-0.177941771,-7.7241E-231
24.5335,-0.177941771,-6.5655E-231
24.534,-0.177941771,-5.5807E-231
24.5345,-0.177941771,-4.7436E-231
24.535,-0.177941771,-4.032E-231
24.5355,-0.177941771,-3.4272E-231
24.536,-0.177941771,-2.9131E-231
24.5365,-0.177941771,-2.4762E-231
24.537,-0.177941771,-2.1047E-231
24.5375,-0.177941771,-1.789E-231
24.538,-0.177941771,-1.5207E-231
24.5385,-0.177941771,-1.2926E-231
24.539,-0.177941771,-1.0987E-231
24.5395,-0.177941771,-9.3389E-232
24.54,-0.177941771,-7.938E-232
24.5405,-0.177941771,-6.7473E-232
24.541,-0.177941771,-5.7352E-232
24.5415,-0.177941771,-4.875E-232
24.542,-0.177941771,-4.1437E-232
24.5425,-0.177941771,-3.5222E-232
24.543,-0.177941771,-2.9938E-232
24.5435,-0.177941771,-2.5448E-232
24.544,-0.177941771,-2.163E-232
24.5445,-0.177941771,-1.8386E-232
24.545,-0.177941771,-1.5628E-232
24.5455,-0.177941771,-1.3284E-232
24.546,-0.177941771,-1.1291E-232
24.5465,-0.177941771,-9.5975E-233
24.547,-0.177941771,-8.1579E-233
24.5475,-0.177941771,-6.9342E-233
24.548,-0.177941771,-5.8941E-233
24.5485,-0.177941771,-5.01E-233
24.549,-0.177941771,-4.2585E-233
24.5495,-0.177941771,-3.6197E-233
24.55,-0.177941771,-3.0768E-233
24.5505,-0.177941771,-2.6152E-233
24.551,-0.177941771,-2.223E-233
24.5515,-0.177941771,-1.8895E-233
24.552,-0.177941771,-1.6061E-233
24.5525,-0.177941771,-1.3652E-233
24.553,-0.177941771,-1.1604E-233
24.5535,-0.177941771,-9.8634E-234
24.554,-0.177941771,-8.3839E-234
24.5545,-0.177941771,-7.1263E-234
24.555,-0.177941771,-6.0573E-234
24.5555,-0.177941771,-5.1487E-234
24.556,-0.177941771,-4.3764E-234
24.5565,-0.177941771,-3.72E-234
24.557,-0.177941771,-3.162E-234
24.5575,-0.177941771,-2.6877E-234
24.558,-0.177941771,-2.2845E-234
24.5585,-0.177941771,-1.9418E-234
24.559,-0.177941771,-1.6506E-234
24.5595,-0.177941771,-1.403E-234
24.56,-0.177941771,-1.1925E-234
24.5605,-0.177941771,-1.0137E-234
24.561,-0.177941771,-8.6161E-235
24.5615,-0.177941771,-7.3237E-235
24.562,-0.177941771,-6.2251E-235
24.5625,-0.177941771,-5.2913E-235
24.563,-0.177941771,-4.4976E-235
24.5635,-0.177941771,-3.823E-235
24.564,-0.177941771,-3.2495E-235
24.5645,-0.177941771,-2.7621E-235
24.565,-0.177941771,-2.3478E-235
24.5655,-0.177941771,-1.9956E-235
24.566,-0.177941771,-1.6963E-235
24.5665,-0.177941771,-1.4418E-235
24.567,-0.177941771,-1.2256E-235
24.5675,-0.177941771,-1.0417E-235
24.568,-0.177941771,-8.8547E-236
24.5685,-0.177941771,-7.5265E-236
24.569,-0.177941771,-6.3975E-236
24.5695,-0.177941771,-5.4379E-236
24.57,-0.177941771,-4.6222E-236
24.5705,-0.177941771,-3.9289E-236
24.571,-0.177941771,-3.3395E-236
24.5715,-0.177941771,-2.8386E-236
24.572,-0.177941771,-2.4128E-236
24.5725,-0.177941771,-2.0509E-236
24.573,-0.177941771,-1.7433E-236
24.5735,-0.177941771,-1.4818E-236
24.574,-0.177941771,-1.2595E-236
24.5745,-0.177941771,-1.0706E-236
24.575,-0.177941771,-9.0999E-237
24.5755,-0.177941771,-7.735E-237
24.576,-0.177941771,-6.5747E-237
24.5765,-0.177941771,-5.5885E-237
24.577,-0.177941771,-4.7502E-237
24.5775,-0.177941771,-4.0377E-237
24.578,-0.177941771,-3.432E-237
24.5785,-0.177941771,-2.9172E-237
24.579,-0.177941771,-2.4796E-237
24.5795,-0.177941771,-2.1077E-237
24.58,-0.177941771,-1.7915E-237
24.5805,-0.177941771,-1.5228E-237
24.581,-0.177941771,-1.2944E-237
24.5815,-0.177941771,-1.1002E-237
24.582,-0.177941771,-9.352E-238
24.5825,-0.177941771,-7.9492E-238
24.583,-0.177941771,-6.7568E-238
24.5835,-0.177941771,-5.7433E-238
24.584,-0.177941771,-4.8818E-238
24.5845,-0.177941771,-4.1495E-238
24.585,-0.177941771,-3.5271E-238
24.5855,-0.177941771,-2.998E-238
24.586,-0.177941771,-2.5483E-238
24.5865,-0.177941771,-2.1661E-238
24.587,-0.177941771,-1.8412E-238
24.5875,-0.177941771,-1.565E-238
24.588,-0.177941771,-1.3302E-238
24.5885,-0.177941771,-1.1307E-238
24.589,-0.177941771,-9.611E-239
24.5895,-0.177941771,-8.1693E-239
24.59,-0.177941771,-6.9439E-239
24.5905,-0.177941771,-5.9024E-239
24.591,-0.177941771,-5.017E-239
24.5915,-0.177941771,-4.2645E-239
24.592,-0.177941771,-3.6248E-239
24.5925,-0.177941771,-3.0811E-239
24.593,-0.177941771,-2.6189E-239
24.5935,-0.177941771,-2.2261E-239
24.594,-0.177941771,-1.8922E-239
24.5945,-0.177941771,-1.6083E-239
24.595,-0.177941771,-1.3671E-239
24.5955,-0.177941771,-1.162E-239
24.596,-0.177941771,-9.8772E-240
24.5965,-0.177941771,-8.3956E-240
24.597,-0.177941771,-7.1363E-240
24.5975,-0.177941771,-6.0658E-240
24.598,-0.177941771,-5.156E-240
24.5985,-0.177941771,-4.3826E-240
24.599,-0.177941771,-3.7252E-240
24.5995,-0.177941771,-3.1664E-240
24.6,-0.177941771,-2.6914E-240
24.6005,-0.177941771,-2.2877E-240
24.601,-0.177941771,-1.9446E-240
24.6015,-0.177941771,-1.6529E-240
24.602,-0.177941771,-1.4049E-240
24.6025,-0.177941771,-1.1942E-240
24.603,-0.177941771,-1.0151E-240
24.6035,-0.177941771,-8.6281E-241
24.604,-0.177941771,-7.3339E-241
24.6045,-0.177941771,-6.2338E-241
24.605,-0.177941771,-5.2988E-241
24.6055,-0.177941771,-4.5039E-241
24.606,-0.177941771,-3.8284E-241
24.6065,-0.177941771,-3.2541E-241
24.607,-0.177941771,-2.766E-241
24.6075,-0.177941771,-2.3511E-241
24.608,-0.177941771,-1.9984E-241
24.6085,-0.177941771,-1.6987E-241
24.609,-0.177941771,-1.4439E-241
24.6095,-0.177941771,-1.2273E-241
24.61,-0.177941771,-1.0432E-241
24.6105,-0.177941771,-8.8671E-242
24.611,-0.177941771,-7.537E-242
24.6115,-0.177941771,-6.4065E-242
24.612,-0.177941771,-5.4455E-242
24.6125,-0.177941771,-4.6287E-242
24.613,-0.177941771,-3.9344E-242
24.6135,-0.177941771,-3.3442E-242
24.614,-0.177941771,-2.8426E-242
24.6145,-0.177941771,-2.4162E-242
24.615,-0.177941771,-2.0538E-242
24.6155,-0.177941771,-1.7457E-242
24.616,-0.177941771,-1.4839E-242
24.6165,-0.177941771,-1.2613E-242
24.617,-0.177941771,-1.0721E-242
24.6175,-0.177941771,-9.1127E-243
24.618,-0.177941771,-7.7458E-243
24.6185,-0.177941771,-6.5839E-243
24.619,-0.177941771,-5.5963E-243
24.6195,-0.177941771,-4.7569E-243
24.62,-0.177941771,-4.0434E-243
24.6205,-0.177941771,-3.4369E-243
24.621,-0.177941771,-2.9213E-243
24.6215,-0.177941771,-2.4831E-243
24.622,-0.177941771,-2.1107E-243
24.6225,-0.177941771,-1.7941E-243
24.623,-0.177941771,-1.5249E-243
24.6235,-0.177941771,-1.2962E-243
24.624,-0.177941771,-1.1018E-243
24.6245,-0.177941771,-9.3651E-244
24.625,-0.177941771,-7.9603E-244
24.6255,-0.177941771,-6.7663E-244
24.626,-0.177941771,-5.7513E-244
24.6265,-0.177941771,-4.8886E-244
24.627,-0.177941771,-4.1553E-244
24.6275,-0.177941771,-3.532E-244
24.628,-0.177941771,-3.0022E-244
24.6285,-0.177941771,-2.5519E-244
24.629,-0.177941771,-2.1691E-244
24.6295,-0.177941771,-1.8437E-244
24.63,-0.177941771,-1.5672E-244
24.6305,-0.177941771,-1.3321E-244
24.631,-0.177941771,-1.1323E-244
24.6315,-0.177941771,-9.6245E-245
24.632,-0.177941771,-8.1808E-245
24.6325,-0.177941771,-6.9537E-245
24.633,-0.177941771,-5.9106E-245
24.6335,-0.177941771,-5.024E-245
24.634,-0.177941771,-4.2704E-245
24.6345,-0.177941771,-3.6299E-245
24.635,-0.177941771,-3.0854E-245
24.6355,-0.177941771,-2.6226E-245
24.636,-0.177941771,-2.2292E-245
24.6365,-0.177941771,-1.8948E-245
24.637,-0.177941771,-1.6106E-245
24.6375,-0.177941771,-1.369E-245
24.638,-0.177941771,-1.1637E-245
24.6385,-0.177941771,-9.891E-246
24.639,-0.177941771,-8.4074E-246
24.6395,-0.177941771,-7.1463E-246
24.64,-0.177941771,-6.0743E-246
24.6405,-0.177941771,-5.1632E-246
24.641,-0.177941771,-4.3887E-246
24.6415,-0.177941771,-3.7304E-246
24.642,-0.177941771,-3.1708E-246
24.6425,-0.177941771,-2.6952E-246
24.643,-0.177941771,-2.2909E-246
24.6435,-0.177941771,-1.9473E-246
24.644,-0.177941771,-1.6552E-246
24.6445,-0.177941771,-1.4069E-246
24.645,-0.177941771,-1.1959E-246
24.6455,-0.177941771,-1.0165E-246
24.646,-0.177941771,-8.6402E-247
24.6465,-0.177941771,-7.3442E-247
24.647,-0.177941771,-6.2426E-247
24.6475,-0.177941771,-5.3062E-247
24.648,-0.177941771,-4.5103E-247
24.6485,-0.177941771,-3.8337E-247
24.649,-0.177941771,-3.2587E-247
24.6495,-0.177941771,-2.7699E-247
24.65,-0.177941771,-2.3544E-247
24.6505,-0.177941771,-2.0012E-247
24.651,-0.177941771,-1.701E-247
24.6515,-0.177941771,-1.4459E-247
24.652,-0.177941771,-1.229E-247
24.6525,-0.177941771,-1.0447E-247
24.653,-0.177941771,-8.8796E-248
24.6535,-0.177941771,-7.5476E-248
24.654,-0.177941771,-6.4155E-248
24.6545,-0.177941771,-5.4532E-248
24.655,-0.177941771,-4.6352E-248
24.6555,-0.177941771,-3.9399E-248
24.656,-0.177941771,-3.3489E-248
24.6565,-0.177941771,-2.8466E-248
24.657,-0.177941771,-2.4196E-248
24.6575,-0.177941771,-2.0567E-248
24.658,-0.177941771,-1.7482E-248
24.6585,-0.177941771,-1.4859E-248
24.659,-0.177941771,-1.263E-248
24.6595,-0.177941771,-1.0736E-248
24.66,-0.177941771,-9.1255E-249
24.6605,-0.177941771,-7.7567E-249
24.661,-0.177941771,-6.5932E-249
24.6615,-0.177941771,-5.6042E-249
24.662,-0.177941771,-4.7636E-249
24.6625,-0.177941771,-4.049E-249
24.663,-0.177941771,-3.4417E-249
24.6635,-0.177941771,-2.9254E-249
24.664,-0.177941771,-2.4866E-249
24.6645,-0.177941771,-2.1136E-249
24.665,-0.177941771,-1.7966E-249
24.6655,-0.177941771,-1.5271E-249
24.666,-0.177941771,-1.298E-249
24.6665,-0.177941771,-1.1033E-249
24.667,-0.177941771,-9.3782E-250
24.6675,-0.177941771,-7.9715E-250
24.668,-0.177941771,-6.7758E-250
24.6685,-0.177941771,-5.7594E-250
24.669,-0.177941771,-4.8955E-250
24.6695,-0.177941771,-4.1612E-250
24.67,-0.177941771,-3.537E-250
24.6705,-0.177941771,-3.0064E-250
24.671,-0.177941771,-2.5555E-250
24.6715,-0.177941771,-2.1722E-250
24.672,-0.177941771,-1.8463E-250
24.6725,-0.177941771,-1.5694E-250
24.673,-0.177941771,-1.334E-250
24.6735,-0.177941771,-1.1339E-250
24.674,-0.177941771,-9.638E-251
24.6745,-0.177941771,-8.1923E-251
24.675,-0.177941771,-6.9634E-251
24.6755,-0.177941771,-5.9189E-251
24.676,-0.177941771,-5.0311E-251
24.6765,-0.177941771,-4.2764E-251
24.677,-0.177941771,-3.635E-251
24.6775,-0.177941771,-3.0897E-251
24.678,-0.177941771,-2.6263E-251
24.6785,-0.177941771,-2.2323E-251
24.679,-0.177941771,-1.8975E-251
24.6795,-0.177941771,-1.6129E-251
24.68,-0.177941771,-1.3709E-251
24.6805,-0.177941771,-1.1653E-251
24.681,-0.177941771,-9.9049E-252
24.6815,-0.177941771,-8.4192E-252
24.682,-0.177941771,-7.1563E-252
24.6825,-0.177941771,-6.0829E-252
24.683,-0.177941771,-5.1704E-252
24.6835,-0.177941771,-4.3949E-252
24.684,-0.177941771,-3.7356E-252
24.6845,-0.177941771,-3.1753E-252
24.685,-0.177941771,-2.699E-252
24.6855,-0.177941771,-2.2941E-252
24.686,-0.177941771,-1.95E-252
24.6865,-0.177941771,-1.6575E-252
24.687,-0.177941771,-1.4089E-252
24.6875,-0.177941771,-1.1976E-252
24.688,-0.177941771,-1.0179E-252
24.6885,-0.177941771,-8.6524E-253
24.689,-0.177941771,-7.3545E-253
24.6895,-0.177941771,-6.2513E-253
24.69,-0.177941771,-5.3136E-253
24.6905,-0.177941771,-4.5166E-253
24.691,-0.177941771,-3.8391E-253
24.6915,-0.177941771,-3.2632E-253
24.692,-0.177941771,-2.7737E-253
24.6925,-0.177941771,-2.3577E-253
24.693,-0.177941771,-2.004E-253
24.6935,-0.177941771,-1.7034E-253
24.694,-0.177941771,-1.4479E-253
24.6945,-0.177941771,-1.2307E-253
24.695,-0.177941771,-1.0461E-253
24.6955,-0.177941771,-8.892E-254
24.696,-0.177941771,-7.5582E-254
24.6965,-0.177941771,-6.4245E-254
24.697,-0.177941771,-5.4608E-254
24.6975,-0.177941771,-4.6417E-254
24.698,-0.177941771,-3.9454E-254
24.6985,-0.177941771,-3.3536E-254
24.699,-0.177941771,-2.8506E-254
24.6995,-0.177941771,-2.423E-254
24.7,-0.177941771,-2.0595E-254
24.7005,-0.177941771,-1.7506E-254
24.701,-0.177941771,-1.488E-254
24.7015,-0.177941771,-1.2648E-254
24.702,-0.177941771,-1.0751E-254
24.7025,-0.177941771,-9.1383E-255
24.703,-0.177941771,-7.7675E-255
24.7035,-0.177941771,-6.6024E-255
24.704,-0.177941771,-5.612E-255
24.7045,-0.177941771,-4.7702E-255
24.705,-0.177941771,-4.0547E-255
24.7055,-0.177941771,-3.4465E-255
24.706,-0.177941771,-2.9295E-255
24.7065,-0.177941771,-2.4901E-255
24.707,-0.177941771,-2.1166E-255
24.7075,-0.177941771,-1.7991E-255
24.708,-0.177941771,-1.5292E-255
24.7085,-0.177941771,-1.2998E-255
24.709,-0.177941771,-1.1049E-255
24.7095,-0.177941771,-9.3914E-256
24.71,-0.177941771,-7.9827E-256
24.7105,-0.177941771,-6.7853E-256
24.711,-0.177941771,-5.7675E-256
24.7115,-0.177941771,-4.9024E-256
24.712,-0.177941771,-4.167E-256
24.7125,-0.177941771,-3.542E-256
24.713,-0.177941771,-3.0107E-256
24.7135,-0.177941771,-2.5591E-256
24.714,-0.177941771,-2.1752E-256
24.7145,-0.177941771,-1.8489E-256
24.715,-0.177941771,-1.5716E-256
24.7155,-0.177941771,-1.3358E-256
24.716,-0.177941771,-1.1355E-256
24.7165,-0.177941771,-9.6515E-257
24.717,-0.177941771,-8.2038E-257
24.7175,-0.177941771,-6.9732E-257
24.718,-0.177941771,-5.9272E-257
24.7185,-0.177941771,-5.0381E-257
24.719,-0.177941771,-4.2824E-257
24.7195,-0.177941771,-3.6401E-257
24.72,-0.177941771,-3.094E-257
24.7205,-0.177941771,-2.6299E-257
24.721,-0.177941771,-2.2354E-257
24.7215,-0.177941771,-1.9001E-257
24.722,-0.177941771,-1.6151E-257
24.7225,-0.177941771,-1.3728E-257
24.723,-0.177941771,-1.1669E-257
24.7235,-0.177941771,-9.9188E-258
24.724,-0.177941771,-8.431E-258
24.7245,-0.177941771,-7.1663E-258
24.725,-0.177941771,-6.0914E-258
24.7255,-0.177941771,-5.1777E-258
24.726,-0.177941771,-4.401E-258
24.7265,-0.177941771,-3.7409E-258
24.727,-0.177941771,-3.1797E-258
24.7275,-0.177941771,-2.7028E-258
24.728,-0.177941771,-2.2974E-258
24.7285,-0.177941771,-1.9528E-258
24.729,-0.177941771,-1.6598E-258
24.7295,-0.177941771,-1.4109E-258
24.73,-0.177941771,-1.1992E-258
24.7305,-0.177941771,-1.0194E-258
24.731,-0.177941771,-8.6645E-259
24.7315,-0.177941771,-7.3648E-259
24.732,-0.177941771,-6.2601E-259
24.7325,-0.177941771,-5.3211E-259
24.733,-0.177941771,-4.5229E-259
24.7335,-0.177941771,-3.8445E-259
24.734,-0.177941771,-3.2678E-259
24.7345,-0.177941771,-2.7776E-259
24.735,-0.177941771,-2.361E-259
24.7355,-0.177941771,-2.0068E-259
24.736,-0.177941771,-1.7058E-259
24.7365,-0.177941771,-1.4499E-259
24.737,-0.177941771,-1.2325E-259
24.7375,-0.177941771,-1.0476E-259
24.738,-0.177941771,-8.9045E-260
24.7385,-0.177941771,-7.5688E-260
24.739,-0.177941771,-6.4335E-260
24.7395,-0.177941771,-5.4685E-260
24.74,-0.177941771,-4.6482E-260
24.7405,-0.177941771,-3.951E-260
24.741,-0.177941771,-3.3583E-260
24.7415,-0.177941771,-2.8546E-260
24.742,-0.177941771,-2.4264E-260
24.7425,-0.177941771,-2.0624E-260
24.743,-0.177941771,-1.7531E-260
24.7435,-0.177941771,-1.4901E-260
24.744,-0.177941771,-1.2666E-260
24.7445,-0.177941771,-1.0766E-260
24.745,-0.177941771,-9.1511E-261
24.7455,-0.177941771,-7.7784E-261
24.746,-0.177941771,-6.6117E-261
24.7465,-0.177941771,-5.6199E-261
24.747,-0.177941771,-4.7769E-261
24.7475,-0.177941771,-4.0604E-261
24.748,-0.177941771,-3.4513E-261
24.7485,-0.177941771,-2.9336E-261
24.749,-0.177941771,-2.4936E-261
24.7495,-0.177941771,-2.1195E-261
24.75,-0.177941771,-1.8016E-261
24.7505,-0.177941771,-1.5314E-261
24.751,-0.177941771,-1.3017E-261
24.7515,-0.177941771,-1.1064E-261
24.752,-0.177941771,-9.4046E-262
24.7525,-0.177941771,-7.9939E-262
24.753,-0.177941771,-6.7948E-262
24.7535,-0.177941771,-5.7756E-262
24.754,-0.177941771,-4.9092E-262
24.7545,-0.177941771,-4.1729E-262
24.755,-0.177941771,-3.5469E-262
24.7555,-0.177941771,-3.0149E-262
24.756,-0.177941771,-2.5627E-262
24.7565,-0.177941771,-2.1783E-262
24.757,-0.177941771,-1.8515E-262
24.7575,-0.177941771,-1.5738E-262
24.758,-0.177941771,-1.3377E-262
24.7585,-0.177941771,-1.1371E-262
24.759,-0.177941771,-9.665E-263
24.7595,-0.177941771,-8.2153E-263
24.76,-0.177941771,-6.983E-263
24.7605,-0.177941771,-5.9355E-263
24.761,-0.177941771,-5.0452E-263
24.7615,-0.177941771,-4.2884E-263
24.762,-0.177941771,-3.6452E-263
24.7625,-0.177941771,-3.0984E-263
24.763,-0.177941771,-2.6336E-263
24.7635,-0.177941771,-2.2386E-263
24.764,-0.177941771,-1.9028E-263
24.7645,-0.177941771,-1.6174E-263
24.765,-0.177941771,-1.3748E-263
24.7655,-0.177941771,-1.1686E-263
24.766,-0.177941771,-9.9327E-264
24.7665,-0.177941771,-8.4428E-264
24.767,-0.177941771,-7.1764E-264
24.7675,-0.177941771,-6.0999E-264
24.768,-0.177941771,-5.1849E-264
24.7685,-0.177941771,-4.4072E-264
24.769,-0.177941771,-3.7461E-264
24.7695,-0.177941771,-3.1842E-264
24.77,-0.177941771,-2.7066E-264
24.7705,-0.177941771,-2.3006E-264
24.771,-0.177941771,-1.9555E-264
24.7715,-0.177941771,-1.6622E-264
24.772,-0.177941771,-1.4128E-264
24.7725,-0.177941771,-1.2009E-264
24.773,-0.177941771,-1.0208E-264
24.7735,-0.177941771,-8.6767E-265
24.774,-0.177941771,-7.3752E-265
24.7745,-0.177941771,-6.2689E-265
24.775,-0.177941771,-5.3285E-265
24.7755,-0.177941771,-4.5293E-265
24.776,-0.177941771,-3.8499E-265
24.7765,-0.177941771,-3.2724E-265
24.777,-0.177941771,-2.7815E-265
24.7775,-0.177941771,-2.3643E-265
24.778,-0.177941771,-2.0097E-265
24.7785,-0.177941771,-1.7082E-265
24.779,-0.177941771,-1.452E-265
24.7795,-0.177941771,-1.2342E-265
24.78,-0.177941771,-1.0491E-265
24.7805,-0.177941771,-8.917E-266
24.781,-0.177941771,-7.5794E-266
24.7815,-0.177941771,-6.4425E-266
24.782,-0.177941771,-5.4761E-266
24.7825,-0.177941771,-4.6547E-266
24.783,-0.177941771,-3.9565E-266
24.7835,-0.177941771,-3.363E-266
24.784,-0.177941771,-2.8586E-266
24.7845,-0.177941771,-2.4298E-266
24.785,-0.177941771,-2.0653E-266
24.7855,-0.177941771,-1.7555E-266
24.786,-0.177941771,-1.4922E-266
24.7865,-0.177941771,-1.2684E-266
24.787,-0.177941771,-1.0781E-266
24.7875,-0.177941771,-9.1639E-267
24.788,-0.177941771,-7.7893E-267
24.7885,-0.177941771,-6.6209E-267
24.789,-0.177941771,-5.6278E-267
24.7895,-0.177941771,-4.7836E-267
24.79,-0.177941771,-4.0661E-267
24.7905,-0.177941771,-3.4562E-267
24.791,-0.177941771,-2.9377E-267
24.7915,-0.177941771,-2.4971E-267
24.792,-0.177941771,-2.1225E-267
24.7925,-0.177941771,-1.8041E-267
24.793,-0.177941771,-1.5335E-267
24.7935,-0.177941771,-1.3035E-267
24.794,-0.177941771,-1.108E-267
24.7945,-0.177941771,-9.4177E-268
24.795,-0.177941771,-8.0051E-268
24.7955,-0.177941771,-6.8043E-268
24.796,-0.177941771,-5.7837E-268
24.7965,-0.177941771,-4.9161E-268
24.797,-0.177941771,-4.1787E-268
24.7975,-0.177941771,-3.5519E-268
24.798,-0.177941771,-3.0191E-268
24.7985,-0.177941771,-2.5662E-268
24.799,-0.177941771,-2.1813E-268
24.7995,-0.177941771,-1.8541E-268
24.8,-0.177941771,-1.576E-268
24.8005,-0.177941771,-1.3396E-268
24.801,-0.177941771,-1.1387E-268
24.8015,-0.177941771,-9.6786E-269
24.802,-0.177941771,-8.2268E-269
24.8025,-0.177941771,-6.9928E-269
24.803,-0.177941771,-5.9439E-269
24.8035,-0.177941771,-5.0523E-269
24.804,-0.177941771,-4.2944E-269
24.8045,-0.177941771,-3.6503E-269
24.805,-0.177941771,-3.1027E-269
24.8055,-0.177941771,-2.6373E-269
24.806,-0.177941771,-2.2417E-269
24.8065,-0.177941771,-1.9055E-269
24.807,-0.177941771,-1.6196E-269
24.8075,-0.177941771,-1.3767E-269
24.808,-0.177941771,-1.1702E-269
24.8085,-0.177941771,-9.9467E-270
24.809,-0.177941771,-8.4547E-270
24.8095,-0.177941771,-7.1865E-270
24.81,-0.177941771,-6.1085E-270
24.8105,-0.177941771,-5.1922E-270
24.811,-0.177941771,-4.4134E-270
24.8115,-0.177941771,-3.7514E-270
24.812,-0.177941771,-3.1887E-270
24.8125,-0.177941771,-2.7104E-270
24.813,-0.177941771,-2.3038E-270
24.8135,-0.177941771,-1.9582E-270
24.814,-0.177941771,-1.6645E-270
24.8145,-0.177941771,-1.4148E-270
24.815,-0.177941771,-1.2026E-270
24.8155,-0.177941771,-1.0222E-270
24.816,-0.177941771,-8.6888E-271
24.8165,-0.177941771,-7.3855E-271
24.817,-0.177941771,-6.2777E-271
24.8175,-0.177941771,-5.336E-271
24.818,-0.177941771,-4.5356E-271
24.8185,-0.177941771,-3.8553E-271
24.819,-0.177941771,-3.277E-271
24.8195,-0.177941771,-2.7854E-271
24.82,-0.177941771,-2.3676E-271
24.8205,-0.177941771,-2.0125E-271
24.821,-0.177941771,-1.7106E-271
24.8215,-0.177941771,-1.454E-271
24.822,-0.177941771,-1.2359E-271
24.8225,-0.177941771,-1.0505E-271
24.823,-0.177941771,-8.9295E-272
24.8235,-0.177941771,-7.5901E-272
24.824,-0.177941771,-6.4515E-272
24.8245,-0.177941771,-5.4838E-272
24.825,-0.177941771,-4.6612E-272
24.8255,-0.177941771,-3.9621E-272
24.826,-0.177941771,-3.3677E-272
24.8265,-0.177941771,-2.8626E-272
24.827,-0.177941771,-2.4332E-272
24.8275,-0.177941771,-2.0682E-272
24.828,-0.177941771,-1.758E-272
24.8285,-0.177941771,-1.4943E-272
24.829,-0.177941771,-1.2701E-272
24.8295,-0.177941771,-1.0796E-272
24.83,-0.177941771,-9.1768E-273
24.8305,-0.177941771,-7.8003E-273
24.831,-0.177941771,-6.6302E-273
24.8315,-0.177941771,-5.6357E-273
24.832,-0.177941771,-4.7903E-273
24.8325,-0.177941771,-4.0718E-273
24.833,-0.177941771,-3.461E-273
24.8335,-0.177941771,-2.9419E-273
24.834,-0.177941771,-2.5006E-273
24.8345,-0.177941771,-2.1255E-273
24.835,-0.177941771,-1.8067E-273
24.8355,-0.177941771,-1.5357E-273
24.836,-0.177941771,-1.3053E-273
24.8365,-0.177941771,-1.1095E-273
24.837,-0.177941771,-9.431E-274
24.8375,-0.177941771,-8.0163E-274
24.838,-0.177941771,-6.8139E-274
24.8385,-0.177941771,-5.7918E-274
24.839,-0.177941771,-4.923E-274
24.8395,-0.177941771,-4.1846E-274
24.84,-0.177941771,-3.5569E-274
24.8405,-0.177941771,-3.0233E-274
24.841,-0.177941771,-2.5698E-274
24.8415,-0.177941771,-2.1844E-274
24.842,-0.177941771,-1.8567E-274
24.8425,-0.177941771,-1.5782E-274
24.843,-0.177941771,-1.3415E-274
24.8435,-0.177941771,-1.1403E-274
24.844,-0.177941771,-9.6922E-275
24.8445,-0.177941771,-8.2383E-275
24.845,-0.177941771,-7.0026E-275
24.8455,-0.177941771,-5.9522E-275
24.846,-0.177941771,-5.0594E-275
24.8465,-0.177941771,-4.3005E-275
24.847,-0.177941771,-3.6554E-275
24.8475,-0.177941771,-3.1071E-275
24.848,-0.177941771,-2.641E-275
24.8485,-0.177941771,-2.2449E-275
24.849,-0.177941771,-1.9081E-275
24.8495,-0.177941771,-1.6219E-275
24.85,-0.177941771,-1.3786E-275
24.8505,-0.177941771,-1.1718E-275
24.851,-0.177941771,-9.9606E-276
24.8515,-0.177941771,-8.4665E-276
24.852,-0.177941771,-7.1965E-276
24.8525,-0.177941771,-6.1171E-276
24.853,-0.177941771,-5.1995E-276
24.8535,-0.177941771,-4.4196E-276
24.854,-0.177941771,-3.7566E-276
24.8545,-0.177941771,-3.1931E-276
24.855,-0.177941771,-2.7142E-276
24.8555,-0.177941771,-2.307E-276
24.856,-0.177941771,-1.961E-276
24.8565,-0.177941771,-1.6668E-276
24.857,-0.177941771,-1.4168E-276
24.8575,-0.177941771,-1.2043E-276
24.858,-0.177941771,-1.0236E-276
24.8585,-0.177941771,-8.701E-277
24.859,-0.177941771,-7.3959E-277
24.8595,-0.177941771,-6.2865E-277
24.86,-0.177941771,-5.3435E-277
24.8605,-0.177941771,-4.542E-277
24.861,-0.177941771,-3.8607E-277
24.8615,-0.177941771,-3.2816E-277
24.862,-0.177941771,-2.7893E-277
24.8625,-0.177941771,-2.3709E-277
24.863,-0.177941771,-2.0153E-277
24.8635,-0.177941771,-1.713E-277
24.864,-0.177941771,-1.4561E-277
24.8645,-0.177941771,-1.2376E-277
24.865,-0.177941771,-1.052E-277
24.8655,-0.177941771,-8.942E-278
24.866,-0.177941771,-7.6007E-278
24.8665,-0.177941771,-6.4606E-278
24.867,-0.177941771,-5.4915E-278
24.8675,-0.177941771,-4.6678E-278
24.868,-0.177941771,-3.9676E-278
24.8685,-0.177941771,-3.3725E-278
24.869,-0.177941771,-2.8666E-278
24.8695,-0.177941771,-2.4366E-278
24.87,-0.177941771,-2.0711E-278
24.8705,-0.177941771,-1.7604E-278
24.871,-0.177941771,-1.4964E-278
24.8715,-0.177941771,-1.2719E-278
24.872,-0.177941771,-1.0811E-278
24.8725,-0.177941771,-9.1897E-279
24.873,-0.177941771,-7.8112E-279
24.8735,-0.177941771,-6.6395E-279
24.874,-0.177941771,-5.6436E-279
24.8745,-0.177941771,-4.7971E-279
24.875,-0.177941771,-4.0775E-279
24.8755,-0.177941771,-3.4659E-279
24.876,-0.177941771,-2.946E-279
24.8765,-0.177941771,-2.5041E-279
24.877,-0.177941771,-2.1285E-279
24.8775,-0.177941771,-1.8092E-279
24.878,-0.177941771,-1.5378E-279
24.8785,-0.177941771,-1.3072E-279
24.879,-0.177941771,-1.1111E-279
24.8795,-0.177941771,-9.4442E-280
24.88,-0.177941771,-8.0276E-280
24.8805,-0.177941771,-6.8234E-280
24.881,-0.177941771,-5.7999E-280
24.8815,-0.177941771,-4.9299E-280
24.882,-0.177941771,-4.1904E-280
24.8825,-0.177941771,-3.5619E-280
24.883,-0.177941771,-3.0276E-280
24.8835,-0.177941771,-2.5735E-280
24.884,-0.177941771,-2.1874E-280
24.8845,-0.177941771,-1.8593E-280
24.885,-0.177941771,-1.5804E-280
24.8855,-0.177941771,-1.3434E-280
24.886,-0.177941771,-1.1419E-280
24.8865,-0.177941771,-9.7058E-281
24.887,-0.177941771,-8.2499E-281
24.8875,-0.177941771,-7.0124E-281
24.888,-0.177941771,-5.9605E-281
24.8885,-0.177941771,-5.0665E-281
24.889,-0.177941771,-4.3065E-281
24.8895,-0.177941771,-3.6605E-281
24.89,-0.177941771,-3.1114E-281
24.8905,-0.177941771,-2.6447E-281
24.891,-0.177941771,-2.248E-281
24.8915,-0.177941771,-1.9108E-281
24.892,-0.177941771,-1.6242E-281
24.8925,-0.177941771,-1.3806E-281
24.893,-0.177941771,-1.1735E-281
24.8935,-0.177941771,-9.9746E-282
24.894,-0.177941771,-8.4784E-282
24.8945,-0.177941771,-7.2066E-282
24.895,-0.177941771,-6.1256E-282
24.8955,-0.177941771,-5.2068E-282
24.896,-0.177941771,-4.4258E-282
24.8965,-0.177941771,-3.7619E-282
24.897,-0.177941771,-3.1976E-282
24.8975,-0.177941771,-2.718E-282
24.898,-0.177941771,-2.3103E-282
24.8985,-0.177941771,-1.9637E-282
24.899,-0.177941771,-1.6692E-282
24.8995,-0.177941771,-1.4188E-282
24.9,-0.177941771,-1.206E-282
24.9005,-0.177941771,-1.0251E-282
24.901,-0.177941771,-8.7132E-283
24.9015,-0.177941771,-7.4062E-283
24.902,-0.177941771,-6.2953E-283
24.9025,-0.177941771,-5.351E-283
24.903,-0.177941771,-4.5483E-283
24.9035,-0.177941771,-3.8661E-283
24.904,-0.177941771,-3.2862E-283
24.9045,-0.177941771,-2.7933E-283
24.905,-0.177941771,-2.3743E-283
24.9055,-0.177941771,-2.0181E-283
24.906,-0.177941771,-1.7154E-283
24.9065,-0.177941771,-1.4581E-283
24.907,-0.177941771,-1.2394E-283
24.9075,-0.177941771,-1.0535E-283
24.908,-0.177941771,-8.9545E-284
24.9085,-0.177941771,-7.6114E-284
24.909,-0.177941771,-6.4697E-284
24.9095,-0.177941771,-5.4992E-284
24.91,-0.177941771,-4.6743E-284
24.9105,-0.177941771,-3.9732E-284
24.911,-0.177941771,-3.3772E-284
24.9115,-0.177941771,-2.8706E-284
24.912,-0.177941771,-2.44E-284
24.9125,-0.177941771,-2.074E-284
24.913,-0.177941771,-1.7629E-284
24.9135,-0.177941771,-1.4985E-284
24.914,-0.177941771,-1.2737E-284
24.9145,-0.177941771,-1.0827E-284
24.915,-0.177941771,-9.2025E-285
24.9155,-0.177941771,-7.8222E-285
24.916,-0.177941771,-6.6488E-285
24.9165,-0.177941771,-5.6515E-285
24.917,-0.177941771,-4.8038E-285
24.9175,-0.177941771,-4.0832E-285
24.918,-0.177941771,-3.4707E-285
24.9185,-0.177941771,-2.9501E-285
24.919,-0.177941771,-2.5076E-285
24.9195,-0.177941771,-2.1315E-285
24.92,-0.177941771,-1.8117E-285
24.9205,-0.177941771,-1.54E-285
24.921,-0.177941771,-1.309E-285
24.9215,-0.177941771,-1.1126E-285
24.922,-0.177941771,-9.4574E-286
24.9225,-0.177941771,-8.0388E-286
24.923,-0.177941771,-6.833E-286
24.9235,-0.177941771,-5.808E-286
24.924,-0.177941771,-4.9368E-286
24.9245,-0.177941771,-4.1963E-286
24.925,-0.177941771,-3.5669E-286
24.9255,-0.177941771,-3.0318E-286
24.926,-0.177941771,-2.5771E-286
24.9265,-0.177941771,-2.1905E-286
24.927,-0.177941771,-1.8619E-286
24.9275,-0.177941771,-1.5826E-286
24.928,-0.177941771,-1.3452E-286
24.9285,-0.177941771,-1.1435E-286
24.929,-0.177941771,-9.7194E-287
24.9295,-0.177941771,-8.2615E-287
24.93,-0.177941771,-7.0222E-287
24.9305,-0.177941771,-5.9689E-287
24.931,-0.177941771,-5.0736E-287
24.9315,-0.177941771,-4.3125E-287
24.932,-0.177941771,-3.6657E-287
24.9325,-0.177941771,-3.1158E-287
24.933,-0.177941771,-2.6484E-287
24.9335,-0.177941771,-2.2512E-287
24.934,-0.177941771,-1.9135E-287
24.9345,-0.177941771,-1.6265E-287
24.935,-0.177941771,-1.3825E-287
24.9355,-0.177941771,-1.1751E-287
24.936,-0.177941771,-9.9886E-288
24.9365,-0.177941771,-8.4903E-288
24.937,-0.177941771,-7.2167E-288
24.9375,-0.177941771,-6.1342E-288
24.938,-0.177941771,-5.2141E-288
24.9385,-0.177941771,-4.432E-288
24.939,-0.177941771,-3.7672E-288
24.9395,-0.177941771,-3.2021E-288
24.94,-0.177941771,-2.7218E-288
24.9405,-0.177941771,-2.3135E-288
24.941,-0.177941771,-1.9665E-288
24.9415,-0.177941771,-1.6715E-288
24.942,-0.177941771,-1.4208E-288
24.9425,-0.177941771,-1.2077E-288
24.943,-0.177941771,-1.0265E-288
24.9435,-0.177941771,-8.7254E-289
24.944,-0.177941771,-7.4166E-289
24.9445,-0.177941771,-6.3041E-289
24.945,-0.177941771,-5.3585E-289
24.9455,-0.177941771,-4.5547E-289
24.946,-0.177941771,-3.8715E-289
24.9465,-0.177941771,-3.2908E-289
24.947,-0.177941771,-2.7972E-289
24.9475,-0.177941771,-2.3776E-289
24.948,-0.177941771,-2.021E-289
24.9485,-0.177941771,-1.7178E-289
24.949,-0.177941771,-1.4601E-289
24.9495,-0.177941771,-1.2411E-289
24.95,-0.177941771,-1.055E-289
24.9505,-0.177941771,-8.9671E-290
24.951,-0.177941771,-7.622E-290
24.9515,-0.177941771,-6.4787E-290
24.952,-0.177941771,-5.5069E-290
24.9525,-0.177941771,-4.6809E-290
24.953,-0.177941771,-3.9787E-290
24.9535,-0.177941771,-3.3819E-290
24.954,-0.177941771,-2.8746E-290
24.9545,-0.177941771,-2.4434E-290
24.955,-0.177941771,-2.0769E-290
24.9555,-0.177941771,-1.7654E-290
24.956,-0.177941771,-1.5006E-290
24.9565,-0.177941771,-1.2755E-290
24.957,-0.177941771,-1.0842E-290
24.9575,-0.177941771,-9.2155E-291
24.958,-0.177941771,-7.8331E-291
24.9585,-0.177941771,-6.6582E-291
24.959,-0.177941771,-5.6594E-291
24.9595,-0.177941771,-4.8105E-291
24.96,-0.177941771,-4.0889E-291
24.9605,-0.177941771,-3.4756E-291
24.961,-0.177941771,-2.9543E-291
24.9615,-0.177941771,-2.5111E-291
24.962,-0.177941771,-2.1345E-291
24.9625,-0.177941771,-1.8143E-291
24.963,-0.177941771,-1.5421E-291
24.9635,-0.177941771,-1.3108E-291
24.964,-0.177941771,-1.1142E-291
24.9645,-0.177941771,-9.4707E-292
24.965,-0.177941771,-8.0501E-292
24.9655,-0.177941771,-6.8426E-292
24.966,-0.177941771,-5.8162E-292
24.9665,-0.177941771,-4.9438E-292
24.967,-0.177941771,-4.2022E-292
24.9675,-0.177941771,-3.5719E-292
24.968,-0.177941771,-3.0361E-292
24.9685,-0.177941771,-2.5807E-292
24.969,-0.177941771,-2.1936E-292
24.9695,-0.177941771,-1.8645E-292
24.97,-0.177941771,-1.5849E-292
24.9705,-0.177941771,-1.3471E-292
24.971,-0.177941771,-1.1451E-292
24.9715,-0.177941771,-9.733E-293
24.972,-0.177941771,-8.273E-293
24.9725,-0.177941771,-7.0321E-293
24.973,-0.177941771,-5.9773E-293
24.9735,-0.177941771,-5.0807E-293
24.974,-0.177941771,-4.3186E-293
24.9745,-0.177941771,-3.6708E-293
24.975,-0.177941771,-3.1202E-293
24.9755,-0.177941771,-2.6522E-293
24.976,-0.177941771,-2.2543E-293
24.9765,-0.177941771,-1.9162E-293
24.977,-0.177941771,-1.6288E-293
24.9775,-0.177941771,-1.3844E-293
24.978,-0.177941771,-1.1768E-293
24.9785,-0.177941771,-1.0003E-293
24.979,-0.177941771,-8.5022E-294
24.9795,-0.177941771,-7.2269E-294
24.98,-0.177941771,-6.1428E-294
24.9805,-0.177941771,-5.2214E-294
24.981,-0.177941771,-4.4382E-294
24.9815,-0.177941771,-3.7725E-294
24.982,-0.177941771,-3.2066E-294
24.9825,-0.177941771,-2.7256E-294
24.983,-0.177941771,-2.3168E-294
24.9835,-0.177941771,-1.9693E-294
24.984,-0.177941771,-1.6739E-294
24.9845,-0.177941771,-1.4228E-294
24.985,-0.177941771,-1.2094E-294
24.9855,-0.177941771,-1.028E-294
24.986,-0.177941771,-8.7377E-295
24.9865,-0.177941771,-7.427E-295
24.987,-0.177941771,-6.313E-295
24.9875,-0.177941771,-5.366E-295
24.988,-0.177941771,-4.5611E-295
24.9885,-0.177941771,-3.8769E-295
24.989,-0.177941771,-3.2954E-295
24.9895,-0.177941771,-2.8011E-295
24.99,-0.177941771,-2.3809E-295
24.9905,-0.177941771,-2.0238E-295
24.991,-0.177941771,-1.7202E-295
24.9915,-0.177941771,-1.4622E-295
24.992,-0.177941771,-1.2429E-295
24.9925,-0.177941771,-1.0564E-295
24.993,-0.177941771,-8.9797E-296
24.9935,-0.177941771,-7.6327E-296
24.994,-0.177941771,-6.4878E-296
24.9945,-0.177941771,-5.5146E-296
24.995,-0.177941771,-4.6874E-296
24.9955,-0.177941771,-3.9843E-296
24.996,-0.177941771,-3.3867E-296
24.9965,-0.177941771,-2.8787E-296
24.997,-0.177941771,-2.4469E-296
24.9975,-0.177941771,-2.0798E-296
24.998,-0.177941771,-1.7679E-296
24.9985,-0.177941771,-1.5027E-296
24.999,-0.177941771,-1.2773E-296
24.9995,-0.177941771,-1.0857E-296
25,-0.177941771,-9.2284E-297
25.0005,-0.177941771,-7.8441E-297
25.001,-0.177941771,-6.6675E-297
25.0015,-0.177941771,-5.6674E-297
25.002,-0.177941771,-4.8173E-297
25.0025,-0.177941771,-4.0947E-297
25.003,-0.177941771,-3.4805E-297
25.0035,-0.177941771,-2.9584E-297
25.004,-0.177941771,-2.5146E-297
25.0045,-0.177941771,-2.1374E-297
25.005,-0.177941771,-1.8168E-297
25.0055,-0.177941771,-1.5443E-297
25.006,-0.177941771,-1.3127E-297
25.0065,-0.177941771,-1.1158E-297
25.007,-0.177941771,-9.484E-298
25.0075,-0.177941771,-8.0614E-298
25.008,-0.177941771,-6.8522E-298
25.0085,-0.177941771,-5.8243E-298
25.009,-0.177941771,-4.9507E-298
25.0095,-0.177941771,-4.2081E-298
25.01,-0.177941771,-3.5769E-298
25.0105,-0.177941771,-3.0403E-298
25.011,-0.177941771,-2.5843E-298
25.0115,-0.177941771,-2.1966E-298
25.012,-0.177941771,-1.8672E-298
25.0125,-0.177941771,-1.5871E-298
25.013,-0.177941771,-1.349E-298
25.0135,-0.177941771,-1.1467E-298
25.014,-0.177941771,-9.7466E-299
25.0145,-0.177941771,-8.2847E-299
25.015,-0.177941771,-7.042E-299
25.0155,-0.177941771,-5.9857E-299
25.016,-0.177941771,-5.0878E-299
25.0165,-0.177941771,-4.3246E-299
25.017,-0.177941771,-3.6759E-299
25.0175,-0.177941771,-3.1246E-299
25.018,-0.177941771,-2.6559E-299
25.0185,-0.177941771,-2.2575E-299
25.019,-0.177941771,-1.9189E-299
25.0195,-0.177941771,-1.631E-299
25.02,-0.177941771,-1.3864E-299
25.0205,-0.177941771,-1.1784E-299
25.021,-0.177941771,-1.0017E-299
25.0215,-0.177941771,-8.5141E-300
25.022,-0.177941771,-7.237E-300
25.0225,-0.177941771,-6.1514E-300
25.023,-0.177941771,-5.2287E-300
25.0235,-0.177941771,-4.4444E-300
25.024,-0.177941771,-3.7778E-300
25.0245,-0.177941771,-3.2111E-300
25.025,-0.177941771,-2.7294E-300
25.0255,-0.177941771,-2.32E-300
25.026,-0.177941771,-1.972E-300
25.0265,-0.177941771,-1.6762E-300
25.027,-0.177941771,-1.4248E-300
25.0275,-0.177941771,-1.2111E-300
25.028,-0.177941771,-1.0294E-300
25.0285,-0.177941771,-8.7499E-301
25.029,-0.177941771,-7.4374E-301
25.0295,-0.177941771,-6.3218E-301
25.03,-0.177941771,-5.3735E-301
25.0305,-0.177941771,-4.5675E-301
25.031,-0.177941771,-3.8824E-301
25.0315,-0.177941771,-3.3E-301
25.032,-0.177941771,-2.805E-301
25.0325,-0.177941771,-2.3843E-301
25.033,-0.177941771,-2.0266E-301
25.0335,-0.177941771,-1.7226E-301
25.034,-0.177941771,-1.4642E-301
25.0345,-0.177941771,-1.2446E-301
25.035,-0.177941771,-1.0579E-301
25.0355,-0.177941771,-8.9923E-302
25.036,-0.177941771,-7.6434E-302
25.0365,-0.177941771,-6.4969E-302
25.037,-0.177941771,-5.5224E-302
25.0375,-0.177941771,-4.694E-302
25.038,-0.177941771,-3.9899E-302
25.0385,-0.177941771,-3.3914E-302
25.039,-0.177941771,-2.8827E-302
25.0395,-0.177941771,-2.4503E-302
25.04,-0.177941771,-2.0828E-302
25.0405,-0.177941771,-1.7703E-302
25.041,-0.177941771,-1.5048E-302
25.0415,-0.177941771,-1.2791E-302
25.042,-0.177941771,-1.0872E-302
25.0425,-0.177941771,-9.2413E-303
25.043,-0.177941771,-7.8551E-303
25.0435,-0.177941771,-6.6769E-303
25.044,-0.177941771,-5.6753E-303
25.0445,-0.177941771,-4.824E-303
25.045,-0.177941771,-4.1004E-303
25.0455,-0.177941771,-3.4854E-303
25.046,-0.177941771,-2.9626E-303
25.0465,-0.177941771,-2.5182E-303
25.047,-0.177941771,-2.1404E-303
25.0475,-0.177941771,-1.8194E-303
25.048,-0.177941771,-1.5465E-303
25.0485,-0.177941771,-1.3145E-303
25.049,-0.177941771,-1.1173E-303
25.0495,-0.177941771,-9.4973E-304
25.05,-0.177941771,-8.0727E-304
25.0505,-0.177941771,-6.8618E-304
25.051,-0.177941771,-5.8325E-304
25.0515,-0.177941771,-4.9576E-304
25.052,-0.177941771,-4.214E-304
25.0525,-0.177941771,-3.5819E-304
25.053,-0.177941771,-3.0446E-304
25.0535,-0.177941771,-2.5879E-304
25.054,-0.177941771,-2.1997E-304
25.0545,-0.177941771,-1.8698E-304
25.055,-0.177941771,-1.5893E-304
25.0555,-0.177941771,-1.3509E-304
25.056,-0.177941771,-1.1483E-304
25.0565,-0.177941771,-9.7603E-305
25.057,-0.177941771,-8.2963E-305
25.0575,-0.177941771,-7.0518E-305
25.058,-0.177941771,-5.9941E-305
25.0585,-0.177941771,-5.0949E-305
25.059,-0.177941771,-4.3307E-305
25.0595,-0.177941771,-3.6811E-305
25.06,-0.177941771,-3.1289E-305
25.0605,-0.177941771,-2.6596E-305
25.061,-0.177941771,-2.2607E-305
25.0615,-0.177941771,-1.9216E-305
25.062,-0.177941771,-1.6333E-305
25.0625,-0.177941771,-1.3883E-305
25.063,-0.177941771,-1.1801E-305
25.0635,-0.177941771,-1.0031E-305
25.064,-0.177941771,-8.5261E-306
25.0645,-0.177941771,-7.2471E-306
25.065,-0.177941771,-6.1601E-306
25.0655,-0.177941771,-5.2361E-306
25.066,-0.177941771,-4.4507E-306
25.0665,-0.177941771,-3.7831E-306
25.067,-0.177941771,-3.2156E-306
25.0675,-0.177941771,-2.7333E-306
25.068,-0.177941771,-2.3233E-306
25.0685,-0.177941771,-1.9748E-306
25.069,-0.177941771,-1.6786E-306
25.0695,-0.177941771,-1.4268E-306
25.07,-0.177941771,-1.2128E-306
25.0705,-0.177941771,-1.0308E-306
25.071,-0.177941771,-8.7622E-307
25.0715,-0.177941771,-7.4479E-307
25.072,-0.177941771,-6.3307E-307
25.0725,-0.177941771,-5.3811E-307
25.073,-0.177941771,-4.5739E-307
25.0735,-0.177941771,-3.8878E-307
25.074,-0.177941771,-3.3047E-307
25.0745,-0.177941771,-2.809E-307
25.075,-0.177941771,-2.3876E-307
25.0755,-0.177941771,-2.0295E-307
25.076,-0.177941771,-1.7251E-307
25.0765,-0.177941771,-1.4663E-307
25.077,-0.177941771,-1.2463E-307
25.0775,-0.177941771,-1.0594E-307
25.078,-0.177941771,-9.0049E-308
25.0785,-0.177941771,-7.6541E-308
25.079,-0.177941771,-6.506E-308
25.0795,-0.177941771,-5.5301E-308
25.08,-0.177941771,-4.7006E-308
25.0805,-0.177941771,-3.9955E-308
25.081,-0.177941771,-3.3962E-308
25.0815,-0.177941771,-2.8868E-308
25.082,-0.177941771,-2.4537E-308
25.0825,-0.177941771,0
25.083,-0.177941771,0
25.0835,-0.177941771,0
25.084,-0.177941771,0
25.0845,-0.177941771,0
25.085,-0.177941771,0
25.0855,-0.177941771,0
25.086,-0.177941771,0
25.0865,-0.177941771,0
25.087,-0.177941771,0
25.0875,-0.177941771,0
25.088,-0.177941771,0
25.0885,-0.177941771,0
25.089,-0.177941771,0
25.0895,-0.177941771,0
25.09,-0.177941771,0
25.0905,-0.177941771,0
25.091,-0.177941771,0
25.0915,-0.177941771,0
25.092,-0.177941771,0
25.0925,-0.177941771,0
25.093,-0.177941771,0
25.0935,-0.177941771,0
25.094,-0.177941771,0
25.0945,-0.177941771,0
25.095,-0.177941771,0
25.0955,-0.177941771,0
25.096,-0.177941771,0
25.0965,-0.177941771,0
25.097,-0.177941771,0
25.0975,-0.177941771,0
25.098,-0.177941771,0
25.0985,-0.177941771,0
25.099,-0.177941771,0
25.0995,-0.177941771,0
25.1,-0.177941771,0
25.1005,-0.177941771,0
25.101,-0.177941771,0
25.1015,-0.177941771,0
25.102,-0.177941771,0
25.1025,-0.177941771,0
25.103,-0.177941771,0
25.1035,-0.177941771,0
25.104,-0.177941771,0
25.1045,-0.177941771,0
25.105,-0.177941771,0
25.1055,-0.177941771,0
25.106,-0.177941771,0
25.1065,-0.177941771,0
25.107,-0.177941771,0
25.1075,-0.177941771,0
25.108,-0.177941771,0
25.1085,-0.177941771,0
25.109,-0.177941771,0
25.1095,-0.177941771,0
25.11,-0.177941771,0
25.1105,-0.177941771,0
25.111,-0.177941771,0
25.1115,-0.177941771,0
25.112,-0.177941771,0
25.1125,-0.177941771,0
25.113,-0.177941771,0
25.1135,-0.177941771,0
25.114,-0.177941771,0
25.1145,-0.177941771,0
25.115,-0.177941771,0
25.1155,-0.177941771,0
25.116,-0.177941771,0
25.1165,-0.177941771,0
25.117,-0.177941771,0
25.1175,-0.177941771,0
25.118,-0.177941771,0
25.1185,-0.177941771,0
25.119,-0.177941771,0
25.1195,-0.177941771,0
25.12,-0.177941771,0
25.1205,-0.177941771,0
25.121,-0.177941771,0
25.1215,-0.177941771,0
25.122,-0.177941771,0
25.1225,-0.177941771,0
25.123,-0.177941771,0
25.1235,-0.177941771,0
25.124,-0.177941771,0
25.1245,-0.177941771,0
25.125,-0.177941771,0
25.1255,-0.177941771,0
25.126,-0.177941771,0
25.1265,-0.177941771,0
25.127,-0.177941771,0
25.1275,-0.177941771,0
25.128,-0.177941771,0
25.1285,-0.177941771,0
25.129,-0.177941771,0
25.1295,-0.177941771,0
25.13,-0.177941771,0
25.1305,-0.177941771,0
25.131,-0.177941771,0
25.1315,-0.177941771,0
25.132,-0.177941771,0
25.1325,-0.177941771,0
25.133,-0.177941771,0
25.1335,-0.177941771,0
25.134,-0.177941771,0
25.1345,-0.177941771,0
25.135,-0.177941771,0
25.1355,-0.177941771,0
25.136,-0.177941771,0
25.1365,-0.177941771,0
25.137,-0.177941771,0
25.1375,-0.177941771,0
25.138,-0.177941771,0
25.1385,-0.177941771,0
25.139,-0.177941771,0
25.1395,-0.177941771,0
25.14,-0.177941771,0
25.1405,-0.177941771,0
25.141,-0.177941771,0
25.1415,-0.177941771,0
25.142,-0.177941771,0
25.1425,-0.177941771,0
25.143,-0.177941771,0
25.1435,-0.177941771,0
25.144,-0.177941771,0
25.1445,-0.177941771,0
25.145,-0.177941771,0
25.1455,-0.177941771,0
25.146,-0.177941771,0
25.1465,-0.177941771,0
25.147,-0.177941771,0
25.1475,-0.177941771,0
25.148,-0.177941771,0
25.1485,-0.177941771,0
25.149,-0.177941771,0
25.1495,-0.177941771,0
25.15,-0.177941771,0
25.1505,-0.177941771,0
25.151,-0.177941771,0
25.1515,-0.177941771,0
25.152,-0.177941771,0
25.1525,-0.177941771,0
25.153,-0.177941771,0
25.1535,-0.177941771,0
25.154,-0.177941771,0
25.1545,-0.177941771,0
25.155,-0.177941771,0
25.1555,-0.177941771,0
25.156,-0.177941771,0
25.1565,-0.177941771,0
25.157,-0.177941771,0
25.1575,-0.177941771,0
25.158,-0.177941771,0
25.1585,-0.177941771,0
25.159,-0.177941771,0
25.1595,-0.177941771,0
25.16,-0.177941771,0
25.1605,-0.177941771,0
25.161,-0.177941771,0
25.1615,-0.177941771,0
25.162,-0.177941771,0
25.1625,-0.177941771,0
25.163,-0.177941771,0
25.1635,-0.177941771,0
25.164,-0.177941771,0
25.1645,-0.177941771,0
25.165,-0.177941771,0
25.1655,-0.177941771,0
25.166,-0.177941771,0
25.1665,-0.177941771,0
25.167,-0.177941771,0
25.1675,-0.177941771,0
25.168,-0.177941771,0
25.1685,-0.177941771,0
25.169,-0.177941771,0
25.1695,-0.177941771,0
25.17,-0.177941771,0
25.1705,-0.177941771,0
25.171,-0.177941771,0
25.1715,-0.177941771,0
25.172,-0.177941771,0
25.1725,-0.177941771,0
25.173,-0.177941771,0
25.1735,-0.177941771,0
25.174,-0.177941771,0
25.1745,-0.177941771,0
25.175,-0.177941771,0
25.1755,-0.177941771,0
25.176,-0.177941771,0
25.1765,-0.177941771,0
25.177,-0.177941771,0
25.1775,-0.177941771,0
25.178,-0.177941771,0
25.1785,-0.177941771,0
25.179,-0.177941771,0
25.1795,-0.177941771,0
25.18,-0.177941771,0
25.1805,-0.177941771,0
25.181,-0.177941771,0
25.1815,-0.177941771,0
25.182,-0.177941771,0
25.1825,-0.177941771,0
25.183,-0.177941771,0
25.1835,-0.177941771,0
25.184,-0.177941771,0
25.1845,-0.177941771,0
25.185,-0.177941771,0
25.1855,-0.177941771,0
25.186,-0.177941771,0
25.1865,-0.177941771,0
25.187,-0.177941771,0
25.1875,-0.177941771,0
25.188,-0.177941771,0
25.1885,-0.177941771,0
25.189,-0.177941771,0
25.1895,-0.177941771,0
25.19,-0.177941771,0
25.1905,-0.177941771,0
25.191,-0.177941771,0
25.1915,-0.177941771,0
25.192,-0.177941771,0
25.1925,-0.177941771,0
25.193,-0.177941771,0
25.1935,-0.177941771,0
25.194,-0.177941771,0
25.1945,-0.177941771,0
25.195,-0.177941771,0
25.1955,-0.177941771,0
25.196,-0.177941771,0
25.1965,-0.177941771,0
25.197,-0.177941771,0
25.1975,-0.177941771,0
25.198,-0.177941771,0
25.1985,-0.177941771,0
25.199,-0.177941771,0
25.1995,-0.177941771,0
25.2,-0.177941771,0
25.2005,-0.177941771,0
25.201,-0.177941771,0
25.2015,-0.177941771,0
25.202,-0.177941771,0
25.2025,-0.177941771,0
25.203,-0.177941771,0
25.2035,-0.177941771,0
25.204,-0.177941771,0
25.2045,-0.177941771,0
25.205,-0.177941771,0
25.2055,-0.177941771,0
25.206,-0.177941771,0
25.2065,-0.177941771,0
25.207,-0.177941771,0
25.2075,-0.177941771,0
25.208,-0.177941771,0
25.2085,-0.177941771,0
25.209,-0.177941771,0
25.2095,-0.177941771,0
25.21,-0.177941771,0
25.2105,-0.177941771,0
25.211,-0.177941771,0
25.2115,-0.177941771,0
25.212,-0.177941771,0
25.2125,-0.177941771,0
25.213,-0.177941771,0
25.2135,-0.177941771,0
25.214,-0.177941771,0
25.2145,-0.177941771,0
25.215,-0.177941771,0
25.2155,-0.177941771,0
25.216,-0.177941771,0
25.2165,-0.177941771,0
25.217,-0.177941771,0
25.2175,-0.177941771,0
25.218,-0.177941771,0
25.2185,-0.177941771,0
25.219,-0.177941771,0
25.2195,-0.177941771,0
25.22,-0.177941771,0
25.2205,-0.177941771,0
25.221,-0.177941771,0
25.2215,-0.177941771,0
25.222,-0.177941771,0
25.2225,-0.177941771,0
25.223,-0.177941771,0
25.2235,-0.177941771,0
25.224,-0.177941771,0
25.2245,-0.177941771,0
25.225,-0.177941771,0
25.2255,-0.177941771,0
25.226,-0.177941771,0
25.2265,-0.177941771,0
25.227,-0.177941771,0
25.2275,-0.177941771,0
25.228,-0.177941771,0
25.2285,-0.177941771,0
25.229,-0.177941771,0
25.2295,-0.177941771,0
25.23,-0.177941771,0
25.2305,-0.177941771,0
25.231,-0.177941771,0
25.2315,-0.177941771,0
25.232,-0.177941771,0
25.2325,-0.177941771,0
25.233,-0.177941771,0
25.2335,-0.177941771,0
25.234,-0.177941771,0
25.2345,-0.177941771,0
25.235,-0.177941771,0
25.2355,-0.177941771,0
25.236,-0.177941771,0
25.2365,-0.177941771,0
25.237,-0.177941771,0
25.2375,-0.177941771,0
25.238,-0.177941771,0
25.2385,-0.177941771,0
25.239,-0.177941771,0
25.2395,-0.177941771,0
25.24,-0.177941771,0
25.2405,-0.177941771,0
25.241,-0.177941771,0
25.2415,-0.177941771,0
25.242,-0.177941771,0
25.2425,-0.177941771,0
25.243,-0.177941771,0
25.2435,-0.177941771,0
25.244,-0.177941771,0
25.2445,-0.177941771,0
25.245,-0.177941771,0
25.2455,-0.177941771,0
25.246,-0.177941771,0
25.2465,-0.177941771,0
25.247,-0.177941771,0
25.2475,-0.177941771,0
25.248,-0.177941771,0
25.2485,-0.177941771,0
25.249,-0.177941771,0
25.2495,-0.177941771,0
25.25,-0.177941771,0
25.2505,-0.177941771,0
25.251,-0.177941771,0
25.2515,-0.177941771,0
25.252,-0.177941771,0
25.2525,-0.177941771,0
25.253,-0.177941771,0
25.2535,-0.177941771,0
25.254,-0.177941771,0
25.2545,-0.177941771,0
25.255,-0.177941771,0
25.2555,-0.177941771,0
25.256,-0.177941771,0
25.2565,-0.177941771,0
25.257,-0.177941771,0
25.2575,-0.177941771,0
25.258,-0.177941771,0
25.2585,-0.177941771,0
25.259,-0.177941771,0
25.2595,-0.177941771,0
25.26,-0.177941771,0
25.2605,-0.177941771,0
25.261,-0.177941771,0
25.2615,-0.177941771,0
25.262,-0.177941771,0
25.2625,-0.177941771,0
25.263,-0.177941771,0
25.2635,-0.177941771,0
25.264,-0.177941771,0
25.2645,-0.177941771,0
25.265,-0.177941771,0
25.2655,-0.177941771,0
25.266,-0.177941771,0
25.2665,-0.177941771,0
25.267,-0.177941771,0
25.2675,-0.177941771,0
25.268,-0.177941771,0
25.2685,-0.177941771,0
25.269,-0.177941771,0
25.2695,-0.177941771,0
25.27,-0.177941771,0
25.2705,-0.177941771,0
25.271,-0.177941771,0
25.2715,-0.177941771,0
25.272,-0.177941771,0
25.2725,-0.177941771,0
25.273,-0.177941771,0
25.2735,-0.177941771,0
25.274,-0.177941771,0
25.2745,-0.177941771,0
25.275,-0.177941771,0
25.2755,-0.177941771,0
25.276,-0.177941771,0
25.2765,-0.177941771,0
25.277,-0.177941771,0
25.2775,-0.177941771,0
25.278,-0.177941771,0
25.2785,-0.177941771,0
25.279,-0.177941771,0
25.2795,-0.177941771,0
25.28,-0.177941771,0
25.2805,-0.177941771,0
25.281,-0.177941771,0
25.2815,-0.177941771,0
25.282,-0.177941771,0
25.2825,-0.177941771,0
25.283,-0.177941771,0
25.2835,-0.177941771,0
25.284,-0.177941771,0
25.2845,-0.177941771,0
25.285,-0.177941771,0
25.2855,-0.177941771,0
25.286,-0.177941771,0
25.2865,-0.177941771,0
25.287,-0.177941771,0
25.2875,-0.177941771,0
25.288,-0.177941771,0
25.2885,-0.177941771,0
25.289,-0.177941771,0
25.2895,-0.177941771,0
25.29,-0.177941771,0
25.2905,-0.177941771,0
25.291,-0.177941771,0
25.2915,-0.177941771,0
25.292,-0.177941771,0
25.2925,-0.177941771,0
25.293,-0.177941771,0
25.2935,-0.177941771,0
25.294,-0.177941771,0
25.2945,-0.177941771,0
25.295,-0.177941771,0
25.2955,-0.177941771,0
25.296,-0.177941771,0
25.2965,-0.177941771,0
25.297,-0.177941771,0
25.2975,-0.177941771,0
25.298,-0.177941771,0
25.2985,-0.177941771,0
25.299,-0.177941771,0
25.2995,-0.177941771,0
25.3,-0.177941771,0
25.3005,-0.177941771,0
25.301,-0.177941771,0
25.3015,-0.177941771,0
25.302,-0.177941771,0
25.3025,-0.177941771,0
25.303,-0.177941771,0
25.3035,-0.177941771,0
25.304,-0.177941771,0
25.3045,-0.177941771,0
25.305,-0.177941771,0
25.3055,-0.177941771,0
25.306,-0.177941771,0
25.3065,-0.177941771,0
25.307,-0.177941771,0
25.3075,-0.177941771,0
25.308,-0.177941771,0
25.3085,-0.177941771,0
25.309,-0.177941771,0
25.3095,-0.177941771,0
25.31,-0.177941771,0
25.3105,-0.177941771,0
25.311,-0.177941771,0
25.3115,-0.177941771,0
25.312,-0.177941771,0
25.3125,-0.177941771,0
25.313,-0.177941771,0
25.3135,-0.177941771,0
25.314,-0.177941771,0
25.3145,-0.177941771,0
25.315,-0.177941771,0
25.3155,-0.177941771,0
25.316,-0.177941771,0
25.3165,-0.177941771,0
25.317,-0.177941771,0
25.3175,-0.177941771,0
25.318,-0.177941771,0
25.3185,-0.177941771,0
25.319,-0.177941771,0
25.3195,-0.177941771,0
25.32,-0.177941771,0
25.3205,-0.177941771,0
25.321,-0.177941771,0
25.3215,-0.177941771,0
25.322,-0.177941771,0
25.3225,-0.177941771,0
25.323,-0.177941771,0
25.3235,-0.177941771,0
25.324,-0.177941771,0
25.3245,-0.177941771,0
25.325,-0.177941771,0
25.3255,-0.177941771,0
25.326,-0.177941771,0
25.3265,-0.177941771,0
25.327,-0.177941771,0
25.3275,-0.177941771,0
25.328,-0.177941771,0
25.3285,-0.177941771,0
25.329,-0.177941771,0
25.3295,-0.177941771,0
25.33,-0.177941771,0
25.3305,-0.177941771,0
25.331,-0.177941771,0
25.3315,-0.177941771,0
25.332,-0.177941771,0
25.3325,-0.177941771,0
25.333,-0.177941771,0
25.3335,-0.177941771,0
25.334,-0.177941771,0
25.3345,-0.177941771,0
25.335,-0.177941771,0
25.3355,-0.177941771,0
25.336,-0.177941771,0
25.3365,-0.177941771,0
25.337,-0.177941771,0
25.3375,-0.177941771,0
25.338,-0.177941771,0
25.3385,-0.177941771,0
25.339,-0.177941771,0
25.3395,-0.177941771,0
25.34,-0.177941771,0
25.3405,-0.177941771,0
25.341,-0.177941771,0
25.3415,-0.177941771,0
25.342,-0.177941771,0
25.3425,-0.177941771,0
25.343,-0.177941771,0
25.3435,-0.177941771,0
25.344,-0.177941771,0
25.3445,-0.177941771,0
25.345,-0.177941771,0
25.3455,-0.177941771,0
25.346,-0.177941771,0
25.3465,-0.177941771,0
25.347,-0.177941771,0
25.3475,-0.177941771,0
25.348,-0.177941771,0
25.3485,-0.177941771,0
25.349,-0.177941771,0
25.3495,-0.177941771,0
25.35,-0.177941771,0
25.3505,-0.177941771,0
25.351,-0.177941771,0
25.3515,-0.177941771,0
25.352,-0.177941771,0
25.3525,-0.177941771,0
25.353,-0.177941771,0
25.3535,-0.177941771,0
25.354,-0.177941771,0
25.3545,-0.177941771,0
25.355,-0.177941771,0
25.3555,-0.177941771,0
25.356,-0.177941771,0
25.3565,-0.177941771,0
25.357,-0.177941771,0
25.3575,-0.177941771,0
25.358,-0.177941771,0
25.3585,-0.177941771,0
25.359,-0.177941771,0
25.3595,-0.177941771,0
25.36,-0.177941771,0
25.3605,-0.177941771,0
25.361,-0.177941771,0
25.3615,-0.177941771,0
25.362,-0.177941771,0
25.3625,-0.177941771,0
25.363,-0.177941771,0
25.3635,-0.177941771,0
25.364,-0.177941771,0
25.3645,-0.177941771,0
25.365,-0.177941771,0
25.3655,-0.177941771,0
25.366,-0.177941771,0
25.3665,-0.177941771,0
25.367,-0.177941771,0
25.3675,-0.177941771,0
25.368,-0.177941771,0
25.3685,-0.177941771,0
25.369,-0.177941771,0
25.3695,-0.177941771,0
25.37,-0.177941771,0
25.3705,-0.177941771,0
25.371,-0.177941771,0
25.3715,-0.177941771,0
25.372,-0.177941771,0
25.3725,-0.177941771,0
25.373,-0.177941771,0
25.3735,-0.177941771,0
25.374,-0.177941771,0
25.3745,-0.177941771,0
25.375,-0.177941771,0
25.3755,-0.177941771,0
25.376,-0.177941771,0
25.3765,-0.177941771,0
25.377,-0.177941771,0
25.3775,-0.177941771,0
25.378,-0.177941771,0
25.3785,-0.177941771,0
25.379,-0.177941771,0
25.3795,-0.177941771,0
25.38,-0.177941771,0
25.3805,-0.177941771,0
25.381,-0.177941771,0
25.3815,-0.177941771,0
25.382,-0.177941771,0
25.3825,-0.177941771,0
25.383,-0.177941771,0
25.3835,-0.177941771,0
25.384,-0.177941771,0
25.3845,-0.177941771,0
25.385,-0.177941771,0
25.3855,-0.177941771,0
25.386,-0.177941771,0
25.3865,-0.177941771,0
25.387,-0.177941771,0
25.3875,-0.177941771,0
25.388,-0.177941771,0
25.3885,-0.177941771,0
25.389,-0.177941771,0
25.3895,-0.177941771,0
25.39,-0.177941771,0
25.3905,-0.177941771,0
25.391,-0.177941771,0
25.3915,-0.177941771,0
25.392,-0.177941771,0
25.3925,-0.177941771,0
25.393,-0.177941771,0
25.3935,-0.177941771,0
25.394,-0.177941771,0
25.3945,-0.177941771,0
25.395,-0.177941771,0
25.3955,-0.177941771,0
25.396,-0.177941771,0
25.3965,-0.177941771,0
25.397,-0.177941771,0
25.3975,-0.177941771,0
25.398,-0.177941771,0
25.3985,-0.177941771,0
25.399,-0.177941771,0
25.3995,-0.177941771,0
25.4,-0.177941771,0
25.4005,-0.177941771,0
25.401,-0.177941771,0
25.4015,-0.177941771,0
25.402,-0.177941771,0
25.4025,-0.177941771,0
25.403,-0.177941771,0
25.4035,-0.177941771,0
25.404,-0.177941771,0
25.4045,-0.177941771,0
25.405,-0.177941771,0
25.4055,-0.177941771,0
25.406,-0.177941771,0
25.4065,-0.177941771,0
25.407,-0.177941771,0
25.4075,-0.177941771,0
25.408,-0.177941771,0
25.4085,-0.177941771,0
25.409,-0.177941771,0
25.4095,-0.177941771,0
25.41,-0.177941771,0
25.4105,-0.177941771,0
25.411,-0.177941771,0
25.4115,-0.177941771,0
25.412,-0.177941771,0
25.4125,-0.177941771,0
25.413,-0.177941771,0
25.4135,-0.177941771,0
25.414,-0.177941771,0
25.4145,-0.177941771,0
25.415,-0.177941771,0
25.4155,-0.177941771,0
25.416,-0.177941771,0
25.4165,-0.177941771,0
25.417,-0.177941771,0
25.4175,-0.177941771,0
25.418,-0.177941771,0
25.4185,-0.177941771,0
25.419,-0.177941771,0
25.4195,-0.177941771,0
25.42,-0.177941771,0
25.4205,-0.177941771,0
25.421,-0.177941771,0
25.4215,-0.177941771,0
25.422,-0.177941771,0
25.4225,-0.177941771,0
25.423,-0.177941771,0
25.4235,-0.177941771,0
25.424,-0.177941771,0
25.4245,-0.177941771,0
25.425,-0.177941771,0
25.4255,-0.177941771,0
25.426,-0.177941771,0
25.4265,-0.177941771,0
25.427,-0.177941771,0
25.4275,-0.177941771,0
25.428,-0.177941771,0
25.4285,-0.177941771,0
25.429,-0.177941771,0
25.4295,-0.177941771,0
25.43,-0.177941771,0
25.4305,-0.177941771,0
25.431,-0.177941771,0
25.4315,-0.177941771,0
25.432,-0.177941771,0
25.4325,-0.177941771,0
25.433,-0.177941771,0
25.4335,-0.177941771,0
25.434,-0.177941771,0
25.4345,-0.177941771,0
25.435,-0.177941771,0
25.4355,-0.177941771,0
25.436,-0.177941771,0
25.4365,-0.177941771,0
25.437,-0.177941771,0
25.4375,-0.177941771,0
25.438,-0.177941771,0
25.4385,-0.177941771,0
25.439,-0.177941771,0
25.4395,-0.177941771,0
25.44,-0.177941771,0
25.4405,-0.177941771,0
25.441,-0.177941771,0
25.4415,-0.177941771,0
25.442,-0.177941771,0
25.4425,-0.177941771,0
25.443,-0.177941771,0
25.4435,-0.177941771,0
25.444,-0.177941771,0
25.4445,-0.177941771,0
25.445,-0.177941771,0
25.4455,-0.177941771,0
25.446,-0.177941771,0
25.4465,-0.177941771,0
25.447,-0.177941771,0
25.4475,-0.177941771,0
25.448,-0.177941771,0
25.4485,-0.177941771,0
25.449,-0.177941771,0
25.4495,-0.177941771,0
25.45,-0.177941771,0
25.4505,-0.177941771,0
25.451,-0.177941771,0
25.4515,-0.177941771,0
25.452,-0.177941771,0
25.4525,-0.177941771,0
25.453,-0.177941771,0
25.4535,-0.177941771,0
25.454,-0.177941771,0
25.4545,-0.177941771,0
25.455,-0.177941771,0
25.4555,-0.177941771,0
25.456,-0.177941771,0
25.4565,-0.177941771,0
25.457,-0.177941771,0
25.4575,-0.177941771,0
25.458,-0.177941771,0
25.4585,-0.177941771,0
25.459,-0.177941771,0
25.4595,-0.177941771,0
25.46,-0.177941771,0
25.4605,-0.177941771,0
25.461,-0.177941771,0
25.4615,-0.177941771,0
25.462,-0.177941771,0
25.4625,-0.177941771,0
25.463,-0.177941771,0
25.4635,-0.177941771,0
25.464,-0.177941771,0
25.4645,-0.177941771,0
25.465,-0.177941771,0
25.4655,-0.177941771,0
25.466,-0.177941771,0
25.4665,-0.177941771,0
25.467,-0.177941771,0
25.4675,-0.177941771,0
25.468,-0.177941771,0
25.4685,-0.177941771,0
25.469,-0.177941771,0
25.4695,-0.177941771,0
25.47,-0.177941771,0
25.4705,-0.177941771,0
25.471,-0.177941771,0
25.4715,-0.177941771,0
25.472,-0.177941771,0
25.4725,-0.177941771,0
25.473,-0.177941771,0
25.4735,-0.177941771,0
25.474,-0.177941771,0
25.4745,-0.177941771,0
25.475,-0.177941771,0
25.4755,-0.177941771,0
25.476,-0.177941771,0
25.4765,-0.177941771,0
25.477,-0.177941771,0
25.4775,-0.177941771,0
25.478,-0.177941771,0
25.4785,-0.177941771,0
25.479,-0.177941771,0
25.4795,-0.177941771,0
25.48,-0.177941771,0
25.4805,-0.177941771,0
25.481,-0.177941771,0
25.4815,-0.177941771,0
25.482,-0.177941771,0
25.4825,-0.177941771,0
25.483,-0.177941771,0
25.4835,-0.177941771,0
25.484,-0.177941771,0
25.4845,-0.177941771,0
25.485,-0.177941771,0
25.4855,-0.177941771,0
25.486,-0.177941771,0
25.4865,-0.177941771,0
25.487,-0.177941771,0
25.4875,-0.177941771,0
25.488,-0.177941771,0
25.4885,-0.177941771,0
25.489,-0.177941771,0
25.4895,-0.177941771,0
25.49,-0.177941771,0
25.4905,-0.177941771,0
25.491,-0.177941771,0
25.4915,-0.177941771,0
25.492,-0.177941771,0
25.4925,-0.177941771,0
25.493,-0.177941771,0
25.4935,-0.177941771,0
25.494,-0.177941771,0
25.4945,-0.177941771,0
25.495,-0.177941771,0
25.4955,-0.177941771,0
25.496,-0.177941771,0
25.4965,-0.177941771,0
25.497,-0.177941771,0
25.4975,-0.177941771,0
25.498,-0.177941771,0
25.4985,-0.177941771,0
25.499,-0.177941771,0
25.4995,-0.177941771,0
25.5,-0.177941771,0
25.5005,-0.177941771,0
25.501,-0.177941771,0
25.5015,-0.177941771,0
25.502,-0.177941771,0
25.5025,-0.177941771,0
25.503,-0.177941771,0
25.5035,-0.177941771,0
25.504,-0.177941771,0
25.5045,-0.177941771,0
25.505,-0.177941771,0
25.5055,-0.177941771,0
25.506,-0.177941771,0
25.5065,-0.177941771,0
25.507,-0.177941771,0
25.5075,-0.177941771,0
25.508,-0.177941771,0
25.5085,-0.177941771,0
25.509,-0.177941771,0
25.5095,-0.177941771,0
25.51,-0.177941771,0
25.5105,-0.177941771,0
25.511,-0.177941771,0
25.5115,-0.177941771,0
25.512,-0.177941771,0
25.5125,-0.177941771,0
25.513,-0.177941771,0
25.5135,-0.177941771,0
25.514,-0.177941771,0
25.5145,-0.177941771,0
25.515,-0.177941771,0
25.5155,-0.177941771,0
25.516,-0.177941771,0
25.5165,-0.177941771,0
25.517,-0.177941771,0
25.5175,-0.177941771,0
25.518,-0.177941771,0
25.5185,-0.177941771,0
25.519,-0.177941771,0
25.5195,-0.177941771,0
25.52,-0.177941771,0
25.5205,-0.177941771,0
25.521,-0.177941771,0
25.5215,-0.177941771,0
25.522,-0.177941771,0
25.5225,-0.177941771,0
25.523,-0.177941771,0
25.5235,-0.177941771,0
25.524,-0.177941771,0
25.5245,-0.177941771,0
25.525,-0.177941771,0
25.5255,-0.177941771,0
25.526,-0.177941771,0
25.5265,-0.177941771,0
25.527,-0.177941771,0
25.5275,-0.177941771,0
25.528,-0.177941771,0
25.5285,-0.177941771,0
25.529,-0.177941771,0
25.5295,-0.177941771,0
25.53,-0.177941771,0
25.5305,-0.177941771,0
25.531,-0.177941771,0
25.5315,-0.177941771,0
25.532,-0.177941771,0
25.5325,-0.177941771,0
25.533,-0.177941771,0
25.5335,-0.177941771,0
25.534,-0.177941771,0
25.5345,-0.177941771,0
25.535,-0.177941771,0
25.5355,-0.177941771,0
25.536,-0.177941771,0
25.5365,-0.177941771,0
25.537,-0.177941771,0
25.5375,-0.177941771,0
25.538,-0.177941771,0
25.5385,-0.177941771,0
25.539,-0.177941771,0
25.5395,-0.177941771,0
25.54,-0.177941771,0
25.5405,-0.177941771,0
25.541,-0.177941771,0
25.5415,-0.177941771,0
25.542,-0.177941771,0
25.5425,-0.177941771,0
25.543,-0.177941771,0
25.5435,-0.177941771,0
25.544,-0.177941771,0
25.5445,-0.177941771,0
25.545,-0.177941771,0
25.5455,-0.177941771,0
25.546,-0.177941771,0
25.5465,-0.177941771,0
25.547,-0.177941771,0
25.5475,-0.177941771,0
25.548,-0.177941771,0
25.5485,-0.177941771,0
25.549,-0.177941771,0
25.5495,-0.177941771,0
25.55,-0.177941771,0
25.5505,-0.177941771,0
25.551,-0.177941771,0
25.5515,-0.177941771,0
25.552,-0.177941771,0
25.5525,-0.177941771,0
25.553,-0.177941771,0
25.5535,-0.177941771,0
25.554,-0.177941771,0
25.5545,-0.177941771,0
25.555,-0.177941771,0
25.5555,-0.177941771,0
25.556,-0.177941771,0
25.5565,-0.177941771,0
25.557,-0.177941771,0
25.5575,-0.177941771,0
25.558,-0.177941771,0
25.5585,-0.177941771,0
25.559,-0.177941771,0
25.5595,-0.177941771,0
25.56,-0.177941771,0
25.5605,-0.177941771,0
25.561,-0.177941771,0
25.5615,-0.177941771,0
25.562,-0.177941771,0
25.5625,-0.177941771,0
25.563,-0.177941771,0
25.5635,-0.177941771,0
25.564,-0.177941771,0
25.5645,-0.177941771,0
25.565,-0.177941771,0
25.5655,-0.177941771,0
25.566,-0.177941771,0
25.5665,-0.177941771,0
25.567,-0.177941771,0
25.5675,-0.177941771,0
25.568,-0.177941771,0
25.5685,-0.177941771,0
25.569,-0.177941771,0
25.5695,-0.177941771,0
25.57,-0.177941771,0
25.5705,-0.177941771,0
25.571,-0.177941771,0
25.5715,-0.177941771,0
25.572,-0.177941771,0
25.5725,-0.177941771,0
25.573,-0.177941771,0
25.5735,-0.177941771,0
25.574,-0.177941771,0
25.5745,-0.177941771,0
25.575,-0.177941771,0
25.5755,-0.177941771,0
25.576,-0.177941771,0
25.5765,-0.177941771,0
25.577,-0.177941771,0
25.5775,-0.177941771,0
25.578,-0.177941771,0
25.5785,-0.177941771,0
25.579,-0.177941771,0
25.5795,-0.177941771,0
25.58,-0.177941771,0
25.5805,-0.177941771,0
25.581,-0.177941771,0
25.5815,-0.177941771,0
25.582,-0.177941771,0
25.5825,-0.177941771,0
25.583,-0.177941771,0
25.5835,-0.177941771,0
25.584,-0.177941771,0
25.5845,-0.177941771,0
25.585,-0.177941771,0
25.5855,-0.177941771,0
25.586,-0.177941771,0
25.5865,-0.177941771,0
25.587,-0.177941771,0
25.5875,-0.177941771,0
25.588,-0.177941771,0
25.5885,-0.177941771,0
25.589,-0.177941771,0
25.5895,-0.177941771,0
25.59,-0.177941771,0
25.5905,-0.177941771,0
25.591,-0.177941771,0
25.5915,-0.177941771,0
25.592,-0.177941771,0
25.5925,-0.177941771,0
25.593,-0.177941771,0
25.5935,-0.177941771,0
25.594,-0.177941771,0
25.5945,-0.177941771,0
25.595,-0.177941771,0
25.5955,-0.177941771,0
25.596,-0.177941771,0
25.5965,-0.177941771,0
25.597,-0.177941771,0
25.5975,-0.177941771,0
25.598,-0.177941771,0
25.5985,-0.177941771,0
25.599,-0.177941771,0
25.5995,-0.177941771,0
25.6,-0.177941771,0
25.6005,-0.177941771,0
25.601,-0.177941771,0
25.6015,-0.177941771,0
25.602,-0.177941771,0
25.6025,-0.177941771,0
25.603,-0.177941771,0
25.6035,-0.177941771,0
25.604,-0.177941771,0
25.6045,-0.177941771,0
25.605,-0.177941771,0
25.6055,-0.177941771,0
25.606,-0.177941771,0
25.6065,-0.177941771,0
25.607,-0.177941771,0
25.6075,-0.177941771,0
25.608,-0.177941771,0
25.6085,-0.177941771,0
25.609,-0.177941771,0
25.6095,-0.177941771,0
25.61,-0.177941771,0
25.6105,-0.177941771,0
25.611,-0.177941771,0
25.6115,-0.177941771,0
25.612,-0.177941771,0
25.6125,-0.177941771,0
25.613,-0.177941771,0
25.6135,-0.177941771,0
25.614,-0.177941771,0
25.6145,-0.177941771,0
25.615,-0.177941771,0
25.6155,-0.177941771,0
25.616,-0.177941771,0
25.6165,-0.177941771,0
25.617,-0.177941771,0
25.6175,-0.177941771,0
25.618,-0.177941771,0
25.6185,-0.177941771,0
25.619,-0.177941771,0
25.6195,-0.177941771,0
25.62,-0.177941771,0
25.6205,-0.177941771,0
25.621,-0.177941771,0
25.6215,-0.177941771,0
25.622,-0.177941771,0
25.6225,-0.177941771,0
25.623,-0.177941771,0
25.6235,-0.177941771,0
25.624,-0.177941771,0
25.6245,-0.177941771,0
25.625,-0.177941771,0
25.6255,-0.177941771,0
25.626,-0.177941771,0
25.6265,-0.177941771,0
25.627,-0.177941771,0
25.6275,-0.177941771,0
25.628,-0.177941771,0
25.6285,-0.177941771,0
25.629,-0.177941771,0
25.6295,-0.177941771,0
25.63,-0.177941771,0
25.6305,-0.177941771,0
25.631,-0.177941771,0
25.6315,-0.177941771,0
25.632,-0.177941771,0
25.6325,-0.177941771,0
25.633,-0.177941771,0
25.6335,-0.177941771,0
25.634,-0.177941771,0
25.6345,-0.177941771,0
25.635,-0.177941771,0
25.6355,-0.177941771,0
25.636,-0.177941771,0
25.6365,-0.177941771,0
25.637,-0.177941771,0
25.6375,-0.177941771,0
25.638,-0.177941771,0
25.6385,-0.177941771,0
25.639,-0.177941771,0
25.6395,-0.177941771,0
25.64,-0.177941771,0
25.6405,-0.177941771,0
25.641,-0.177941771,0
25.6415,-0.177941771,0
25.642,-0.177941771,0
25.6425,-0.177941771,0
25.643,-0.177941771,0
25.6435,-0.177941771,0
25.644,-0.177941771,0
25.6445,-0.177941771,0
25.645,-0.177941771,0
25.6455,-0.177941771,0
25.646,-0.177941771,0
25.6465,-0.177941771,0
25.647,-0.177941771,0
25.6475,-0.177941771,0
25.648,-0.177941771,0
25.6485,-0.177941771,0
25.649,-0.177941771,0
25.6495,-0.177941771,0
25.65,-0.177941771,0
25.6505,-0.177941771,0
25.651,-0.177941771,0
25.6515,-0.177941771,0
25.652,-0.177941771,0
25.6525,-0.177941771,0
25.653,-0.177941771,0
25.6535,-0.177941771,0
25.654,-0.177941771,0
25.6545,-0.177941771,0
25.655,-0.177941771,0
25.6555,-0.177941771,0
25.656,-0.177941771,0
25.6565,-0.177941771,0
25.657,-0.177941771,0
25.6575,-0.177941771,0
25.658,-0.177941771,0
25.6585,-0.177941771,0
25.659,-0.177941771,0
25.6595,-0.177941771,0
25.66,-0.177941771,0
25.6605,-0.177941771,0
25.661,-0.177941771,0
25.6615,-0.177941771,0
25.662,-0.177941771,0
25.6625,-0.177941771,0
25.663,-0.177941771,0
25.6635,-0.177941771,0
25.664,-0.177941771,0
25.6645,-0.177941771,0
25.665,-0.177941771,0
25.6655,-0.177941771,0
25.666,-0.177941771,0
25.6665,-0.177941771,0
25.667,-0.177941771,0
25.6675,-0.177941771,0
25.668,-0.177941771,0
25.6685,-0.177941771,0
25.669,-0.177941771,0
25.6695,-0.177941771,0
25.67,-0.177941771,0
25.6705,-0.177941771,0
25.671,-0.177941771,0
25.6715,-0.177941771,0
25.672,-0.177941771,0
25.6725,-0.177941771,0
25.673,-0.177941771,0
25.6735,-0.177941771,0
25.674,-0.177941771,0
25.6745,-0.177941771,0
25.675,-0.177941771,0
25.6755,-0.177941771,0
25.676,-0.177941771,0
25.6765,-0.177941771,0
25.677,-0.177941771,0
25.6775,-0.177941771,0
25.678,-0.177941771,0
25.6785,-0.177941771,0
25.679,-0.177941771,0
25.6795,-0.177941771,0
25.68,-0.177941771,0
25.6805,-0.177941771,0
25.681,-0.177941771,0
25.6815,-0.177941771,0
25.682,-0.177941771,0
25.6825,-0.177941771,0
25.683,-0.177941771,0
25.6835,-0.177941771,0
25.684,-0.177941771,0
25.6845,-0.177941771,0
25.685,-0.177941771,0
25.6855,-0.177941771,0
25.686,-0.177941771,0
25.6865,-0.177941771,0
25.687,-0.177941771,0
25.6875,-0.177941771,0
25.688,-0.177941771,0
25.6885,-0.177941771,0
25.689,-0.177941771,0
25.6895,-0.177941771,0
25.69,-0.177941771,0
25.6905,-0.177941771,0
25.691,-0.177941771,0
25.6915,-0.177941771,0
25.692,-0.177941771,0
25.6925,-0.177941771,0
25.693,-0.177941771,0
25.6935,-0.177941771,0
25.694,-0.177941771,0
25.6945,-0.177941771,0
25.695,-0.177941771,0
25.6955,-0.177941771,0
25.696,-0.177941771,0
25.6965,-0.177941771,0
25.697,-0.177941771,0
25.6975,-0.177941771,0
25.698,-0.177941771,0
25.6985,-0.177941771,0
25.699,-0.177941771,0
25.6995,-0.177941771,0
25.7,-0.177941771,0
25.7005,-0.177941771,0
25.701,-0.177941771,0
25.7015,-0.177941771,0
25.702,-0.177941771,0
25.7025,-0.177941771,0
25.703,-0.177941771,0
25.7035,-0.177941771,0
25.704,-0.177941771,0
25.7045,-0.177941771,0
25.705,-0.177941771,0
25.7055,-0.177941771,0
25.706,-0.177941771,0
25.7065,-0.177941771,0
25.707,-0.177941771,0
25.7075,-0.177941771,0
25.708,-0.177941771,0
25.7085,-0.177941771,0
25.709,-0.177941771,0
25.7095,-0.177941771,0
25.71,-0.177941771,0
25.7105,-0.177941771,0
25.711,-0.177941771,0
25.7115,-0.177941771,0
25.712,-0.177941771,0
25.7125,-0.177941771,0
25.713,-0.177941771,0
25.7135,-0.177941771,0
25.714,-0.177941771,0
25.7145,-0.177941771,0
25.715,-0.177941771,0
25.7155,-0.177941771,0
25.716,-0.177941771,0
25.7165,-0.177941771,0
25.717,-0.177941771,0
25.7175,-0.177941771,0
25.718,-0.177941771,0
25.7185,-0.177941771,0
25.719,-0.177941771,0
25.7195,-0.177941771,0
25.72,-0.177941771,0
25.7205,-0.177941771,0
25.721,-0.177941771,0
25.7215,-0.177941771,0
25.722,-0.177941771,0
25.7225,-0.177941771,0
25.723,-0.177941771,0
25.7235,-0.177941771,0
25.724,-0.177941771,0
25.7245,-0.177941771,0
25.725,-0.177941771,0
25.7255,-0.177941771,0
25.726,-0.177941771,0
25.7265,-0.177941771,0
25.727,-0.177941771,0
25.7275,-0.177941771,0
25.728,-0.177941771,0
25.7285,-0.177941771,0
25.729,-0.177941771,0
25.7295,-0.177941771,0
25.73,-0.177941771,0
25.7305,-0.177941771,0
25.731,-0.177941771,0
25.7315,-0.177941771,0
25.732,-0.177941771,0
25.7325,-0.177941771,0
25.733,-0.177941771,0
25.7335,-0.177941771,0
25.734,-0.177941771,0
25.7345,-0.177941771,0
25.735,-0.177941771,0
25.7355,-0.177941771,0
25.736,-0.177941771,0
25.7365,-0.177941771,0
25.737,-0.177941771,0
25.7375,-0.177941771,0
25.738,-0.177941771,0
25.7385,-0.177941771,0
25.739,-0.177941771,0
25.7395,-0.177941771,0
25.74,-0.177941771,0
25.7405,-0.177941771,0
25.741,-0.177941771,0
25.7415,-0.177941771,0
25.742,-0.177941771,0
25.7425,-0.177941771,0
25.743,-0.177941771,0
25.7435,-0.177941771,0
25.744,-0.177941771,0
25.7445,-0.177941771,0
25.745,-0.177941771,0
25.7455,-0.177941771,0
25.746,-0.177941771,0
25.7465,-0.177941771,0
25.747,-0.177941771,0
25.7475,-0.177941771,0
25.748,-0.177941771,0
25.7485,-0.177941771,0
25.749,-0.177941771,0
25.7495,-0.177941771,0
25.75,-0.177941771,0
25.7505,-0.177941771,0
25.751,-0.177941771,0
25.7515,-0.177941771,0
25.752,-0.177941771,0
25.7525,-0.177941771,0
25.753,-0.177941771,0
25.7535,-0.177941771,0
25.754,-0.177941771,0
25.7545,-0.177941771,0
25.755,-0.177941771,0
25.7555,-0.177941771,0
25.756,-0.177941771,0
25.7565,-0.177941771,0
25.757,-0.177941771,0
25.7575,-0.177941771,0
25.758,-0.177941771,0
25.7585,-0.177941771,0
25.759,-0.177941771,0
25.7595,-0.177941771,0
25.76,-0.177941771,0
25.7605,-0.177941771,0
25.761,-0.177941771,0
25.7615,-0.177941771,0
25.762,-0.177941771,0
25.7625,-0.177941771,0
25.763,-0.177941771,0
25.7635,-0.177941771,0
25.764,-0.177941771,0
25.7645,-0.177941771,0
25.765,-0.177941771,0
25.7655,-0.177941771,0
25.766,-0.177941771,0
25.7665,-0.177941771,0
25.767,-0.177941771,0
25.7675,-0.177941771,0
25.768,-0.177941771,0
25.7685,-0.177941771,0
25.769,-0.177941771,0
25.7695,-0.177941771,0
25.77,-0.177941771,0
25.7705,-0.177941771,0
25.771,-0.177941771,0
25.7715,-0.177941771,0
25.772,-0.177941771,0
25.7725,-0.177941771,0
25.773,-0.177941771,0
25.7735,-0.177941771,0
25.774,-0.177941771,0
25.7745,-0.177941771,0
25.775,-0.177941771,0
25.7755,-0.177941771,0
25.776,-0.177941771,0
25.7765,-0.177941771,0
25.777,-0.177941771,0
25.7775,-0.177941771,0
25.778,-0.177941771,0
25.7785,-0.177941771,0
25.779,-0.177941771,0
25.7795,-0.177941771,0
25.78,-0.177941771,0
25.7805,-0.177941771,0
25.781,-0.177941771,0
25.7815,-0.177941771,0
25.782,-0.177941771,0
25.7825,-0.177941771,0
25.783,-0.177941771,0
25.7835,-0.177941771,0
25.784,-0.177941771,0
25.7845,-0.177941771,0
25.785,-0.177941771,0
25.7855,-0.177941771,0
25.786,-0.177941771,0
25.7865,-0.177941771,0
25.787,-0.177941771,0
25.7875,-0.177941771,0
25.788,-0.177941771,0
25.7885,-0.177941771,0
25.789,-0.177941771,0
25.7895,-0.177941771,0
25.79,-0.177941771,0
25.7905,-0.177941771,0
25.791,-0.177941771,0
25.7915,-0.177941771,0
25.792,-0.177941771,0
25.7925,-0.177941771,0
25.793,-0.177941771,0
25.7935,-0.177941771,0
25.794,-0.177941771,0
25.7945,-0.177941771,0
25.795,-0.177941771,0
25.7955,-0.177941771,0
25.796,-0.177941771,0
25.7965,-0.177941771,0
25.797,-0.177941771,0
25.7975,-0.177941771,0
25.798,-0.177941771,0
25.7985,-0.177941771,0
25.799,-0.177941771,0
25.7995,-0.177941771,0
25.8,-0.177941771,0
25.8005,-0.177941771,0
25.801,-0.177941771,0
25.8015,-0.177941771,0
25.802,-0.177941771,0
25.8025,-0.177941771,0
25.803,-0.177941771,0
25.8035,-0.177941771,0
25.804,-0.177941771,0
25.8045,-0.177941771,0
25.805,-0.177941771,0
25.8055,-0.177941771,0
25.806,-0.177941771,0
25.8065,-0.177941771,0
25.807,-0.177941771,0
25.8075,-0.177941771,0
25.808,-0.177941771,0
25.8085,-0.177941771,0
25.809,-0.177941771,0
25.8095,-0.177941771,0
25.81,-0.177941771,0
25.8105,-0.177941771,0
25.811,-0.177941771,0
25.8115,-0.177941771,0
25.812,-0.177941771,0
25.8125,-0.177941771,0
25.813,-0.177941771,0
25.8135,-0.177941771,0
25.814,-0.177941771,0
25.8145,-0.177941771,0
25.815,-0.177941771,0
25.8155,-0.177941771,0
25.816,-0.177941771,0
25.8165,-0.177941771,0
25.817,-0.177941771,0
25.8175,-0.177941771,0
25.818,-0.177941771,0
25.8185,-0.177941771,0
25.819,-0.177941771,0
25.8195,-0.177941771,0
25.82,-0.177941771,0
25.8205,-0.177941771,0
25.821,-0.177941771,0
25.8215,-0.177941771,0
25.822,-0.177941771,0
25.8225,-0.177941771,0
25.823,-0.177941771,0
25.8235,-0.177941771,0
25.824,-0.177941771,0
25.8245,-0.177941771,0
25.825,-0.177941771,0
25.8255,-0.177941771,0
25.826,-0.177941771,0
25.8265,-0.177941771,0
25.827,-0.177941771,0
25.8275,-0.177941771,0
25.828,-0.177941771,0
25.8285,-0.177941771,0
25.829,-0.177941771,0
25.8295,-0.177941771,0
25.83,-0.177941771,0
25.8305,-0.177941771,0
25.831,-0.177941771,0
25.8315,-0.177941771,0
25.832,-0.177941771,0
25.8325,-0.177941771,0
25.833,-0.177941771,0
25.8335,-0.177941771,0
25.834,-0.177941771,0
25.8345,-0.177941771,0
25.835,-0.177941771,0
25.8355,-0.177941771,0
25.836,-0.177941771,0
25.8365,-0.177941771,0
25.837,-0.177941771,0
25.8375,-0.177941771,0
25.838,-0.177941771,0
25.8385,-0.177941771,0
25.839,-0.177941771,0
25.8395,-0.177941771,0
25.84,-0.177941771,0
25.8405,-0.177941771,0
25.841,-0.177941771,0
25.8415,-0.177941771,0
25.842,-0.177941771,0
25.8425,-0.177941771,0
25.843,-0.177941771,0
25.8435,-0.177941771,0
25.844,-0.177941771,0
25.8445,-0.177941771,0
25.845,-0.177941771,0
25.8455,-0.177941771,0
25.846,-0.177941771,0
25.8465,-0.177941771,0
25.847,-0.177941771,0
25.8475,-0.177941771,0
25.848,-0.177941771,0
25.8485,-0.177941771,0
25.849,-0.177941771,0
25.8495,-0.177941771,0
25.85,-0.177941771,0
25.8505,-0.177941771,0
25.851,-0.177941771,0
25.8515,-0.177941771,0
25.852,-0.177941771,0
25.8525,-0.177941771,0
25.853,-0.177941771,0
25.8535,-0.177941771,0
25.854,-0.177941771,0
25.8545,-0.177941771,0
25.855,-0.177941771,0
25.8555,-0.177941771,0
25.856,-0.177941771,0
25.8565,-0.177941771,0
25.857,-0.177941771,0
25.8575,-0.177941771,0
25.858,-0.177941771,0
25.8585,-0.177941771,0
25.859,-0.177941771,0
25.8595,-0.177941771,0
25.86,-0.177941771,0
25.8605,-0.177941771,0
25.861,-0.177941771,0
25.8615,-0.177941771,0
25.862,-0.177941771,0
25.8625,-0.177941771,0
25.863,-0.177941771,0
25.8635,-0.177941771,0
25.864,-0.177941771,0
25.8645,-0.177941771,0
25.865,-0.177941771,0
25.8655,-0.177941771,0
25.866,-0.177941771,0
25.8665,-0.177941771,0
25.867,-0.177941771,0
25.8675,-0.177941771,0
25.868,-0.177941771,0
25.8685,-0.177941771,0
25.869,-0.177941771,0
25.8695,-0.177941771,0
25.87,-0.177941771,0
25.8705,-0.177941771,0
25.871,-0.177941771,0
25.8715,-0.177941771,0
25.872,-0.177941771,0
25.8725,-0.177941771,0
25.873,-0.177941771,0
25.8735,-0.177941771,0
25.874,-0.177941771,0
25.8745,-0.177941771,0
25.875,-0.177941771,0
25.8755,-0.177941771,0
25.876,-0.177941771,0
25.8765,-0.177941771,0
25.877,-0.177941771,0
25.8775,-0.177941771,0
25.878,-0.177941771,0
25.8785,-0.177941771,0
25.879,-0.177941771,0
25.8795,-0.177941771,0
25.88,-0.177941771,0
25.8805,-0.177941771,0
25.881,-0.177941771,0
25.8815,-0.177941771,0
25.882,-0.177941771,0
25.8825,-0.177941771,0
25.883,-0.177941771,0
25.8835,-0.177941771,0
25.884,-0.177941771,0
25.8845,-0.177941771,0
25.885,-0.177941771,0
25.8855,-0.177941771,0
25.886,-0.177941771,0
25.8865,-0.177941771,0
25.887,-0.177941771,0
25.8875,-0.177941771,0
25.888,-0.177941771,0
25.8885,-0.177941771,0
25.889,-0.177941771,0
25.8895,-0.177941771,0
25.89,-0.177941771,0
25.8905,-0.177941771,0
25.891,-0.177941771,0
25.8915,-0.177941771,0
25.892,-0.177941771,0
25.8925,-0.177941771,0
25.893,-0.177941771,0
25.8935,-0.177941771,0
25.894,-0.177941771,0
25.8945,-0.177941771,0
25.895,-0.177941771,0
25.8955,-0.177941771,0
25.896,-0.177941771,0
25.8965,-0.177941771,0
25.897,-0.177941771,0
25.8975,-0.177941771,0
25.898,-0.177941771,0
25.8985,-0.177941771,0
25.899,-0.177941771,0
25.8995,-0.177941771,0
25.9,-0.177941771,0
25.9005,-0.177941771,0
25.901,-0.177941771,0
25.9015,-0.177941771,0
25.902,-0.177941771,0
25.9025,-0.177941771,0
25.903,-0.177941771,0
25.9035,-0.177941771,0
25.904,-0.177941771,0
25.9045,-0.177941771,0
25.905,-0.177941771,0
25.9055,-0.177941771,0
25.906,-0.177941771,0
25.9065,-0.177941771,0
25.907,-0.177941771,0
25.9075,-0.177941771,0
25.908,-0.177941771,0
25.9085,-0.177941771,0
25.909,-0.177941771,0
25.9095,-0.177941771,0
25.91,-0.177941771,0
25.9105,-0.177941771,0
25.911,-0.177941771,0
25.9115,-0.177941771,0
25.912,-0.177941771,0
25.9125,-0.177941771,0
25.913,-0.177941771,0
25.9135,-0.177941771,0
25.914,-0.177941771,0
25.9145,-0.177941771,0
25.915,-0.177941771,0
25.9155,-0.177941771,0
25.916,-0.177941771,0
25.9165,-0.177941771,0
25.917,-0.177941771,0
25.9175,-0.177941771,0
25.918,-0.177941771,0
25.9185,-0.177941771,0
25.919,-0.177941771,0
25.9195,-0.177941771,0
25.92,-0.177941771,0
25.9205,-0.177941771,0
25.921,-0.177941771,0
25.9215,-0.177941771,0
25.922,-0.177941771,0
25.9225,-0.177941771,0
25.923,-0.177941771,0
25.9235,-0.177941771,0
25.924,-0.177941771,0
25.9245,-0.177941771,0
25.925,-0.177941771,0
25.9255,-0.177941771,0
25.926,-0.177941771,0
25.9265,-0.177941771,0
25.927,-0.177941771,0
25.9275,-0.177941771,0
25.928,-0.177941771,0
25.9285,-0.177941771,0
25.929,-0.177941771,0
25.9295,-0.177941771,0
25.93,-0.177941771,0
25.9305,-0.177941771,0
25.931,-0.177941771,0
25.9315,-0.177941771,0
25.932,-0.177941771,0
25.9325,-0.177941771,0
25.933,-0.177941771,0
25.9335,-0.177941771,0
25.934,-0.177941771,0
25.9345,-0.177941771,0
25.935,-0.177941771,0
25.9355,-0.177941771,0
25.936,-0.177941771,0
25.9365,-0.177941771,0
25.937,-0.177941771,0
25.9375,-0.177941771,0
25.938,-0.177941771,0
25.9385,-0.177941771,0
25.939,-0.177941771,0
25.9395,-0.177941771,0
25.94,-0.177941771,0
25.9405,-0.177941771,0
25.941,-0.177941771,0
25.9415,-0.177941771,0
25.942,-0.177941771,0
25.9425,-0.177941771,0
25.943,-0.177941771,0
25.9435,-0.177941771,0
25.944,-0.177941771,0
25.9445,-0.177941771,0
25.945,-0.177941771,0
25.9455,-0.177941771,0
25.946,-0.177941771,0
25.9465,-0.177941771,0
25.947,-0.177941771,0
25.9475,-0.177941771,0
25.948,-0.177941771,0
25.9485,-0.177941771,0
25.949,-0.177941771,0
25.9495,-0.177941771,0
25.95,-0.177941771,0
25.9505,-0.177941771,0
25.951,-0.177941771,0
25.9515,-0.177941771,0
25.952,-0.177941771,0
25.9525,-0.177941771,0
25.953,-0.177941771,0
25.9535,-0.177941771,0
25.954,-0.177941771,0
25.9545,-0.177941771,0
25.955,-0.177941771,0
25.9555,-0.177941771,0
25.956,-0.177941771,0
25.9565,-0.177941771,0
25.957,-0.177941771,0
25.9575,-0.177941771,0
25.958,-0.177941771,0
25.9585,-0.177941771,0
25.959,-0.177941771,0
25.9595,-0.177941771,0
25.96,-0.177941771,0
25.9605,-0.177941771,0
25.961,-0.177941771,0
25.9615,-0.177941771,0
25.962,-0.177941771,0
25.9625,-0.177941771,0
25.963,-0.177941771,0
25.9635,-0.177941771,0
25.964,-0.177941771,0
25.9645,-0.177941771,0
25.965,-0.177941771,0
25.9655,-0.177941771,0
25.966,-0.177941771,0
25.9665,-0.177941771,0
25.967,-0.177941771,0
25.9675,-0.177941771,0
25.968,-0.177941771,0
25.9685,-0.177941771,0
25.969,-0.177941771,0
25.9695,-0.177941771,0
25.97,-0.177941771,0
25.9705,-0.177941771,0
25.971,-0.177941771,0
25.9715,-0.177941771,0
25.972,-0.177941771,0
25.9725,-0.177941771,0
25.973,-0.177941771,0
25.9735,-0.177941771,0
25.974,-0.177941771,0
25.9745,-0.177941771,0
25.975,-0.177941771,0
25.9755,-0.177941771,0
25.976,-0.177941771,0
25.9765,-0.177941771,0
25.977,-0.177941771,0
25.9775,-0.177941771,0
25.978,-0.177941771,0
25.9785,-0.177941771,0
25.979,-0.177941771,0
25.9795,-0.177941771,0
25.98,-0.177941771,0
25.9805,-0.177941771,0
25.981,-0.177941771,0
25.9815,-0.177941771,0
25.982,-0.177941771,0
25.9825,-0.177941771,0
25.983,-0.177941771,0
25.9835,-0.177941771,0
25.984,-0.177941771,0
25.9845,-0.177941771,0
25.985,-0.177941771,0
25.9855,-0.177941771,0
25.986,-0.177941771,0
25.9865,-0.177941771,0
25.987,-0.177941771,0
25.9875,-0.177941771,0
25.988,-0.177941771,0
25.9885,-0.177941771,0
25.989,-0.177941771,0
25.9895,-0.177941771,0
25.99,-0.177941771,0
25.9905,-0.177941771,0
25.991,-0.177941771,0
25.9915,-0.177941771,0
25.992,-0.177941771,0
25.9925,-0.177941771,0
25.993,-0.177941771,0
25.9935,-0.177941771,0
25.994,-0.177941771,0
25.9945,-0.177941771,0
25.995,-0.177941771,0
25.9955,-0.177941771,0
25.996,-0.177941771,0
25.9965,-0.177941771,0
25.997,-0.177941771,0
25.9975,-0.177941771,0
25.998,-0.177941771,0
25.9985,-0.177941771,0
25.999,-0.177941771,0
25.9995,-0.177941771,0
26,-0.177941771,0
26.0005,-0.177941771,0
26.001,-0.177941771,0
26.0015,-0.177941771,0
26.002,-0.177941771,0
26.0025,-0.177941771,0
26.003,-0.177941771,0
26.0035,-0.177941771,0
26.004,-0.177941771,0
26.0045,-0.177941771,0
26.005,-0.177941771,0
26.0055,-0.177941771,0
26.006,-0.177941771,0
26.0065,-0.177941771,0
26.007,-0.177941771,0
26.0075,-0.177941771,0
26.008,-0.177941771,0
26.0085,-0.177941771,0
26.009,-0.177941771,0
26.0095,-0.177941771,0
26.01,-0.177941771,0
26.0105,-0.177941771,0
26.011,-0.177941771,0
26.0115,-0.177941771,0
26.012,-0.177941771,0
26.0125,-0.177941771,0
26.013,-0.177941771,0
26.0135,-0.177941771,0
26.014,-0.177941771,0
26.0145,-0.177941771,0
26.015,-0.177941771,0
26.0155,-0.177941771,0
26.016,-0.177941771,0
26.0165,-0.177941771,0
26.017,-0.177941771,0
26.0175,-0.177941771,0
26.018,-0.177941771,0
26.0185,-0.177941771,0
26.019,-0.177941771,0
26.0195,-0.177941771,0
26.02,-0.177941771,0
26.0205,-0.177941771,0
26.021,-0.177941771,0
26.0215,-0.177941771,0
26.022,-0.177941771,0
26.0225,-0.177941771,0
26.023,-0.177941771,0
26.0235,-0.177941771,0
26.024,-0.177941771,0
26.0245,-0.177941771,0
26.025,-0.177941771,0
26.0255,-0.177941771,0
26.026,-0.177941771,0
26.0265,-0.177941771,0
26.027,-0.177941771,0
26.0275,-0.177941771,0
26.028,-0.177941771,0
26.0285,-0.177941771,0
26.029,-0.177941771,0
26.0295,-0.177941771,0
26.03,-0.177941771,0
26.0305,-0.177941771,0
26.031,-0.177941771,0
26.0315,-0.177941771,0
26.032,-0.177941771,0
26.0325,-0.177941771,0
26.033,-0.177941771,0
26.0335,-0.177941771,0
26.034,-0.177941771,0
26.0345,-0.177941771,0
26.035,-0.177941771,0
26.0355,-0.177941771,0
26.036,-0.177941771,0
26.0365,-0.177941771,0
26.037,-0.177941771,0
26.0375,-0.177941771,0
26.038,-0.177941771,0
26.0385,-0.177941771,0
26.039,-0.177941771,0
26.0395,-0.177941771,0
26.04,-0.177941771,0
26.0405,-0.177941771,0
26.041,-0.177941771,0
26.0415,-0.177941771,0
26.042,-0.177941771,0
26.0425,-0.177941771,0
26.043,-0.177941771,0
26.0435,-0.177941771,0
26.044,-0.177941771,0
26.0445,-0.177941771,0
26.045,-0.177941771,0
26.0455,-0.177941771,0
26.046,-0.177941771,0
26.0465,-0.177941771,0
26.047,-0.177941771,0
26.0475,-0.177941771,0
26.048,-0.177941771,0
26.0485,-0.177941771,0
26.049,-0.177941771,0
26.0495,-0.177941771,0
26.05,-0.177941771,0
26.0505,-0.177941771,0
26.051,-0.177941771,0
26.0515,-0.177941771,0
26.052,-0.177941771,0
26.0525,-0.177941771,0
26.053,-0.177941771,0
26.0535,-0.177941771,0
26.054,-0.177941771,0
26.0545,-0.177941771,0
26.055,-0.177941771,0
26.0555,-0.177941771,0
26.056,-0.177941771,0
26.0565,-0.177941771,0
26.057,-0.177941771,0
26.0575,-0.177941771,0
26.058,-0.177941771,0
26.0585,-0.177941771,0
26.059,-0.177941771,0
26.0595,-0.177941771,0
26.06,-0.177941771,0
26.0605,-0.177941771,0
26.061,-0.177941771,0
26.0615,-0.177941771,0
26.062,-0.177941771,0
26.0625,-0.177941771,0
26.063,-0.177941771,0
26.0635,-0.177941771,0
26.064,-0.177941771,0
26.0645,-0.177941771,0
26.065,-0.177941771,0
26.0655,-0.177941771,0
26.066,-0.177941771,0
26.0665,-0.177941771,0
26.067,-0.177941771,0
26.0675,-0.177941771,0
26.068,-0.177941771,0
26.0685,-0.177941771,0
26.069,-0.177941771,0
26.0695,-0.177941771,0
26.07,-0.177941771,0
26.0705,-0.177941771,0
26.071,-0.177941771,0
26.0715,-0.177941771,0
26.072,-0.177941771,0
26.0725,-0.177941771,0
26.073,-0.177941771,0
26.0735,-0.177941771,0
26.074,-0.177941771,0
26.0745,-0.177941771,0
26.075,-0.177941771,0
26.0755,-0.177941771,0
26.076,-0.177941771,0
26.0765,-0.177941771,0
26.077,-0.177941771,0
26.0775,-0.177941771,0
26.078,-0.177941771,0
26.0785,-0.177941771,0
26.079,-0.177941771,0
26.0795,-0.177941771,0
26.08,-0.177941771,0
26.0805,-0.177941771,0
26.081,-0.177941771,0
26.0815,-0.177941771,0
26.082,-0.177941771,0
26.0825,-0.177941771,0
26.083,-0.177941771,0
26.0835,-0.177941771,0
26.084,-0.177941771,0
26.0845,-0.177941771,0
26.085,-0.177941771,0
26.0855,-0.177941771,0
26.086,-0.177941771,0
26.0865,-0.177941771,0
26.087,-0.177941771,0
26.0875,-0.177941771,0
26.088,-0.177941771,0
26.0885,-0.177941771,0
26.089,-0.177941771,0
26.0895,-0.177941771,0
26.09,-0.177941771,0
26.0905,-0.177941771,0
26.091,-0.177941771,0
26.0915,-0.177941771,0
26.092,-0.177941771,0
26.0925,-0.177941771,0
26.093,-0.177941771,0
26.0935,-0.177941771,0
26.094,-0.177941771,0
26.0945,-0.177941771,0
26.095,-0.177941771,0
26.0955,-0.177941771,0
26.096,-0.177941771,0
26.0965,-0.177941771,0
26.097,-0.177941771,0
26.0975,-0.177941771,0
26.098,-0.177941771,0
26.0985,-0.177941771,0
26.099,-0.177941771,0
26.0995,-0.177941771,0
26.1,-0.177941771,0
26.1005,-0.177941771,0
26.101,-0.177941771,0
26.1015,-0.177941771,0
26.102,-0.177941771,0
26.1025,-0.177941771,0
26.103,-0.177941771,0
26.1035,-0.177941771,0
26.104,-0.177941771,0
26.1045,-0.177941771,0
26.105,-0.177941771,0
26.1055,-0.177941771,0
26.106,-0.177941771,0
26.1065,-0.177941771,0
26.107,-0.177941771,0
26.1075,-0.177941771,0
26.108,-0.177941771,0
26.1085,-0.177941771,0
26.109,-0.177941771,0
26.1095,-0.177941771,0
26.11,-0.177941771,0
26.1105,-0.177941771,0
26.111,-0.177941771,0
26.1115,-0.177941771,0
26.112,-0.177941771,0
26.1125,-0.177941771,0
26.113,-0.177941771,0
26.1135,-0.177941771,0
26.114,-0.177941771,0
26.1145,-0.177941771,0
26.115,-0.177941771,0
26.1155,-0.177941771,0
26.116,-0.177941771,0
26.1165,-0.177941771,0
26.117,-0.177941771,0
26.1175,-0.177941771,0
26.118,-0.177941771,0
26.1185,-0.177941771,0
26.119,-0.177941771,0
26.1195,-0.177941771,0
26.12,-0.177941771,0
26.1205,-0.177941771,0
26.121,-0.177941771,0
26.1215,-0.177941771,0
26.122,-0.177941771,0
26.1225,-0.177941771,0
26.123,-0.177941771,0
26.1235,-0.177941771,0
26.124,-0.177941771,0
26.1245,-0.177941771,0
26.125,-0.177941771,0
26.1255,-0.177941771,0
26.126,-0.177941771,0
26.1265,-0.177941771,0
26.127,-0.177941771,0
26.1275,-0.177941771,0
26.128,-0.177941771,0
26.1285,-0.177941771,0
26.129,-0.177941771,0
26.1295,-0.177941771,0
26.13,-0.177941771,0
26.1305,-0.177941771,0
26.131,-0.177941771,0
26.1315,-0.177941771,0
26.132,-0.177941771,0
26.1325,-0.177941771,0
26.133,-0.177941771,0
26.1335,-0.177941771,0
26.134,-0.177941771,0
26.1345,-0.177941771,0
26.135,-0.177941771,0
26.1355,-0.177941771,0
26.136,-0.177941771,0
26.1365,-0.177941771,0
26.137,-0.177941771,0
26.1375,-0.177941771,0
26.138,-0.177941771,0
26.1385,-0.177941771,0
26.139,-0.177941771,0
26.1395,-0.177941771,0
26.14,-0.177941771,0
26.1405,-0.177941771,0
26.141,-0.177941771,0
26.1415,-0.177941771,0
26.142,-0.177941771,0
26.1425,-0.177941771,0
26.143,-0.177941771,0
26.1435,-0.177941771,0
26.144,-0.177941771,0
26.1445,-0.177941771,0
26.145,-0.177941771,0
26.1455,-0.177941771,0
26.146,-0.177941771,0
26.1465,-0.177941771,0
26.147,-0.177941771,0
26.1475,-0.177941771,0
26.148,-0.177941771,0
26.1485,-0.177941771,0
26.149,-0.177941771,0
26.1495,-0.177941771,0
26.15,-0.177941771,0
26.1505,-0.177941771,0
26.151,-0.177941771,0
26.1515,-0.177941771,0
26.152,-0.177941771,0
26.1525,-0.177941771,0
26.153,-0.177941771,0
26.1535,-0.177941771,0
26.154,-0.177941771,0
26.1545,-0.177941771,0
26.155,-0.177941771,0
26.1555,-0.177941771,0
26.156,-0.177941771,0
26.1565,-0.177941771,0
26.157,-0.177941771,0
26.1575,-0.177941771,0
26.158,-0.177941771,0
26.1585,-0.177941771,0
26.159,-0.177941771,0
26.1595,-0.177941771,0
26.16,-0.177941771,0
26.1605,-0.177941771,0
26.161,-0.177941771,0
26.1615,-0.177941771,0
26.162,-0.177941771,0
26.1625,-0.177941771,0
26.163,-0.177941771,0
26.1635,-0.177941771,0
26.164,-0.177941771,0
26.1645,-0.177941771,0
26.165,-0.177941771,0
26.1655,-0.177941771,0
26.166,-0.177941771,0
26.1665,-0.177941771,0
26.167,-0.177941771,0
26.1675,-0.177941771,0
26.168,-0.177941771,0
26.1685,-0.177941771,0
26.169,-0.177941771,0
26.1695,-0.177941771,0
26.17,-0.177941771,0
26.1705,-0.177941771,0
26.171,-0.177941771,0
26.1715,-0.177941771,0
26.172,-0.177941771,0
26.1725,-0.177941771,0
26.173,-0.177941771,0
26.1735,-0.177941771,0
26.174,-0.177941771,0
26.1745,-0.177941771,0
26.175,-0.177941771,0
26.1755,-0.177941771,0
26.176,-0.177941771,0
26.1765,-0.177941771,0
26.177,-0.177941771,0
26.1775,-0.177941771,0
26.178,-0.177941771,0
26.1785,-0.177941771,0
26.179,-0.177941771,0
26.1795,-0.177941771,0
26.18,-0.177941771,0
26.1805,-0.177941771,0
26.181,-0.177941771,0
26.1815,-0.177941771,0
26.182,-0.177941771,0
26.1825,-0.177941771,0
26.183,-0.177941771,0
26.1835,-0.177941771,0
26.184,-0.177941771,0
26.1845,-0.177941771,0
26.185,-0.177941771,0
26.1855,-0.177941771,0
26.186,-0.177941771,0
26.1865,-0.177941771,0
26.187,-0.177941771,0
26.1875,-0.177941771,0
26.188,-0.177941771,0
26.1885,-0.177941771,0
26.189,-0.177941771,0
26.1895,-0.177941771,0
26.19,-0.177941771,0
26.1905,-0.177941771,0
26.191,-0.177941771,0
26.1915,-0.177941771,0
26.192,-0.177941771,0
26.1925,-0.177941771,0
26.193,-0.177941771,0
26.1935,-0.177941771,0
26.194,-0.177941771,0
26.1945,-0.177941771,0
26.195,-0.177941771,0
26.1955,-0.177941771,0
26.196,-0.177941771,0
26.1965,-0.177941771,0
26.197,-0.177941771,0
26.1975,-0.177941771,0
26.198,-0.177941771,0
26.1985,-0.177941771,0
26.199,-0.177941771,0
26.1995,-0.177941771,0
26.2,-0.177941771,0
26.2005,-0.177941771,0
26.201,-0.177941771,0
26.2015,-0.177941771,0
26.202,-0.177941771,0
26.2025,-0.177941771,0
26.203,-0.177941771,0
26.2035,-0.177941771,0
26.204,-0.177941771,0
26.2045,-0.177941771,0
26.205,-0.177941771,0
26.2055,-0.177941771,0
26.206,-0.177941771,0
26.2065,-0.177941771,0
26.207,-0.177941771,0
26.2075,-0.177941771,0
26.208,-0.177941771,0
26.2085,-0.177941771,0
26.209,-0.177941771,0
26.2095,-0.177941771,0
26.21,-0.177941771,0
26.2105,-0.177941771,0
26.211,-0.177941771,0
26.2115,-0.177941771,0
26.212,-0.177941771,0
26.2125,-0.177941771,0
26.213,-0.177941771,0
26.2135,-0.177941771,0
26.214,-0.177941771,0
26.2145,-0.177941771,0
26.215,-0.177941771,0
26.2155,-0.177941771,0
26.216,-0.177941771,0
26.2165,-0.177941771,0
26.217,-0.177941771,0
26.2175,-0.177941771,0
26.218,-0.177941771,0
26.2185,-0.177941771,0
26.219,-0.177941771,0
26.2195,-0.177941771,0
26.22,-0.177941771,0
26.2205,-0.177941771,0
26.221,-0.177941771,0
26.2215,-0.177941771,0
26.222,-0.177941771,0
26.2225,-0.177941771,0
26.223,-0.177941771,0
26.2235,-0.177941771,0
26.224,-0.177941771,0
26.2245,-0.177941771,0
26.225,-0.177941771,0
26.2255,-0.177941771,0
26.226,-0.177941771,0
26.2265,-0.177941771,0
26.227,-0.177941771,0
26.2275,-0.177941771,0
26.228,-0.177941771,0
26.2285,-0.177941771,0
26.229,-0.177941771,0
26.2295,-0.177941771,0
26.23,-0.177941771,0
26.2305,-0.177941771,0
26.231,-0.177941771,0
26.2315,-0.177941771,0
26.232,-0.177941771,0
26.2325,-0.177941771,0
26.233,-0.177941771,0
26.2335,-0.177941771,0
26.234,-0.177941771,0
26.2345,-0.177941771,0
26.235,-0.177941771,0
26.2355,-0.177941771,0
26.236,-0.177941771,0
26.2365,-0.177941771,0
26.237,-0.177941771,0
26.2375,-0.177941771,0
26.238,-0.177941771,0
26.2385,-0.177941771,0
26.239,-0.177941771,0
26.2395,-0.177941771,0
26.24,-0.177941771,0
26.2405,-0.177941771,0
26.241,-0.177941771,0
26.2415,-0.177941771,0
26.242,-0.177941771,0
26.2425,-0.177941771,0
26.243,-0.177941771,0
26.2435,-0.177941771,0
26.244,-0.177941771,0
26.2445,-0.177941771,0
26.245,-0.177941771,0
26.2455,-0.177941771,0
26.246,-0.177941771,0
26.2465,-0.177941771,0
26.247,-0.177941771,0
26.2475,-0.177941771,0
26.248,-0.177941771,0
26.2485,-0.177941771,0
26.249,-0.177941771,0
26.2495,-0.177941771,0
26.25,-0.177941771,0
26.2505,-0.177941771,0
26.251,-0.177941771,0
26.2515,-0.177941771,0
26.252,-0.177941771,0
26.2525,-0.177941771,0
26.253,-0.177941771,0
26.2535,-0.177941771,0
26.254,-0.177941771,0
26.2545,-0.177941771,0
26.255,-0.177941771,0
26.2555,-0.177941771,0
26.256,-0.177941771,0
26.2565,-0.177941771,0
26.257,-0.177941771,0
26.2575,-0.177941771,0
26.258,-0.177941771,0
26.2585,-0.177941771,0
26.259,-0.177941771,0
26.2595,-0.177941771,0
26.26,-0.177941771,0
26.2605,-0.177941771,0
26.261,-0.177941771,0
26.2615,-0.177941771,0
26.262,-0.177941771,0
26.2625,-0.177941771,0
26.263,-0.177941771,0
26.2635,-0.177941771,0
26.264,-0.177941771,0
26.2645,-0.177941771,0
26.265,-0.177941771,0
26.2655,-0.177941771,0
26.266,-0.177941771,0
26.2665,-0.177941771,0
26.267,-0.177941771,0
26.2675,-0.177941771,0
26.268,-0.177941771,0
26.2685,-0.177941771,0
26.269,-0.177941771,0
26.2695,-0.177941771,0
26.27,-0.177941771,0
26.2705,-0.177941771,0
26.271,-0.177941771,0
26.2715,-0.177941771,0
26.272,-0.177941771,0
26.2725,-0.177941771,0
26.273,-0.177941771,0
26.2735,-0.177941771,0
26.274,-0.177941771,0
26.2745,-0.177941771,0
26.275,-0.177941771,0
26.2755,-0.177941771,0
26.276,-0.177941771,0
26.2765,-0.177941771,0
26.277,-0.177941771,0
26.2775,-0.177941771,0
26.278,-0.177941771,0
26.2785,-0.177941771,0
26.279,-0.177941771,0
26.2795,-0.177941771,0
26.28,-0.177941771,0
26.2805,-0.177941771,0
26.281,-0.177941771,0
26.2815,-0.177941771,0
26.282,-0.177941771,0
26.2825,-0.177941771,0
26.283,-0.177941771,0
26.2835,-0.177941771,0
26.284,-0.177941771,0
26.2845,-0.177941771,0
26.285,-0.177941771,0
26.2855,-0.177941771,0
26.286,-0.177941771,0
26.2865,-0.177941771,0
26.287,-0.177941771,0
26.2875,-0.177941771,0
26.288,-0.177941771,0
26.2885,-0.177941771,0
26.289,-0.177941771,0
26.2895,-0.177941771,0
26.29,-0.177941771,0
26.2905,-0.177941771,0
26.291,-0.177941771,0
26.2915,-0.177941771,0
26.292,-0.177941771,0
26.2925,-0.177941771,0
26.293,-0.177941771,0
26.2935,-0.177941771,0
26.294,-0.177941771,0
26.2945,-0.177941771,0
26.295,-0.177941771,0
26.2955,-0.177941771,0
26.296,-0.177941771,0
26.2965,-0.177941771,0
26.297,-0.177941771,0
26.2975,-0.177941771,0
26.298,-0.177941771,0
26.2985,-0.177941771,0
26.299,-0.177941771,0
26.2995,-0.177941771,0
26.3,-0.177941771,0
26.3005,-0.177941771,0
26.301,-0.177941771,0
26.3015,-0.177941771,0
26.302,-0.177941771,0
26.3025,-0.177941771,0
26.303,-0.177941771,0
26.3035,-0.177941771,0
26.304,-0.177941771,0
26.3045,-0.177941771,0
26.305,-0.177941771,0
26.3055,-0.177941771,0
26.306,-0.177941771,0
26.3065,-0.177941771,0
26.307,-0.177941771,0
26.3075,-0.177941771,0
26.308,-0.177941771,0
26.3085,-0.177941771,0
26.309,-0.177941771,0
26.3095,-0.177941771,0
26.31,-0.177941771,0
26.3105,-0.177941771,0
26.311,-0.177941771,0
26.3115,-0.177941771,0
26.312,-0.177941771,0
26.3125,-0.177941771,0
26.313,-0.177941771,0
26.3135,-0.177941771,0
26.314,-0.177941771,0
26.3145,-0.177941771,0
26.315,-0.177941771,0
26.3155,-0.177941771,0
26.316,-0.177941771,0
26.3165,-0.177941771,0
26.317,-0.177941771,0
26.3175,-0.177941771,0
26.318,-0.177941771,0
26.3185,-0.177941771,0
26.319,-0.177941771,0
26.3195,-0.177941771,0
26.32,-0.177941771,0
26.3205,-0.177941771,0
26.321,-0.177941771,0
26.3215,-0.177941771,0
26.322,-0.177941771,0
26.3225,-0.177941771,0
26.323,-0.177941771,0
26.3235,-0.177941771,0
26.324,-0.177941771,0
26.3245,-0.177941771,0
26.325,-0.177941771,0
26.3255,-0.177941771,0
26.326,-0.177941771,0
26.3265,-0.177941771,0
26.327,-0.177941771,0
26.3275,-0.177941771,0
26.328,-0.177941771,0
26.3285,-0.177941771,0
26.329,-0.177941771,0
26.3295,-0.177941771,0
26.33,-0.177941771,0
26.3305,-0.177941771,0
26.331,-0.177941771,0
26.3315,-0.177941771,0
26.332,-0.177941771,0
26.3325,-0.177941771,0
26.333,-0.177941771,0
26.3335,-0.177941771,0
26.334,-0.177941771,0
26.3345,-0.177941771,0
26.335,-0.177941771,0
26.3355,-0.177941771,0
26.336,-0.177941771,0
26.3365,-0.177941771,0
26.337,-0.177941771,0
26.3375,-0.177941771,0
26.338,-0.177941771,0
26.3385,-0.177941771,0
26.339,-0.177941771,0
26.3395,-0.177941771,0
26.34,-0.177941771,0
26.3405,-0.177941771,0
26.341,-0.177941771,0
26.3415,-0.177941771,0
26.342,-0.177941771,0
26.3425,-0.177941771,0
26.343,-0.177941771,0
26.3435,-0.177941771,0
26.344,-0.177941771,0
26.3445,-0.177941771,0
26.345,-0.177941771,0
26.3455,-0.177941771,0
26.346,-0.177941771,0
26.3465,-0.177941771,0
26.347,-0.177941771,0
26.3475,-0.177941771,0
26.348,-0.177941771,0
26.3485,-0.177941771,0
26.349,-0.177941771,0
26.3495,-0.177941771,0
26.35,-0.177941771,0
26.3505,-0.177941771,0
26.351,-0.177941771,0
26.3515,-0.177941771,0
26.352,-0.177941771,0
26.3525,-0.177941771,0
26.353,-0.177941771,0
26.3535,-0.177941771,0
26.354,-0.177941771,0
26.3545,-0.177941771,0
26.355,-0.177941771,0
26.3555,-0.177941771,0
26.356,-0.177941771,0
26.3565,-0.177941771,0
26.357,-0.177941771,0
26.3575,-0.177941771,0
26.358,-0.177941771,0
26.3585,-0.177941771,0
26.359,-0.177941771,0
26.3595,-0.177941771,0
26.36,-0.177941771,0
26.3605,-0.177941771,0
26.361,-0.177941771,0
26.3615,-0.177941771,0
26.362,-0.177941771,0
26.3625,-0.177941771,0
26.363,-0.177941771,0
26.3635,-0.177941771,0
26.364,-0.177941771,0
26.3645,-0.177941771,0
26.365,-0.177941771,0
26.3655,-0.177941771,0
26.366,-0.177941771,0
26.3665,-0.177941771,0
26.367,-0.177941771,0
26.3675,-0.177941771,0
26.368,-0.177941771,0
26.3685,-0.177941771,0
26.369,-0.177941771,0
26.3695,-0.177941771,0
26.37,-0.177941771,0
26.3705,-0.177941771,0
26.371,-0.177941771,0
26.3715,-0.177941771,0
26.372,-0.177941771,0
26.3725,-0.177941771,0
26.373,-0.177941771,0
26.3735,-0.177941771,0
26.374,-0.177941771,0
26.3745,-0.177941771,0
26.375,-0.177941771,0
26.3755,-0.177941771,0
26.376,-0.177941771,0
26.3765,-0.177941771,0
26.377,-0.177941771,0
26.3775,-0.177941771,0
26.378,-0.177941771,0
26.3785,-0.177941771,0
26.379,-0.177941771,0
26.3795,-0.177941771,0
26.38,-0.177941771,0
26.3805,-0.177941771,0
26.381,-0.177941771,0
26.3815,-0.177941771,0
26.382,-0.177941771,0
26.3825,-0.177941771,0
26.383,-0.177941771,0
26.3835,-0.177941771,0
26.384,-0.177941771,0
26.3845,-0.177941771,0
26.385,-0.177941771,0
26.3855,-0.177941771,0
26.386,-0.177941771,0
26.3865,-0.177941771,0
26.387,-0.177941771,0
26.3875,-0.177941771,0
26.388,-0.177941771,0
26.3885,-0.177941771,0
26.389,-0.177941771,0
26.3895,-0.177941771,0
26.39,-0.177941771,0
26.3905,-0.177941771,0
26.391,-0.177941771,0
26.3915,-0.177941771,0
26.392,-0.177941771,0
26.3925,-0.177941771,0
26.393,-0.177941771,0
26.3935,-0.177941771,0
26.394,-0.177941771,0
26.3945,-0.177941771,0
26.395,-0.177941771,0
26.3955,-0.177941771,0
26.396,-0.177941771,0
26.3965,-0.177941771,0
26.397,-0.177941771,0
26.3975,-0.177941771,0
26.398,-0.177941771,0
26.3985,-0.177941771,0
26.399,-0.177941771,0
26.3995,-0.177941771,0
26.4,-0.177941771,0
26.4005,-0.177941771,0
26.401,-0.177941771,0
26.4015,-0.177941771,0
26.402,-0.177941771,0
26.4025,-0.177941771,0
26.403,-0.177941771,0
26.4035,-0.177941771,0
26.404,-0.177941771,0
26.4045,-0.177941771,0
26.405,-0.177941771,0
26.4055,-0.177941771,0
26.406,-0.177941771,0
26.4065,-0.177941771,0
26.407,-0.177941771,0
26.4075,-0.177941771,0
26.408,-0.177941771,0
26.4085,-0.177941771,0
26.409,-0.177941771,0
26.4095,-0.177941771,0
26.41,-0.177941771,0
26.4105,-0.177941771,0
26.411,-0.177941771,0
26.4115,-0.177941771,0
26.412,-0.177941771,0
26.4125,-0.177941771,0
26.413,-0.177941771,0
26.4135,-0.177941771,0
26.414,-0.177941771,0
26.4145,-0.177941771,0
26.415,-0.177941771,0
26.4155,-0.177941771,0
26.416,-0.177941771,0
26.4165,-0.177941771,0
26.417,-0.177941771,0
26.4175,-0.177941771,0
26.418,-0.177941771,0
26.4185,-0.177941771,0
26.419,-0.177941771,0
26.4195,-0.177941771,0
26.42,-0.177941771,0
26.4205,-0.177941771,0
26.421,-0.177941771,0
26.4215,-0.177941771,0
26.422,-0.177941771,0
26.4225,-0.177941771,0
26.423,-0.177941771,0
26.4235,-0.177941771,0
26.424,-0.177941771,0
26.4245,-0.177941771,0
26.425,-0.177941771,0
26.4255,-0.177941771,0
26.426,-0.177941771,0
26.4265,-0.177941771,0
26.427,-0.177941771,0
26.4275,-0.177941771,0
26.428,-0.177941771,0
26.4285,-0.177941771,0
26.429,-0.177941771,0
26.4295,-0.177941771,0
26.43,-0.177941771,0
26.4305,-0.177941771,0
26.431,-0.177941771,0
26.4315,-0.177941771,0
26.432,-0.177941771,0
26.4325,-0.177941771,0
26.433,-0.177941771,0
26.4335,-0.177941771,0
26.434,-0.177941771,0
26.4345,-0.177941771,0
26.435,-0.177941771,0
26.4355,-0.177941771,0
26.436,-0.177941771,0
26.4365,-0.177941771,0
26.437,-0.177941771,0
26.4375,-0.177941771,0
26.438,-0.177941771,0
26.4385,-0.177941771,0
26.439,-0.177941771,0
26.4395,-0.177941771,0
26.44,-0.177941771,0
26.4405,-0.177941771,0
26.441,-0.177941771,0
26.4415,-0.177941771,0
26.442,-0.177941771,0
26.4425,-0.177941771,0
26.443,-0.177941771,0
26.4435,-0.177941771,0
26.444,-0.177941771,0
26.4445,-0.177941771,0
26.445,-0.177941771,0
26.4455,-0.177941771,0
26.446,-0.177941771,0
26.4465,-0.177941771,0
26.447,-0.177941771,0
26.4475,-0.177941771,0
26.448,-0.177941771,0
26.4485,-0.177941771,0
26.449,-0.177941771,0
26.4495,-0.177941771,0
26.45,-0.177941771,0
26.4505,-0.177941771,0
26.451,-0.177941771,0
26.4515,-0.177941771,0
26.452,-0.177941771,0
26.4525,-0.177941771,0
26.453,-0.177941771,0
26.4535,-0.177941771,0
26.454,-0.177941771,0
26.4545,-0.177941771,0
26.455,-0.177941771,0
26.4555,-0.177941771,0
26.456,-0.177941771,0
26.4565,-0.177941771,0
26.457,-0.177941771,0
26.4575,-0.177941771,0
26.458,-0.177941771,0
26.4585,-0.177941771,0
26.459,-0.177941771,0
26.4595,-0.177941771,0
26.46,-0.177941771,0
26.4605,-0.177941771,0
26.461,-0.177941771,0
26.4615,-0.177941771,0
26.462,-0.177941771,0
26.4625,-0.177941771,0
26.463,-0.177941771,0
26.4635,-0.177941771,0
26.464,-0.177941771,0
26.4645,-0.177941771,0
26.465,-0.177941771,0
26.4655,-0.177941771,0
26.466,-0.177941771,0
26.4665,-0.177941771,0
26.467,-0.177941771,0
26.4675,-0.177941771,0
26.468,-0.177941771,0
26.4685,-0.177941771,0
26.469,-0.177941771,0
26.4695,-0.177941771,0
26.47,-0.177941771,0
26.4705,-0.177941771,0
26.471,-0.177941771,0
26.4715,-0.177941771,0
26.472,-0.177941771,0
26.4725,-0.177941771,0
26.473,-0.177941771,0
26.4735,-0.177941771,0
26.474,-0.177941771,0
26.4745,-0.177941771,0
26.475,-0.177941771,0
26.4755,-0.177941771,0
26.476,-0.177941771,0
26.4765,-0.177941771,0
26.477,-0.177941771,0
26.4775,-0.177941771,0
26.478,-0.177941771,0
26.4785,-0.177941771,0
26.479,-0.177941771,0
26.4795,-0.177941771,0
26.48,-0.177941771,0
26.4805,-0.177941771,0
26.481,-0.177941771,0
26.4815,-0.177941771,0
26.482,-0.177941771,0
26.4825,-0.177941771,0
26.483,-0.177941771,0
26.4835,-0.177941771,0
26.484,-0.177941771,0
26.4845,-0.177941771,0
26.485,-0.177941771,0
26.4855,-0.177941771,0
26.486,-0.177941771,0
26.4865,-0.177941771,0
26.487,-0.177941771,0
26.4875,-0.177941771,0
26.488,-0.177941771,0
26.4885,-0.177941771,0
26.489,-0.177941771,0
26.4895,-0.177941771,0
26.49,-0.177941771,0
26.4905,-0.177941771,0
26.491,-0.177941771,0
26.4915,-0.177941771,0
26.492,-0.177941771,0
26.4925,-0.177941771,0
26.493,-0.177941771,0
26.4935,-0.177941771,0
26.494,-0.177941771,0
26.4945,-0.177941771,0
26.495,-0.177941771,0
26.4955,-0.177941771,0
26.496,-0.177941771,0
26.4965,-0.177941771,0
26.497,-0.177941771,0
26.4975,-0.177941771,0
26.498,-0.177941771,0
26.4985,-0.177941771,0
26.499,-0.177941771,0
26.4995,-0.177941771,0
26.5,-0.177941771,0
26.5005,-0.177941771,0
26.501,-0.177941771,0
26.5015,-0.177941771,0
26.502,-0.177941771,0
26.5025,-0.177941771,0
26.503,-0.177941771,0
26.5035,-0.177941771,0
26.504,-0.177941771,0
26.5045,-0.177941771,0
26.505,-0.177941771,0
26.5055,-0.177941771,0
26.506,-0.177941771,0
26.5065,-0.177941771,0
26.507,-0.177941771,0
26.5075,-0.177941771,0
26.508,-0.177941771,0
26.5085,-0.177941771,0
26.509,-0.177941771,0
26.5095,-0.177941771,0
26.51,-0.177941771,0
26.5105,-0.177941771,0
26.511,-0.177941771,0
26.5115,-0.177941771,0
26.512,-0.177941771,0
26.5125,-0.177941771,0
26.513,-0.177941771,0
26.5135,-0.177941771,0
26.514,-0.177941771,0
26.5145,-0.177941771,0
26.515,-0.177941771,0
26.5155,-0.177941771,0
26.516,-0.177941771,0
26.5165,-0.177941771,0
26.517,-0.177941771,0
26.5175,-0.177941771,0
26.518,-0.177941771,0
26.5185,-0.177941771,0
26.519,-0.177941771,0
26.5195,-0.177941771,0
26.52,-0.177941771,0
26.5205,-0.177941771,0
26.521,-0.177941771,0
26.5215,-0.177941771,0
26.522,-0.177941771,0
26.5225,-0.177941771,0
26.523,-0.177941771,0
26.5235,-0.177941771,0
26.524,-0.177941771,0
26.5245,-0.177941771,0
26.525,-0.177941771,0
26.5255,-0.177941771,0
26.526,-0.177941771,0
26.5265,-0.177941771,0
26.527,-0.177941771,0
26.5275,-0.177941771,0
26.528,-0.177941771,0
26.5285,-0.177941771,0
26.529,-0.177941771,0
26.5295,-0.177941771,0
26.53,-0.177941771,0
26.5305,-0.177941771,0
26.531,-0.177941771,0
26.5315,-0.177941771,0
26.532,-0.177941771,0
26.5325,-0.177941771,0
26.533,-0.177941771,0
26.5335,-0.177941771,0
26.534,-0.177941771,0
26.5345,-0.177941771,0
26.535,-0.177941771,0
26.5355,-0.177941771,0
26.536,-0.177941771,0
26.5365,-0.177941771,0
26.537,-0.177941771,0
26.5375,-0.177941771,0
26.538,-0.177941771,0
26.5385,-0.177941771,0
26.539,-0.177941771,0
26.5395,-0.177941771,0
26.54,-0.177941771,0
26.5405,-0.177941771,0
26.541,-0.177941771,0
26.5415,-0.177941771,0
26.542,-0.177941771,0
26.5425,-0.177941771,0
26.543,-0.177941771,0
26.5435,-0.177941771,0
26.544,-0.177941771,0
26.5445,-0.177941771,0
26.545,-0.177941771,0
26.5455,-0.177941771,0
26.546,-0.177941771,0
26.5465,-0.177941771,0
26.547,-0.177941771,0
26.5475,-0.177941771,0
26.548,-0.177941771,0
26.5485,-0.177941771,0
26.549,-0.177941771,0
26.5495,-0.177941771,0
26.55,-0.177941771,0
26.5505,-0.177941771,0
26.551,-0.177941771,0
26.5515,-0.177941771,0
26.552,-0.177941771,0
26.5525,-0.177941771,0
26.553,-0.177941771,0
26.5535,-0.177941771,0
26.554,-0.177941771,0
26.5545,-0.177941771,0
26.555,-0.177941771,0
26.5555,-0.177941771,0
26.556,-0.177941771,0
26.5565,-0.177941771,0
26.557,-0.177941771,0
26.5575,-0.177941771,0
26.558,-0.177941771,0
26.5585,-0.177941771,0
26.559,-0.177941771,0
26.5595,-0.177941771,0
26.56,-0.177941771,0
26.5605,-0.177941771,0
26.561,-0.177941771,0
26.5615,-0.177941771,0
26.562,-0.177941771,0
26.5625,-0.177941771,0
26.563,-0.177941771,0
26.5635,-0.177941771,0
26.564,-0.177941771,0
26.5645,-0.177941771,0
26.565,-0.177941771,0
26.5655,-0.177941771,0
26.566,-0.177941771,0
26.5665,-0.177941771,0
26.567,-0.177941771,0
26.5675,-0.177941771,0
26.568,-0.177941771,0
26.5685,-0.177941771,0
26.569,-0.177941771,0
26.5695,-0.177941771,0
26.57,-0.177941771,0
26.5705,-0.177941771,0
26.571,-0.177941771,0
26.5715,-0.177941771,0
26.572,-0.177941771,0
26.5725,-0.177941771,0
26.573,-0.177941771,0
26.5735,-0.177941771,0
26.574,-0.177941771,0
26.5745,-0.177941771,0
26.575,-0.177941771,0
26.5755,-0.177941771,0
26.576,-0.177941771,0
26.5765,-0.177941771,0
26.577,-0.177941771,0
26.5775,-0.177941771,0
26.578,-0.177941771,0
26.5785,-0.177941771,0
26.579,-0.177941771,0
26.5795,-0.177941771,0
26.58,-0.177941771,0
26.5805,-0.177941771,0
26.581,-0.177941771,0
26.5815,-0.177941771,0
26.582,-0.177941771,0
26.5825,-0.177941771,0
26.583,-0.177941771,0
26.5835,-0.177941771,0
26.584,-0.177941771,0
26.5845,-0.177941771,0
26.585,-0.177941771,0
26.5855,-0.177941771,0
26.586,-0.177941771,0
26.5865,-0.177941771,0
26.587,-0.177941771,0
26.5875,-0.177941771,0
26.588,-0.177941771,0
26.5885,-0.177941771,0
26.589,-0.177941771,0
26.5895,-0.177941771,0
26.59,-0.177941771,0
26.5905,-0.177941771,0
26.591,-0.177941771,0
26.5915,-0.177941771,0
26.592,-0.177941771,0
26.5925,-0.177941771,0
26.593,-0.177941771,0
26.5935,-0.177941771,0
26.594,-0.177941771,0
26.5945,-0.177941771,0
26.595,-0.177941771,0
26.5955,-0.177941771,0
26.596,-0.177941771,0
26.5965,-0.177941771,0
26.597,-0.177941771,0
26.5975,-0.177941771,0
26.598,-0.177941771,0
26.5985,-0.177941771,0
26.599,-0.177941771,0
26.5995,-0.177941771,0
26.6,-0.177941771,0
26.6005,-0.177941771,0
26.601,-0.177941771,0
26.6015,-0.177941771,0
26.602,-0.177941771,0
26.6025,-0.177941771,0
26.603,-0.177941771,0
26.6035,-0.177941771,0
26.604,-0.177941771,0
26.6045,-0.177941771,0
26.605,-0.177941771,0
26.6055,-0.177941771,0
26.606,-0.177941771,0
26.6065,-0.177941771,0
26.607,-0.177941771,0
26.6075,-0.177941771,0
26.608,-0.177941771,0
26.6085,-0.177941771,0
26.609,-0.177941771,0
26.6095,-0.177941771,0
26.61,-0.177941771,0
26.6105,-0.177941771,0
26.611,-0.177941771,0
26.6115,-0.177941771,0
26.612,-0.177941771,0
26.6125,-0.177941771,0
26.613,-0.177941771,0
26.6135,-0.177941771,0
26.614,-0.177941771,0
26.6145,-0.177941771,0
26.615,-0.177941771,0
26.6155,-0.177941771,0
26.616,-0.177941771,0
26.6165,-0.177941771,0
26.617,-0.177941771,0
26.6175,-0.177941771,0
26.618,-0.177941771,0
26.6185,-0.177941771,0
26.619,-0.177941771,0
26.6195,-0.177941771,0
26.62,-0.177941771,0
26.6205,-0.177941771,0
26.621,-0.177941771,0
26.6215,-0.177941771,0
26.622,-0.177941771,0
26.6225,-0.177941771,0
26.623,-0.177941771,0
26.6235,-0.177941771,0
26.624,-0.177941771,0
26.6245,-0.177941771,0
26.625,-0.177941771,0
26.6255,-0.177941771,0
26.626,-0.177941771,0
26.6265,-0.177941771,0
26.627,-0.177941771,0
26.6275,-0.177941771,0
26.628,-0.177941771,0
26.6285,-0.177941771,0
26.629,-0.177941771,0
26.6295,-0.177941771,0
26.63,-0.177941771,0
26.6305,-0.177941771,0
26.631,-0.177941771,0
26.6315,-0.177941771,0
26.632,-0.177941771,0
26.6325,-0.177941771,0
26.633,-0.177941771,0
26.6335,-0.177941771,0
26.634,-0.177941771,0
26.6345,-0.177941771,0
26.635,-0.177941771,0
26.6355,-0.177941771,0
26.636,-0.177941771,0
26.6365,-0.177941771,0
26.637,-0.177941771,0
26.6375,-0.177941771,0
26.638,-0.177941771,0
26.6385,-0.177941771,0
26.639,-0.177941771,0
26.6395,-0.177941771,0
26.64,-0.177941771,0
26.6405,-0.177941771,0
26.641,-0.177941771,0
26.6415,-0.177941771,0
26.642,-0.177941771,0
26.6425,-0.177941771,0
26.643,-0.177941771,0
26.6435,-0.177941771,0
26.644,-0.177941771,0
26.6445,-0.177941771,0
26.645,-0.177941771,0
26.6455,-0.177941771,0
26.646,-0.177941771,0
26.6465,-0.177941771,0
26.647,-0.177941771,0
26.6475,-0.177941771,0
26.648,-0.177941771,0
26.6485,-0.177941771,0
26.649,-0.177941771,0
26.6495,-0.177941771,0
26.65,-0.177941771,0
26.6505,-0.177941771,0
26.651,-0.177941771,0
26.6515,-0.177941771,0
26.652,-0.177941771,0
26.6525,-0.177941771,0
26.653,-0.177941771,0
26.6535,-0.177941771,0
26.654,-0.177941771,0
26.6545,-0.177941771,0
26.655,-0.177941771,0
26.6555,-0.177941771,0
26.656,-0.177941771,0
26.6565,-0.177941771,0
26.657,-0.177941771,0
26.6575,-0.177941771,0
26.658,-0.177941771,0
26.6585,-0.177941771,0
26.659,-0.177941771,0
26.6595,-0.177941771,0
26.66,-0.177941771,0
26.6605,-0.177941771,0
26.661,-0.177941771,0
26.6615,-0.177941771,0
26.662,-0.177941771,0
26.6625,-0.177941771,0
26.663,-0.177941771,0
26.6635,-0.177941771,0
26.664,-0.177941771,0
26.6645,-0.177941771,0
26.665,-0.177941771,0
26.6655,-0.177941771,0
26.666,-0.177941771,0
26.6665,-0.177941771,0
26.667,-0.177941771,0
26.6675,-0.177941771,0
26.668,-0.177941771,0
26.6685,-0.177941771,0
26.669,-0.177941771,0
26.6695,-0.177941771,0
26.67,-0.177941771,0
26.6705,-0.177941771,0
26.671,-0.177941771,0
26.6715,-0.177941771,0
26.672,-0.177941771,0
26.6725,-0.177941771,0
26.673,-0.177941771,0
26.6735,-0.177941771,0
26.674,-0.177941771,0
26.6745,-0.177941771,0
26.675,-0.177941771,0
26.6755,-0.177941771,0
26.676,-0.177941771,0
26.6765,-0.177941771,0
26.677,-0.177941771,0
26.6775,-0.177941771,0
26.678,-0.177941771,0
26.6785,-0.177941771,0
26.679,-0.177941771,0
26.6795,-0.177941771,0
26.68,-0.177941771,0
26.6805,-0.177941771,0
26.681,-0.177941771,0
26.6815,-0.177941771,0
26.682,-0.177941771,0
26.6825,-0.177941771,0
26.683,-0.177941771,0
26.6835,-0.177941771,0
26.684,-0.177941771,0
26.6845,-0.177941771,0
26.685,-0.177941771,0
26.6855,-0.177941771,0
26.686,-0.177941771,0
26.6865,-0.177941771,0
26.687,-0.177941771,0
26.6875,-0.177941771,0
26.688,-0.177941771,0
26.6885,-0.177941771,0
26.689,-0.177941771,0
26.6895,-0.177941771,0
26.69,-0.177941771,0
26.6905,-0.177941771,0
26.691,-0.177941771,0
26.6915,-0.177941771,0
26.692,-0.177941771,0
26.6925,-0.177941771,0
26.693,-0.177941771,0
26.6935,-0.177941771,0
26.694,-0.177941771,0
26.6945,-0.177941771,0
26.695,-0.177941771,0
26.6955,-0.177941771,0
26.696,-0.177941771,0
26.6965,-0.177941771,0
26.697,-0.177941771,0
26.6975,-0.177941771,0
26.698,-0.177941771,0
26.6985,-0.177941771,0
26.699,-0.177941771,0
26.6995,-0.177941771,0
26.7,-0.177941771,0
26.7005,-0.177941771,0
26.701,-0.177941771,0
26.7015,-0.177941771,0
26.702,-0.177941771,0
26.7025,-0.177941771,0
26.703,-0.177941771,0
26.7035,-0.177941771,0
26.704,-0.177941771,0
26.7045,-0.177941771,0
26.705,-0.177941771,0
26.7055,-0.177941771,0
26.706,-0.177941771,0
26.7065,-0.177941771,0
26.707,-0.177941771,0
26.7075,-0.177941771,0
26.708,-0.177941771,0
26.7085,-0.177941771,0
26.709,-0.177941771,0
26.7095,-0.177941771,0
26.71,-0.177941771,0
26.7105,-0.177941771,0
26.711,-0.177941771,0
26.7115,-0.177941771,0
26.712,-0.177941771,0
26.7125,-0.177941771,0
26.713,-0.177941771,0
26.7135,-0.177941771,0
26.714,-0.177941771,0
26.7145,-0.177941771,0
26.715,-0.177941771,0
26.7155,-0.177941771,0
26.716,-0.177941771,0
26.7165,-0.177941771,0
26.717,-0.177941771,0
26.7175,-0.177941771,0
26.718,-0.177941771,0
26.7185,-0.177941771,0
26.719,-0.177941771,0
26.7195,-0.177941771,0
26.72,-0.177941771,0
26.7205,-0.177941771,0
26.721,-0.177941771,0
26.7215,-0.177941771,0
26.722,-0.177941771,0
26.7225,-0.177941771,0
26.723,-0.177941771,0
26.7235,-0.177941771,0
26.724,-0.177941771,0
26.7245,-0.177941771,0
26.725,-0.177941771,0
26.7255,-0.177941771,0
26.726,-0.177941771,0
26.7265,-0.177941771,0
26.727,-0.177941771,0
26.7275,-0.177941771,0
26.728,-0.177941771,0
26.7285,-0.177941771,0
26.729,-0.177941771,0
26.7295,-0.177941771,0
26.73,-0.177941771,0
26.7305,-0.177941771,0
26.731,-0.177941771,0
26.7315,-0.177941771,0
26.732,-0.177941771,0
26.7325,-0.177941771,0
26.733,-0.177941771,0
26.7335,-0.177941771,0
26.734,-0.177941771,0
26.7345,-0.177941771,0
26.735,-0.177941771,0
26.7355,-0.177941771,0
26.736,-0.177941771,0
26.7365,-0.177941771,0
26.737,-0.177941771,0
26.7375,-0.177941771,0
26.738,-0.177941771,0
26.7385,-0.177941771,0
26.739,-0.177941771,0
26.7395,-0.177941771,0
26.74,-0.177941771,0
26.7405,-0.177941771,0
26.741,-0.177941771,0
26.7415,-0.177941771,0
26.742,-0.177941771,0
26.7425,-0.177941771,0
26.743,-0.177941771,0
26.7435,-0.177941771,0
26.744,-0.177941771,0
26.7445,-0.177941771,0
26.745,-0.177941771,0
26.7455,-0.177941771,0
26.746,-0.177941771,0
26.7465,-0.177941771,0
26.747,-0.177941771,0
26.7475,-0.177941771,0
26.748,-0.177941771,0
26.7485,-0.177941771,0
26.749,-0.177941771,0
26.7495,-0.177941771,0
26.75,-0.177941771,0
26.7505,-0.177941771,0
26.751,-0.177941771,0
26.7515,-0.177941771,0
26.752,-0.177941771,0
26.7525,-0.177941771,0
26.753,-0.177941771,0
26.7535,-0.177941771,0
26.754,-0.177941771,0
26.7545,-0.177941771,0
26.755,-0.177941771,0
26.7555,-0.177941771,0
26.756,-0.177941771,0
26.7565,-0.177941771,0
26.757,-0.177941771,0
26.7575,-0.177941771,0
26.758,-0.177941771,0
26.7585,-0.177941771,0
26.759,-0.177941771,0
26.7595,-0.177941771,0
26.76,-0.177941771,0
26.7605,-0.177941771,0
26.761,-0.177941771,0
26.7615,-0.177941771,0
26.762,-0.177941771,0
26.7625,-0.177941771,0
26.763,-0.177941771,0
26.7635,-0.177941771,0
26.764,-0.177941771,0
26.7645,-0.177941771,0
26.765,-0.177941771,0
26.7655,-0.177941771,0
26.766,-0.177941771,0
26.7665,-0.177941771,0
26.767,-0.177941771,0
26.7675,-0.177941771,0
26.768,-0.177941771,0
26.7685,-0.177941771,0
26.769,-0.177941771,0
26.7695,-0.177941771,0
26.77,-0.177941771,0
26.7705,-0.177941771,0
26.771,-0.177941771,0
26.7715,-0.177941771,0
26.772,-0.177941771,0
26.7725,-0.177941771,0
26.773,-0.177941771,0
26.7735,-0.177941771,0
26.774,-0.177941771,0
26.7745,-0.177941771,0
26.775,-0.177941771,0
26.7755,-0.177941771,0
26.776,-0.177941771,0
26.7765,-0.177941771,0
26.777,-0.177941771,0
26.7775,-0.177941771,0
26.778,-0.177941771,0
26.7785,-0.177941771,0
26.779,-0.177941771,0
26.7795,-0.177941771,0
26.78,-0.177941771,0
26.7805,-0.177941771,0
26.781,-0.177941771,0
26.7815,-0.177941771,0
26.782,-0.177941771,0
26.7825,-0.177941771,0
26.783,-0.177941771,0
26.7835,-0.177941771,0
26.784,-0.177941771,0
26.7845,-0.177941771,0
26.785,-0.177941771,0
26.7855,-0.177941771,0
26.786,-0.177941771,0
26.7865,-0.177941771,0
26.787,-0.177941771,0
26.7875,-0.177941771,0
26.788,-0.177941771,0
26.7885,-0.177941771,0
26.789,-0.177941771,0
26.7895,-0.177941771,0
26.79,-0.177941771,0
26.7905,-0.177941771,0
26.791,-0.177941771,0
26.7915,-0.177941771,0
26.792,-0.177941771,0
26.7925,-0.177941771,0
26.793,-0.177941771,0
26.7935,-0.177941771,0
26.794,-0.177941771,0
26.7945,-0.177941771,0
26.795,-0.177941771,0
26.7955,-0.177941771,0
26.796,-0.177941771,0
26.7965,-0.177941771,0
26.797,-0.177941771,0
26.7975,-0.177941771,0
26.798,-0.177941771,0
26.7985,-0.177941771,0
